{"_links": {"self": {"href": "/api/v2/datasets/doi%3A10.6078%2FD1F671"}, "stash:versions": {"href": "/api/v2/datasets/doi%3A10.6078%2FD1F671/versions"}, "stash:version": {"href": "/api/v2/versions/31391"}, "stash:download": {"href": "/api/v2/datasets/doi%3A10.6078%2FD1F671/download"}, "curies": [{"name": "stash", "href": "https://github.com/CDL-Dryad/stash/blob/main/stash_api/link-relations.md#{rel}", "templated": "true"}]}, "identifier": "doi:10.6078/D1F671", "id": 30213, "storageSize": 177400807, "title": "ASHRAE Global Thermal Comfort Database II", "authors": [{"firstName": "Veronika", "lastName": "F\u00f6ldv\u00e1ry Li\u010dina", "email": "veronika.foldvary@gmail.com", "affiliation": "University of California, Berkeley", "affiliationROR": "https://ror.org/01an7q238"}, {"firstName": "Toby", "lastName": "Cheung", "email": "toby.cheung@bears-berkeley.sg", "affiliation": "Dayton Foundation", "affiliationROR": "https://ror.org/022r2a959", "orcid": "0000-0003-0756-0214"}, {"firstName": "Hui", "lastName": "Zhang", "email": "zhanghui@berkeley.edu", "affiliation": "University of California, Berkeley", "affiliationROR": "https://ror.org/01an7q238"}, {"firstName": "Richard", "lastName": "de Dear", "email": "richard.dedear@sydney.edu.au", "affiliation": "University of Sydney", "affiliationROR": "https://ror.org/0384j8v12", "orcid": "0000-0002-3414-290X"}, {"firstName": "Thomas", "lastName": "Parkinson", "email": "tom.parkinson@berkeley.edu", "affiliation": "University of Sydney", "affiliationROR": "https://ror.org/0384j8v12", "orcid": "0000-0002-0088-8754"}, {"firstName": "Edward", "lastName": "Arens", "email": "earens@berkeley.edu", "affiliation": "University of California, Berkeley", "affiliationROR": "https://ror.org/01an7q238"}, {"firstName": "Chungyoon", "lastName": "Chun", "email": "chun@yonsei.ac.kr", "affiliation": "Yonsei University", "affiliationROR": "https://ror.org/01wjejq96"}, {"firstName": "Stefano", "lastName": "Schiavon", "email": "schiavon@berkeley.edu", "affiliation": "University of California, Berkeley", "affiliationROR": "https://ror.org/01an7q238", "orcid": "0000-0003-1285-5682"}, {"firstName": "Maohui", "lastName": "Luo", "email": "lmhtongji@berkeley.edu", "affiliation": "University of California, Berkeley", "affiliationROR": "https://ror.org/01an7q238"}, {"firstName": "Gail", "lastName": "Brager", "email": "gbrager@berkeley.edu", "affiliation": "University of California, Berkeley", "affiliationROR": "https://ror.org/01an7q238", "orcid": "0000-0002-1100-8302"}, {"firstName": "Peixian", "lastName": "Li", "email": "ariel.li@berkeley.edu", "affiliation": "University of British Columbia", "affiliationROR": "https://ror.org/03rmrcq20", "orcid": "0000-0002-5473-1605"}, {"firstName": "Soazig", "lastName": "Kaam", "email": "", "affiliation": "University of California, Berkeley", "affiliationROR": "https://ror.org/01an7q238"}], "abstract": "<p>Recognizing the value of open-source research databases in advancing the art and science of HVAC, in 2014 the ASHRAE Global Thermal Comfort Database II project was launched under the leadership of University of California at Berkeley\u2019s Center for the Built Environment and The University of Sydney\u2019s Indoor Environmental Quality (IEQ) Laboratory.\u00a0</p>\r\n\r\n<p>The exercise began with a systematic collection and harmonization of raw data from the last two decades of thermal comfort field studies around the world. The final database is comprised of field studies conducted between 1995 and 2015 from around the world, with contributors releasing their raw data to the project for wider dissemination to the thermal comfort research community. After the quality-assurance process, there was a total of 81 846\u00a0rows of data of paired subjective comfort votes and objective instrumental measurements of thermal comfort parameters. An additional 25 617 rows of data from the original ASHRAE RP-884 database are included, bringing the total number of entries to 107 463.</p>\r\n\r\n<p>The database is intended to support diverse inquiries about thermal comfort in field settings. To achieve this goal, two web-based tools were developed to accompany the database:<br>\r\n1. <a href=\"https://cbe-berkeley.shinyapps.io/comfortdatabase/\">Interactive visualization tool</a>: provides a user-friendly interface for researchers and practitioners to explore and navigate their way around the large volume of data in ASHRAE Global Thermal Comfort Database II<br>\r\n2. <a href=\"http://www.comfortdatabase.com\">Query builder tool</a>: allows users to filter the database according to a set of selection criteria, and then download the results of that query in a generic comma-separated-values (.csv) file</p>\r\n", "funders": [{"organization": "American Society of Heating, Refrigerating and Air Conditioning Engineers", "awardNumber": "URP 1656"}], "methods": "<p style=\"text-align:justify;margin:0in 0in;\"><span>In order to ensure that the quality of the database would permit end-users to conduct robust hypothesis testing, the team built the data collection methodology on specific requirements, as follows:</span></p>\r\n\r\n<ul>\r\n\t<li style=\"text-align: justify;margin:0in;\">Data\u00a0<span>needed to come from field experiments rather than climate chamber research, so that it represented research conducted in \u201creal\u201d buildings occupied by \u201creal\u201d people doing their normal day-to-day activities, rather than paid college students sitting in a controlled indoor environment of a climate chamber.</span>\n</li>\r\n\t<li style=\"text-align: justify;margin:0in;\">Both\u00a0<span>instrumental (indoor climatic) and subjective (questionnaire) data were required, such that they were recorded in the same space at the same time</span>\n</li>\r\n\t<li style=\"text-align: justify;margin:0in;\"><span>The database needed to be built up from the raw data files generated by the original researchers, instead of their processed or published findings.</span></li>\r\n\t<li style=\"text-align: justify;margin:0in;\"><span>The\u00a0raw data needed to come with a supporting codebook explaining the coding conventions used by the data contributor, to allow harmonization with the standardized data formatting within the database.</span></li>\r\n\t<li style=\"text-align: justify;margin:0in 0in 0.5in;\"><span>Data must have been published either in a peer-reviewed journal or conference paper.</span></li>\r\n</ul>\r\n\r\n<p style=\"text-align: justify;margin:0in 0in 0.5in;\"><span>All datasets from individual studies <span style=\"background:white;\">were subject to a stringent quality assurance process (Figure 1) before being assimilated into the database. The research team conducted a final validation by first comparing each raw dataset with its related publication provided by the data contributor to prevent transmission errors. \u00a0Systematic quality control of each study was performed to ensure that records within the database were reasonable. Firstly, distributions of each variable were visualized to identify aberrant values. Then, cross-plots between two variables (e.g. thermal sensation and thermal comfort) were used to check for incorrectly coded data. Finally, a few rows from each study were randomly selected to verify consistency between the original dataset and the standardized database. Since the data came from multiple independent studies, every record did not necessarily include all of the thermal comfort variables. Where data were missing, that particular range of cells was filled with a null value.</span></span></p>\r\n", "usageNotes": "<p style=\"text-align:justify;margin:0in 0in;\"><span>The dataset is provided as a comma-separated value (.csv) file using UTF-8 character encoding. The first row contains human-readable column headers. Each row represents an individual\u2019s questionnaire responses, and the associated instrumental measurements, thermal index values and outdoor meteorological observations where available. Full details can be found in the related work.</span></p>\r\n", "relatedWorks": [{"relationship": "Cites", "identifierType": "DOI", "identifier": "https://doi.org/10.1016/j.buildenv.2018.06.022"}], "versionNumber": 4, "versionStatus": "submitted", "curationStatus": "Published", "publicationDate": "2018-07-01", "lastModificationDate": "2020-06-24", "visibility": "public", "sharingLink": "https://datadryad.org/stash/share/Fqkh3qRIwtojOcB2_z0OfEv9fECPBA_KI5V_rRJBwDc", "userId": 45800, "license": "https://creativecommons.org/publicdomain/zero/1.0/"}