{"_links": {"self": {"href": "/api/v2/datasets/doi%3A10.6078%2FD1NQ59"}, "stash:versions": {"href": "/api/v2/datasets/doi%3A10.6078%2FD1NQ59/versions"}, "stash:version": {"href": "/api/v2/versions/77256"}, "stash:download": {"href": "/api/v2/datasets/doi%3A10.6078%2FD1NQ59/download"}, "curies": [{"name": "stash", "href": "https://github.com/CDL-Dryad/stash/blob/main/stash_api/link-relations.md#{rel}", "templated": "true"}]}, "identifier": "doi:10.6078/D1NQ59", "id": 50435, "storageSize": 27155764024, "title": "Data for: Low predictability of energy balance traits and leaf temperature metrics in desert, montane, and alpine plant communities", "authors": [{"firstName": "Benjamin", "lastName": "Blonder", "email": "benjamin.blonder@berkeley.edu", "affiliation": "University of California, Berkeley", "affiliationROR": "https://ror.org/01an7q238", "orcid": "0000-0002-5061-2385"}, {"firstName": "Sabastian", "lastName": "Escobar", "email": "", "affiliation": "Rocky Mountain Biological Laboratory", "affiliationROR": "https://ror.org/030tcms06"}, {"firstName": "Roz\u00e1lia", "lastName": "Kap\u00e1s", "email": "", "affiliation": "Stockholm University", "affiliationROR": "https://ror.org/05f0yaq80"}, {"firstName": "Sean", "lastName": "Michaletz", "email": "", "affiliation": "University of British Columbia", "affiliationROR": "https://ror.org/03rmrcq20"}], "abstract": "Leaf energy balance may influence plant performance and community composition. While biophysical theory can link leaf energy balance to many traits and environment variables, predicting leaf temperature and key driver traits with incomplete parameterizations remains challenging. Predicting thermal offsets (\u03b4, Tleaf \u2013 Tair difference) or thermal coupling strengths (\u03b2, Tleaf vs. Tair slope) is challenging. We ask: 1) whether environmental gradients predict variation in energy balance traits (absorptance, leaf angle, stomatal distribution, maximum stomatal conductance, leaf area, leaf height); 2) whether commonly-measured leaf functional traits (dry matter content, mass per area, nitrogen fraction, \u03b413C, height above ground) predict energy balance traits; and 3) how traits and environmental variables predict \u03b4 and \u03b2 among species. We address these questions with diurnal measurements of 41 species co-occurring along an 1100 m elevation gradient spanning desert to alpine biomes. We show that 1) energy balance traits are only weakly associated with environmental gradients, and 2) are not well predicted by common functional traits. We also show that 3) \u03b4 and \u03b2 can be partially approximated using interactions among site environment and traits, with a much larger role for environment than traits. The heterogeneity in leaf temperature metrics and energy balance traits challenges larger-scale predictive models of plant performance under environmental change.", "keywords": ["Microclimate", "energy balance", "elevation gradient", "Thermal ecology", "Functional Trait", "leaf temperature"], "versionNumber": 6, "versionStatus": "submitted", "curationStatus": "Published", "publicationDate": "2020-08-13", "lastModificationDate": "2020-08-13", "visibility": "public", "sharingLink": "https://datadryad.org/stash/share/tAXrrL9y0fz-LoJAcMMdhfnuXhgXJX8ErwDqGAOBQbw", "userId": 58958, "license": "https://creativecommons.org/publicdomain/zero/1.0/"}