{"_links": {"self": {"href": "/api/v2/datasets/doi%3A10.5061%2Fdryad.138vs"}, "stash:versions": {"href": "/api/v2/datasets/doi%3A10.5061%2Fdryad.138vs/versions"}, "stash:version": {"href": "/api/v2/versions/24610"}, "stash:download": {"href": "/api/v2/datasets/doi%3A10.5061%2Fdryad.138vs/download"}, "curies": [{"name": "stash", "href": "https://github.com/CDL-Dryad/stash/blob/main/stash_api/link-relations.md#{rel}", "templated": "true"}]}, "identifier": "doi:10.5061/dryad.138vs", "id": 24538, "storageSize": 1970909, "title": "Data from: Genome skimming reveals the origin of the Jerusalem Artichoke tuber crop species: neither from Jerusalem nor an Artichoke", "authors": [{"firstName": "Dan G.", "lastName": "Bock", "affiliation": "University of British Columbia", "affiliationROR": "https://ror.org/03rmrcq20"}, {"firstName": "Nolan C.", "lastName": "Kane", "affiliation": "University of Colorado Boulder", "affiliationROR": "https://ror.org/02ttsq026"}, {"firstName": "Daniel P.", "lastName": "Ebert", "affiliation": "University of British Columbia", "affiliationROR": "https://ror.org/03rmrcq20"}, {"firstName": "Loren H.", "lastName": "Rieseberg", "affiliation": "University of British Columbia", "affiliationROR": "https://ror.org/03rmrcq20"}], "abstract": "The perennial sunflower Helianthus tuberosus, known as Jerusalem Artichoke or Sunchoke, was cultivated in eastern North America before European contact. As such, it represents one of the few taxa that can support an independent origin of domestication in this region. Its tubers were adopted as a source of food and forage when the species was transferred to the Old World in the early 1600s, and are still used today. Despite the cultural and economic importance of this tuber crop species, its origin is debated. Competing hypotheses implicate the occurrence of polyploidization with or without hybridization, and list the annual sunflower H. annuus and five distantly related perennial sunflower species as potential parents. Here, we test these scenarios by skimming the genomes of diverse populations of Jerusalem Artichoke and its putative progenitors. We identify relationships among Helianthus taxa using complete plastomes (151 551 bp), partial mitochondrial genomes (196 853 bp) and 35S (8196 bp) and 5S (514 bp) ribosomal DNA. Our results refute the possibility that Jerusalem Artichoke is of H. annuus ancestry. We provide the first genetic evidence that this species originated recursively from perennial sunflowers of central-eastern North America via hybridization between tetraploid Hairy Sunflower and diploid Sawtooth Sunflower.", "keywords": ["Allopolyploid speciation", "Helianthus decapetalus", "Helianthus tuberosus", "Helianthus maximiliani", "polyploidy", "ultra-barcoding", "Helianthus divaricatus", "polyploid parentage", "Helianthus hirsutus", "Helianthus strumosus", "Helianthus giganteus", "Helianthus grosseserratus"], "usageNotes": "<div class=\"o-metadata__file-usage-entry\"><h4 class=\"o-heading__level3-file-title\">Data_archiving_Bock_etal_2013_NewPhytologist</h4><div class=\"o-metadata__file-name\"></div><div class=\"o-metadata__file-name\"></div></div>", "locations": [{"place": "Central-Eastern North America"}], "relatedWorks": [{"relationship": "Cites", "identifierType": "DOI", "identifier": "https://doi.org/10.1111/nph.12560"}], "versionNumber": 1, "versionStatus": "submitted", "curationStatus": "Published", "publicationDate": "2014-11-12", "lastModificationDate": "2020-06-24", "visibility": "public", "sharingLink": "https://datadryad.org/stash/share/ikIIbmY7wDALypACgUDpJgGXfYPqMEk6SQZ-4M49ouo", "userId": 34458, "license": "https://creativecommons.org/publicdomain/zero/1.0/"}