{"_links": {"self": {"href": "/api/v2/datasets/doi%3A10.5061%2Fdryad.3cd2611"}, "stash:versions": {"href": "/api/v2/datasets/doi%3A10.5061%2Fdryad.3cd2611/versions"}, "stash:version": {"href": "/api/v2/versions/11214"}, "stash:download": {"href": "/api/v2/datasets/doi%3A10.5061%2Fdryad.3cd2611/download"}, "curies": [{"name": "stash", "href": "https://github.com/CDL-Dryad/stash/blob/main/stash_api/link-relations.md#{rel}", "templated": "true"}]}, "identifier": "doi:10.5061/dryad.3cd2611", "id": 11171, "storageSize": 113392, "title": "Data from: Ecological mechanisms and phylogeny shape invertebrate stoichiometry: a test using detritus-based communities across Central and South America", "authors": [{"firstName": "Ang\u00e9lica L.", "lastName": "Gonz\u00e1lez", "affiliation": "University of British Columbia", "affiliationROR": "https://ror.org/03rmrcq20"}, {"firstName": "R\u00e9gis", "lastName": "C\u00e9r\u00e9ghino", "affiliation": "University of Toulouse", "affiliationROR": "https://ror.org/017tgbk05"}, {"firstName": "Olivier", "lastName": "D\u00e9zerald", "affiliation": "Rutgers University", "affiliationROR": "https://ror.org/05vt9qd57"}, {"firstName": "Vinicius F.", "lastName": "Farjalla", "affiliation": "Federal University of Rio de Janeiro", "affiliationROR": "https://ror.org/03490as77"}, {"firstName": "C\u00e9line", "lastName": "Leroy", "affiliation": "AgroParisTech", "affiliationROR": "https://ror.org/02kbmgc12"}, {"firstName": "Barbara A.", "lastName": "Richardson", "affiliation": "State University of Campinas", "affiliationROR": "https://ror.org/04wffgt70"}, {"firstName": "Michael J.", "lastName": "Richardson", "affiliation": "University of British Columbia", "affiliationROR": "https://ror.org/03rmrcq20"}, {"firstName": "Gustavo Q.", "lastName": "Romero", "affiliation": "State University of Campinas", "affiliationROR": "https://ror.org/04wffgt70"}, {"firstName": "Diane S.", "lastName": "Srivastava", "affiliation": "University of British Columbia", "affiliationROR": "https://ror.org/03rmrcq20"}], "abstract": "1. Stoichiometric differences among organisms can affect trophic interactions and rates of nutrient cycling within ecosystems. However, we still know little about either the underlying causes of these stoichiometric differences, or the consistency of these differences across large geographic extents. 2. Here we analyze elemental (carbon, nitrogen, phosphorus) composition of 872 aquatic macroinvertebrates (71 species) inhabiting tank bromeliads (n = 140) from five distantly located sites across Central and South America to (1) test phylogenetic, trophic and body size scaling explanations for why organisms differ in elemental composition, and (2) determine if patterns in elemental composition are universal or context-dependent. 3. Taxonomy explained most variance in elemental composition, even though phylogenetic signals were weak and limited to regional spatial extents and to the family level. The highest elemental contents and lowest carbon:nutrient ratios were found in organisms at high trophic levels and with smaller body size, regardless of geographic location. 4. Carnivores may have higher nutrient content and lower carbon:nutrient ratios than their prey, as organisms optimize growth by choosing the most nutrient-rich resources to consume and then preferentially retain nutrients over carbon in their bodies. Smaller organisms grow proportionally faster than large organisms, and so are predicted to have higher nutrient requirements to fuel RNA and protein synthesis. Geography influenced the magnitude, more than the direction, of the ecological and/or phylogenetic effects on elemental composition. 5. Overall, our results show that both ecological (i.e., trophic group) and evolutionary drivers explain among-taxa variation in the elemental content of invertebrates, whereas intraspecific variation is mainly a function of body size. Our findings also demonstrate that restricting analyses of macroinvertebrate stoichiometry solely to either the local scale or species level affects inferences of the patterns in invertebrate elemental content, and their underlying mechanisms.", "keywords": ["Body-size scaling", "detritivores", "Carnivores", "phylogenetic signal", "macroinvertebrates", "phosphorus", "Ecological stoichiometry", "nitrogen"], "usageNotes": "<div class=\"o-metadata__file-usage-entry\"><h4 class=\"o-heading__level3-file-title\">Stoichiometry.Invertebrates.2018</h4><div class=\"o-metadata__file-description\">Data on elemental content of aquatic macroinvertebrates from tank bromeliads across Central-South America</div><div class=\"o-metadata__file-name\"></div><div class=\"o-metadata__file-name\"></div></div>", "locations": [{"place": "Central-South America"}], "relatedWorks": [{"relationship": "Cites", "identifierType": "DOI", "identifier": "https://doi.org/10.1111/1365-2435.13197"}], "versionNumber": 1, "versionStatus": "submitted", "curationStatus": "Published", "publicationDate": "2018-08-13", "lastModificationDate": "2020-06-24", "visibility": "public", "sharingLink": "https://datadryad.org/stash/share/2wx9XilPaHiugxuYcB3tYzVPG0E-qUmw2hNN0WWZNZM", "userId": 34115, "license": "https://creativecommons.org/publicdomain/zero/1.0/"}