{"_links": {"self": {"href": "/api/v2/datasets/doi%3A10.5061%2Fdryad.3n5tb2rf8"}, "stash:versions": {"href": "/api/v2/datasets/doi%3A10.5061%2Fdryad.3n5tb2rf8/versions"}, "stash:version": {"href": "/api/v2/versions/77692"}, "stash:download": {"href": "/api/v2/datasets/doi%3A10.5061%2Fdryad.3n5tb2rf8/download"}, "curies": [{"name": "stash", "href": "https://github.com/CDL-Dryad/stash/blob/main/stash_api/link-relations.md#{rel}", "templated": "true"}]}, "identifier": "doi:10.5061/dryad.3n5tb2rf8", "id": 52145, "storageSize": 281641, "title": "Hidden introductions of freshwater red algae via the aquarium trade exposed by DNA barcodes", "authors": [{"firstName": "Shing", "lastName": "Zhan", "email": "shing.zhan@alumni.ubc.ca", "affiliation": "University of British Columbia", "affiliationROR": "https://ror.org/03rmrcq20", "orcid": "0000-0002-6351-8873"}, {"firstName": "Tsai-Yin", "lastName": "Hsieh", "email": "", "affiliation": "Tunghai University", "affiliationROR": "https://ror.org/00zhvdn11"}, {"firstName": "Lan-Wei", "lastName": "Yeh", "email": "", "affiliation": "Tunghai University", "affiliationROR": "https://ror.org/00zhvdn11"}, {"firstName": "Ting-Chun", "lastName": "Kuo", "email": "", "affiliation": "National Taiwan Ocean University", "affiliationROR": "https://ror.org/03bvvnt49"}, {"firstName": "Shoichiro", "lastName": "Suda", "email": "", "affiliation": "University of the Ryukyus", "affiliationROR": "https://ror.org/02z1n9q24"}, {"firstName": "Shao-Lun", "lastName": "Liu", "email": "shaolunliu@thu.edu.tw", "affiliation": "Tunghai University", "affiliationROR": "https://ror.org/00zhvdn11", "orcid": "0000-0002-4936-0459"}], "abstract": "<p style=\"margin-bottom:8px;\">The global aquarium trade can introduce alien freshwater invaders, potentially impacting local aquatic ecosystems and their biodiversity. The role of the aquarium trade in spreading freshwater red macroalgae that hitchhike on ornamental aquatic plants and animals is unassessed. We investigated this human-mediated phenomenon via a broad biodiversity survey and genetic analysis of freshwater red algae in the field and aquarium shops in East Asia.</p>\r\n\r\n<p style=\"margin-bottom:8px;\"><b>Results</b><br>\r\nWe found 26 molecular operational taxonomic units (mOTUs) in Taiwan, some of which are cryptic. Phylogeographical analysis revealed three potential introduced mOTUs in Taiwan, which exhibit no local genetic variation in Taiwan and are distributed across continents. Also, we posit that some presumably endangered freshwater red algae may be preserved in aquaria, an unintentional <i>ex situ</i> conservation site for these organisms that are vulnerable to water pollution from anthropogenic disturbances.</p>\r\n\r\n<p style=\"margin-bottom:8px;\"><b>Main Conclusions</b><br>\r\nCollectively, these data suggest that freshwater red algae have been hitchhiking and dispersed via the aquarium trade, an important and overlooked mechanism of introduction of these organisms across the globe.</p>\r\n", "methods": "<p style=\"margin-bottom:8px;\"><b>Location</b><br>\r\nField sites and aquaria across Taiwan and in Hong Kong, Japan (Okinawa), the Philippines, and Thailand. Forty additional countries with GenBank sequences.</p>\r\n\r\n<p style=\"margin-bottom:8px;\"><b>Methods</b><br>\r\nUsing <i>rbc</i>L-based DNA barcoding, we surveyed 125 samples from 46 field sites and 88 samples from 53 aquarium shops (213 samples in total) mostly across Taiwan\u2014a key hub in the global aquarium trade\u2014as well as in Hong Kong, Okinawa (Japan), the Philippines, and Thailand. We augmented our <i>rbc</i>L sequences with GenBank <i>rbc</i>L sequences that represent 40 additional countries globally.</p>\r\n", "relatedWorks": [{"relationship": "Cites", "identifierType": "DOI", "identifier": "https://doi.org/10.1101/2020.06.30.180042"}], "versionNumber": 2, "versionStatus": "submitted", "curationStatus": "Published", "publicationDate": "2020-08-15", "lastModificationDate": "2020-08-16", "visibility": "public", "sharingLink": "https://datadryad.org/stash/share/PIlVJzkhiEu_zTybO5NaUKLsGxgl-_EPK8xRXcDORlQ", "userId": 60082, "license": "https://creativecommons.org/publicdomain/zero/1.0/"}