{"_links": {"self": {"href": "/api/v2/datasets/doi%3A10.5061%2Fdryad.3q08v"}, "stash:versions": {"href": "/api/v2/datasets/doi%3A10.5061%2Fdryad.3q08v/versions"}, "stash:version": {"href": "/api/v2/versions/11505"}, "stash:download": {"href": "/api/v2/datasets/doi%3A10.5061%2Fdryad.3q08v/download"}, "curies": [{"name": "stash", "href": "https://github.com/CDL-Dryad/stash/blob/main/stash_api/link-relations.md#{rel}", "templated": "true"}]}, "identifier": "doi:10.5061/dryad.3q08v", "id": 11462, "storageSize": 104909, "title": "Data from: Effects of riparian forest harvest on streams: a meta-analysis", "authors": [{"firstName": "John S.", "lastName": "Richardson", "affiliation": "University of British Columbia", "affiliationROR": "https://ror.org/03rmrcq20"}, {"firstName": "Salom\u00e9", "lastName": "B\u00e9raud", "affiliation": "AgroParisTech", "affiliationROR": "https://ror.org/02kbmgc12"}], "abstract": "1. Riparian forest harvesting impacts streams in many ways, from altering temperature regimes, shifting geomorphic structure, increasing sediment fluxes and affecting fish populations. However, we have noted considerable variation in the results between studies that led us to ask whether the effects of forest harvesting on streams were consistent between studies. We used meta-analysis of 34 replicated studies to address the effects of riparian logging on biological and chemical components of streams in contrast to control sites. 2. We found that the overall effect sizes of several response variables in replicated studies were significantly higher than zero, especially benthic invertebrates, and nitrogen and potassium concentrations. However, there was a very large amount of variation in the effect sizes between studies, and for many measures, the effect sizes from different studies were positive or negative, indicating site-specific responses. 3. We explored whether stream size, stream gradient and regional potential evapotranspiration could explain some of the effect size variation between studies. Relations with these environmental variables were weak, but suggestive that some of the context-specific, individual outcomes might be due to underlying environmental differences between sites. 4. Synthesis and applications. Despite relatively low numbers of replicated studies, we found significant overall effects of riparian forest harvesting although the magnitude and direction of responses within individual studies were site specific. This lack of consistency in the direction of effect sizes suggests we need a more context-dependent approach to the protection of freshwaters from forest management.", "keywords": ["riparian", "macroinvertebrates", "streams", "organic matter", "meta-analysis", "Algae", "forestry"], "usageNotes": "<div class=\"o-metadata__file-usage-entry\"><h4 class=\"o-heading__level3-file-title\">Supplementary Material-S1</h4><div class=\"o-metadata__file-description\">Citations to data sources.  Two tables include the extracted data for each variable from each study included for control (unharvested) and clear-cut treatments.  Data for replicated studies (2 or more replicates in each category) include Means, Standard Errors, and the calculated effect sizes.  The data for unreplicated studies (1 in each category, or 2 in one category and 1 in the other) are in a separate table, along with the values and calculated effect size.</div><div class=\"o-metadata__file-name\"></div></div>", "relatedWorks": [{"relationship": "Cites", "identifierType": "DOI", "identifier": "https://doi.org/10.1111/1365-2664.12332"}], "versionNumber": 1, "versionStatus": "submitted", "curationStatus": "Published", "publicationDate": "2015-08-22", "lastModificationDate": "2020-06-24", "visibility": "public", "sharingLink": "https://datadryad.org/stash/share/EOkavQ6ihDCxB_BdDr7VmJOyBtFb-EOKj-0Udaeewb8", "userId": 9173, "license": "https://creativecommons.org/publicdomain/zero/1.0/"}