{"_links": {"self": {"href": "/api/v2/datasets/doi%3A10.5061%2Fdryad.5kt4j51"}, "stash:versions": {"href": "/api/v2/datasets/doi%3A10.5061%2Fdryad.5kt4j51/versions"}, "stash:version": {"href": "/api/v2/versions/16597"}, "stash:download": {"href": "/api/v2/datasets/doi%3A10.5061%2Fdryad.5kt4j51/download"}, "curies": [{"name": "stash", "href": "https://github.com/CDL-Dryad/stash/blob/main/stash_api/link-relations.md#{rel}", "templated": "true"}]}, "identifier": "doi:10.5061/dryad.5kt4j51", "id": 16539, "storageSize": 40423, "title": "Data from: Nonlinear averaging of thermal experience predicts population growth rates in a thermally variable environment", "authors": [{"firstName": "Joey R.", "lastName": "Bernhardt", "affiliation": "University of British Columbia", "affiliationROR": "https://ror.org/03rmrcq20"}, {"firstName": "Jennifer M.", "lastName": "Sunday", "affiliation": "University of British Columbia", "affiliationROR": "https://ror.org/03rmrcq20"}, {"firstName": "Patrick L.", "lastName": "Thompson", "affiliation": "University of British Columbia", "affiliationROR": "https://ror.org/03rmrcq20"}, {"firstName": "Mary I.", "lastName": "O'Connor", "affiliation": "University of British Columbia", "affiliationROR": "https://ror.org/03rmrcq20"}], "abstract": "As thermal regimes change worldwide, projections of future population and species persistence often require estimates of how population growth rates depend on temperature. These projections rarely account for how temporal variation in temperature can systematically modify growth rates relative to projections based on constant temperatures. Here,we tested the hypothesis that time-averaged population growth rates in fluctuating thermal environments differ from growth rates in constant conditions as a consequence of Jensen\u2019s inequality, and that the thermal performance curves (TPCs) describing population growth in fluctuating environments can be predicted quantitatively based on TPCs generated in constant lab conditions. With experimental populations of the green alga Tetraselmis tetrahele, we show that nonlinear averaging techniques accurately predicted increased as well as decreased population growth rates influctuating thermal regimes relative to constant thermal regimes. We extrapolate from these results to project critical temperatures for population growth and persistence of 89 phytoplankton species in naturally variable thermal environments. These results advance our ability to predict population dynamics in the context of global change.", "keywords": ["Jensen's Inequality", "Tetraselmis tetrahele", "thermal variability", "phytoplankton", "population growth", "scale transition theory"], "usageNotes": "<div class=\"o-metadata__file-usage-entry\"><h4 class=\"o-heading__level3-file-title\">Population abundances over time</h4><div class=\"o-metadata__file-description\">Population abundances of Tetraselmis tetrahele grown over an experimental temperature gradient in constant and fluctuating thermal regimes (i.e. fluctuations of 5 degrees celcius up and down around mean temperatures) in the O'Connor Lab at the University of British Columbia.</div><div class=\"o-metadata__file-name\">abundances_over_time.csv</br></div><div class=\"o-metadata__file-name\"></div></div>", "relatedWorks": [{"relationship": "Cites", "identifierType": "DOI", "identifier": "https://doi.org/10.1098/rspb.2018.1076"}], "versionNumber": 1, "versionStatus": "submitted", "curationStatus": "Published", "publicationDate": "2018-09-06", "lastModificationDate": "2020-06-24", "visibility": "public", "sharingLink": "https://datadryad.org/stash/share/qqfWv6LhuGO_MuhFjoGi6nNGzFhbj_h04wsUt3P5aXU", "userId": 30538, "license": "https://creativecommons.org/publicdomain/zero/1.0/"}