{"_links": {"self": {"href": "/api/v2/datasets/doi%3A10.5061%2Fdryad.6nd54"}, "stash:versions": {"href": "/api/v2/datasets/doi%3A10.5061%2Fdryad.6nd54/versions"}, "stash:version": {"href": "/api/v2/versions/12666"}, "stash:download": {"href": "/api/v2/datasets/doi%3A10.5061%2Fdryad.6nd54/download"}, "curies": [{"name": "stash", "href": "https://github.com/CDL-Dryad/stash/blob/main/stash_api/link-relations.md#{rel}", "templated": "true"}]}, "identifier": "doi:10.5061/dryad.6nd54", "id": 12621, "storageSize": 89668, "title": "Data from: Assessing conservation risks to populations of an anadromous Arctic salmonid, the northern Dolly Varden (Salvelinus malma malma), via estimates of effective and census population sizes and approximate Bayesian computation", "authors": [{"firstName": "Les N.", "lastName": "Harris", "affiliation": "Fisheries and Oceans Canada", "affiliationROR": "https://ror.org/02qa1x782"}, {"firstName": "Friso P.", "lastName": "Palstra"}, {"firstName": "Rob", "lastName": "Bajno"}, {"firstName": "Colin P.", "lastName": "Gallagher", "affiliation": "Fisheries and Oceans Canada", "affiliationROR": "https://ror.org/02qa1x782"}, {"firstName": "Kimberly L.", "lastName": "Howland", "affiliation": "Fisheries and Oceans Canada", "affiliationROR": "https://ror.org/02qa1x782"}, {"firstName": "Eric B.", "lastName": "Taylor", "affiliation": "University of British Columbia", "affiliationROR": "https://ror.org/03rmrcq20"}, {"firstName": "James D.", "lastName": "Reist", "affiliation": "Fisheries and Oceans Canada", "affiliationROR": "https://ror.org/02qa1x782"}, {"firstName": "Robert", "lastName": "Bajno", "affiliation": "Fisheries and Oceans Canada", "affiliationROR": "https://ror.org/02qa1x782"}], "abstract": "Census population size (Nc) is crucial to the development of resource management strategies, however, monitoring the effective population size (Ne) of managed populations has proliferated because of this parameter\u2019s relationship to the short-term impacts of genetic stochasticity and long-term population viability. Thus, having a sound understanding of both Nc and Ne, including population connectivity, provides valuable insights into both the demographic and genetic risks to extinction. Here, we assessed microsatellite DNA variation in four (of five known) anadromous northern Dolly Varden (NDV, Salvelinus malma malma) populations from Canada\u2019s western Arctic region, to estimate Ne using both temporal-based and single-sample estimators and to test for associations between Ne and Nc. We also employed approximate Bayesian computation (ABC) to evaluate several evolutionary scenarios that have potentially shaped contemporary population structure in this species, focusing particularly on population size and connectivity. We found evidence for moderate to large contemporary and historical Ne, suggesting that short- and long-term extinction risks are low for these populations. Estimates of contemporary and long-term Ne were variable within and among populations and overall estimates could not be reliably linked with Nc or available spawning habitat. The overall estimate of Ne/Nc, was 0.152 and ranged from 0.024 to 0.442 when including errors around the estimate of Ne and Nc. Finally, ABC analyses suggest that NDV had a common origin followed by divergence in isolation while maintaining large effective sizes, but also that these populations were bottlenecked in the past, likely the result of post-glacial colonization processes. These results corroborate indications of limited gene flow at present, indicating independent demographic and evolutionary trajectories that imply NDV is best managed on a per-river-population basis. Overall, the results of this study further our general understanding of Ne, Ne/Nc and demographic independence in NDV, and provide a comprehensive and quantitative assessment of the potential genetic and demographic risk status of Arctic anadromous salmonids, including baselines for future monitoring.", "keywords": ["Salvelinus malma malma", "Northern Dolly Varden", "approximate Bayesian computation", "Census population size", "conservation", "1980s-present", "effective population size"], "usageNotes": "<div class=\"o-metadata__file-usage-entry\"><h4 class=\"o-heading__level3-file-title\">3D Genepop File</h4><div class=\"o-metadata__file-description\">Genepop file (3 digit) containing raw microsatellite data used for all analyses.</div><div class=\"o-metadata__file-name\">Genepop 3 Digit</br></div></div>", "locations": [{"place": "Babbage River YK"}, {"place": "Firth River YK"}, {"place": "Rat River NT"}, {"place": "Yukon Northslope"}, {"place": "Big Fish River NT"}], "relatedWorks": [{"relationship": "Cites", "identifierType": "DOI", "identifier": "https://doi.org/10.1007/s10592-016-0915-5"}], "versionNumber": 1, "versionStatus": "submitted", "curationStatus": "Published", "publicationDate": "2017-11-29", "lastModificationDate": "2020-06-24", "visibility": "public", "sharingLink": "https://datadryad.org/stash/share/Np0Zg0kSMKuhOMpK1C86M1oM8RjyfVFhY2UFa6Yfx9Y", "userId": 8532, "license": "https://creativecommons.org/publicdomain/zero/1.0/"}