{"_links": {"self": {"href": "/api/v2/datasets/doi%3A10.5061%2Fdryad.322bb"}, "stash:versions": {"href": "/api/v2/datasets/doi%3A10.5061%2Fdryad.322bb/versions"}, "stash:version": {"href": "/api/v2/versions/16450"}, "stash:download": {"href": "/api/v2/datasets/doi%3A10.5061%2Fdryad.322bb/download"}, "curies": [{"name": "stash", "href": "https://github.com/CDL-Dryad/stash/blob/main/stash_api/link-relations.md#{rel}", "templated": "true"}]}, "identifier": "doi:10.5061/dryad.322bb", "id": 16393, "storageSize": 40641, "title": "Data from: Pain and pessimism: dairy calves exhibit negative judgement bias following hot-iron disbudding", "authors": [{"firstName": "Heather W.", "lastName": "Neave", "affiliation": "University of British Columbia", "affiliationROR": "https://ror.org/03rmrcq20"}, {"firstName": "Rolnei R.", "lastName": "Daros", "affiliation": "University of British Columbia", "affiliationROR": "https://ror.org/03rmrcq20"}, {"firstName": "Jo\u00e3o H. C.", "lastName": "Costa", "affiliation": "University of British Columbia", "affiliationROR": "https://ror.org/03rmrcq20"}, {"firstName": "Marina A. G.", "lastName": "von Keyserlingk", "affiliation": "University of British Columbia", "affiliationROR": "https://ror.org/03rmrcq20"}, {"firstName": "Daniel M.", "lastName": "Weary", "affiliation": "University of British Columbia", "affiliationROR": "https://ror.org/03rmrcq20"}], "abstract": "Pain is defined as an unpleasant sensory and emotional experience associated with actual or potential tissue damage, but emotional states are difficult to directly assess in animals. Researchers have assessed pain using behavioural and physiological measures, but these approaches are limited to understanding the arousal rather than valence of the emotional experience. Cognitive bias tasks show that depressed humans judge ambiguous events negatively and this technique has been applied to assess emotional states in animals. However, limited research has examined how pain states affect cognitive processes in animals. Here we present the first evidence of cognitive bias in response to pain in any non-human species. In two experiments, dairy calves (n = 17) were trained to respond differentially to red and white video screens and then tested with unreinforced ambiguous colours in two or three test sessions before and two sessions after the routine practice of hot-iron disbudding. After disbudding calves were more likely to judge ambiguous colours as negative. This \u2018pessimistic\u2019 bias indicates that post-operative pain following hot-iron disbudding results in a negative change in emotional state.", "keywords": ["dehorn", "animal emotion", "animal welfare", "cognitive bias", "operant"], "usageNotes": "<div class=\"o-metadata__file-usage-entry\"><h4 class=\"o-heading__level3-file-title\">Calf approach responses in the cognitive bias task</h4><div class=\"o-metadata__file-description\">Calf approach responses to each screen for each session before and after disbudding (%).  Approach responses have been averaged across trials (23 each of positive and negative screens; 5 of each ambigous screen) within each session</div><div class=\"o-metadata__file-name\">DRYAD_Table 1_Calf responses.docx</br></div></div>", "relatedWorks": [{"relationship": "Cites", "identifierType": "DOI", "identifier": "https://doi.org/10.1371/journal.pone.0080556"}], "versionNumber": 1, "versionStatus": "submitted", "curationStatus": "Published", "publicationDate": "2014-11-04", "lastModificationDate": "2020-06-24", "visibility": "public", "sharingLink": "https://datadryad.org/stash/share/e3pghh7Vywqh_cIubUAZYOPZy6v2psTvHc158W5oZcA", "userId": 5937, "license": "https://creativecommons.org/publicdomain/zero/1.0/"}