{"_links": {"self": {"href": "/api/v2/datasets/doi%3A10.5061%2Fdryad.p1j7n43"}, "stash:versions": {"href": "/api/v2/datasets/doi%3A10.5061%2Fdryad.p1j7n43/versions"}, "stash:version": {"href": "/api/v2/versions/22466"}, "stash:download": {"href": "/api/v2/datasets/doi%3A10.5061%2Fdryad.p1j7n43/download"}, "curies": [{"name": "stash", "href": "https://github.com/CDL-Dryad/stash/blob/main/stash_api/link-relations.md#{rel}", "templated": "true"}]}, "identifier": "doi:10.5061/dryad.p1j7n43", "id": 22402, "storageSize": 1287581, "title": "Data from: Meta\u2010analysis of chromosome\u2010scale crossover rate variation in eukaryotes and its significance to evolutionary genomics", "authors": [{"firstName": "Quiterie", "lastName": "Haenel", "affiliation": "University of Basel", "affiliationROR": "https://ror.org/02s6k3f65"}, {"firstName": "Telma G.", "lastName": "Laurentino", "affiliation": "University of Basel", "affiliationROR": "https://ror.org/02s6k3f65"}, {"firstName": "Marius", "lastName": "Roesti", "affiliation": "University of British Columbia", "affiliationROR": "https://ror.org/03rmrcq20"}, {"firstName": "Daniel", "lastName": "Berner", "affiliation": "University of Basel", "affiliationROR": "https://ror.org/02s6k3f65"}], "abstract": "Understanding the distribution of crossovers along chromosomes is crucial to evolutionary genomics because the crossover rate determines how strongly a genome region is influenced by natural selection. Nevertheless, generalities in the chromosome-scale distribution of crossovers have not been investigated formally. We fill this gap by synthesizing joint information on genetic and physical maps across 62 animal, plant, and fungal species. Our quantitative analysis reveals a strong and taxonomically wide-spread reduction of the crossover rate in the center of chromosomes relative to their peripheries. We demonstrate that this pattern is poorly explained by the position of the centromere, but find that the magnitude of the relative reduction in the crossover rate in chromosome centers increases with chromosome length. That is, long chromosomes often display a dramatically low crossover rate in their center whereas short chromosomes exhibit a relatively homogeneous crossover rate. This observation is compatible with a model in which crossovers are initiated from the chromosome tips, an idea with preliminary support from mechanistic investigations of meiotic recombination. Consequently, we show that organisms achieve a higher genome-wide crossover rate by evolving smaller chromosomes. Summarizing theory and providing empirical examples, we finally highlight that taxonomically wide-spread and systematic heterogeneity in crossover rate along chromosomes generates predictable broad-scale trends in genetic diversity and population differentiation by modifying the impact of natural selection among regions within a genome. We conclude by emphasizing that chromosome-scale heterogeneity in crossover rate should urgently be incorporated into analytical tools in evolutionary genomics, and in the interpretation of emerging patterns.", "keywords": ["Evolutionary genomics", "recombination", "Chromosome", "Linked selection"], "usageNotes": "<div class=\"o-metadata__file-usage-entry\"><h4 class=\"o-heading__level3-file-title\">Raw recombination data</h4><div class=\"o-metadata__file-name\">ArgoutEtAl2011_Mb.cM.dot.txt</br></div></div><div class=\"o-metadata__file-usage-entry\"><h4 class=\"o-heading__level3-file-title\">ArgyrisEtAl2015_Mb.cM.dot</h4><div class=\"o-metadata__file-name\"></div></div><div class=\"o-metadata__file-usage-entry\"><h4 class=\"o-heading__level3-file-title\">AriasEtAl2009_Mb.cM.dot</h4><div class=\"o-metadata__file-name\"></div></div><div class=\"o-metadata__file-usage-entry\"><h4 class=\"o-heading__level3-file-title\">AutonEtAl2012_Mb.RR.line</h4><div class=\"o-metadata__file-name\"></div></div><div class=\"o-metadata__file-usage-entry\"><h4 class=\"o-heading__level3-file-title\">BackstroemEtAl2010_Mb.cM.dot</h4><div class=\"o-metadata__file-name\"></div></div><div class=\"o-metadata__file-usage-entry\"><h4 class=\"o-heading__level3-file-title\">BauerEtAl2013_Mb.cM.line</h4><div class=\"o-metadata__file-name\"></div></div><div class=\"o-metadata__file-usage-entry\"><h4 class=\"o-heading__level3-file-title\">BekeleEtAl2013_Mb.cM.dot</h4><div class=\"o-metadata__file-name\"></div></div><div class=\"o-metadata__file-usage-entry\"><h4 class=\"o-heading__level3-file-title\">BhaktaEtAl2015_Mb.cM.dot</h4><div class=\"o-metadata__file-name\"></div></div><div class=\"o-metadata__file-usage-entry\"><h4 class=\"o-heading__level3-file-title\">BlankersEtAl2017_Mb.cM.dot</h4><div class=\"o-metadata__file-name\"></div></div><div class=\"o-metadata__file-usage-entry\"><h4 class=\"o-heading__level3-file-title\">BradleyEtAl2010_Mb.cM.dot</h4><div class=\"o-metadata__file-name\"></div></div><div class=\"o-metadata__file-usage-entry\"><h4 class=\"o-heading__level3-file-title\">CherryEtAl2012_Mb.cM.dot</h4><div class=\"o-metadata__file-name\"></div></div><div class=\"o-metadata__file-usage-entry\"><h4 class=\"o-heading__level3-file-title\">ComeronEtAl2012_Mb.RR.line</h4><div class=\"o-metadata__file-name\"></div></div><div class=\"o-metadata__file-usage-entry\"><h4 class=\"o-heading__level3-file-title\">CrollEtAl2015_cross1_Mb.RR.line</h4><div class=\"o-metadata__file-name\"></div></div><div class=\"o-metadata__file-usage-entry\"><h4 class=\"o-heading__level3-file-title\">CrollEtAl2015_cross2_Mb.RR.line</h4><div class=\"o-metadata__file-name\"></div></div><div class=\"o-metadata__file-usage-entry\"><h4 class=\"o-heading__level3-file-title\">DaccordEtAl2017_Mb.cM.dot</h4><div class=\"o-metadata__file-name\"></div></div><div class=\"o-metadata__file-usage-entry\"><h4 class=\"o-heading__level3-file-title\">DaveyEtAl2016_Mb.cM.line</h4><div class=\"o-metadata__file-name\"></div></div><div class=\"o-metadata__file-usage-entry\"><h4 class=\"o-heading__level3-file-title\">DeokarEtAl2014_Mb.cM.dot</h4><div class=\"o-metadata__file-name\"></div></div><div class=\"o-metadata__file-usage-entry\"><h4 class=\"o-heading__level3-file-title\">DohmEtAl2014_Mb.cM.dot</h4><div class=\"o-metadata__file-name\"></div></div><div class=\"o-metadata__file-usage-entry\"><h4 class=\"o-heading__level3-file-title\">DukicEtAl2016_Mb.cM.dot</h4><div class=\"o-metadata__file-name\"></div></div><div class=\"o-metadata__file-usage-entry\"><h4 class=\"o-heading__level3-file-title\">Endelman&Jansky2016_Mb.cM.dot</h4><div class=\"o-metadata__file-name\"></div></div><div class=\"o-metadata__file-usage-entry\"><h4 class=\"o-heading__level3-file-title\">GardnerEtAl2016_Mb.cM.dot</h4><div class=\"o-metadata__file-name\"></div></div><div class=\"o-metadata__file-usage-entry\"><h4 class=\"o-heading__level3-file-title\">GirautEtAl2011_Mb.RR.line</h4><div class=\"o-metadata__file-name\"></div></div><div class=\"o-metadata__file-usage-entry\"><h4 class=\"o-heading__level3-file-title\">GroenenEtAl2009_Mb.cM.dot</h4><div class=\"o-metadata__file-name\"></div></div><div class=\"o-metadata__file-usage-entry\"><h4 class=\"o-heading__level3-file-title\">HillEtAl2015_Mb.cM.dot</h4><div class=\"o-metadata__file-name\"></div></div><div class=\"o-metadata__file-usage-entry\"><h4 class=\"o-heading__level3-file-title\">HoleskiEtAl2014_Mb.cM.dot</h4><div class=\"o-metadata__file-name\"></div></div><div class=\"o-metadata__file-usage-entry\"><h4 class=\"o-heading__level3-file-title\">HuangEtAL2017_Mb.cM.dot</h4><div class=\"o-metadata__file-name\"></div></div><div class=\"o-metadata__file-usage-entry\"><h4 class=\"o-heading__level3-file-title\">HuoEtAl2011_Mb.RR.line</h4><div class=\"o-metadata__file-name\"></div></div><div class=\"o-metadata__file-usage-entry\"><h4 class=\"o-heading__level3-file-title\">IntPeachGenomeInitiative2013_Mb.cM.dot</h4><div class=\"o-metadata__file-name\"></div></div><div class=\"o-metadata__file-usage-entry\"><h4 class=\"o-heading__level3-file-title\">Jensen-SeamanEtAl2004_Homo_Mb.cM.line</h4><div class=\"o-metadata__file-name\"></div></div><div class=\"o-metadata__file-usage-entry\"><h4 class=\"o-heading__level3-file-title\">Jensen-SeamanEtAl2004_Rattus_Mb.cM.dot</h4><div class=\"o-metadata__file-name\"></div></div><div class=\"o-metadata__file-usage-entry\"><h4 class=\"o-heading__level3-file-title\">JohnstonEtAl2016_Mb.cM.line</h4><div class=\"o-metadata__file-name\"></div></div><div class=\"o-metadata__file-usage-entry\"><h4 class=\"o-heading__level3-file-title\">JohnstonEtAl2017_Mb.cM.dot</h4><div class=\"o-metadata__file-name\"></div></div><div class=\"o-metadata__file-usage-entry\"><h4 class=\"o-heading__level3-file-title\">JunejaEtAl2014_Mb.cM.dot</h4><div class=\"o-metadata__file-name\"></div></div><div class=\"o-metadata__file-usage-entry\"><h4 class=\"o-heading__level3-file-title\">KawakamiEtAl2014_Mb.cM.dot</h4><div class=\"o-metadata__file-name\"></div></div><div class=\"o-metadata__file-usage-entry\"><h4 class=\"o-heading__level3-file-title\">LaurentEtAl2017_Mb.cM.dot</h4><div class=\"o-metadata__file-name\"></div></div><div class=\"o-metadata__file-usage-entry\"><h4 class=\"o-heading__level3-file-title\">LiEtAl2016_Mb.cM.line</h4><div class=\"o-metadata__file-name\"></div></div><div class=\"o-metadata__file-usage-entry\"><h4 class=\"o-heading__level3-file-title\">LiuEtAl2016_Mb.cM.line</h4><div class=\"o-metadata__file-name\"></div></div><div class=\"o-metadata__file-usage-entry\"><h4 class=\"o-heading__level3-file-title\">LiuEtAl2017_Mb.RR.line</h4><div class=\"o-metadata__file-name\"></div></div><div class=\"o-metadata__file-usage-entry\"><h4 class=\"o-heading__level3-file-title\">LuoEtAl2015_Mb.RR.line</h4><div class=\"o-metadata__file-name\"></div></div><div class=\"o-metadata__file-usage-entry\"><h4 class=\"o-heading__level3-file-title\">NiehuisEtAl2010_Mb.cM.dot</h4><div class=\"o-metadata__file-name\"></div></div><div class=\"o-metadata__file-usage-entry\"><h4 class=\"o-heading__level3-file-title\">NunesEtAl2017_Mb.cM.dot</h4><div class=\"o-metadata__file-name\"></div></div><div class=\"o-metadata__file-usage-entry\"><h4 class=\"o-heading__level3-file-title\">RenautEtAl2013_Mb.cM.dot</h4><div class=\"o-metadata__file-name\"></div></div><div class=\"o-metadata__file-usage-entry\"><h4 class=\"o-heading__level3-file-title\">RenEtAl2012_Mb.cM.dot</h4><div class=\"o-metadata__file-name\"></div></div><div class=\"o-metadata__file-usage-entry\"><h4 class=\"o-heading__level3-file-title\">Rockman&Kruglyak2009_Mb.cM.line</h4><div class=\"o-metadata__file-name\"></div></div><div class=\"o-metadata__file-usage-entry\"><h4 class=\"o-heading__level3-file-title\">RoestiEtAl2013_Mb.cM.dot</h4><div class=\"o-metadata__file-name\"></div></div><div class=\"o-metadata__file-usage-entry\"><h4 class=\"o-heading__level3-file-title\">RossEtAl2011_Mb.cM.dot</h4><div class=\"o-metadata__file-name\"></div></div><div class=\"o-metadata__file-usage-entry\"><h4 class=\"o-heading__level3-file-title\">SchmutzEtAl2010_Mb.cM.dot</h4><div class=\"o-metadata__file-name\"></div></div><div class=\"o-metadata__file-usage-entry\"><h4 class=\"o-heading__level3-file-title\">ShulaevEtAl2011_Mb.cM.dot</h4><div class=\"o-metadata__file-name\"></div></div><div class=\"o-metadata__file-usage-entry\"><h4 class=\"o-heading__level3-file-title\">Sim&Geib2017_Mb.cM.dot</h4><div class=\"o-metadata__file-name\"></div></div><div class=\"o-metadata__file-usage-entry\"><h4 class=\"o-heading__level3-file-title\">SolignacEtAl2007_Mb.cM.line</h4><div class=\"o-metadata__file-name\"></div></div><div class=\"o-metadata__file-usage-entry\"><h4 class=\"o-heading__level3-file-title\">TianEtAl2009_Mb.cM.dot</h4><div class=\"o-metadata__file-name\"></div></div><div class=\"o-metadata__file-usage-entry\"><h4 class=\"o-heading__level3-file-title\">TomatoGenomeConsortium2012_Mb.RR.line</h4><div class=\"o-metadata__file-name\"></div></div><div class=\"o-metadata__file-usage-entry\"><h4 class=\"o-heading__level3-file-title\">TongEtAl2016_P.deltoides_Mb.cM.dot</h4><div class=\"o-metadata__file-name\"></div></div><div class=\"o-metadata__file-usage-entry\"><h4 class=\"o-heading__level3-file-title\">TongEtAl2016_P.simonii_Mb.cM.dot</h4><div class=\"o-metadata__file-name\"></div></div><div class=\"o-metadata__file-usage-entry\"><h4 class=\"o-heading__level3-file-title\">TortereauEtAl2012_Mb.RR.dot</h4><div class=\"o-metadata__file-name\"></div></div><div class=\"o-metadata__file-usage-entry\"><h4 class=\"o-heading__level3-file-title\">WangEtAl2015_Brassica_Mb.cM.dot</h4><div class=\"o-metadata__file-name\"></div></div><div class=\"o-metadata__file-usage-entry\"><h4 class=\"o-heading__level3-file-title\">WangEtAl2015_Brassica_Mb.cM.dot</h4><div class=\"o-metadata__file-name\">WangEtAl2015_Gossypium_Mb.cM.dot.txt</br></div></div><div class=\"o-metadata__file-usage-entry\"><h4 class=\"o-heading__level3-file-title\">WangEtAl2017_fam1_f_Mb.cM.line</h4><div class=\"o-metadata__file-name\"></div></div><div class=\"o-metadata__file-usage-entry\"><h4 class=\"o-heading__level3-file-title\">WangEtAl2017_fam1_m_Mb.cM.line</h4><div class=\"o-metadata__file-name\"></div></div><div class=\"o-metadata__file-usage-entry\"><h4 class=\"o-heading__level3-file-title\">WangEtAl2017_fam2_f_Mb.cM.line</h4><div class=\"o-metadata__file-name\"></div></div><div class=\"o-metadata__file-usage-entry\"><h4 class=\"o-heading__level3-file-title\">WangEtAl2017_fam2_m_Mb.cM.line</h4><div class=\"o-metadata__file-name\"></div></div><div class=\"o-metadata__file-usage-entry\"><h4 class=\"o-heading__level3-file-title\">WangEtAl2017_fam3_f_Mb.cM.line</h4><div class=\"o-metadata__file-name\"></div></div><div class=\"o-metadata__file-usage-entry\"><h4 class=\"o-heading__level3-file-title\">WangEtAl2017_fam3_m_Mb.cM.line</h4><div class=\"o-metadata__file-name\"></div></div><div class=\"o-metadata__file-usage-entry\"><h4 class=\"o-heading__level3-file-title\">WongEtAl2010_Mb.RR.line</h4><div class=\"o-metadata__file-name\"></div></div><div class=\"o-metadata__file-usage-entry\"><h4 class=\"o-heading__level3-file-title\">WuEtAl2014_Mb.cM.dot</h4><div class=\"o-metadata__file-name\"></div></div><div class=\"o-metadata__file-usage-entry\"><h4 class=\"o-heading__level3-file-title\">XuEtAl2014_Mb.cM.dot</h4><div class=\"o-metadata__file-name\"></div></div><div class=\"o-metadata__file-usage-entry\"><h4 class=\"o-heading__level3-file-title\">ZhangEtAl2012_Mb.cM.dot</h4><div class=\"o-metadata__file-name\"></div></div>", "relatedWorks": [{"relationship": "Cites", "identifierType": "DOI", "identifier": "https://doi.org/10.1111/mec.14699"}], "versionNumber": 1, "versionStatus": "submitted", "curationStatus": "Published", "publicationDate": "2018-04-30", "lastModificationDate": "2020-06-24", "visibility": "public", "sharingLink": "https://datadryad.org/stash/share/NJ79WPoP9YUnY5k0-3ThC6NIup6HTevQtfmresUq-yk", "userId": 40352, "license": "https://creativecommons.org/publicdomain/zero/1.0/"}