{"_links": {"self": {"href": "/api/v2/datasets/doi%3A10.5061%2Fdryad.mr861"}, "stash:versions": {"href": "/api/v2/datasets/doi%3A10.5061%2Fdryad.mr861/versions"}, "stash:version": {"href": "/api/v2/versions/13262"}, "stash:download": {"href": "/api/v2/datasets/doi%3A10.5061%2Fdryad.mr861/download"}, "curies": [{"name": "stash", "href": "https://github.com/CDL-Dryad/stash/blob/main/stash_api/link-relations.md#{rel}", "templated": "true"}]}, "identifier": "doi:10.5061/dryad.mr861", "id": 13211, "storageSize": 80781, "title": "Data from: Species turnover (\u03b2 diversity) in ectomycorrhizal fungi linked to NH4+ uptake capacity", "authors": [{"firstName": "John M.", "lastName": "Kranabetter", "affiliation": "Ministry of Forests Lands and Natural Resource Operations", "affiliationROR": "https://ror.org/03cx3d993"}, {"firstName": "Barbara J.", "lastName": "Hawkins", "affiliation": "University of Victoria", "affiliationROR": "https://ror.org/04s5mat29"}, {"firstName": "Melanie D.", "lastName": "Jones", "affiliation": "University of British Columbia", "affiliationROR": "https://ror.org/03rmrcq20"}, {"firstName": "Samantha", "lastName": "Robbins", "affiliation": "University of Victoria", "affiliationROR": "https://ror.org/04s5mat29"}, {"firstName": "Tyler", "lastName": "Dyer", "affiliation": "Natural Resources Canada", "affiliationROR": "https://ror.org/05hepy730"}, {"firstName": "Tao", "lastName": "Li", "affiliation": "Yunnan University", "affiliationROR": "https://ror.org/0040axw97"}], "abstract": "Ectomycorrhizal (EcM) fungal communities may be shaped by both deterministic and stochastic processes, potentially influencing ecosystem development and function. We evaluated community assembly processes for EcM fungi of Pseudotsuga menziesii among 12 sites up to 400 km apart in southwest British Columbia (Canada) by investigating species turnover (\u03b2 diversity) in relation to soil nitrogen (N) availability and physical distance. We then examined functional traits for an N-related niche by quantifying net fluxes of NH4+, NO3- and protons on excised root tips from three contrasting sites using a microelectrode ion flux measurement system. EcM fungal communities were well aligned with soil N availability and pH, with no effect of site proximity (distance-decay curve) on species assemblages. Species turnover was significant (\u03b21/2 = 1.48) along soil N gradients, with many more Tomentella species on high-N than low-N soils, in contrast to Cortinarius species. Ammonium uptake was greatest in the spring on the medium and rich sites, and averaged over 190 nmol m\u22122 s\u22121 for Tomentella species. The lowest uptake rates of NH4+ were by non-mycorrhizal roots of axenically grown seedlings (10 nmol m\u22122 s\u22121), followed by Cortinarius species (60 nmol m\u22122 s\u22121). EcM roots from all sites displayed only marginal uptake of nitrate (8.3 nmol m\u22122 s\u22121). These results suggest NH4+ uptake capacity is an important functional trait influencing the assembly of EcM fungal communities. The diversity of EcM fungal species across the region arguably provides critical belowground adaptations to organic and inorganic N supply that are integral to temperate rainforest ecology.", "keywords": ["Fungi", "Niche Modelling"], "usageNotes": "<div class=\"o-metadata__file-usage-entry\"><h4 class=\"o-heading__level3-file-title\">Ion flux results</h4><div class=\"o-metadata__file-description\">Net fluxes of H+, NH4+ and NO3- measured on ectomycorrhizal root tips using a microelectrode ion flux measurement system (MIFE).  Roots were retrieved from three sites of contrasting soil fertility, both in the spring and fall of 2014.  Non-mycorrhizal roots taken from axenically raised seedlings.</div><div class=\"o-metadata__file-name\">Dryad file.xlsx</br></div></div><div class=\"o-metadata__file-usage-entry\"><h4 class=\"o-heading__level3-file-title\">community similarity and distance measures</h4><div class=\"o-metadata__file-description\">Pair-wise comparisons of test sites for community similarity (Sorensen Bray-Curtis) with distance measures of mineralizable nitrogen and physical distance (km)</div><div class=\"o-metadata__file-name\"></div></div>", "locations": [{"place": "Canada"}, {"place": "Southwestern British Columbia"}], "relatedWorks": [{"relationship": "Cites", "identifierType": "DOI", "identifier": "https://doi.org/10.1111/mec.13435"}], "versionNumber": 1, "versionStatus": "submitted", "curationStatus": "Published", "publicationDate": "2015-10-28", "lastModificationDate": "2020-06-30", "visibility": "public", "sharingLink": "https://datadryad.org/stash/share/1Xcm6HPOiw3G_-D_kv9z6HI2yGQhKmAGVKjD1SiUMdc", "userId": 15240, "license": "https://creativecommons.org/publicdomain/zero/1.0/"}