{"_links": {"self": {"href": "/api/v2/datasets/doi%3A10.5061%2Fdryad.tc3v2"}, "stash:versions": {"href": "/api/v2/datasets/doi%3A10.5061%2Fdryad.tc3v2/versions"}, "stash:version": {"href": "/api/v2/versions/3455"}, "stash:download": {"href": "/api/v2/datasets/doi%3A10.5061%2Fdryad.tc3v2/download"}, "curies": [{"name": "stash", "href": "https://github.com/CDL-Dryad/stash/blob/main/stash_api/link-relations.md#{rel}", "templated": "true"}]}, "identifier": "doi:10.5061/dryad.tc3v2", "id": 3434, "storageSize": 736735, "title": "Data from: Flowering time of butterfly nectar food plants is more sensitive to temperature than the timing of butterfly adult flight", "authors": [{"firstName": "Heather M.", "lastName": "Kharouba", "affiliation": "University of British Columbia", "affiliationROR": "https://ror.org/03rmrcq20"}, {"firstName": "Mark", "lastName": "Vellend", "affiliation": "University of British Columbia", "affiliationROR": "https://ror.org/03rmrcq20"}], "abstract": "1. Variation among species in their phenological responses to temperature change suggests that shifts in the relative timing of key life cycle events between interacting species are likely to occur under climate warming. However, it remains difficult to predict the prevalence and magnitude of these shifts given that there have been few comparisons of phenological sensitivities to temperature across interacting species. 2. Here, we used a broad-scale approach utilizing collection records to compare the temperature sensitivity of the timing of adult flight in butterflies vs. flowering of their potential nectar food plants (days per \u00b0C) across space and time in British Columbia, Canada. 3. On average, the phenology of both butterflies and plants advanced in response to warmer temperatures. However, the two taxa were differentially sensitive to temperature across space vs. across time, indicating the additional importance of nontemperature cues and/or local adaptation for many species. 4. Across butterfly\u2013plant associations, flowering time was significantly more sensitive to temperature than the timing of butterfly flight and these sensitivities were not correlated. 4. Our results indicate that warming-driven shifts in the relative timing of life cycle events between butterflies and plants are likely to be prevalent, but that predicting the magnitude and direction of such changes in particular cases is going to require detailed, fine-scale data.", "keywords": ["mobility", "herbarium specimens", "Phenotypic Plasticity", "phenological synchrony", "trophic interaction"], "usageNotes": "<div class=\"o-metadata__file-usage-entry\"><h4 class=\"o-heading__level3-file-title\">Phenological data for select plant species in British Columbia, Canada</h4><div class=\"o-metadata__file-description\">This data was compiled from the University of British Columbia Herbarium. Each row represents a specimen that was in flower at the time of collection. 'Accession' is the unique identifier associated with the specimen that is found in the herbarium database. 'Vegetation' is the type of vegetation (tree, shrub, herbaceous). 'Family' is the species' family. 'Day/month/year' is the date associated with the specimen. 'x' is the longitude and 'y' is the latitude associated with the record. These coordinates were either listed directly on the specimen or achieved by georeferencing by the museum or by the authors. Georeferencing was done using locality descriptions on the specimen. 'Uncertainty (in meters)' is the uncertainty associated with the geographic coordinates achieved by georeferencing that was quantified whenever possible.</div><div class=\"o-metadata__file-name\">dryad_plants.csv</br></div></div>", "locations": [{"place": "Canada"}, {"place": "British Columbia"}], "relatedWorks": [{"relationship": "Cites", "identifierType": "DOI", "identifier": "https://doi.org/10.1111/1365-2656.12373"}], "versionNumber": 1, "versionStatus": "submitted", "curationStatus": "Published", "publicationDate": "2016-03-20", "lastModificationDate": "2019-06-26", "visibility": "public", "sharingLink": "https://datadryad.org/stash/share/Vi1ptHkms8dyruTpTCjAiutGOOdltxj5JcU4y9ZOzp0", "userId": 11922, "license": "https://creativecommons.org/publicdomain/zero/1.0/"}