{"_links": {"self": {"href": "/api/v2/datasets/doi%3A10.5061%2Fdryad.qv9s4mwbs"}, "stash:versions": {"href": "/api/v2/datasets/doi%3A10.5061%2Fdryad.qv9s4mwbs/versions"}, "stash:version": {"href": "/api/v2/versions/77561"}, "stash:download": {"href": "/api/v2/datasets/doi%3A10.5061%2Fdryad.qv9s4mwbs/download"}, "curies": [{"name": "stash", "href": "https://github.com/CDL-Dryad/stash/blob/main/stash_api/link-relations.md#{rel}", "templated": "true"}]}, "identifier": "doi:10.5061/dryad.qv9s4mwbs", "id": 48706, "storageSize": 261029, "title": "Data from: A meta-analysis of global avian survival across species and latitude", "authors": [{"firstName": "Micah", "lastName": "Scholer", "email": "micahscholer@gmail.com", "affiliation": "University of British Columbia", "affiliationROR": "https://ror.org/03rmrcq20", "orcid": "0000-0001-5495-3649"}, {"firstName": "Matt", "lastName": "Strimas-Mackey", "email": "mstrimas@gmail.com", "affiliation": "Cornell University", "affiliationROR": "https://ror.org/05bnh6r87"}, {"firstName": "Jill", "lastName": "Jankowski", "email": "jankowsk@biodiversity.ubc.ca", "affiliation": "University of British Columbia", "affiliationROR": "https://ror.org/03rmrcq20"}], "abstract": "<p>Tropical birds are thought to be longer lived than many temperate species. We explored the idea of higher survival at tropical latitudes and whether extrinsic climate factors and intrinsic traits helped explain this pattern using a meta-analytical approach. The dataset consists of 949 estimates from 204 studies of avian survival from both New World and Old World biogeographical realms.</p>\r\n", "funders": [{"organization": "Natural Sciences and Engineering Research Council of Canada", "awardNumber": "Discovery Grant F11-05365"}], "methods": "<p>Data were collected from the primary literature using Web of Science Core Collections and Google Scholar. We extracted data on survival and its associated standard error from each paper, as well as information on the study location and species intrinsic traits. When information on species traits was not included in the publication, we used data from standard reference databases (i.e., Handbook of Birds of the World, Elton Traits database). All climatic variables were downloaded from WorldClim.</p>\r\n", "usageNotes": "<p>The column entitled 'auk_used' refers to studies that were conducted over broad-spatial scales. In these cases, we used the <em>R </em>package <em>auk</em> to delineate species ranges based on eBird records. We then took the centroid of the breeding range as the latitude and longitude for that species. When multiple estimates on adult survival were available from the same paper, we took the geometric mean of those estimates (see column geomean_used).\u00a0 Detailed information on how we assembled the dataset can be found under the methods section in the associated Ecology Letters publication.</p>\r\n", "relatedWorks": [{"relationship": "Cites", "identifierType": "DOI", "identifier": "https://doi.org/10.1111/ele.13573"}], "versionNumber": 3, "versionStatus": "submitted", "curationStatus": "Published", "publicationDate": "2020-08-14", "lastModificationDate": "2020-08-14", "visibility": "public", "sharingLink": "https://datadryad.org/stash/share/J2c2Yyrn_3MOYhUmgPVtn6Sx8Y33bQEVUOSwWKDugu4", "userId": 42805, "license": "https://creativecommons.org/publicdomain/zero/1.0/"}