{"_links": {"self": {"href": "/api/v2/datasets/doi%3A10.5061%2Fdryad.d4g4n"}, "stash:versions": {"href": "/api/v2/datasets/doi%3A10.5061%2Fdryad.d4g4n/versions"}, "stash:version": {"href": "/api/v2/versions/25843"}, "stash:download": {"href": "/api/v2/datasets/doi%3A10.5061%2Fdryad.d4g4n/download"}, "curies": [{"name": "stash", "href": "https://github.com/CDL-Dryad/stash/blob/main/stash_api/link-relations.md#{rel}", "templated": "true"}]}, "identifier": "doi:10.5061/dryad.d4g4n", "id": 25770, "storageSize": 2411864, "title": "Data from: Plant diversity and endemism in the California Floristic Province", "authors": [{"firstName": "Dylan O.", "lastName": "Burge", "affiliation": "University of British Columbia", "affiliationROR": "https://ror.org/03rmrcq20"}, {"firstName": "James H.", "lastName": "Thorne", "affiliation": "University of California, Davis", "affiliationROR": "https://ror.org/05rrcem69"}, {"firstName": "Susan P.", "lastName": "Harrison", "affiliation": "University of California, Davis", "affiliationROR": "https://ror.org/05rrcem69"}, {"firstName": "Bart C.", "lastName": "O'Brien", "affiliation": "Regional Parks Botanic Garden, P.O. Box 5381, Oakland, CA 94605"}, {"firstName": "Jon P.", "lastName": "Rebman", "affiliation": "San Diego Natural History Museum", "affiliationROR": "https://ror.org/00kmpab62"}, {"firstName": "James R.", "lastName": "Shevock", "affiliation": "California Academy of Sciences", "affiliationROR": "https://ror.org/02wb73912"}, {"firstName": "Edward R.", "lastName": "Alverson", "affiliation": "Oregon State University", "affiliationROR": "https://ror.org/00ysfqy60"}, {"firstName": "Linda K.", "lastName": "Hardison", "affiliation": "Oregon State University", "affiliationROR": "https://ror.org/00ysfqy60"}, {"firstName": "Jos\u00e9", "lastName": "Delgadillo-Rodr\u00edguez", "affiliation": "Autonomous University of Baja California", "affiliationROR": "https://ror.org/05xwcq167"}, {"firstName": "Steven A.", "lastName": "Junak", "affiliation": "Santa Barbara Botanic Garden", "affiliationROR": "https://ror.org/05x0at146"}, {"firstName": "Thomas A.", "lastName": "Oberbauer", "affiliation": "Aecom (United States)", "affiliationROR": "https://ror.org/02gr2sm80"}, {"firstName": "Hugo", "lastName": "Riemann", "affiliation": "College of the Northern Border", "affiliationROR": "https://ror.org/04hft8h57"}, {"firstName": "Sula E.", "lastName": "Vanderplank", "affiliation": "Botanical Research Institute of Texas", "affiliationROR": "https://ror.org/02wxwab08"}, {"firstName": "Teri", "lastName": "Barry", "affiliation": "California Academy of Sciences", "affiliationROR": "https://ror.org/02wb73912"}], "abstract": "The California Floristic Province (CFP) is an area of high biodiversity and endemism corresponding roughly to the portion of western North America having a Mediterranean-type climate. High levels of diversity and endemism in the CFP are attributed to the unique geo-climatic setting of the region. In recent years, much has been learned about the origins of plant diversity in western North America. This work, however, has been hindered by a focus on political rather than biotic regions, such that much more is known about diversity and endemism in the state of California than the natural biotic region represented by the CFP. Here we present a preliminary list of native land plants (vascular plants and bryophytes) found in the CFP, as well as an analysis of diversity and endemism patterns at the level of both species and minimum rank taxa (MRT; species and infraspecific taxa). A total of 6,927 MRT are native to the CFP, including 6,143 vascular plants and 784 bryophytes. Of these, 2,612 vascular plants are endemic to the CFP (42%) compared to 37 endemic bryophytes (5%). Finally, 2,506 native CFP vascular plant MRT (41% of the CFP flora) and 454 CFP bryophyte MRT (58% of the CFP flora) are found outside California in the Oregon and Baja California parts of the CFP. This high degree of sharing across political boundaries among both vascular plants and bryophytes highlights the cohesiveness of the CFP, and the need to focus more research effort on biotic regions.", "keywords": ["Richness", "biotic region"], "usageNotes": "<div class=\"o-metadata__file-usage-entry\"><h4 class=\"o-heading__level3-file-title\">KMZ file defining border of the California Floristic Province</h4><div class=\"o-metadata__file-description\">This data file describes the border of the California Floristic Province in western North America. It is openable in Google Earth or other GIS applications.</div><div class=\"o-metadata__file-name\">CFP_KMZ.kmz</br></div></div><div class=\"o-metadata__file-usage-entry\"><h4 class=\"o-heading__level3-file-title\">Occurrence data for native land plants of the California Floristic Province</h4><div class=\"o-metadata__file-description\">This data file contains information on the occurrence of native land plants (bryophytes and vascular plants) within major sub-regions of the California Floristic Province, including Baja California (Mexico), Oregon, California, and Nevada.</div><div class=\"o-metadata__file-name\">CFP_Online.xlsx</br></div></div><div class=\"o-metadata__file-usage-entry\"><h4 class=\"o-heading__level3-file-title\">GIS file for CFP (DBF)</h4><div class=\"o-metadata__file-description\">This file is part of a set of files describing the border of the California Floristic Province in western North America. When included in a directory with the other \"CFP_GIS\" files, the GIS layer is openable in most standard GIS programs.</div><div class=\"o-metadata__file-name\">CFP_GIS.dbf</br></div></div><div class=\"o-metadata__file-usage-entry\"><h4 class=\"o-heading__level3-file-title\">GIS file for CFP (PRJ)</h4><div class=\"o-metadata__file-description\">This file is part of a set of files describing the border of the California Floristic Province in western North America. When included in a directory with the other \"CFP_GIS\" files, the GIS layer is openable in most standard GIS programs.</div><div class=\"o-metadata__file-name\">CFP_GIS.prj</br></div></div><div class=\"o-metadata__file-usage-entry\"><h4 class=\"o-heading__level3-file-title\">GIS file for CFP (SBN)</h4><div class=\"o-metadata__file-description\">This file is part of a set of files describing the border of the California Floristic Province in western North America. When included in a directory with the other \"CFP_GIS\" files, the GIS layer is openable in most standard GIS programs.</div><div class=\"o-metadata__file-name\">CFP_GIS.sbn</br></div></div><div class=\"o-metadata__file-usage-entry\"><h4 class=\"o-heading__level3-file-title\">GIS file for CFP (SHP)</h4><div class=\"o-metadata__file-description\">This file is part of a set of files describing the border of the California Floristic Province in western North America. When included in a directory with the other \"CFP_GIS\" files, the GIS layer is openable in most standard GIS programs.</div><div class=\"o-metadata__file-name\">CFP_GIS.shp</br></div></div><div class=\"o-metadata__file-usage-entry\"><h4 class=\"o-heading__level3-file-title\">GIS file for CFP (SHX)</h4><div class=\"o-metadata__file-description\">This file is part of a set of files describing the border of the California Floristic Province in western North America. When included in a directory with the other \"CFP_GIS\" files, the GIS layer is openable in most standard GIS programs.</div><div class=\"o-metadata__file-name\">CFP_GIS.shx</br></div></div><div class=\"o-metadata__file-usage-entry\"><h4 class=\"o-heading__level3-file-title\">GIS file for CFP (SBX)</h4><div class=\"o-metadata__file-description\">This file is part of a set of files describing the border of the California Floristic Province in western North America. When included in a directory with the other \"CFP_GIS\" files, the GIS layer is openable in most standard GIS programs.</div><div class=\"o-metadata__file-name\">CFP_GIS.sbx</br></div></div>", "locations": [{"place": "Oregon"}, {"place": "Baja California"}, {"place": "Mexico"}, {"place": "California"}, {"place": "Nevada"}], "relatedWorks": [{"relationship": "Cites", "identifierType": "DOI", "identifier": "https://doi.org/10.3120/madr-63-02-3-206.1"}], "versionNumber": 1, "versionStatus": "submitted", "curationStatus": "Published", "publicationDate": "2016-05-10", "lastModificationDate": "2020-06-24", "visibility": "public", "sharingLink": "https://datadryad.org/stash/share/kZXvJw1QBtbS6pKWCb32OmuDADjLFWn4et1j1-_8CrI", "userId": 41408, "license": "https://creativecommons.org/publicdomain/zero/1.0/"}