{"_links": {"self": {"href": "/api/v2/datasets/doi%3A10.5061%2Fdryad.p021fq5"}, "stash:versions": {"href": "/api/v2/datasets/doi%3A10.5061%2Fdryad.p021fq5/versions"}, "stash:version": {"href": "/api/v2/versions/19408"}, "stash:download": {"href": "/api/v2/datasets/doi%3A10.5061%2Fdryad.p021fq5/download"}, "curies": [{"name": "stash", "href": "https://github.com/CDL-Dryad/stash/blob/main/stash_api/link-relations.md#{rel}", "templated": "true"}]}, "identifier": "doi:10.5061/dryad.p021fq5", "id": 19344, "storageSize": 77466, "title": "Data from: Spatial variation in herbivory, climate and isolation predict plant height and fruit phenotype in Plectritis congesta island populations", "authors": [{"firstName": "Cora L.", "lastName": "Skaien", "affiliation": "University of British Columbia", "affiliationROR": "https://ror.org/03rmrcq20"}, {"firstName": "Peter", "lastName": "Arcese", "affiliation": "University of British Columbia", "affiliationROR": "https://ror.org/03rmrcq20"}], "abstract": "Climate and herbivory can each drive natural selection on plant traits, but may interact to give rise to different patterns in trait distributions when surveyed across island populations. These different patterns may arise because the occurrence of ungulate herbivores often varies across archipelagos, potentially leading to strong and abrupt spatial heterogeneity in the direction or intensity of natural selection. In contrast, climate tends to vary gradually and thus is more likely to lead to gradual clines in trait values. Population isolation may also affect trait values, given that random genetic drift may fix alleles or traits in the absence of gene flow, or because gene flow between populations with similar or opposing selection pressures may augment or swamp the effects of selection. Here, we estimate the independent and interactive effects of deer, climate and isolation on fruit phenotype and plant height in 285 Plectritis congesta populations at 77 island and 44 mainland sites in western North America. Plectritis congesta is a palatable winter annual with two fruit phenotypes based on a simple Mendelian locus with clear dominance, and heritable variation in height as a polygenic trait. Fruit phenotype and plant height were well-predicted by deer occurrence; plants in populations with resident deer were short (15.0 \u00b1 1.1 cm) and mainly expressed wingless fruits (73.0 \u00b1 4.0 %), whereas plants in populations without deer were 2.6 times taller (38.9 \u00b1 5.3 cm) and only 9.0 \u00b1 1.6 % expressed wingless fruits. Wingless fruits were less common in populations experiencing wetter conditions with more seasonal variability in temperatures, particularly in the absence of deer. In contrast, population isolation was unrelated to fruit phenotype, except in populations rarely exposed to deer, where plants expressed phenotypes more like those in populations without deer as isolation increased. Our results are consistent with the hypothesis that spatial variation in browsing by deer, or other factors correlated with it, contributes to population-level variation in fruit phenotype and plant height in P. congesta, and that climate leads to a modest spatial gradient in plant height.", "keywords": ["browsing", "polygenic polymorphism", "natural selection", "single-locus polymorphism", "Plectritis congesta", "plant\u2013herbivore interactions", "Garry oak and maritime meadow ecosystems", "heterogeneous selection", "seablush", "trait variation"], "usageNotes": "<div class=\"o-metadata__file-usage-entry\"><h4 class=\"o-heading__level3-file-title\">Skaien and Arcese_P. congesta geographic data_Journal Ecology</h4><div class=\"o-metadata__file-description\">Tab 1 (\u201cGeographic Survey Fruit Frequency\u201d): Data were collected throughout the Georgia Basin from 2005 to 2014 (\u201cYear\u201d) from April to June of each year. Populations that were surveyed more than once were assessed for changes over time, and only the most recent measurement was included in the data set. The study species is seablush, Plectritis congesta. \u201cArea\u201d and \u201cLocation\u201d together represent each population. \u201cIsl.Main\u201d represents whether a population was on an island or the mainland (with Vancouver Island considered as part of the mainland). \u201cDeer\u201d represents whether the island had deer present, absent or rarely hosted deer.  UTM coordinates are represented by \u201cN\u201d for Northing and \u201cE\u201d for Easting. The number of wingless fruits in each set of 100 (\u201cvalue\u201d; from counts of 20 individuals in 5 different areas of the population) is represented by \u201csum.ww\u201d. Together, \u201cvalue\u201d and \u201csum.ww\u201d create the proportion of plants bearing wingless fruits (\u201cFreq.of.ww\u201d). \u201cPC1\u201d and \u201cPC2\u201d represent the values from the Principal Components Analysis (PCA) for climatic variables (see Appendix). The amount of land in a 1 km buffer (\u201c1km_Area_Land\u201d) was transformed into a percentage (\u201c1km_Percent_Land\u201d). From this, we also have the percentage of land area that is water in a 1 km radius of the center of the surveyed population (\u201c1km_Percent_Water\u201d). \r\n\r\nTab 2 (\u201c1 m belt transects\u201d): Data were collected from May to June 2014. \u201cLocation\u201d represents the population sampled, accompanied by UTM GPS coordinates (\u201cN\u201d for Northing and \u201cE\u201d for Easting). The average measured heights of 20-40 plants along each transect is represented by \u201cavheight\u201d, with the standard deviation of height represented by \u201cstdevheight\u201d. The average depth of 5 measurements at 20 cm intervals along the 1 m belt transect is represented by \u201cavdepth\u201d, and the standard deviation in depth is represented by \u201cstdevdepth\u201d.  The \u201cFreq.of.ww\u201d represents the proportion of fruits that were wingless from the total count of 100 (\u201cvalue\u201d). \u201cPC1\u201d represents values from the Principal Components Analysis (PCA) for climatic variables (see Appendix). \u201c1km_Percent_Water\u201d represents the percentage of land cover that was water in a 1 km radius of the center of the surveyed population.</div><div class=\"o-metadata__file-name\">Skaien_P. congesta geographic data_Journal Ecology.xlsx</br></div></div>", "locations": [{"place": "Georgia Basin"}, {"place": "western North America"}], "relatedWorks": [{"relationship": "Cites", "identifierType": "DOI", "identifier": "https://doi.org/10.1111/1365-2745.12982"}], "versionNumber": 1, "versionStatus": "submitted", "curationStatus": "Published", "publicationDate": "2019-03-13", "lastModificationDate": "2020-06-24", "visibility": "public", "sharingLink": "https://datadryad.org/stash/share/IyiO0k7m5_wQSsYNBDBQo-YSGb9tyjII0OKoSykEjw8", "userId": 34235, "license": "https://creativecommons.org/publicdomain/zero/1.0/"}