{"_links": {"self": {"href": "/api/v2/datasets/doi%3A10.5061%2Fdryad.6f2j8"}, "stash:versions": {"href": "/api/v2/datasets/doi%3A10.5061%2Fdryad.6f2j8/versions"}, "stash:version": {"href": "/api/v2/versions/2322"}, "stash:download": {"href": "/api/v2/datasets/doi%3A10.5061%2Fdryad.6f2j8/download"}, "curies": [{"name": "stash", "href": "https://github.com/CDL-Dryad/stash/blob/main/stash_api/link-relations.md#{rel}", "templated": "true"}]}, "identifier": "doi:10.5061/dryad.6f2j8", "id": 2312, "storageSize": 83846750, "title": "Data from: Overdominance interacts with linkage to determine the rate of adaptation to a new optimum", "authors": [{"firstName": "Jeremy", "lastName": "Draghi", "affiliation": "University of British Columbia", "affiliationROR": "https://ror.org/03rmrcq20"}, {"firstName": "Michael C.", "lastName": "Whitlock", "affiliation": "University of British Columbia", "affiliationROR": "https://ror.org/03rmrcq20"}], "abstract": "Overdominance, or a fitness advantage of a heterozygote over both homozygotes, can occur commonly with adaptation to a new optimum phenotype. We model how such overdominant polymorphisms can reduce the evolvability of diploid populations, uncovering a novel form of epistatic constraint on adaptation. The fitness load caused by overdominant polymorphisms can most readily be ameliorated by evolution at tightly linked loci; therefore traits controlled by multiple loosely linked loci are predicted to be strongly constrained. The degree of constraint is also sensitive to the shape of the relationship between phenotype and fitness, and the constraint caused by overdominance can be strong enough to overcome the effects of clonal interference on the rate of adaptation for a trait. These results point to novel influences on evolvability that are specific to diploids and interact with genetic architecture, and they predict a source of stochastic variability in eukaryotic evolution experiments or cases of rapid evolution in nature.", "keywords": ["Theory", "Experimental evolution", "population genetics", "natural selection"], "usageNotes": "<div class=\"o-metadata__file-usage-entry\"><h4 class=\"o-heading__level3-file-title\">Code and Analyses</h4><div class=\"o-metadata__file-description\">This zip contains the C code, R scripts, and simulation data files used to make all figures and quantitative comparisons.</div><div class=\"o-metadata__file-name\">overdominance_dryad_submission.zip</br></div></div>", "relatedWorks": [{"relationship": "Cites", "identifierType": "DOI", "identifier": "https://doi.org/10.1111/jeb.12547"}], "versionNumber": 1, "versionStatus": "submitted", "curationStatus": "Published", "publicationDate": "2014-11-13", "lastModificationDate": "2020-06-30", "visibility": "public", "sharingLink": "https://datadryad.org/stash/share/eeiDhk2xYxVSfRu9O6a4lHIWMXyaJ-kEOK_ojbGKCrY", "userId": 10486, "license": "https://creativecommons.org/publicdomain/zero/1.0/"}