{"_links": {"self": {"href": "/api/v2/datasets/doi%3A10.5061%2Fdryad.420b8vn"}, "stash:versions": {"href": "/api/v2/datasets/doi%3A10.5061%2Fdryad.420b8vn/versions"}, "stash:version": {"href": "/api/v2/versions/9517"}, "stash:download": {"href": "/api/v2/datasets/doi%3A10.5061%2Fdryad.420b8vn/download"}, "curies": [{"name": "stash", "href": "https://github.com/CDL-Dryad/stash/blob/main/stash_api/link-relations.md#{rel}", "templated": "true"}]}, "identifier": "doi:10.5061/dryad.420b8vn", "id": 9476, "storageSize": 149242, "title": "Data from: Plant\u2013insect interactions: double-dating associated insect and plant lineages reveals asynchronous radiations", "authors": [{"firstName": "Diana M.", "lastName": "Percy", "affiliation": "University of British Columbia", "affiliationROR": "https://ror.org/03rmrcq20"}, {"firstName": "Roderic D. M.", "lastName": "Page", "affiliation": "University of Glasgow", "affiliationROR": "https://ror.org/00vtgdb53"}, {"firstName": "Quentin C. B.", "lastName": "Cronk", "affiliation": "University of British Columbia", "affiliationROR": "https://ror.org/03rmrcq20"}, {"firstName": "Quentin C.B.", "lastName": "Cronk", "affiliation": "University of British Columbia", "affiliationROR": "https://ror.org/03rmrcq20"}, {"firstName": "Roderic D.M.", "lastName": "Page", "affiliation": "University of Glasgow", "affiliationROR": "https://ror.org/00vtgdb53"}], "abstract": "An increasing number of plant-insect studies using phylogenetic analysis suggest that cospeciation events are rare in plant\u2013insect systems. Instead, nonrandom patterns of phylogenetic congruence are produced by phylogenetically conserved host switching (to related plants) or tracking of particular resources or traits (e.g., chemical). The dominance of host switching in many phytophagous insect groups may make the detection of genuine cospeciation events difficult. One important test of putative cospeciation events is to verify whether reciprocal speciation is temporally plausible. We explored techniques for double-dating of both plant and insect phylogenies. We use dated molecular phylogenies of a psyllid (Hemiptera)\u2013Genisteae (Fabaceae) system, a predominantly monophagous insect\u2013plant association widespread on the Atlantic Macaronesian islands. Phylogenetic reconciliation analysis suggests high levels of parallel cladogenesis between legumes and psyllids. However, dating using molecular clocks calibrated on known geological ages of the Macaronesian islands revealed that the legume and psyllid radiations were not contemporaneous but sequential. Whereas the main plant radiation occurred some 8 million years ago, the insect radiation occurred about 3 million years ago. We estimated that >60% of the psyllid speciation has resulted from host switching between related hosts. The only evidence for true cospeciation is in the much more recent and localized radiation of genistoid legumes in the Canary Islands, where the psyllid and legume radiations have been partially contemporaneous. The identification of specific cospeciation events over this time period, however, is hindered by the phylogenetic uncertainty in both legume and psyllid phylogenies due to the apparent rapidity of the species radiations.", "keywords": ["host plant colonization", "molecular clock", "sequential evolution", "species radiations", "cospeciation", "Plant\u2013insect interactions"], "usageNotes": "<div class=\"o-metadata__file-usage-entry\"><h4 class=\"o-heading__level3-file-title\">Insect data</h4><div class=\"o-metadata__file-name\">12S+COmatrix+Tre+GenBank.nex</br></div></div><div class=\"o-metadata__file-usage-entry\"><h4 class=\"o-heading__level3-file-title\">Plant data</h4><div class=\"o-metadata__file-name\">LegumeMatrix+Tre+GenBank.nex</br></div></div><div class=\"o-metadata__file-usage-entry\"><h4 class=\"o-heading__level3-file-title\">TreeBASE Study 1073</h4></div>", "relatedWorks": [{"relationship": "Cites", "identifierType": "DOI", "identifier": "https://doi.org/10.1080/10635150490264996"}, {"relationship": "IsSupplementedBy", "identifierType": "URL", "identifier": "https://www.treebase.org/treebase-web/search/study/summary.html?id=S1073"}], "versionNumber": 1, "versionStatus": "submitted", "curationStatus": "Published", "publicationDate": "2018-07-18", "lastModificationDate": "2020-06-24", "visibility": "public", "sharingLink": "https://datadryad.org/stash/share/TgB2XeGD8zPbGW8Jb7BDsyD08-nQ9feaumVuY0GcXnc", "userId": 31766, "license": "https://creativecommons.org/publicdomain/zero/1.0/"}