{"_links": {"self": {"href": "/api/v2/datasets/doi%3A10.5061%2Fdryad.953hv"}, "stash:versions": {"href": "/api/v2/datasets/doi%3A10.5061%2Fdryad.953hv/versions"}, "stash:version": {"href": "/api/v2/versions/1382"}, "stash:download": {"href": "/api/v2/datasets/doi%3A10.5061%2Fdryad.953hv/download"}, "curies": [{"name": "stash", "href": "https://github.com/CDL-Dryad/stash/blob/main/stash_api/link-relations.md#{rel}", "templated": "true"}]}, "identifier": "doi:10.5061/dryad.953hv", "id": 1377, "storageSize": 154024996, "title": "Data from: Quantifying sequence proportions in a DNA-based diet study using Ion Torrent amplicon sequencing: which counts count?", "authors": [{"firstName": "Bruce E.", "lastName": "Deagle", "affiliation": "University of British Columbia", "affiliationROR": "https://ror.org/03rmrcq20"}, {"firstName": "Austen C.", "lastName": "Thomas", "affiliation": "University of British Columbia", "affiliationROR": "https://ror.org/03rmrcq20"}, {"firstName": "Amanda K.", "lastName": "Shaffer", "affiliation": "Point Defiance Zoo and Aquarium; 5400 North Pearl Street; Tacoma; WA; 98407; USA"}, {"firstName": "Andrew W.", "lastName": "Trites", "affiliation": "University of British Columbia", "affiliationROR": "https://ror.org/03rmrcq20"}, {"firstName": "Simon N.", "lastName": "Jarman", "affiliation": "Australian Antarctic Division", "affiliationROR": "https://ror.org/05e89k615"}], "abstract": "A goal of many environmental DNA barcoding studies is to infer quantitative information about relative abundances of different taxa based on sequence read proportions generated by high-throughput sequencing. However, potential biases associated with this approach are only beginning to be examined. We sequenced DNA amplified from faeces (scats) of captive harbour seals (Phoca vitulina) to investigate whether sequence counts could be used to quantify the seals\u2019 diet. Seals were fed fish in fixed proportions, a chordate-specific mitochondrial 16S marker was amplified from scat DNA and amplicons sequenced using an Ion Torrent PGM\u2122. For a given set of bioinformatic parameters, there was generally low variability between scat samples in proportions of prey species sequences recovered. However, proportions varied substantially depending on sequencing direction, level of quality filtering (due to differences in sequence quality between species) and minimum read length considered. Short primer tags used to identify individual samples also influenced species proportions. In addition, there were complex interactions between factors; for example, the effect of quality filtering was influenced by the primer tag and sequencing direction. Resequencing of a subset of samples revealed some, but not all, biases were consistent between runs. Less stringent data filtering (based on quality scores or read length) generally produced more consistent proportional data, but overall proportions of sequences were very different than dietary mass proportions, indicating additional technical or biological biases are present. Our findings highlight that quantitative interpretations of sequence proportions generated via high-throughput sequencing will require careful experimental design and thoughtful data analysis.", "keywords": ["Captive Populations", "DNA Barcoding", "Diet Analysis"], "usageNotes": "<div class=\"o-metadata__file-usage-entry\"><h4 class=\"o-heading__level3-file-title\">Ion Torrent diet data</h4><div class=\"o-metadata__file-description\">FASTQ sequence files and additional data described in the ReadMe file</div><div class=\"o-metadata__file-name\"></div><div class=\"o-metadata__file-name\"></div></div><div class=\"o-metadata__file-usage-entry\"><h4 class=\"o-heading__level3-file-title\">1 MER paper functions</h4><div class=\"o-metadata__file-description\">Functions needed to run R code</div><div class=\"o-metadata__file-name\"></div><div class=\"o-metadata__file-name\"></div></div><div class=\"o-metadata__file-usage-entry\"><h4 class=\"o-heading__level3-file-title\">2 MER R code database</h4><div class=\"o-metadata__file-description\">R code</div><div class=\"o-metadata__file-name\"></div><div class=\"o-metadata__file-name\"></div></div><div class=\"o-metadata__file-usage-entry\"><h4 class=\"o-heading__level3-file-title\">3 MER R code summary</h4><div class=\"o-metadata__file-description\">R code</div><div class=\"o-metadata__file-name\"></div><div class=\"o-metadata__file-name\"></div></div>", "relatedWorks": [{"relationship": "Cites", "identifierType": "DOI", "identifier": "https://doi.org/10.1111/1755-0998.12103"}], "versionNumber": 1, "versionStatus": "submitted", "curationStatus": "Published", "publicationDate": "2013-03-19", "lastModificationDate": "2020-06-24", "visibility": "public", "sharingLink": "https://datadryad.org/stash/share/payt3V-2GNVQ84_kDBl6UXVEuknPA0UfyYlZ4TaQbEg", "userId": 8173, "license": "https://creativecommons.org/publicdomain/zero/1.0/"}