{"_links": {"self": {"href": "/api/v2/datasets/doi%3A10.5061%2Fdryad.1035h"}, "stash:versions": {"href": "/api/v2/datasets/doi%3A10.5061%2Fdryad.1035h/versions"}, "stash:version": {"href": "/api/v2/versions/12494"}, "stash:download": {"href": "/api/v2/datasets/doi%3A10.5061%2Fdryad.1035h/download"}, "curies": [{"name": "stash", "href": "https://github.com/CDL-Dryad/stash/blob/main/stash_api/link-relations.md#{rel}", "templated": "true"}]}, "identifier": "doi:10.5061/dryad.1035h", "id": 12450, "storageSize": 89315, "title": "Data from: Phylogeography and population history of Leopardus guigna, the smallest American felid", "authors": [{"firstName": "Constanza", "lastName": "Napolitano", "affiliation": "University of Chile", "affiliationROR": "https://ror.org/047gc3g35"}, {"firstName": "Warren E.", "lastName": "Johnson", "affiliation": "National Cancer Institute", "affiliationROR": "https://ror.org/040gcmg81"}, {"firstName": "Jim", "lastName": "Sanderson", "affiliation": "Small Wild Cat Conservation Foundation, Campbell, USA"}, {"firstName": "Stephen J.", "lastName": "O'Brien", "affiliation": "Saint Petersburg State University", "affiliationROR": "https://ror.org/023znxa73"}, {"firstName": "Rus", "lastName": "Hoelzel"}, {"firstName": "Rachel", "lastName": "Freer", "affiliation": "Durham University", "affiliationROR": "https://ror.org/01v29qb04"}, {"firstName": "Nigel", "lastName": "Dunstone", "affiliation": "Durham University", "affiliationROR": "https://ror.org/01v29qb04"}, {"firstName": "Kermit", "lastName": "Ritland", "affiliation": "University of British Columbia", "affiliationROR": "https://ror.org/03rmrcq20"}, {"firstName": "Carol E.", "lastName": "Ritland", "affiliation": "University of British Columbia", "affiliationROR": "https://ror.org/03rmrcq20"}, {"firstName": "Elie", "lastName": "Poulin", "affiliation": "University of Chile", "affiliationROR": "https://ror.org/047gc3g35"}, {"firstName": "A.", "lastName": "Rus Hoelzel", "affiliation": "Durham University", "affiliationROR": "https://ror.org/01v29qb04"}], "abstract": "The guigna (Leopardus guigna) is the smallest and most-restricted New World cat species, inhabiting only around 160,000 km2 of temperate rain forests in southern South America and is currently threatened by habitat loss, fragmentation and human persecution. We investigated phylogeographic patterns of genetic diversity, demographic history and barriers to gene flow with 116 individuals sampled across the species geographic range by analyzing 1,798 base pairs of the mtDNA (496 bp HVSI region, 720 bp NADH-5 gene, 364 bp from 16S gene and 218 bp from ATP-8 gene) and 15 microsatellite loci. Mitochondrial DNA data revealed a clear phylogeographic pattern with moderate separation between northern and southern Chilean populations supporting recognized subspecific partitions based on morphology. A recent demographic expansion was inferred for the southern-most group (San Rafael Lake), presumably due to the complete coverage of this area during the last glacial period, 28000\u201316000 years BP. Geographical barriers such as the Andes Mountains and the Chacao Channel have partially restricted historic and more-recent gene flow and the Chilo\u00e9 Island population has diverged genetically since being separated from the mainland 7000 years BP. This is the first study of the genetic structure of this threatened species throughout its whole geographic range.", "keywords": ["felid", "dispersal barriers", "Leopardus guigna", "phylogeography"], "usageNotes": "<div class=\"o-metadata__file-usage-entry\"><h4 class=\"o-heading__level3-file-title\">Leopardus guigna_Control Region HVS-I</h4><div class=\"o-metadata__file-name\"></div></div><div class=\"o-metadata__file-usage-entry\"><h4 class=\"o-heading__level3-file-title\">Leopardus guigna_NADH-5</h4><div class=\"o-metadata__file-name\"></div></div><div class=\"o-metadata__file-usage-entry\"><h4 class=\"o-heading__level3-file-title\">Leopardus guigna_16S</h4><div class=\"o-metadata__file-name\"></div></div>", "relatedWorks": [{"relationship": "Cites", "identifierType": "DOI", "identifier": "https://doi.org/10.1007/s10592-014-0566-3"}], "versionNumber": 1, "versionStatus": "submitted", "curationStatus": "Published", "publicationDate": "2014-12-17", "lastModificationDate": "2020-06-24", "visibility": "public", "sharingLink": "https://datadryad.org/stash/share/P7qQnvOZE5aNMctZmX4jqy1Jb84TQKjIHvcnoDEzbfU", "userId": 12358, "license": "https://creativecommons.org/publicdomain/zero/1.0/"}