{"_links": {"self": {"href": "/api/v2/datasets/doi%3A10.5061%2Fdryad.k8199"}, "stash:versions": {"href": "/api/v2/datasets/doi%3A10.5061%2Fdryad.k8199/versions"}, "stash:version": {"href": "/api/v2/versions/8383"}, "stash:download": {"href": "/api/v2/datasets/doi%3A10.5061%2Fdryad.k8199/download"}, "curies": [{"name": "stash", "href": "https://github.com/CDL-Dryad/stash/blob/main/stash_api/link-relations.md#{rel}", "templated": "true"}]}, "identifier": "doi:10.5061/dryad.k8199", "id": 8344, "storageSize": 192766, "title": "Data from: Demographic mechanisms of inbreeding adjustment through extra-pair reproduction", "authors": [{"firstName": "Jane M.", "lastName": "Reid", "affiliation": "University of Aberdeen", "affiliationROR": "https://ror.org/016476m91"}, {"firstName": "A. Bradley", "lastName": "Duthie", "affiliation": "University of Aberdeen", "affiliationROR": "https://ror.org/016476m91"}, {"firstName": "Matthew E.", "lastName": "Wolak", "affiliation": "University of Aberdeen", "affiliationROR": "https://ror.org/016476m91"}, {"firstName": "Peter", "lastName": "Arcese", "affiliation": "University of British Columbia", "affiliationROR": "https://ror.org/03rmrcq20"}], "abstract": "1. One hypothesis explaining extra-pair reproduction is that socially monogamous females mate with extra-pair males to adjust the coefficient of inbreeding (f) of extra-pair offspring (EPO) relative to that of within-pair offspring (WPO) they would produce with their socially paired male. Such adjustment of offspring f requires non-random extra-pair reproduction with respect to relatedness, which is in turn often assumed to require some mechanism of explicit pre-copulatory or post-copulatory kin discrimination. 2. We propose three demographic processes that could potentially cause mean f to differ between individual females' EPO and WPO given random extra-pair reproduction with available males without necessarily requiring explicit kin discrimination. Specifically, such a difference could arise if social pairings formed non-randomly with respect to relatedness or persisted non-randomly with respect to relatedness, or if the distribution of relatedness between females and their sets of potential mates changed during the period through which social pairings persisted. 3. We used comprehensive pedigree and pairing data from free-living song sparrows (Melospiza melodia) to quantify these three processes and hence investigate how individual females could adjust mean offspring f through instantaneously random extra-pair reproduction. 4. Female song sparrows tended to form social pairings with unrelated or distantly related males slightly less frequently than expected given random pairing within the defined set of available males. Furthermore, social pairings between more closely related mates tended to be more likely to persist across years than social pairings between less closely related mates. However, these effects were small and the mean relatedness between females and their sets of potential extra-pair males did not change substantially across the years through which social pairings persisted. 5. Our framework and analyses illustrate how demographic and social structuring within populations might allow females to adjust mean f of offspring through random extra-pair reproduction without necessarily requiring explicit kin discrimination, implying that adjustment of offspring f might be an inevitable consequence of extra-pair reproduction. New theoretical and empirical studies are required to explore the general magnitude of such effects and quantify the degree to which they could facilitate or constrain long-term evolution of extra-pair reproduction.", "keywords": ["pedigree", "Melospiza melodia", "kinship", "Paternity", "polyandry", "Mate choice", "Holocene"], "usageNotes": "<div class=\"o-metadata__file-usage-entry\"><h4 class=\"o-heading__level3-file-title\">PairsData_Dryad</h4><div class=\"o-metadata__file-description\">This file contains data required for the basic descriptive analysis of social pairing in relation to kinship.</div><div class=\"o-metadata__file-name\"></div></div><div class=\"o-metadata__file-usage-entry\"><h4 class=\"o-heading__level3-file-title\">NewMalesPairings_Dryad</h4><div class=\"o-metadata__file-description\">This file contains data required for the analysis of social pairing in relation to kinship between females and the 'new males' set of potential mates.</div><div class=\"o-metadata__file-name\"></div></div><div class=\"o-metadata__file-usage-entry\"><h4 class=\"o-heading__level3-file-title\">AllMalesPairings_Dryad</h4><div class=\"o-metadata__file-description\">This file contains data required for the analysis of social pairing in relation to kinship between females and the 'all males' set of potential mates.</div><div class=\"o-metadata__file-name\"></div></div><div class=\"o-metadata__file-usage-entry\"><h4 class=\"o-heading__level3-file-title\">PairPersistence_Dryad</h4><div class=\"o-metadata__file-description\">This file contains data required for the analysis of social pair persistence in relation to kinship.</div><div class=\"o-metadata__file-name\"></div></div><div class=\"o-metadata__file-usage-entry\"><h4 class=\"o-heading__level3-file-title\">ChangeMeanK_Dryad</h4><div class=\"o-metadata__file-description\">This file contains data required for the analysis of changing mean kinship within the duration of females' social pairings.</div><div class=\"o-metadata__file-name\"></div></div>", "locations": [{"place": "Canada"}, {"place": "British Columbia"}], "relatedWorks": [{"relationship": "Cites", "identifierType": "DOI", "identifier": "https://doi.org/10.1111/1365-2656.12340"}], "versionNumber": 1, "versionStatus": "submitted", "curationStatus": "Published", "publicationDate": "2015-11-19", "lastModificationDate": "2020-06-24", "visibility": "public", "sharingLink": "https://datadryad.org/stash/share/wR5smJ29bP6sR-4VVEWZdGSY6Hq-cuzZhoLEB8wt6Ds", "userId": 97, "license": "https://creativecommons.org/publicdomain/zero/1.0/"}