{"_links": {"self": {"href": "/api/v2/datasets/doi%3A10.5061%2Fdryad.116td"}, "stash:versions": {"href": "/api/v2/datasets/doi%3A10.5061%2Fdryad.116td/versions"}, "stash:version": {"href": "/api/v2/versions/5019"}, "stash:download": {"href": "/api/v2/datasets/doi%3A10.5061%2Fdryad.116td/download"}, "curies": [{"name": "stash", "href": "https://github.com/CDL-Dryad/stash/blob/main/stash_api/link-relations.md#{rel}", "templated": "true"}]}, "identifier": "doi:10.5061/dryad.116td", "id": 4986, "storageSize": 427919, "title": "Data from: Quantitative genetic analysis indicates natural selection on leaf phenotypes across wild tomato species (Solanum sect. Lycopersicon; Solanaceae)", "authors": [{"firstName": "Christopher D.", "lastName": "Muir", "affiliation": "University of British Columbia", "affiliationROR": "https://ror.org/03rmrcq20"}, {"firstName": "James B.", "lastName": "Pease", "affiliation": "Indiana University Bloomington", "affiliationROR": "https://ror.org/02k40bc56"}, {"firstName": "Leonie C.", "lastName": "Moyle", "affiliation": "Indiana University Bloomington", "affiliationROR": "https://ror.org/02k40bc56"}], "abstract": "Adaptive evolution requires both raw genetic material and an accessible path of high fitness from one fitness peak to another. In this study, we used an introgression line (IL) population to map quantitative trait loci (QTL) for leaf traits thought to be associated with adaptation to precipitation in wild tomatoes (Solanum sect. Lycopersicon; Solanaceae). A QTL Sign Test showed that several traits likely evolved under directional natural selection. Leaf traits correlated across species do not share a common genetic basis, consistent with a scenario in which selection maintains trait covariation unconstrained by pleiotropy or linkage disequilibrium. Two large effect QTL for stomatal distribution colocalized with key genes in the stomatal development pathway, suggesting promising candidates for the molecular bases of adaptation in these species. Furthermore, macroevolutionary transitions between vastly different stomatal distributions may not be constrained when such large effect mutations are available. Finally, genetic correlations between stomatal traits measured in this study and data on carbon isotope discrimination from the same ILs, support a functional hypothesis that the distribution of stomata affects the resistance to CO2 diffusion inside the leaf, a trait implicated in climatic adaptation in wild tomatoes. Along with evidence from previous comparative and experimental studies, this analysis indicates that leaf traits are an important component of climatic niche adaptation in wild tomatoes, and demonstrates that some trait transitions between species could have involved few, large effect genetic changes, allowing rapid responses to new environmental conditions.", "keywords": ["QTL Sign Test", "Solanum habrochaites", "Solanum peruvianum", "Solanum tuberosum", "Solanum pennellii", "Solanum lycopersicum var. esculentum", "Solanum dulcamara", "QTL", "leaf", "Solanum corneliomulleri"], "usageNotes": "<div class=\"o-metadata__file-usage-entry\"><h4 class=\"o-heading__level3-file-title\">Alignments and PAML results from stomatal candidate gene analysis</h4><div class=\"o-metadata__file-name\">dryaddata.zip</br></div><div class=\"o-metadata__file-name\"></div></div>", "relatedWorks": [{"relationship": "Cites", "identifierType": "DOI", "identifier": "https://doi.org/10.1534/genetics.114.169276"}], "versionNumber": 1, "versionStatus": "submitted", "curationStatus": "Published", "publicationDate": "2015-10-03", "lastModificationDate": "2020-06-24", "visibility": "public", "sharingLink": "https://datadryad.org/stash/share/cScX0DnoyF2b10a8Gn6wJcC6QryJzkusEzWb2oaPJck", "userId": 4409, "license": "https://creativecommons.org/publicdomain/zero/1.0/"}