{"_links": {"self": {"href": "/api/v2/datasets/doi%3A10.5061%2Fdryad.dz08kprvc"}, "stash:versions": {"href": "/api/v2/datasets/doi%3A10.5061%2Fdryad.dz08kprvc/versions"}, "stash:version": {"href": "/api/v2/versions/78839"}, "stash:download": {"href": "/api/v2/datasets/doi%3A10.5061%2Fdryad.dz08kprvc/download"}, "curies": [{"name": "stash", "href": "https://github.com/CDL-Dryad/stash/blob/main/stash_api/link-relations.md#{rel}", "templated": "true"}]}, "identifier": "doi:10.5061/dryad.dz08kprvc", "id": 47694, "storageSize": 8058170, "title": "Investigating morphological complexes using informational dissonance and bayes factors: A case study in corbiculate bees", "authors": [{"firstName": "Diego", "lastName": "Porto", "email": "diegosporto@gmail.com", "affiliation": "University of Sao Paulo", "affiliationROR": "https://ror.org/036rp1748", "orcid": "0000-0002-1657-9606"}, {"firstName": "Eduardo", "lastName": "Almeida", "email": "eduardoalmeida@usp.br", "affiliation": "University of Sao Paulo", "affiliationROR": "https://ror.org/036rp1748"}, {"firstName": "Matthew", "lastName": "Pennell", "email": "pennell@zoology.ubc.ca", "affiliation": "University of British Columbia", "affiliationROR": "https://ror.org/03rmrcq20"}], "abstract": "<p>It is widely recognized that different regions of a genome often have different evolutionary histories and that ignoring this variation when estimating phylogenies can be misleading. However, the extent to which this is also true for morphological data is still largely unknown. Discordance among morphological traits might plausibly arise due to either variable convergent selection pressures or else phenomena such as hemiplasy. Here we investigate patterns of discordance among 282 morphological characters, which we scored for 50 bee species particularly targeting corbiculate bees, a group that includes the well-known eusocial honeybees and bumblebees. As a starting point for selecting the most meaningful partitions in the data, we grouped characters as morphological modules, highly integrated trait complexes that as a result of developmental constraints or coordinated selection we expect to share an evolutionary history and trajectory. In order to assess conflict and coherence across and within these morphological modules, we used recently developed approaches for computing Bayesian phylogenetic information allied with model comparisons using Bayes factors. We found that despite considerable conflict among morphological complexes, accounting for among-character and among-partition rate variation with individual gamma distributions, rate multipliers, and linked branch lengths can lead to coherent phylogenetic inference using morphological data. We suggest that evaluating information content and dissonance among partitions is useful step in estimating phylogenies from morphological data, just as it is with molecular data. Furthermore, we argue that adopting emerging approaches for investigating dissonance in genomic datasets may provide new insights into the integration and evolution of anatomical complexes.</p>\r\n", "keywords": ["Apidae", "Entropy", "morphological modules", "phenotypic integration", "phylogenetic information"], "relatedWorks": [{"relationship": "Cites", "identifierType": "DOI", "identifier": "https://doi.org/10.1093/sysbio/syaa059"}], "versionNumber": 4, "versionStatus": "submitted", "curationStatus": "Published", "publicationDate": "2020-08-20", "lastModificationDate": "2020-08-21", "visibility": "public", "sharingLink": "https://datadryad.org/stash/share/jieeWnd9wPbCgv9VFh6C-8eu4m9K3FvtpYScoAWgxXw", "userId": 49576, "license": "https://creativecommons.org/publicdomain/zero/1.0/"}