{"_links": {"self": {"href": "/api/v2/datasets/doi%3A10.5061%2Fdryad.r28qk"}, "stash:versions": {"href": "/api/v2/datasets/doi%3A10.5061%2Fdryad.r28qk/versions"}, "stash:version": {"href": "/api/v2/versions/4850"}, "stash:download": {"href": "/api/v2/datasets/doi%3A10.5061%2Fdryad.r28qk/download"}, "curies": [{"name": "stash", "href": "https://github.com/CDL-Dryad/stash/blob/main/stash_api/link-relations.md#{rel}", "templated": "true"}]}, "identifier": "doi:10.5061/dryad.r28qk", "id": 4817, "storageSize": 445472, "title": "Data from: Social evolution in structured populations", "authors": [{"firstName": "Florence", "lastName": "D\u00e9barre", "affiliation": "University of British Columbia", "affiliationROR": "https://ror.org/03rmrcq20"}, {"firstName": "Christoph", "lastName": "Hauert"}, {"firstName": "Michael", "lastName": "Doebeli", "affiliation": "University of British Columbia", "affiliationROR": "https://ror.org/03rmrcq20"}], "abstract": "Understanding the evolution of social behaviours such as altruism and spite is a long-standing problem that has generated thousands of articles and heated debates. Previous theoretical studies showed that whether altruism and spite evolve may be contingent on seemingly artificial model features, such as which rule is chosen to update the population (e.g., Birth-Death or Death-Birth), and whether the benefits and costs of sociality affect fecundity or survival. Here we unify these features in a single comprehensive framework. We derive a general condition for social behaviour to be favoured over non-social behaviour, which is applicable in a large class of models for structured populations of fixed size. We recover previous results as special cases, and we are able to evaluate the relative effects of benefits and costs of social interactions on fecundity and survival. Our results highlight the crucial importance of identifying the relative scale at which competition occurs.", "keywords": ["spite", "Altruism", "Game theory", "social behaviour", "Inclusive fitness"], "usageNotes": "<div class=\"o-metadata__file-usage-entry\"><h4 class=\"o-heading__level3-file-title\">Debarre-etal_2014_scripts</h4><div class=\"o-metadata__file-name\"></div><div class=\"o-metadata__file-name\"></div></div>", "relatedWorks": [{"relationship": "Cites", "identifierType": "DOI", "identifier": "https://doi.org/10.1038/ncomms4409"}], "versionNumber": 1, "versionStatus": "submitted", "curationStatus": "Published", "publicationDate": "2015-01-27", "lastModificationDate": "2020-06-24", "visibility": "public", "sharingLink": "https://datadryad.org/stash/share/a3ueq5MS3xjQrzune2Rk1P98bPj6owr11P2kQnkOvXM", "userId": 14219, "license": "https://creativecommons.org/publicdomain/zero/1.0/"}