{"_links": {"self": {"href": "/api/v2/datasets/doi%3A10.5061%2Fdryad.dh63p"}, "stash:versions": {"href": "/api/v2/datasets/doi%3A10.5061%2Fdryad.dh63p/versions"}, "stash:version": {"href": "/api/v2/versions/3205"}, "stash:download": {"href": "/api/v2/datasets/doi%3A10.5061%2Fdryad.dh63p/download"}, "curies": [{"name": "stash", "href": "https://github.com/CDL-Dryad/stash/blob/main/stash_api/link-relations.md#{rel}", "templated": "true"}]}, "identifier": "doi:10.5061/dryad.dh63p", "id": 3188, "storageSize": 821434, "title": "Data from: Conservation implications of the evolutionary history and genetic diversity hotspots of the snowshoe hare", "authors": [{"firstName": "Ellen", "lastName": "Cheng", "affiliation": "University of Montana", "affiliationROR": "https://ror.org/0078xmk34"}, {"firstName": "Karen E.", "lastName": "Hodges", "affiliation": "University of British Columbia", "affiliationROR": "https://ror.org/03rmrcq20"}, {"firstName": "Jos\u00e9", "lastName": "Melo-Ferreira", "affiliation": "University of Porto", "affiliationROR": "https://ror.org/043pwc612"}, {"firstName": "Paulo C.", "lastName": "Alves", "affiliation": "University of Montana", "affiliationROR": "https://ror.org/0078xmk34"}, {"firstName": "L. Scott", "lastName": "Mills", "affiliation": "University of Montana", "affiliationROR": "https://ror.org/0078xmk34"}], "abstract": "With climate warming, the ranges of many boreal species are expected to shift northward and to fragment in southern peripheral ranges. To understand the conservation implications of losing southern populations, we examined range-wide genetic diversity of the snowshoe hare (Lepus americanus), an important prey species that drives boreal ecosystem dynamics. We analysed microsatellite (8 loci) and mitochondrial DNA sequence (cytochrome b and control region) variation in almost 1000 snowshoe hares. A hierarchical structure analysis of the microsatellite data suggests initial subdivision in two groups, Boreal and southwestern. The southwestern group further splits into Greater Pacific Northwest and U.S. Rockies. The genealogical information retrieved from mtDNA is congruent with the three highly differentiated and divergent groups of snowshoe hares. These groups can correspond with evolutionarily significant units that might have evolved in separate refugia south and east of the Pleistocene ice sheets. Genetic diversity was highest at mid-latitudes of the species' range, and genetic uniqueness was greatest in southern populations, consistent with substructuring inferred from both mtDNA and microsatellite analyses at finer levels of analysis. Surprisingly, snowshoe hares in the Greater Pacific Northwest mtDNA lineage were more closely related to black-tailed jackrabbits (Lepus californicus) than to other snowshoe hares, which may result from secondary introgression or shared ancestral polymorphism. Given the genetic distinctiveness of southern populations and minimal gene flow with their northern neighbours, fragmentation and loss of southern boreal habitats could mean loss of many unique alleles and reduced evolutionary potential.", "keywords": ["evolutionarily significant units", "core-periphery", "Quaternary", "phylogeography", "Lepus americanus", "Lepus californicus", "Landscape Genetics"], "usageNotes": "<div class=\"o-metadata__file-usage-entry\"><h4 class=\"o-heading__level3-file-title\">Cheng et al_All Samples</h4><div class=\"o-metadata__file-description\">Sample details for 907 specimens of snowshoe hare (Lepus americanus) and 5 specimens of black-tailed jackrabbit (L. californicus) used in study. Includes collection date, latitude-longitude, and GenBank accession numbers (where relevant).</div><div class=\"o-metadata__file-name\"></div></div><div class=\"o-metadata__file-usage-entry\"><h4 class=\"o-heading__level3-file-title\">Cheng et al_microsatellites</h4><div class=\"o-metadata__file-description\">Microsatellite genotype data for 853 specimens of snowshoe hare (Lepus americanus) at eight microsatellite loci</div><div class=\"o-metadata__file-name\"></div></div><div class=\"o-metadata__file-usage-entry\"><h4 class=\"o-heading__level3-file-title\">Cheng et al_STRUCTUREinput</h4><div class=\"o-metadata__file-description\">STRUCTURE input file with microsatellite genotype date for 853 specimens of snowshoe hare (Lepus americanus)</div><div class=\"o-metadata__file-name\"></div></div><div class=\"o-metadata__file-usage-entry\"><h4 class=\"o-heading__level3-file-title\">Cheng et al_BEASTinputCytB</h4><div class=\"o-metadata__file-description\">Fasta input file for BEAST phylogenetic analysis, based on the CytB gene. Sequences are provided for 80 snowshoe hare (Lepus americanus) specimens collected from throughout the species\u2019 range, 1 white-tailed jackrabbit (L. townsendii:  Sample ID WJ1, GenBank accession number AY292729), and 7 black-tailed jackrabbits (L. californicus:  Sample ID\u2019s BJ1, BJ2, CA.933J, CA.939J, NM.978J, NV.981J, NV.988J). Sequences for two of the black-tailed jackrabbit specimens were from GenBank, with these accession numbers:  BJ1 = AY292731 and BJ2 = HM222712.</div><div class=\"o-metadata__file-name\"></div></div><div class=\"o-metadata__file-usage-entry\"><h4 class=\"o-heading__level3-file-title\">Cheng et al_BEASTinputCR</h4><div class=\"o-metadata__file-description\">Fasta input file of control region (d-loop), for inferring demographic history of the major mtDNA lineages, using the Bayesian Skyline Plot implemented in BEAST. Sequences are provided for 893 snowshoe hare (Lepus americanus) specimens collected from throughout the species\u2019 range and 1 white-tailed jackrabbit (L. townsendii:  Sample ID WTJR, GenBank accession number AY292729).</div><div class=\"o-metadata__file-name\"></div></div>", "locations": [{"place": "North America"}], "relatedWorks": [{"relationship": "Cites", "identifierType": "DOI", "identifier": "https://doi.org/10.1111/mec.12790"}], "versionNumber": 1, "versionStatus": "submitted", "curationStatus": "Published", "publicationDate": "2014-05-13", "lastModificationDate": "2020-06-24", "visibility": "public", "sharingLink": "https://datadryad.org/stash/share/bvozmZ-QNyxHthRqUpF89ifHWg7Xh5n_gWR4NtJq-kg", "userId": 7838, "license": "https://creativecommons.org/publicdomain/zero/1.0/"}