{"_links": {"self": {"href": "/api/v2/datasets/doi%3A10.5061%2Fdryad.jm40h"}, "stash:versions": {"href": "/api/v2/datasets/doi%3A10.5061%2Fdryad.jm40h/versions"}, "stash:version": {"href": "/api/v2/versions/12386"}, "stash:download": {"href": "/api/v2/datasets/doi%3A10.5061%2Fdryad.jm40h/download"}, "curies": [{"name": "stash", "href": "https://github.com/CDL-Dryad/stash/blob/main/stash_api/link-relations.md#{rel}", "templated": "true"}]}, "identifier": "doi:10.5061/dryad.jm40h", "id": 12342, "storageSize": 2391334151, "title": "Data from: Evolution of movement rate increases the effectiveness of marine reserves for the conservation of pelagic fishes", "authors": [{"firstName": "Jonathan A.", "lastName": "Mee", "affiliation": "Mount Royal University", "affiliationROR": "https://ror.org/04evsam41"}, {"firstName": "Sarah P.", "lastName": "Otto", "affiliation": "University of British Columbia", "affiliationROR": "https://ror.org/03rmrcq20"}, {"firstName": "Daniel", "lastName": "Pauly", "affiliation": "University of British Columbia", "affiliationROR": "https://ror.org/03rmrcq20"}], "abstract": "Current debates about the efficacy of no-take marine reserves (MR) in protecting large pelagic fish such as tuna and sharks have usually not considered the evolutionary dimension of this issue, which emerges because the propensity to swim away from a given place, like any other biological trait, will probably vary in a heritable fashion among individuals. Here, based on spatially-explicit simulations, we investigated whether selection to remain in MRs to avoid higher fishing mortality can lead to the evolution of more philopatric fish. Our simulations, which covered a range of life histories among tuna species (skipjack tuna vs. Atlantic Bluefin tuna) and shark species (great white sharks vs. spiny dogfish) suggested that MRs were most effective at maintaining viable population sizes when movement distances were lowest. Decreased movement rate evolved following the establishment of marine reserves, and this evolution occurred more rapidly with higher fishing pressure. Evolutionary reductions in movement rate led to increases in within-reserve population sizes over the course of the 50 years following MR establishment, although this varied among life-histories, with skipjack responding fastest and great white sharks slowest. Our results suggest the evolution of decreased movement can augment the efficacy of marine reserves, especially for species, such as skipjack tuna, with relatively short generation times. Even when movement rates did not evolve substantially over 50 years (e.g., given long generation times or little heritable variation), marine reserves were an effective tool for the conservation of fish populations when mean movement rates were low or MRs were large.", "keywords": ["pelagic fishes", "fisheries induced evolution", "phylopatry", "migration and dispersal", "Marine protected areas"], "usageNotes": "<div class=\"o-metadata__file-usage-entry\"><h4 class=\"o-heading__level3-file-title\">R code for simulations involving non-migratory pelagic species</h4><div class=\"o-metadata__file-name\">grid_model_Skip_Dog_displaced.R</br></div></div><div class=\"o-metadata__file-usage-entry\"><h4 class=\"o-heading__level3-file-title\">R code for simulations involving migratory pelagic species</h4><div class=\"o-metadata__file-name\">grid_model_Blue_White_displaced.R</br></div></div><div class=\"o-metadata__file-usage-entry\"><h4 class=\"o-heading__level3-file-title\">Skipjack_results</h4><div class=\"o-metadata__file-name\"></div></div><div class=\"o-metadata__file-usage-entry\"><h4 class=\"o-heading__level3-file-title\">Bluefin_results</h4><div class=\"o-metadata__file-name\"></div></div><div class=\"o-metadata__file-usage-entry\"><h4 class=\"o-heading__level3-file-title\">Dogfish_results</h4><div class=\"o-metadata__file-name\"></div></div><div class=\"o-metadata__file-usage-entry\"><h4 class=\"o-heading__level3-file-title\">WhiteShark_results</h4><div class=\"o-metadata__file-name\"></div></div>", "relatedWorks": [{"relationship": "Cites", "identifierType": "DOI", "identifier": "https://doi.org/10.1111/eva.12460"}], "versionNumber": 1, "versionStatus": "submitted", "curationStatus": "Published", "publicationDate": "2017-01-19", "lastModificationDate": "2020-06-24", "visibility": "public", "sharingLink": "https://datadryad.org/stash/share/SBJLz9fjhta4PPyq3VNpv4jBxNcXYpFi10-KKnllb0E", "userId": 23683, "license": "https://creativecommons.org/publicdomain/zero/1.0/"}