{"_links": {"self": {"href": "/api/v2/datasets/doi%3A10.5061%2Fdryad.rd304"}, "stash:versions": {"href": "/api/v2/datasets/doi%3A10.5061%2Fdryad.rd304/versions"}, "stash:version": {"href": "/api/v2/versions/14685"}, "stash:download": {"href": "/api/v2/datasets/doi%3A10.5061%2Fdryad.rd304/download"}, "curies": [{"name": "stash", "href": "https://github.com/CDL-Dryad/stash/blob/main/stash_api/link-relations.md#{rel}", "templated": "true"}]}, "identifier": "doi:10.5061/dryad.rd304", "id": 14632, "storageSize": 65043, "title": "Data from: Multiple post-mating barriers to hybridisation in field crickets", "authors": [{"firstName": "Frances", "lastName": "Tyler", "affiliation": "University of Exeter", "affiliationROR": "https://ror.org/03yghzc09"}, {"firstName": "Xavier A.", "lastName": "Harrison", "affiliation": "University of Exeter", "affiliationROR": "https://ror.org/03yghzc09"}, {"firstName": "Amanda", "lastName": "Bretman", "affiliation": "University of East Anglia", "affiliationROR": "https://ror.org/026k5mg93"}, {"firstName": "Thor", "lastName": "Veen", "affiliation": "University of British Columbia", "affiliationROR": "https://ror.org/03rmrcq20"}, {"firstName": "Rolando", "lastName": "Rodr\u00edguez-Mu\u00f1oz", "affiliation": "University of Exeter", "affiliationROR": "https://ror.org/03yghzc09"}, {"firstName": "Tom", "lastName": "Tregenza", "affiliation": "University of Exeter", "affiliationROR": "https://ror.org/03yghzc09"}], "abstract": "Mechanisms that prevent different species from interbreeding are fundamental to the maintenance of biodiversity. Barriers to interspecific matings, such as failure to recognize a potential mate, are often relatively easy to identify. Those occurring after mating, such as differences in the how successful sperm are in competition for fertilisations, are cryptic and have the potential to create selection on females to mate multiply as a defence against maladaptive hybridization. Cryptic advantages to conspecific sperm may be very widespread and have been identified based on the observations of higher paternity of conspecifics in several species. However, a relationship between the fate of sperm from two species within the female and paternity has never been demonstrated. We use competitive microsatellite PCR to show that in two hybridising cricket species, Gryllus bimaculatus and G. campestris, sequential cryptic reproductive barriers are present. In competition with heterospecifics, more sperm from conspecific males is stored by females. Additionally, sperm from conspecific males has a higher fertilisation probability. This reveals that conspecific sperm precedence can occur through processes fundamentally under the control of females, providing avenues for females to evolve multiple mating as a defence against hybridization, with the counterintuitive outcome that promiscuity reinforces isolation and may promote speciation.", "keywords": ["cryptic female choice", "reproductive isolation", "Gryllus bimaculatus", "Competitive microsatellite PCR", "Conspecific sperm precedence", "Gryllus campestris", "sperm competition", "speciation"], "usageNotes": "<div class=\"o-metadata__file-usage-entry\"><h4 class=\"o-heading__level3-file-title\">Tyler_et_al_genemapper_samples</h4><div class=\"o-metadata__file-description\">Genemapper output for spermathecal and offspring samples from each triad. Female.ID:  A unique ID number given to each female, here used to identify triads.  Sample.type:  For each triad DNA from the spermatheca and offspring were extracted.  These are given as \u2018sperm\u2019 or \u2018nymph\u2019, respectively.  Plex: Samples were screened with either individual markers or as plexes (details of microsatellite screening conditions are given in the supporting information \u2018S2_Suppinfo\u2019).  Dye: The dyes used in the microsatellite screening. Blue (B), Green (G) or Yellow (Y).  Allele1 / Allele2: The unique allele identified for each male in the triad.  Size1 / Size2: Peak height of an allele.  Area1 / Area2: Peak area of an allele.</div><div class=\"o-metadata__file-name\"></div></div><div class=\"o-metadata__file-usage-entry\"><h4 class=\"o-heading__level3-file-title\">Tyler_et_al_genemapper_standards</h4><div class=\"o-metadata__file-description\">Genemapper output for the standards used to create a standard curve for each triad. Female.ID: A unique ID number given to each female, here used to identify triads.  Plex: Samples were screened with either individual markers or as plexes (details of microsatellite screening conditions are given in the supporting information \u2018S2_Suppinfo\u2019).  Dye: The dyes used in the microsatellite screening. Blue (B), Green (G) or Yellow (Y).  Allele1 / Allele2: The unique allele identified for each male in the triad.  Size1 / Size2:  Peak height of an allele.  Area1 / Area2: Peak area of an allele.  Standard: The percentage of DNA from the focal male added to the mix of DNA from both males.</div><div class=\"o-metadata__file-name\"></div></div><div class=\"o-metadata__file-usage-entry\"><h4 class=\"o-heading__level3-file-title\">Tyler_et_al_standard_curves</h4><div class=\"o-metadata__file-description\">Detail of the standard curves calculated from the Genemapper output. Female.ID: A unique ID number given to each female, here used to identify triads.  Equation:  The equation describing the fit of the curve through the standards for each triad.  R-squared:  The R-squared value for each standard curve.</div><div class=\"o-metadata__file-name\"></div></div><div class=\"o-metadata__file-usage-entry\"><h4 class=\"o-heading__level3-file-title\">Tyler_et_al_triad_data</h4><div class=\"o-metadata__file-description\">Detail of the individuals used in mating trials, male success in sperm storage and siring offspring, the number of eggs laid, and the percentage of nymphs that hatched.</div><div class=\"o-metadata__file-name\"></div><div class=\"o-metadata__file-name\"></div></div>", "relatedWorks": [{"relationship": "Cites", "identifierType": "DOI", "identifier": "https://doi.org/10.1111/mec.12187"}], "versionNumber": 1, "versionStatus": "submitted", "curationStatus": "Published", "publicationDate": "2012-12-13", "lastModificationDate": "2020-06-24", "visibility": "public", "sharingLink": "https://datadryad.org/stash/share/ebLEWQchiQDh0xSr0OhFO7SBG_-OH3hInABFnA4wlZU", "userId": 3437, "license": "https://creativecommons.org/publicdomain/zero/1.0/"}