{"_links": {"self": {"href": "/api/v2/datasets/doi%3A10.5061%2Fdryad.bg8q200"}, "stash:versions": {"href": "/api/v2/datasets/doi%3A10.5061%2Fdryad.bg8q200/versions"}, "stash:version": {"href": "/api/v2/versions/12834"}, "stash:download": {"href": "/api/v2/datasets/doi%3A10.5061%2Fdryad.bg8q200/download"}, "curies": [{"name": "stash", "href": "https://github.com/CDL-Dryad/stash/blob/main/stash_api/link-relations.md#{rel}", "templated": "true"}]}, "identifier": "doi:10.5061/dryad.bg8q200", "id": 12785, "storageSize": 83337, "title": "Data from: Testing for latitudinal gradients in defense at the macroevolutionary scale", "authors": [{"firstName": "Daniel N.", "lastName": "Anstett", "affiliation": "University of British Columbia", "affiliationROR": "https://ror.org/03rmrcq20"}, {"firstName": "Jeffery R.", "lastName": "Ahern", "affiliation": "University of Turku", "affiliationROR": "https://ror.org/05vghhr25"}, {"firstName": "Marc T.J.", "lastName": "Johnson", "affiliation": "University of Toronto", "affiliationROR": "https://ror.org/03dbr7087"}, {"firstName": "Juha-Pekka", "lastName": "Salminen", "affiliation": "University of Turku", "affiliationROR": "https://ror.org/05vghhr25"}, {"firstName": "Jeffrey R.", "lastName": "Ahern", "affiliation": "University of Turku", "affiliationROR": "https://ror.org/05vghhr25"}], "abstract": "Plant defences against herbivores are predicted to evolve to be greater in warmer climates, such as lower latitudes where herbivore pressure is also thought to be higher. Instead, recent findings are often inconsistent with this expectation, suggesting alternative hypotheses are needed. We tested for latitudinal gradients in plant defence evolution at the macroevolutionary scale by characterizing plant chemical defences across 80 species of the evening primroses, spanning both North and South America. We quantified phenolics in leaves, flowers and fruits, using advanced analytical chemistry techniques. Dominant individual ellagitannin compounds, total concentrations of ellagitannins, flavonoids, total phenolics, and compound diversity were quantified. Variation in these compounds were predicted with latitude, temperature, precipitation, and continent using phylogenetic generalized least squares multiple regression models. Latitude did not strongly explain patterns for the chemical defences. Instead, fruit total ellagitannins, oenothein A and total phenolics were greater in species inhabiting regions with colder climates. Using analytical chemistry and 80 species in two continents, we show that contrary to classic predictions, concentrations of secondary metabolites are not greater at lower latitudes or in warmer regions. We propose higher herbivore pressure in colder climates and gradients in resource availability as potential drivers of the observed patterns.", "keywords": ["chemical defense", "LHDH", "Macroevolution", "Onagraceae", "latitudinal gradient"], "usageNotes": "<div class=\"o-metadata__file-usage-entry\"><h4 class=\"o-heading__level3-file-title\">Latitudinal plant defence across Onagraceae</h4><div class=\"o-metadata__file-description\">Plant chemical defence data for 80 species across Onagraceae and associated geographical and environmental variables.</div><div class=\"o-metadata__file-name\">macro.data.xlsx</br></div></div>", "locations": [{"place": "South America"}, {"place": "Central America"}, {"place": "North America"}], "relatedWorks": [{"relationship": "Cites", "identifierType": "DOI", "identifier": "https://doi.org/10.1111/evo.13579"}], "versionNumber": 1, "versionStatus": "submitted", "curationStatus": "Published", "publicationDate": "2018-08-24", "lastModificationDate": "2020-06-24", "visibility": "public", "sharingLink": "https://datadryad.org/stash/share/30nHvyAy1DP7DggLrb9g1HOIYMD0GA1khvs8JadBfcY", "userId": 7075, "license": "https://creativecommons.org/publicdomain/zero/1.0/"}