{"_links": {"self": {"href": "/api/v2/datasets/doi%3A10.5061%2Fdryad.984fn"}, "stash:versions": {"href": "/api/v2/datasets/doi%3A10.5061%2Fdryad.984fn/versions"}, "stash:version": {"href": "/api/v2/versions/3044"}, "stash:download": {"href": "/api/v2/datasets/doi%3A10.5061%2Fdryad.984fn/download"}, "curies": [{"name": "stash", "href": "https://github.com/CDL-Dryad/stash/blob/main/stash_api/link-relations.md#{rel}", "templated": "true"}]}, "identifier": "doi:10.5061/dryad.984fn", "id": 3029, "storageSize": 863150, "title": "Data from: Tisaniba, a new genus of marpissoid jumping spiders from Borneo (Araneae: Salticidae)", "authors": [{"firstName": "Jun-Xia", "lastName": "Zhang", "affiliation": "University of British Columbia", "affiliationROR": "https://ror.org/03rmrcq20"}, {"firstName": "Wayne P.", "lastName": "Maddison", "affiliation": "University of British Columbia", "affiliationROR": "https://ror.org/03rmrcq20"}], "abstract": "Six new species of marpissoid jumping spiders from Sarawak, Borneo, are described in the new genus Tisaniba Zhang & Maddison. They are the type species, T. mulu Zhang & Maddison sp. nov., as well as the species T. bijibijan Zhang & Maddison sp. nov., T. dik Zhang & Maddison sp. nov., T. kubah Zhang & Maddison sp. nov., T. selan Zhang & Maddison sp. nov., and T. selasi Zhang & Maddison sp. nov. The spiders are small and brown to black, living in leaf litter in the tropical forest. Phylogenetic analyses based on 28s and 16sND1 genes indicate that they are a distinctive group within the marpissoids. Diagnostic illustrations and photographs of living spiders are provided for all species.", "keywords": ["Marpissoida", "Tisaniba selasi", "new genus", "molecular phylogeny", "jumping spider", "Tisaniba mulu", "Tisaniba bijibijan", "Araneae", "Holocene", "Salticidae"], "usageNotes": "<div class=\"o-metadata__file-usage-entry\"><h4 class=\"o-heading__level3-file-title\">Tisaniba-ZhangMaddison2014</h4><div class=\"o-metadata__file-description\">Contains alignments for 28s and 16sND1 for both the broad sample dataset and the marpissoid dataset, and trees for both.</div><div class=\"o-metadata__file-name\"></div></div>", "locations": [{"place": "Borneo"}, {"place": "Sarawak"}], "relatedWorks": [{"relationship": "Cites", "identifierType": "DOI", "identifier": "https://doi.org/10.11646/zootaxa.3852.2.5"}], "versionNumber": 1, "versionStatus": "submitted", "curationStatus": "Published", "publicationDate": "2015-06-30", "lastModificationDate": "2020-06-24", "visibility": "public", "sharingLink": "https://datadryad.org/stash/share/uj6-wmpX-T-CQaXAA9B25A8h7NLwHuqK_9QEC3FborQ", "userId": 8726, "license": "https://creativecommons.org/publicdomain/zero/1.0/"}