{"_links": {"self": {"href": "/api/v2/datasets/doi%3A10.5061%2Fdryad.qq055"}, "stash:versions": {"href": "/api/v2/datasets/doi%3A10.5061%2Fdryad.qq055/versions"}, "stash:version": {"href": "/api/v2/versions/9442"}, "stash:download": {"href": "/api/v2/datasets/doi%3A10.5061%2Fdryad.qq055/download"}, "curies": [{"name": "stash", "href": "https://github.com/CDL-Dryad/stash/blob/main/stash_api/link-relations.md#{rel}", "templated": "true"}]}, "identifier": "doi:10.5061/dryad.qq055", "id": 9401, "storageSize": 149994, "title": "Data from: Population genetic structure of the western cherry fruit fly Rhagoletis indifferens (Diptera: Tephritidae) in British Columbia, Canada", "authors": [{"firstName": "Sheri A.", "lastName": "Maxwell", "affiliation": "University of British Columbia", "affiliationROR": "https://ror.org/03rmrcq20"}, {"firstName": "Howard M. A.", "lastName": "Thistlewood", "affiliation": "Western University", "affiliationROR": "https://ror.org/02grkyz14"}, {"firstName": "Nusha", "lastName": "Keyghobadi", "affiliation": "Western University", "affiliationROR": "https://ror.org/02grkyz14"}], "abstract": "1. Population connectivity and movement are key ecological parameters influencing the impact of pests, and are important considerations in control strategies. For many insects, these parameters are difficult to assess directly, although they may be assessed indirectly using population genetic data. 2. We used microsatellite markers to examine population genetic structure of the western cherry fruit fly, the main pest of cherry crops in western North America, in British Columbia, Canada, and make inferences about connectivity and potential for movement among populations. 3. Comparing populations from four geographical regions (separated by up to approximately 400\u2009km), we found significant genetic differentiation both among and within regions. Using populations as the units of analysis, we observed significant isolation by distance (IBD) at larger spatial scales but not below\u2009approximately 20\u2009km. By contrast, using individual flies as the units of analysis, we found significant IBD at scales as small as\u2009<\u2009100\u2009m. We saw no evidence of genetic differentiation among populations sampled from different species/varieties of plants. 4. Our results suggest that the movement of individual flies is limited, although high levels of gene flow are maintained at scales of up to 20\u2009km, possibly through combined effects of stepping-stone gene flow and large population sizes.", "keywords": ["Rhagoletis indifferens", "isolation by distance", "Tephritidae", "sex linkage", "host plant", "microsatellite", "cherry fruit fly", "movement", "Agricultural pest"], "usageNotes": "<div class=\"o-metadata__file-usage-entry\"><h4 class=\"o-heading__level3-file-title\">MaxwellEtAl_WCFF_MicrosatGenotypes</h4><div class=\"o-metadata__file-description\">Microsatellite genotypes (14 loci) for individuals of the western cherry fruit fly (Rhagoletis indifferens) from British Columbia, Canada. Microsatellite allele sizes are given in bp. Sex of each individual is given as: M = male, F = female. Location details can be found in: Maxwell et al. 2014. Agricultural and Forest Entomology (DOI: 10.1111/afe.12029)</div><div class=\"o-metadata__file-name\"></div></div>", "locations": [{"place": "Canada"}, {"place": "Okanagan"}, {"place": "British Columbia"}], "relatedWorks": [{"relationship": "Cites", "identifierType": "DOI", "identifier": "https://doi.org/10.1111/afe.12029"}], "versionNumber": 1, "versionStatus": "submitted", "curationStatus": "Published", "publicationDate": "2013-11-01", "lastModificationDate": "2020-06-24", "visibility": "public", "sharingLink": "https://datadryad.org/stash/share/PQpJ8T9ovOTJQ6pqQ8ltlp9hRrS8cUYMxnXhnThd9Ic", "userId": 6213, "license": "https://creativecommons.org/publicdomain/zero/1.0/"}