{"_links": {"self": {"href": "/api/v2/datasets/doi%3A10.5061%2Fdryad.2g8j2"}, "stash:versions": {"href": "/api/v2/datasets/doi%3A10.5061%2Fdryad.2g8j2/versions"}, "stash:version": {"href": "/api/v2/versions/20821"}, "stash:download": {"href": "/api/v2/datasets/doi%3A10.5061%2Fdryad.2g8j2/download"}, "curies": [{"name": "stash", "href": "https://github.com/CDL-Dryad/stash/blob/main/stash_api/link-relations.md#{rel}", "templated": "true"}]}, "identifier": "doi:10.5061/dryad.2g8j2", "id": 20757, "storageSize": 1097734, "title": "Data from: Sumakuru, a deeply-diverging new genus of lyssomanine jumping spiders from Ecuador (Araneae: Salticidae)", "authors": [{"firstName": "Wayne P.", "lastName": "Maddison", "affiliation": "University of British Columbia", "affiliationROR": "https://ror.org/03rmrcq20"}], "abstract": "The lyssomanine jumping spider genus Sumakuru gen. n. is here described for Sumakuru bigal sp. n., from the Bigal River Biological Reserve in Ecuador. Known from a single male, the embolus of the palp takes the form of a smoothly arching curve, and appears fully mobile, being connected to the tegulum by a thin sclerite and a twisted hematodocha. Data from four gene regions (28S, 16SND1, CO1, wingless) indicate that Sumakuru is the sister group to all other sampled lyssomanines, diverging deeply on the stem lineage of the clade of other known lyssomanines. Unlike previous molecular results, the sampled species of Lyssomanes Hentz, 1845 are supported as monophyletic, with Chinoscopus Simon, 1900 as the sister to Lyssomanes.", "keywords": ["Lyssomaninae", "new genus", "molecular phylogeny", "Sumakuru", "jumping spider", "Araneae", "Salticidae"], "usageNotes": "<div class=\"o-metadata__file-usage-entry\"><h4 class=\"o-heading__level3-file-title\">Alignments and trees for Sumakuru study (Salticidae)</h4><div class=\"o-metadata__file-description\">Alignments for 28S, 16SND1, CO1, wingless, and maximum likelihood trees from analysis of salticid spider phylogeny, showing placement of Sumakuru within the lyssomanines.</div><div class=\"o-metadata__file-name\">Sumakuru-Maddison2016-ForDryad04.nex</br></div></div>", "locations": [{"place": "Ecuador"}], "relatedWorks": [{"relationship": "Cites", "identifierType": "DOI", "identifier": "https://doi.org/10.3897/zookeys.614.9368"}], "versionNumber": 1, "versionStatus": "submitted", "curationStatus": "Published", "publicationDate": "2017-08-09", "lastModificationDate": "2020-06-24", "visibility": "public", "sharingLink": "https://datadryad.org/stash/share/ztTDqhFfsG997Ehn60j0QSC6-GwHWFTdqAmD7G_wFis", "userId": 8726, "license": "https://creativecommons.org/publicdomain/zero/1.0/"}