{"_links": {"self": {"href": "/api/v2/datasets/doi%3A10.5061%2Fdryad.r762t"}, "stash:versions": {"href": "/api/v2/datasets/doi%3A10.5061%2Fdryad.r762t/versions"}, "stash:version": {"href": "/api/v2/versions/4197"}, "stash:download": {"href": "/api/v2/datasets/doi%3A10.5061%2Fdryad.r762t/download"}, "curies": [{"name": "stash", "href": "https://github.com/CDL-Dryad/stash/blob/main/stash_api/link-relations.md#{rel}", "templated": "true"}]}, "identifier": "doi:10.5061/dryad.r762t", "id": 4175, "storageSize": 560106, "title": "Data from: A test of the umbrella species approach in restored floodplain ponds.", "authors": [{"firstName": "Margaret A.", "lastName": "Branton", "affiliation": "University of British Columbia", "affiliationROR": "https://ror.org/03rmrcq20"}, {"firstName": "John S.", "lastName": "Richardson", "affiliation": "University of British Columbia", "affiliationROR": "https://ror.org/03rmrcq20"}], "abstract": "1.The umbrella species approach, where conservation actions targeted for one or a group of species should benefit the broader community, may provide an effective framework to guide habitat restoration. This requires congruence in the response of umbrella and co-occurring species to environmental stress and recovery, and the identification of potential mechanisms by which co-occurring species benefit from conservation of an umbrella species. 2.Past evaluations of this approach have considered only the presence/absence of umbrella species. In addition to presence/absence, we quantified abundance and biomass of both umbrella and co-occurring species to support a more quantitative evaluation of species co-occurrence. Floodplain ponds are restored in British Columbia and the Pacific Northwest to benefit coho salmon Oncorhynchus kisutch, a presumptive umbrella species. To test its effectiveness as an umbrella species, we assessed the relationships between species richness, abundance and biomass of aquatic vertebrates, including vertebrates of conservation concern (\u201clisted\u201d), and benthic invertebrates and the abundance and biomass of juvenile coho. We used ordination to evaluate relationships between species\u2019 abundance and biomass and environmental attributes. 3.Positive relationships were identified between coho abundance and biomass and species richness, abundance and biomass of fish and listed species. These relationships were negative for benthic invertebrates. Listed species were located close to coho in ordinations, suggesting they respond to similar environmental features while benthic invertebrates clustered away from coho. 4.Synthesis and applications. We found that where our umbrella species coho is most productive, so are other listed species and fish in general, a relationship that would not have been evident had we evaluated species richness alone. We also reported strong relationships between some environmental features manipulated in the habitat restoration and the presence and productivity of coho and co-occurring species. Our study demonstrates the umbrella species approach has potential to guide habitat restoration when there is congruence in the response of umbrella and co-occurring species to environmental attributes that can be manipulated in the restoration. Where this is possible, one can use restoration designed for one or several umbrella species and successfully restore habitats that are viable for other species, including listed species.", "keywords": ["O. tshawytscha", "habitat restoration", "Ambystoma gracile", "Centrarchid spp", "Rhinichthys cataractae", "Taricha granulosa", "L. clamitans", "O. mykiss", "Amphibians", "Lampetra spp.", "Cyprinnidae spp.", "Coho Salmon", "Oncorhynchus clarki", "Cottus sp.", "Catostomus sp. cf. catostomus", "Salvelinus malma", "Ptychocheilus spp.", "Fish", "listed species", "Lithobates catesbianus", "Rana aurora", "Invertebrates", "O.kisutch", "Gasterosteus aculeatus", "Pseudacris regilla", "Catostomus spp."], "usageNotes": "<div class=\"o-metadata__file-usage-entry\"><h4 class=\"o-heading__level3-file-title\">Branton and Richardson data</h4><div class=\"o-metadata__file-name\"></div></div>", "locations": [{"place": "British Columbia"}, {"place": "Pacific Northwest"}], "relatedWorks": [{"relationship": "Cites", "identifierType": "DOI", "identifier": "https://doi.org/10.1111/1365-2664.12248"}], "versionNumber": 1, "versionStatus": "submitted", "curationStatus": "Published", "publicationDate": "2015-02-28", "lastModificationDate": "2020-06-24", "visibility": "public", "sharingLink": "https://datadryad.org/stash/share/34a_A0_kubrsLJl9Cqmy93ks6yav6Z3GdAvDy5AhOwE", "userId": 6951, "license": "https://creativecommons.org/publicdomain/zero/1.0/"}