{"_links": {"self": {"href": "/api/v2/datasets/doi%3A10.5061%2Fdryad.cc03n"}, "stash:versions": {"href": "/api/v2/datasets/doi%3A10.5061%2Fdryad.cc03n/versions"}, "stash:version": {"href": "/api/v2/versions/20558"}, "stash:download": {"href": "/api/v2/datasets/doi%3A10.5061%2Fdryad.cc03n/download"}, "curies": [{"name": "stash", "href": "https://github.com/CDL-Dryad/stash/blob/main/stash_api/link-relations.md#{rel}", "templated": "true"}]}, "identifier": "doi:10.5061/dryad.cc03n", "id": 20494, "storageSize": 1587903, "title": "Data from: Evolutionary potential in the Alpine: trait heritabilities and performance variation of the dwarf willow Salix herbacea from different elevations and microhabitats", "authors": [{"firstName": "Janosch", "lastName": "Sedlacek", "affiliation": "University of Konstanz", "affiliationROR": "https://ror.org/0546hnb39"}, {"firstName": "Andr\u00e9s J.", "lastName": "Cort\u00e9s", "affiliation": "Uppsala University", "affiliationROR": "https://ror.org/048a87296"}, {"firstName": "Julia", "lastName": "Wheeler", "affiliation": "University of Basel", "affiliationROR": "https://ror.org/02s6k3f65"}, {"firstName": "Oliver", "lastName": "Bossdorf", "affiliation": "University of T\u00fcbingen", "affiliationROR": "https://ror.org/03a1kwz48"}, {"firstName": "Guenter", "lastName": "Hoch", "affiliation": "University of Basel", "affiliationROR": "https://ror.org/02s6k3f65"}, {"firstName": "Jaroslav", "lastName": "Kl\u00e1p\u0161t\u011b", "affiliation": "Czech University of Life Sciences Prague", "affiliationROR": "https://ror.org/0415vcw02"}, {"firstName": "Christian", "lastName": "Lexer", "affiliation": "University of Vienna", "affiliationROR": "https://ror.org/03prydq77"}, {"firstName": "Christian", "lastName": "Rixen", "affiliation": "University of Konstanz", "affiliationROR": "https://ror.org/0546hnb39"}, {"firstName": "Sonja", "lastName": "Wipf", "affiliation": "Swiss Federal Institute for Forest, Snow and Landscape Research", "affiliationROR": "https://ror.org/04bs5yc70"}, {"firstName": "Sophie", "lastName": "Karrenberg", "affiliation": "Uppsala University", "affiliationROR": "https://ror.org/048a87296"}, {"firstName": "Mark", "lastName": "van Kleunen", "affiliation": "University of Konstanz", "affiliationROR": "https://ror.org/0546hnb39"}], "abstract": "Alpine ecosystems are seriously threatened by climate change. One of the key mechanisms by which plants can adapt to changing environmental conditions is through evolutionary change. However, we still know little about the evolutionary potential in wild populations of long-lived alpine plants. Here, we investigated heritabilities of phenological traits, leaf size, and performance traits in natural populations of the long-lived alpine dwarf shrub Salix herbacea using relatedness estimates inferred from SSR (Simple Sequence Repeat) markers. Salix herbacea occurs in early- and late-snowmelt microhabitats (ridges and snowbeds), and we assessed how performance consequences of phenological traits and leaf size differ between these microhabitats in order to infer potential for evolutionary responses. Salix herbacea showed low, but significant, heritabilities of leaf size, clonal and sexual reproduction, and moderate heritabilities of phenological traits. In both microhabitats, we found that larger leaves, longer intervals between snowmelt and leaf expansion, and longer GDD (growing-degree days) until leaf expansion resulted in a stronger increase in the number of stems (clonal reproduction). In snowbeds, clonal reproduction increased with a shorter GDD until flowering, while the opposite was found on ridges. Furthermore, the proportion of flowering stems increased with GDD until flowering in both microhabitats. Our results suggest that the presence of significant heritable variation in morphology and phenology might help S. herbacea to adapt to changing environmental conditions. However, it remains to be seen if the rate of such an evolutionary response can keep pace with the rapid rate of climate change.", "keywords": ["alpine ecosystem", "snowmelt microhabitats", "SSR markers", "long-lived plants", "2011-2012", "adaptive evolution", "animal model", "Salix herbacea"], "usageNotes": "<div class=\"o-metadata__file-usage-entry\"><h4 class=\"o-heading__level3-file-title\">Sedlacek_etal_MarkerData</h4><div class=\"o-metadata__file-description\">This data file provides the data on the SSR markers. An explanation of the variables is provided in the ReadMe file.</div><div class=\"o-metadata__file-name\"></div><div class=\"o-metadata__file-name\"></div></div><div class=\"o-metadata__file-usage-entry\"><h4 class=\"o-heading__level3-file-title\">Sedlacek_etal_PhenotypicData</h4><div class=\"o-metadata__file-description\">This data file provides all raw phenotypic data collected on the Salix herbacea plants in the field. Note that some of these variables were not used for the publication. An explanation of the variables is given in the ReadMe file.</div><div class=\"o-metadata__file-name\"></div><div class=\"o-metadata__file-name\"></div></div>", "locations": [{"place": "Davos region"}, {"place": "Switzerland"}], "relatedWorks": [{"relationship": "Cites", "identifierType": "DOI", "identifier": "https://doi.org/10.1002/ece3.2171"}], "versionNumber": 1, "versionStatus": "submitted", "curationStatus": "Published", "publicationDate": "2017-04-12", "lastModificationDate": "2020-06-24", "visibility": "public", "sharingLink": "https://datadryad.org/stash/share/zKJJrBK6fLKxFQjHn5037z1DbZNPIGbb0_5QjjKLZUQ", "userId": 1660, "license": "https://creativecommons.org/publicdomain/zero/1.0/"}