{"_links": {"self": {"href": "/api/v2/datasets/doi%3A10.5061%2Fdryad.fs38962"}, "stash:versions": {"href": "/api/v2/datasets/doi%3A10.5061%2Fdryad.fs38962/versions"}, "stash:version": {"href": "/api/v2/versions/26310"}, "stash:download": {"href": "/api/v2/datasets/doi%3A10.5061%2Fdryad.fs38962/download"}, "curies": [{"name": "stash", "href": "https://github.com/CDL-Dryad/stash/blob/main/stash_api/link-relations.md#{rel}", "templated": "true"}]}, "identifier": "doi:10.5061/dryad.fs38962", "id": 26237, "storageSize": 105364087, "title": "Data from: Over the hills, but how far away? estimates of mushroom geographic range extents", "authors": [{"firstName": "Anna L.", "lastName": "Bazzicalupo", "affiliation": "University of British Columbia", "affiliationROR": "https://ror.org/03rmrcq20"}, {"firstName": "Jeannette", "lastName": "Whitton", "affiliation": "University of British Columbia", "affiliationROR": "https://ror.org/03rmrcq20"}, {"firstName": "Mary L.", "lastName": "Berbee", "affiliation": "University of British Columbia", "affiliationROR": "https://ror.org/03rmrcq20"}], "abstract": "Aim: Geographic distributions of mushroom species remain poorly understood despite their importance for advancing our understanding of the habitat requirements, species interactions and ecosystem functions of this key group of organisms. Here, we estimate geographic range extents (maximum within-species geographic distance) of genetically defined operational taxonomic units (OTUs).\r\nLocation: World-wide, with emphasis on the American Pacific Northwest\r\nTaxa: Amanita, Agaricus, Cortinarius, Galerina, Hebeloma, Hydnum, Hygrocybe, Hygrophorus, Inocybe, Lepiota, Pholiota, and Russula+Lactarius; other genera in Agaricomycotina\r\nMethod: We used publicly available OTUs from ribosomal internal transcribed spacer (ITS) sequences (n=15,373) from 12 mushroom genera with worldwide distributions. For each of 2,324 ~species-level OTUs, we estimated the maximum within-species range extent based on sample locality records. In parallel, we estimated range extents for species in four tree genera. Contrasting estimates from well-studied trees allowed us to test for potential biases in our range estimates of less well inventoried mushrooms.\r\nResults: The median range extents across the 2,324 mushroom OTUs varied from ~1,200 km to 4,039 km, depending on assumptions. These extents were significantly lower than estimates from permuted or randomized data. Mushroom ranges were comparable to the median natural range extent of tree species (1,613 km). In contrast, the tree median species range increased to 16,581 km when anthropogenic range extensions were included. At least ten mushroom species were similarly broadly distributed, eight of which have been associated with human activity.\r\nMain conclusions: Overall, like tree species, mycorrhizal and saprotrophic fungi show evidence of biogeographic structure rather than global distributions. This reconstruction of geographic range extents drew upon investments into ITS barcoding of extensive herbarium collections. Large scale analyses such as ours can yield estimates of fungal geographic range extents that are a prerequisite to a deeper understanding of the diverse roles of fungi in ecosystems.", "keywords": ["host tree", "Fungi", "ITS", "GBIF", "distribution", "mushroom", "range extent", "UNITE database"], "usageNotes": "<div class=\"o-metadata__file-usage-entry\"><h4 class=\"o-heading__level3-file-title\">raw and output files from geographic range extent study</h4><div class=\"o-metadata__file-description\">Input and intermediate files. Scripts can also be found here: https://github.com/abazzical/mushroomRanges</div><div class=\"o-metadata__file-name\">mushroomRangesBazzicalupo.zip</br></div></div>", "locations": [{"place": "World-wide"}, {"place": "Pacific Northwest"}], "relatedWorks": [{"relationship": "Cites", "identifierType": "DOI", "identifier": "https://doi.org/10.1111/jbi.13617"}], "versionNumber": 1, "versionStatus": "submitted", "curationStatus": "Published", "publicationDate": "2019-06-06", "lastModificationDate": "2020-06-24", "visibility": "public", "sharingLink": "https://datadryad.org/stash/share/1pWpyrb-PBSkkhG8Lt4RxXB2BBQPDcAHVRxeRPh2pQo", "userId": 42074, "license": "https://creativecommons.org/publicdomain/zero/1.0/"}