{"_links": {"self": {"href": "/api/v2/datasets/doi%3A10.5061%2Fdryad.f4qrfj6sp"}, "stash:versions": {"href": "/api/v2/datasets/doi%3A10.5061%2Fdryad.f4qrfj6sp/versions"}, "stash:version": {"href": "/api/v2/versions/84588"}, "stash:download": {"href": "/api/v2/datasets/doi%3A10.5061%2Fdryad.f4qrfj6sp/download"}, "curies": [{"name": "stash", "href": "https://github.com/CDL-Dryad/stash/blob/main/stash_api/link-relations.md#{rel}", "templated": "true"}]}, "identifier": "doi:10.5061/dryad.f4qrfj6sp", "id": 42938, "storageSize": 214064, "title": "Interspecific competition slows range expansion and shapes range boundaries", "authors": [{"firstName": "Geoffrey", "lastName": "Legault", "email": "geoffrey.legault@ubc.ca", "affiliation": "University of British Columbia", "affiliationROR": "https://ror.org/03rmrcq20", "orcid": "0000-0003-2136-587X"}, {"firstName": "Matthew", "lastName": "Bitters", "email": "", "affiliation": "University of Colorado Boulder", "affiliationROR": "https://ror.org/02ttsq026"}, {"firstName": "Alan", "lastName": "Hastings", "email": "", "affiliation": "University of California, Davis", "affiliationROR": "https://ror.org/05rrcem69"}, {"firstName": "Brett", "lastName": "Melbourne", "email": "", "affiliation": "University of Colorado Boulder", "affiliationROR": "https://ror.org/02ttsq026"}], "abstract": "<p class=\"western\" style=\"margin-top:16px;margin-bottom:4px;text-align:left;\"><span style=\"background:transparent none 0% 0%;\"><span style=\"page-break-after:avoid;\"><font color=\"#000000\"><font><font>Species expanding into new habitats as a result of climate change or human introductions will frequently encounter resident competitors. Theoretical models suggest that such interspecific competition can alter the speed of expansion and the shape of expanding range boundaries. However, competitive interactions are rarely considered when forecasting the success or speed of expansion, in part because there has been no direct experimental evidence that competition affects either expansion speed or boundary shape. Here we demonstrate that interspecific competition alters both expansion speed and range boundary shape. Using a two-species experimental system of the flour beetles </font></font></font><font color=\"#000000\"><font><font><i>Tribolium castaneum</i></font></font></font><font color=\"#000000\"><font><font> and </font></font></font><font color=\"#000000\"><font><font><i>Tribolium</i></font></font></font><font color=\"#000000\"><font> </font></font><font color=\"#000000\"><font><font><i>confusum</i></font></font></font><font color=\"#000000\"><font><font>, we show that interspecific competition dramatically slows expansion across a landscape over multiple generations. Using a parameterized stochastic model of expansion, we find that this slowdown can persist over the long-term. We also find that the shape of the moving range boundary changes continuously over many generations of expansion, first steepening and then becoming shallower, due to the competitive effect of the resident and density-dependent dispersal of the invader. This dynamic boundary shape suggests that current forecasting approaches assuming a constant shape could be misleading. More broadly, our results demonstrate that interactions between competing species can play a large role during range expansions and thus should be included in models and studies that monitor, forecast, or manage expansions in natural systems.</font></font></font></span></span></p>\r\n", "usageNotes": "<p>This ZIP archive contains R scripts and data files necessary for reproducing the analysis and figures of the paper. See the README file in the archive for further details.</p>\r\n", "versionNumber": 5, "versionStatus": "submitted", "curationStatus": "Published", "publicationDate": "2020-09-28", "lastModificationDate": "2020-09-28", "visibility": "public", "sharingLink": "https://datadryad.org/stash/share/Oob4asO9xWWWT9Q1UQ6lOZiVjVWagKgVqyl7yFLtPN8", "userId": 43579, "license": "https://creativecommons.org/publicdomain/zero/1.0/"}