{"_links": {"self": {"href": "/api/v2/datasets/doi%3A10.5061%2Fdryad.8th12"}, "stash:versions": {"href": "/api/v2/datasets/doi%3A10.5061%2Fdryad.8th12/versions"}, "stash:version": {"href": "/api/v2/versions/18419"}, "stash:download": {"href": "/api/v2/datasets/doi%3A10.5061%2Fdryad.8th12/download"}, "curies": [{"name": "stash", "href": "https://github.com/CDL-Dryad/stash/blob/main/stash_api/link-relations.md#{rel}", "templated": "true"}]}, "identifier": "doi:10.5061/dryad.8th12", "id": 18356, "storageSize": 26203, "title": "Data from: Sociality influences cultural complexity", "authors": [{"firstName": "Michael", "lastName": "Muthukrishna", "affiliation": "University of British Columbia", "affiliationROR": "https://ror.org/03rmrcq20"}, {"firstName": "Ben W.", "lastName": "Shulman", "affiliation": "University of British Columbia", "affiliationROR": "https://ror.org/03rmrcq20"}, {"firstName": "Vlad", "lastName": "Vasilescu", "affiliation": "University of British Columbia", "affiliationROR": "https://ror.org/03rmrcq20"}, {"firstName": "Joseph", "lastName": "Henrich", "affiliation": "University of British Columbia", "affiliationROR": "https://ror.org/03rmrcq20"}], "abstract": "Archaeological and ethnohistorical evidence suggests a link between a population's size and structure, and the diversity or sophistication of its toolkits or technologies. Addressing these patterns, several evolutionary models predict that both the size and social interconnectedness of populations can contribute to the complexity of its cultural repertoire. Some models also predict that a sudden loss of sociality or of population will result in subsequent losses of useful skills/technologies. Here, we test these predictions with two experiments that permit learners to access either one or five models (teachers). Experiment 1 demonstrates that naive participants who could observe five models, integrate this information and generate increasingly effective skills (using an image editing tool) over 10 laboratory generations, whereas those with access to only one model show no improvement. Experiment 2, which began with a generation of trained experts, shows how learners with access to only one model lose skills (in knot-tying) more rapidly than those with access to five models. In the final generation of both experiments, all participants with access to five models demonstrate superior skills to those with access to only one model. These results support theoretical predictions linking sociality to cumulative cultural evolution.", "keywords": ["Culture", "social learning", "Copying", "Evolution", "cultural evolution"], "usageNotes": "<div class=\"o-metadata__file-usage-entry\"><h4 class=\"o-heading__level3-file-title\">Experiment1</h4><div class=\"o-metadata__file-description\">Data from Experiment 1. GroupCondition & Male are binary. Ethnicity: 1=African, 2=East Asian, 3=South Asian, 4=Caucasian, 5=Mixed</div><div class=\"o-metadata__file-name\"></div></div><div class=\"o-metadata__file-usage-entry\"><h4 class=\"o-heading__level3-file-title\">Experiment2</h4><div class=\"o-metadata__file-description\">Data from Experiment 1. GroupCondition, Male, NativeSpeaker, Exp.Sailing & Exp.Climbing are binary. Ethnicity: 0=African, 1=East Asian, 2=South Asian, 3=Caucasian, 4=Mixed, 5=Other</div><div class=\"o-metadata__file-name\"></div></div>", "relatedWorks": [{"relationship": "Cites", "identifierType": "DOI", "identifier": "https://doi.org/10.1098/rspb.2013.2511"}], "versionNumber": 1, "versionStatus": "submitted", "curationStatus": "Published", "publicationDate": "2014-10-23", "lastModificationDate": "2020-06-30", "visibility": "public", "sharingLink": "https://datadryad.org/stash/share/GLaTvdCq_UoBGMwyGsdNy8CzKos452a60v3is6FO2So", "userId": 26087, "license": "https://creativecommons.org/publicdomain/zero/1.0/"}