{"_links": {"self": {"href": "/api/v2/datasets/doi%3A10.5061%2Fdryad.c710g76"}, "stash:versions": {"href": "/api/v2/datasets/doi%3A10.5061%2Fdryad.c710g76/versions"}, "stash:version": {"href": "/api/v2/versions/13279"}, "stash:download": {"href": "/api/v2/datasets/doi%3A10.5061%2Fdryad.c710g76/download"}, "curies": [{"name": "stash", "href": "https://github.com/CDL-Dryad/stash/blob/main/stash_api/link-relations.md#{rel}", "templated": "true"}]}, "identifier": "doi:10.5061/dryad.c710g76", "id": 13228, "storageSize": 79931, "title": "Data from: Fine-root exploitation strategies differ in tropical old-growth and logged-over forests in Ghana", "authors": [{"firstName": "Shalom D.", "lastName": "Addo-Danso", "affiliation": "University of British Columbia", "affiliationROR": "https://ror.org/03rmrcq20"}, {"firstName": "Cindy E.", "lastName": "Prescott", "affiliation": "University of British Columbia", "affiliationROR": "https://ror.org/03rmrcq20"}, {"firstName": "Stephen", "lastName": "Adu-Bredu", "affiliation": "Swiss Federal Institute for Forest, Snow and Landscape Research", "affiliationROR": "https://ror.org/04bs5yc70"}, {"firstName": "Akwasi", "lastName": "Duah-Gyamfi", "affiliation": "Michigan Technological University", "affiliationROR": "https://ror.org/0036rpn28"}, {"firstName": "Sam", "lastName": "Moore", "affiliation": "University of Oxford", "affiliationROR": "https://ror.org/052gg0110"}, {"firstName": "Robert D.", "lastName": "Guy", "affiliation": "University of British Columbia", "affiliationROR": "https://ror.org/03rmrcq20"}, {"firstName": "David I.", "lastName": "Forrester", "affiliation": "Swiss Federal Institute for Forest, Snow and Landscape Research", "affiliationROR": "https://ror.org/04bs5yc70"}, {"firstName": "Kennedy", "lastName": "Owusu-Afriyie", "affiliation": "Council for Scientific and Industrial Research", "affiliationROR": "https://ror.org/03ad6kn10"}, {"firstName": "Peter L.", "lastName": "Marshall", "affiliation": "University of British Columbia", "affiliationROR": "https://ror.org/03rmrcq20"}, {"firstName": "Yadvinder", "lastName": "Malhi.", "affiliation": "University of Oxford", "affiliationROR": "https://ror.org/052gg0110"}, {"firstName": "Yadvinder", "lastName": "Malhi", "affiliation": "University of Oxford", "affiliationROR": "https://ror.org/052gg0110"}], "abstract": "Understanding the changes in root exploitation strategies during post-logging recovery is important for predicting forest productivity and carbon dynamics in tropical forests. We sampled fine (diameter < 2 mm) roots using the soil-core method to quantify fine-root biomass, and architectural and morphological traits to determine root exploitation strategies in an old-growth forest and in a 54-year-old logged-over forest influenced by similar parent material and climate. Seven root traits were considered: four associated with resource exploitation potential or an \u2018extensive\u2019 strategy (fine-root biomass, length, surface area and volume); and three traits which reflect exploitation efficiency or an \u2018intensive\u2019 strategy (specific root area, specific root length and root tissue density). We found that total fine-root biomass, length, surface area, volume, and fine-root tissue density were higher in the logged-over forest, whereas the old-growth forest had higher total specific root length and specific root surface area than the logged-over forest. The results suggest different root exploitation strategies between the forests. Plants in the old-growth forest invest root biomass more efficiently to maximize soil volume explored, whereas plants in the logged-over forest increase the spatial distribution of roots resulting in the expansion of the rhizosphere.", "keywords": ["exploitation potential", "root architectural traits", "post-logging recovery", "root morphological traits", "specific root length", "tropical moist forest.", "root tissue density", "exploitation efficiency"], "usageNotes": "<div class=\"o-metadata__file-usage-entry\"><h4 class=\"o-heading__level3-file-title\">Fine-root traits in tropical old-growth and logged-over forests</h4><div class=\"o-metadata__file-description\">This data file contains mean fine-root (< 2 mm in diameter) biomass, architectural and morphological traits measured in a tropical old-growth forest, and in a 54-year-old logged-over forest in Ghana.</div><div class=\"o-metadata__file-name\">Addo-Danso et al. 2018-Mean fine root biomass-architectural and morphological traits.xlsx</br></div></div>", "locations": [{"place": "Ghana"}], "relatedWorks": [{"relationship": "Cites", "identifierType": "DOI", "identifier": "https://doi.org/10.1111/btp.12556"}], "versionNumber": 1, "versionStatus": "submitted", "curationStatus": "Published", "publicationDate": "2018-03-16", "lastModificationDate": "2020-06-24", "visibility": "public", "sharingLink": "https://datadryad.org/stash/share/hRJkpirXbbag-INASQ33BL5XRd191dQ2FdkONy8wjTE", "userId": 35040, "license": "https://creativecommons.org/publicdomain/zero/1.0/"}