{"_links": {"self": {"href": "/api/v2/datasets/doi%3A10.5061%2Fdryad.1mj01"}, "stash:versions": {"href": "/api/v2/datasets/doi%3A10.5061%2Fdryad.1mj01/versions"}, "stash:version": {"href": "/api/v2/versions/16568"}, "stash:download": {"href": "/api/v2/datasets/doi%3A10.5061%2Fdryad.1mj01/download"}, "curies": [{"name": "stash", "href": "https://github.com/CDL-Dryad/stash/blob/main/stash_api/link-relations.md#{rel}", "templated": "true"}]}, "identifier": "doi:10.5061/dryad.1mj01", "id": 16510, "storageSize": 40849, "title": "Data from: High throughput sequencing of small RNAs reveals dynamic microRNAs expression of lipid metabolism during Camellia oleifera and C. meiocarpa seed natural drying", "authors": [{"firstName": "Jin-Ling", "lastName": "Feng", "affiliation": "Fujian Agriculture and Forestry University", "affiliationROR": "https://ror.org/04kx2sy84"}, {"firstName": "Zhi-Jian", "lastName": "Yang", "affiliation": "Fujian Agriculture and Forestry University", "affiliationROR": "https://ror.org/04kx2sy84"}, {"firstName": "Shi-Pin", "lastName": "Chen", "affiliation": "Fujian Agriculture and Forestry University", "affiliationROR": "https://ror.org/04kx2sy84"}, {"firstName": "Yousry", "lastName": "El-Kassaby", "affiliation": "University of British Columbia", "affiliationROR": "https://ror.org/03rmrcq20"}, {"firstName": "Hui", "lastName": "Chen", "affiliation": "Fujian Agriculture and Forestry University", "affiliationROR": "https://ror.org/04kx2sy84"}], "abstract": "Background: Camellia species are ancient oilseed plants with a history of cultivation over two thousand years. Prior to oil extraction, natural seed drying is often practiced, a process affecting fatty acid quality and quantity. MicroRNAs (miRNA) of lipid metabolism associated with camellia seed natural drying are unexplored. To obtain insight into the function of miRNAs in lipid metabolism during natural drying, Illumina sequencing of C. oleifera and C. meiocarpa small-RNA was conducted.\r\n\r\nResults: A total of 274 candidate miRNAs were identified and 3733 target unigenes were annotated by performing a BLASTX. Through integrated GO and KEGG function annotation, 23 miRNA regulating 131 target genes were identified as lipid metabolism, regulating fatty acid biosynthesis, accumulation and catabolism. We observed one, two, and four miRNAs of lipid metabolism which were specially expressed in C. Meiocarpa, C. oleifera, and the two species collectively, respectively. At 30% moisture contents, C. meiocarpa and C. oleifer produced nine and eight significant differentially expressed miRNAs, respectively, with high fatty acid synthesis and accumulation activities. Across the two species, 12 significant differentially expressed miRNAs were identified at the 50% moisture content.\r\n\r\nConclusions: Sequencing of small-RNA revealed the presence of 23 miRNAs regulating lipid metabolism in camellia seed during natural drying and permitted comparative miRNA profiles between C. Meiocarpa and C. oleifera. Furthermore, this study successfully identified the best drying environment at which the quantity and quality of lipid in camellia seed are at its maximum.", "keywords": ["Camellia", "miRNAs", "natural drying", "lipid metabolism"], "usageNotes": "<div class=\"o-metadata__file-usage-entry\"><h4 class=\"o-heading__level3-file-title\">sequence of miRNAs of camellia species  in seed natural drying process</h4><div class=\"o-metadata__file-description\">Camellia miRNAs related to lipid metabolism</div><div class=\"o-metadata__file-name\"></div></div>", "relatedWorks": [{"relationship": "Cites", "identifierType": "DOI", "identifier": "https://doi.org/10.1186/s12864-017-3923-z"}], "versionNumber": 1, "versionStatus": "submitted", "curationStatus": "Published", "publicationDate": "2018-01-05", "lastModificationDate": "2020-06-24", "visibility": "public", "sharingLink": "https://datadryad.org/stash/share/x-GvuKg8iWSyGDjO8rAkrN2OYQy4SPRGcGdRDXR_vCM", "userId": 23106, "license": "https://creativecommons.org/publicdomain/zero/1.0/"}