{"_links": {"self": {"href": "/api/v2/datasets/doi%3A10.5061%2Fdryad.ph02r"}, "stash:versions": {"href": "/api/v2/datasets/doi%3A10.5061%2Fdryad.ph02r/versions"}, "stash:version": {"href": "/api/v2/versions/19824"}, "stash:download": {"href": "/api/v2/datasets/doi%3A10.5061%2Fdryad.ph02r/download"}, "curies": [{"name": "stash", "href": "https://github.com/CDL-Dryad/stash/blob/main/stash_api/link-relations.md#{rel}", "templated": "true"}]}, "identifier": "doi:10.5061/dryad.ph02r", "id": 19760, "storageSize": 63878, "title": "Data from: Reduced mycorrhizal responsiveness leads to increased competitive tolerance in an invasive exotic plant", "authors": [{"firstName": "Lauren P.", "lastName": "Waller", "affiliation": "University of Montana", "affiliationROR": "https://ror.org/0078xmk34"}, {"firstName": "Ragan M.", "lastName": "Callaway", "affiliation": "University of Montana", "affiliationROR": "https://ror.org/0078xmk34"}, {"firstName": "John N.", "lastName": "Klironomos", "affiliation": "University of British Columbia", "affiliationROR": "https://ror.org/03rmrcq20"}, {"firstName": "Yvette K.", "lastName": "Ortega", "affiliation": "United States Department of Agriculture", "affiliationROR": "https://ror.org/01na82s61"}, {"firstName": "John L.", "lastName": "Maron", "affiliation": "University of Montana", "affiliationROR": "https://ror.org/0078xmk34"}], "abstract": "Arbuscular mycorrhizal (AM) fungi can exert a powerful influence on the outcome of plant\u2013plant competition. Since some exotic plants interact differently with soil biota such as AM fungi in their new range, range-based shifts in AM responsiveness could shift competitive interactions between exotic and resident plants, although this remains poorly studied.\r\nWe explored whether genotypes of the annual exotic Centaurea solstitialis (yellow starthistle), collected from populations across the native and non-native ranges, differed in responsiveness to AM fungi in the introduced range and whether range-based differences in mycorrhizal responsiveness affected how strongly C. solstitialis tolerated competition with the North American native bunchgrass, Stipa pulchra.\r\nGrown alone, C. solstitialis from both ranges derived only weak benefits from AM fungi. However, association with AM fungi was costly to plants when grown in competition with S. pulchra. The magnitude of the suppressive effect of AM fungi was greater for genotypes from native versus introduced populations.\r\nSynthesis. Many exotic invasive species are known to associate weakly with AM fungi, which may be beneficial in disturbed habitats where competition for resources is low. Our results indicate that reduced mycorrhizal associations may also benefit invaders in a competitive environment. Centaurea solstitialis were more strongly suppressed by established S. pulchra plants in the presence versus absence of AM fungi, but exotic genotypes were less suppressed than native genotypes. This suggests that AM fungi may contribute to invasion resistance in established native communities, but range-based shifts in the way exotic genotypes respond to AM fungal partners may counter such biotic resistance.", "keywords": ["invasion", "Arbuscular mycorrhizal fungi", "Stipa pulchra", "mycorrhizal responsiveness", "Centaurea solstitialis"], "usageNotes": "<div class=\"o-metadata__file-usage-entry\"><h4 class=\"o-heading__level3-file-title\">Biomass and root to shoot ratios</h4><div class=\"o-metadata__file-description\">Biomass (g) and root to shoot ratios of Centaurea solstitialis plants originating from North America and Europe</div><div class=\"o-metadata__file-name\">BIOMASS.xlsx</br></div></div>", "locations": [{"place": "Europe"}, {"place": "North America"}], "relatedWorks": [{"relationship": "Cites", "identifierType": "DOI", "identifier": "https://doi.org/10.1111/1365-2745.12641"}], "versionNumber": 1, "versionStatus": "submitted", "curationStatus": "Published", "publicationDate": "2017-07-19", "lastModificationDate": "2020-06-24", "visibility": "public", "sharingLink": "https://datadryad.org/stash/share/OR_aFyFWIdFy1uWsOPahfso3r3SRBiUPLqgGJyysedM", "userId": 20706, "license": "https://creativecommons.org/publicdomain/zero/1.0/"}