{"_links": {"self": {"href": "/api/v2/datasets/doi%3A10.5061%2Fdryad.18276"}, "stash:versions": {"href": "/api/v2/datasets/doi%3A10.5061%2Fdryad.18276/versions"}, "stash:version": {"href": "/api/v2/versions/25167"}, "stash:download": {"href": "/api/v2/datasets/doi%3A10.5061%2Fdryad.18276/download"}, "curies": [{"name": "stash", "href": "https://github.com/CDL-Dryad/stash/blob/main/stash_api/link-relations.md#{rel}", "templated": "true"}]}, "identifier": "doi:10.5061/dryad.18276", "id": 25094, "storageSize": 7449841, "title": "Data from: Divergent transcriptional patterns are related to differences in hypoxia tolerance between the intertidal and the subtidal sculpins", "authors": [{"firstName": "Milica", "lastName": "Mandic", "affiliation": "University of British Columbia", "affiliationROR": "https://ror.org/03rmrcq20"}, {"firstName": "Marina L.", "lastName": "Ramon", "affiliation": "University of Southern California", "affiliationROR": "https://ror.org/03taz7m60"}, {"firstName": "Andrew Y.", "lastName": "Gracey", "affiliation": "University of Southern California", "affiliationROR": "https://ror.org/03taz7m60"}, {"firstName": "Jeffrey G.", "lastName": "Richards", "affiliation": "University of British Columbia", "affiliationROR": "https://ror.org/03rmrcq20"}], "abstract": "Transcriptionally mediated phenotypic plasticity as a mechanism of modifying traits in response to an environmental challenge remains an important area of study. We compared the transcriptional responses to low-oxygen (hypoxia) of the hypoxia tolerant intertidal fish, the tidepool sculpin (Oligocottus maculosus) with the closely related hypoxia intolerant subtidal fish, the silverspotted sculpin (Blepsias cirrhosus) to determine if these species use different mechanisms to cope with hypoxia. Individuals from each species were exposed to environmental O2 tensions chosen to yield a similar level of tissue hypoxia and gene transcription was assessed in the liver over time. There was an effect of time in hypoxia, where the greatest transcriptional change in the silverspotted sculpin occurred between 3 to 24 hours in contrast to the tidepool sculpin where the largest transcriptional change occurred between 24 and 72 hours of hypoxia. A number of genes showed similar hypoxia-induced transcription patterns in both species (e.g. genes associated with glycolysis and apoptosis) suggesting they are involved in a conserved hypoxia response. A large set of genes showed divergent transcriptional patterns in the two species, including fatty acid oxidation and oxidative phosphorylation, suggesting that these biological processes may contribute to explaining variation in hypoxia tolerance in these species. When both species were exposed to a single environmental O2 tension, large transcriptional responses were seen in the hypoxia intolerant silverspotted sculpin while almost no response was observed in the hypoxia tolerant tidepool sculpin. Overall, divergent transcription patterns in response to both magnitude and duration of hypoxia provide insights into the processes that may determine an animal's capacity to tolerate frequent bouts of hypoxia in the wild.", "keywords": ["Oligocottus maculosus", "Sculpins", "Transcriptomics", "Phenotypic Plasticity", "Blepsias cirrhosus", "hypoxia", "Intertidal environment", "microarray"], "usageNotes": "<div class=\"o-metadata__file-usage-entry\"><h4 class=\"o-heading__level3-file-title\">Transcriptomic data for O. maculosus and B. cirrhosis</h4><div class=\"o-metadata__file-description\">Raw data of hybridization assays for both species of sculpin for all time-points at all O2 tensions. Available in ArrayExpress at http://www.ebi.ac.uk/arrayexpress/experiments/E-MTAB-3043/. When reusing these data, please include the following citation: Microarray data are available in the ArrayExpress database (www.ebi.ac.uk/arrayexpress) under accession number E-MTAB-3043.</div></div><div class=\"o-metadata__file-usage-entry\"><h4 class=\"o-heading__level3-file-title\">Microarray Analysis of Variance</h4><div class=\"o-metadata__file-description\">The R script containing the code for microarray analysis of variance used in the r/maanova package.</div><div class=\"o-metadata__file-name\">MaanovaAnalysis.rtf</br></div></div><div class=\"o-metadata__file-usage-entry\"><h4 class=\"o-heading__level3-file-title\">Principal Component Analysis</h4><div class=\"o-metadata__file-description\">The R script containing the code for principal component analysis via the 'Easy Microarray data Analysis' package.</div><div class=\"o-metadata__file-name\">PrincipalComponentAnalysis.R</br></div></div><div class=\"o-metadata__file-usage-entry\"><h4 class=\"o-heading__level3-file-title\">Tidepool Sculpin Data File</h4><div class=\"o-metadata__file-description\">Tidepool sculpin coalesced data of hybridization assays.</div><div class=\"o-metadata__file-name\">TidepoolSculpinDataFile.txt</br></div></div><div class=\"o-metadata__file-usage-entry\"><h4 class=\"o-heading__level3-file-title\">Tidepool Sculpin Design File</h4><div class=\"o-metadata__file-description\">Tidepool sculpin design data file for running r/maanova.</div><div class=\"o-metadata__file-name\">TidepoolSculpinDesignFile.txt</br></div></div><div class=\"o-metadata__file-usage-entry\"><h4 class=\"o-heading__level3-file-title\">Silverspotted Sculpin Data File</h4><div class=\"o-metadata__file-description\">Silverspotted sculpin coalesced data of hybridization assays.</div><div class=\"o-metadata__file-name\">SilverspottedSculpinDataFile.txt</br></div></div><div class=\"o-metadata__file-usage-entry\"><h4 class=\"o-heading__level3-file-title\">Silverspotted Sculpin Design File</h4><div class=\"o-metadata__file-description\">Silverspotted sculpin design data file for running r/maanova.</div><div class=\"o-metadata__file-name\">SilverspottedSculpinDesignFile.txt</br></div></div>", "locations": [{"place": "Canada"}, {"place": "Bamfield"}, {"place": "British Columbia"}, {"place": "Wizard's Rock (48\u00b051.5\u2032N; 125\u00b09.4\u2032W)"}], "relatedWorks": [{"relationship": "Cites", "identifierType": "DOI", "identifier": "https://doi.org/10.1111/mec.12991"}, {"relationship": "IsSupplementTo", "identifierType": "URL", "identifier": "http://www.ebi.ac.uk/arrayexpress/experiments/E-MTAB-3043/"}], "versionNumber": 1, "versionStatus": "submitted", "curationStatus": "Published", "publicationDate": "2014-11-19", "lastModificationDate": "2020-06-24", "visibility": "public", "sharingLink": "https://datadryad.org/stash/share/yNn_rnSh60owqoE12v_pqNHkRRJ5a-mG1m5gQ2UAh1M", "userId": 10186, "license": "https://creativecommons.org/publicdomain/zero/1.0/"}