{"_links": {"self": {"href": "/api/v2/datasets/doi%3A10.5061%2Fdryad.0t407"}, "stash:versions": {"href": "/api/v2/datasets/doi%3A10.5061%2Fdryad.0t407/versions"}, "stash:version": {"href": "/api/v2/versions/19169"}, "stash:download": {"href": "/api/v2/datasets/doi%3A10.5061%2Fdryad.0t407/download"}, "curies": [{"name": "stash", "href": "https://github.com/CDL-Dryad/stash/blob/main/stash_api/link-relations.md#{rel}", "templated": "true"}]}, "identifier": "doi:10.5061/dryad.0t407", "id": 19105, "storageSize": 1504383555, "title": "Data from: Convergent local adaptation to climate in distantly related conifers", "authors": [{"firstName": "Sam", "lastName": "Yeaman", "affiliation": "University of Calgary", "affiliationROR": "https://ror.org/03yjb2x39"}, {"firstName": "Kathryn A.", "lastName": "Hodgins", "affiliation": "Monash University", "affiliationROR": "https://ror.org/02bfwt286"}, {"firstName": "Katie E.", "lastName": "Lotterhos", "affiliation": "Northeastern University", "affiliationROR": "https://ror.org/04t5xt781"}, {"firstName": "Haktan", "lastName": "Suren", "affiliation": "Virginia Tech", "affiliationROR": "https://ror.org/02smfhw86"}, {"firstName": "Simon", "lastName": "Nadeau", "affiliation": "University of British Columbia", "affiliationROR": "https://ror.org/03rmrcq20"}, {"firstName": "Kristin A.", "lastName": "Nurkowski", "affiliation": "Monash University", "affiliationROR": "https://ror.org/02bfwt286"}, {"firstName": "Pia", "lastName": "Smets", "affiliation": "University of British Columbia", "affiliationROR": "https://ror.org/03rmrcq20"}, {"firstName": "Tongli", "lastName": "Wang", "affiliation": "University of British Columbia", "affiliationROR": "https://ror.org/03rmrcq20"}, {"firstName": "Laura K.", "lastName": "Gray", "affiliation": "University of Alberta", "affiliationROR": "https://ror.org/0160cpw27"}, {"firstName": "Katharina J.", "lastName": "Liepe", "affiliation": "University of Alberta", "affiliationROR": "https://ror.org/0160cpw27"}, {"firstName": "Andreas", "lastName": "Hamann", "affiliation": "University of Alberta", "affiliationROR": "https://ror.org/0160cpw27"}, {"firstName": "Jason A.", "lastName": "Holliday", "affiliation": "Virginia Tech", "affiliationROR": "https://ror.org/02smfhw86"}, {"firstName": "Michael C.", "lastName": "Whitlock", "affiliation": "University of British Columbia", "affiliationROR": "https://ror.org/03rmrcq20"}, {"firstName": "Loren H.", "lastName": "Rieseberg", "affiliation": "University of British Columbia", "affiliationROR": "https://ror.org/03rmrcq20"}, {"firstName": "Sally N.", "lastName": "Aitken", "affiliation": "University of British Columbia", "affiliationROR": "https://ror.org/03rmrcq20"}], "abstract": "When confronted with an adaptive challenge, such as extreme temperature, closely related species frequently evolve similar phenotypes using the same genes. Although such repeated evolution is thought to be less likely in highly polygenic traits and distantly related species, this has not been tested at the genome scale. We performed a population genomic study of convergent local adaptation among two distantly related species, lodgepole pine and interior spruce. We identified a suite of 47 genes, enriched for duplicated genes, with variants associated with spatial variation in temperature or cold hardiness in both species, providing evidence of convergent local adaptation despite 140 million years of separate evolution. These results show that adaptation to climate can be genetically constrained, with certain key genes playing nonredundant roles.", "keywords": ["Picea glauca", "population genomics", "Pinus contorta", "convergent evolution", "Picea engelmannii", "2005-2015"], "usageNotes": "<div class=\"o-metadata__file-usage-entry\"><h4 class=\"o-heading__level3-file-title\">Data_archive_part1</h4><div class=\"o-metadata__file-description\">This archive contains all of the intermediate data files and R-scripts needed to generate the main figures and most of the supplementary materials. The original sequence data are stored on the Short Read Archive.</div><div class=\"o-metadata__file-name\">yeaman_pine_spruce_convergence_archive.tbz</br></div></div><div class=\"o-metadata__file-usage-entry\"><h4 class=\"o-heading__level3-file-title\">Data_archive_part2</h4><div class=\"o-metadata__file-description\">This contains the second part of the data (too large for a single file upload)</div><div class=\"o-metadata__file-name\">yeaman_pine_spruce_convergence_archive2.tbz</br></div></div>", "locations": [{"place": "North America"}], "relatedWorks": [{"relationship": "Cites", "identifierType": "DOI", "identifier": "https://doi.org/10.1126/science.aaf7812"}], "versionNumber": 1, "versionStatus": "submitted", "curationStatus": "Published", "publicationDate": "2016-09-30", "lastModificationDate": "2020-06-24", "visibility": "public", "sharingLink": "https://datadryad.org/stash/share/4wQq3z17oSDdT0rT-_IGksxxi5z2ScJDNjqXflonL8s", "userId": 21287, "license": "https://creativecommons.org/publicdomain/zero/1.0/"}