{"_links": {"self": {"href": "/api/v2/datasets/doi%3A10.5061%2Fdryad.j1fd7"}, "stash:versions": {"href": "/api/v2/datasets/doi%3A10.5061%2Fdryad.j1fd7/versions"}, "stash:version": {"href": "/api/v2/versions/26724"}, "stash:download": {"href": "/api/v2/datasets/doi%3A10.5061%2Fdryad.j1fd7/download"}, "curies": [{"name": "stash", "href": "https://github.com/CDL-Dryad/stash/blob/main/stash_api/link-relations.md#{rel}", "templated": "true"}]}, "identifier": "doi:10.5061/dryad.j1fd7", "id": 26651, "storageSize": 2609901, "title": "Data from: Data archiving is a good  investment", "authors": [{"firstName": "Heather A.", "lastName": "Piwowar", "affiliation": "National Evolutionary Synthesis Center", "affiliationROR": "https://ror.org/001ykb961"}, {"firstName": "Todd J.", "lastName": "Vision", "affiliation": "University of North Carolina", "affiliationROR": "https://ror.org/0130frc33"}, {"firstName": "Michael C.", "lastName": "Whitlock", "affiliation": "University of British Columbia", "affiliationROR": "https://ror.org/03rmrcq20"}], "abstract": "Funding agencies are reluctant to support data archiving, even though large research funders such as the National Science Foundation (NSF) and the National Institutes of Health acknowledge its importance for scientific progress. Our quantitative estimates of data reuse indicate that ongoing financial investment in data-archiving infrastructure provides a high scientific \r\nreturn.", "keywords": ["research funding", "entrez", "PubMed Central", "data archives", "return on investment", "Data reuse", "Text mining", "Data sharing", "Gene Expression Omnibus"], "usageNotes": "<div class=\"o-metadata__file-usage-entry\"><h4 class=\"o-heading__level3-file-title\">PubMed Central reuse of GEO datasets deposited in 2007</h4><div class=\"o-metadata__file-description\">This is the raw data behind the analysis.  It contains one row for every mention of a 2007 GEO dataset in PubMed Central.  Each row identifies the mentioned GEO dataset, the PubMed Central article that mentions the dataset's accession number, whether the authors of the dataset and the attributing article overlap, and whether this is considered an instance of third-party data reuse.</div><div class=\"o-metadata__file-name\">PMC_reuse_of_2007_GEO_datasets.csv</br></div><div class=\"o-metadata__file-name\"></div></div><div class=\"o-metadata__file-usage-entry\"><h4 class=\"o-heading__level3-file-title\">Aggregate Table Data</h4><div class=\"o-metadata__file-description\">Aggregate table data behind the figures and results in the README associated with the main dataset.  Includes Baseline metrics used for extrapolating PubMed Central (PMC) results to PubMed, Number of mentions of a 2007 GEO dataset by authors who submitted the dataset, and Number of mentions of a dataset by authors who DID NOT submit the dataset across 2007-2010.</div><div class=\"o-metadata__file-name\">tables.csv</br></div></div>", "relatedWorks": [{"relationship": "Cites", "identifierType": "DOI", "identifier": "https://doi.org/10.1038/473285a"}], "versionNumber": 1, "versionStatus": "submitted", "curationStatus": "Published", "publicationDate": "2011-04-28", "lastModificationDate": "2020-06-24", "visibility": "public", "sharingLink": "https://datadryad.org/stash/share/NzsOllaWSKkxj0LtDg7aEDbfn2fp8SKPnwP_risRHlw", "userId": 2396, "license": "https://creativecommons.org/publicdomain/zero/1.0/"}