{"_links": {"self": {"href": "/api/v2/datasets/doi%3A10.5061%2Fdryad.bcc2fqz8n"}, "stash:versions": {"href": "/api/v2/datasets/doi%3A10.5061%2Fdryad.bcc2fqz8n/versions"}, "stash:version": {"href": "/api/v2/versions/61133"}, "stash:download": {"href": "/api/v2/datasets/doi%3A10.5061%2Fdryad.bcc2fqz8n/download"}, "curies": [{"name": "stash", "href": "https://github.com/CDL-Dryad/stash/blob/main/stash_api/link-relations.md#{rel}", "templated": "true"}]}, "identifier": "doi:10.5061/dryad.bcc2fqz8n", "id": 44039, "storageSize": 228819, "title": "Data from: Thermal tolerances and species interactions determine the elevational distributions of insects", "authors": [{"firstName": "Sarah", "lastName": "Amundrud", "email": "amundrud@zoology.ubc.ca", "affiliation": "University of British Columbia", "affiliationROR": "https://ror.org/03rmrcq20", "orcid": "0000-0002-0457-1551"}, {"firstName": "Diane", "lastName": "Srivastava", "email": "srivast@zoology.ubc.ca", "affiliation": "University of British Columbia", "affiliationROR": "https://ror.org/03rmrcq20"}], "abstract": "<p><b>Aim:</b> While physiological limits to thermal extremes are often thought to determine the abundance and geographic distribution of species, more recent evidence suggests that species interactions may be equally important. Moreover, the relative importance of these constraints may shift with changing abiotic conditions, such as climate change. Here, we explore the relative importance of physiological tolerances to heat and species interactions in determining the distribution of insects along two elevational gradients. The gradients contrast in precipitation but not temperature, allowing us to separate these two climatic factors.</p>\r\n\r\n<p><b>Location:</b> Montane rainforest in Costa Rica.</p>\r\n\r\n<p><b>Time period:</b> 2015-2016.</p>\r\n\r\n<p><b>Major taxa studied:</b> Bromeliad-dwelling aquatic insect larvae.</p>\r\n\r\n<p><b>Methods:</b> We estimated the elevation preferences of five insect taxa by surveying 170 bromeliads along the moist Atlantic and the dry Pacific slopes of Monteverde, and experimentally determined their critical thermal maxima (CT<sub>max</sub>). We determined if species-specific heat tolerances predict their elevation preferences, using Deming regressions, and tested if potential predators mediated elevation effects on species distributions, using structural equation models.</p>\r\n\r\n<p><b>Results:</b> On the moist Atlantic slope, heat tolerances of insects explained their elevational distributions: taxa with high heat tolerances preferred low elevations where conditions are warmest, while taxa with low heat tolerances preferred high elevations where it is coldest. By contrast, on the drier Pacific slope, the elevational abundance pattern of many insects reflected negative interactions from cranefly larvae. These larvae are known to become predatory under drought conditions and were disproportionally abundant at low elevations on the Pacific slope.</p>\r\n\r\n<p><b>Main conclusions: </b>We show that under drought, indirect effects mediated by species interactions can override any direct physiological effects of environmental conditions on insect distributions. The relative importance of limits to physiological tolerance and species interactions thus depends on environmental context, an important insight given that environmental conditions are expected to shift with climate change.</p>\r\n", "funders": [{"organization": "Agence Nationale de la Recherche", "awardNumber": ""}, {"organization": "Killam Trusts", "awardNumber": "Killam Doctoral Scholarship"}, {"organization": "Natural Sciences and Engineering Research Council of Canada", "awardNumber": "CGS-D"}, {"organization": "Natural Sciences and Engineering Research Council of Canada", "awardNumber": "Discovery grant"}, {"organization": "Natural Sciences and Engineering Research Council of Canada", "awardNumber": "MSFSS"}], "keywords": ["altitudinal gradient", "drought", "insects", "species distribution", "Species Interactions", "tank bromeliad", "temperature", "thermal limit", "CT"], "methods": "<p style=\"margin-bottom:13px;\">Study site:</p>\r\n\r\n<p style=\"margin-bottom:13px;\">The study area extended from the high elevation cloud forest of Monteverde, northwestern Costa Rica (10\u00b018'N 84\u00b046'W, highest elevation ~ 1600 m), and down the Atlantic (10\u00b021'N 84\u00b040'W, lowest elevation ~ 800 m) and Pacific (10\u00b017'N 84\u00b048'W, lowest elevation ~ 1100 m) slopes of the Tilaran mountain range. All study sites were in the Monteverde Cloud Forest Reserve and the Children\u2019s Eternal Rain Forest Reserve, except for the lowest elevation site on the Pacific slope (San Luis), which was on private land. Bromeliads occur naturally along these elevational gradients and exhibit variation in thermal and hydrological regimes according to local environmental conditions.</p>\r\n\r\n<p style=\"margin-bottom:13px;\">\u00a0</p>\r\n\r\n<p style=\"margin-bottom:13px;\">Collection of \u201cbromeliad_insect_abd.csv\u201d:</p>\r\n\r\n<p style=\"margin-bottom:13px;\">We sampled tank bromeliads at Monteverde [<i>Werauhia gladioliflora </i>(H. Wendl.) Antoine, <i>Werauhia sanguinolenta</i> Cogn. and Marchal, and <i>Guzmania scherzeriana</i> Mez] at nine sites along the two elevation gradients from late September to early December in 2015 and 2016. Because sampling time can affect abundance patterns of insects due to seasonal effects, we ensured that sampling was completed in the shortest possible timeframe, and performed non-systematically with respect to mountainside and elevation. We quantified the aquatic macroinvertebrate communities inside bromeliads with a water-holding capacity of up to 1000 ml (n = 14 \u2013 25 depending on site) by rinsing the entire contents of bromeliads, searching bromeliad water and detritus thoroughly for insects and other invertebrates, and recording the identities (finest taxonomic level or morphospecies) and abundances of all organisms\u00a0 &gt; 1 mm in length. We measured the water-holding capacity (in mL) of each bromeliad by adding a known quantity of water to the empty bromeliads until overflowing, and then subtracting the difference. We also quantified the detritus inside bromeliads as the dry weight of leaf fragments retained by a sieve with a mesh size of 850 \u00b5m. This data set includes the abundances on the focal species inside bromeliads that were used in our publication, as well as biophysical and geographical information on the bromeliads.</p>\r\n\r\n<p style=\"margin-bottom:13px;\">\u00a0</p>\r\n\r\n<p style=\"margin-bottom:13px;\">Collection of \u201cCTmax_individuals.csv\u201d:</p>\r\n\r\n<p style=\"margin-bottom:13px;\">We experimentally determined the heat tolerances of five common macroinvertebrate taxa [n = 10 \u2013 12 individuals per taxon per site of the larvae of the mosquito <i>Culex erethyzonfer</i> (filter-feeder), the chironomid <i>Polypedilum</i> spp. (collector), the marsh beetle <i>Scirtid</i> spp. (scraper), the crane fly <i>Trentepohlia</i> spp. (shredder), and the damselfly <i>M. modesta</i> (predator)]. Larvae were collected in 2015 at two sites on the Atlantic slope (at 1379 m and 1221 m elevation) and two sites on the Pacific slope (at 1517 m and 1082 m elevation). We determined heat tolerances as the critical thermal maxima (CT<sub>max</sub>) of larvae that have been acclimatized at the laboratory for at least 4 days by subjecting individuals to gradually increasing temperatures (0.3 \u00b0C min<sup>-1</sup>) in an electric water bath. We estimated heat tolerance as the temperature at which the insect first failed to respond to a tactile stimulus.</p>\r\n\r\n<p>\u00a0</p>\r\n\r\n<p>Collection of \u201cHumidity.csv\u201d:</p>\r\n\r\n<p>The mean daily humidity (\u00b195% C.I.) was obtained from weather stations (Feb. 2 \u2013 May 15, 2013) on the Atlantic and Pacific slopes of Monteverde Mountain, Costa Rica.</p>\r\n\r\n<p>\u00a0</p>\r\n\r\n<p>Collection of \"Temperature_means.csv\":</p>\r\n\r\n<p>We placed iButton<sup>TM</sup> data loggers (DS1921G\u2010F5# Thermochron, 4K) inside and outside (tied on and shaded by the plant) bromeliads, which recorded the temperature hourly. This data set consists of daily summary statistics from Sep. 9-30, 2016, the timeframe for which we had overlapping temperature data for all loggers for all sites.</p>\r\n", "usageNotes": "<p>The following files are included:</p>\r\n\r\n<p><br>\r\n1) \"bromeliad_insect_abd.csv\"<br>\r\nThis dataset contains the data on the bromeliad-dwelling macroinvertebrate survey.</p>\r\n\r\n<p>2) \"bromeliad_insect_abd_variables.csv\"<br>\r\nThis document explains the meaning of the variables in the \"bromeliad_insect_abd.csv\" file.</p>\r\n\r\n<p>3) \"CTmax_individuals.csv\"<br>\r\nThis dataset contains the CTmax measurements of individual insects.</p>\r\n\r\n<p>4) \"CTmax_individuals_variables.csv\"<br>\r\nThis document explains the meaning of the variables in the \"CTmax_individuals.csv\" file.</p>\r\n\r\n<p>5) \"CTmax_species.csv\"<br>\r\nThis dataset contains the average CTmax for each focal species used in the analysis of the above publication.</p>\r\n\r\n<p>6) \"CTmax_species_variables.csv\"<br>\r\nThis document explains the meaning of the variables in the \"CTmax_species.csv\" file.</p>\r\n\r\n<p>7) \"Humidity.csv\"<br>\r\nThis dataset contains daily humidity statistics at the study sites with weather stations.</p>\r\n\r\n<p>8) \"Humidity_variables.csv\"<br>\r\nThis document explains the meaning of the variables in the \"Humidity.csv\" file.</p>\r\n\r\n<p>9) \"Temperature_means.csv\"<br>\r\nThis dataset contains daily temperature statistics summarized from hourly temperature logger records.</p>\r\n\r\n<p>10) \"Temperature_means_variabless.csv\"<br>\r\nThis document explains the meaning of the variables in the \"Temperature_means.csv\"file.</p>\r\n\r\n<p>11) \"Analysis_CTmax_insects.R\"<br>\r\nThis R script contains the code to calculate average CTmax values for the focal species.</p>\r\n\r\n<p>12) \"Analysis_EPs_CTmax.R\"<br>\r\nThis R script contains the code to analyse the relationship of CTmax with elevation preference.</p>\r\n\r\n<p>13) \"Analysis_SEM.R\"<br>\r\nThis R script contains the code to analyse the effect of species interactions on elevational distributions.</p>\r\n\r\n<p>\u00a0</p>\r\n", "versionNumber": 3, "versionStatus": "submitted", "curationStatus": "Embargoed", "publicationDate": "2021-04-20", "lastModificationDate": "2020-04-20", "visibility": "public", "sharingLink": "https://datadryad.org/stash/share/_7JheLkIXzp61egClHHxcYLmAa3gqmE4AtCpXjx0qNM", "userId": 29934, "license": "https://creativecommons.org/publicdomain/zero/1.0/"}