{"_links": {"self": {"href": "/api/v2/datasets/doi%3A10.5061%2Fdryad.h6qg003"}, "stash:versions": {"href": "/api/v2/datasets/doi%3A10.5061%2Fdryad.h6qg003/versions"}, "stash:version": {"href": "/api/v2/versions/57557"}, "stash:download": {"href": "/api/v2/datasets/doi%3A10.5061%2Fdryad.h6qg003/download"}, "curies": [{"name": "stash", "href": "https://github.com/CDL-Dryad/stash/blob/main/stash_api/link-relations.md#{rel}", "templated": "true"}]}, "identifier": "doi:10.5061/dryad.h6qg003", "id": 8575, "storageSize": 198169, "title": "Data from: Herbivores and plant defenses affect selection on plant reproductive traits more strongly than pollinators", "authors": [{"firstName": "James S.", "lastName": "Santangelo", "email": "james.santangelo37@gmail.com", "affiliation": "University of Toronto", "affiliationROR": "https://ror.org/03dbr7087"}, {"firstName": "Ken A.", "lastName": "Thompson", "affiliation": "University of British Columbia", "affiliationROR": "https://ror.org/03rmrcq20"}, {"firstName": "Marc T. J.", "lastName": "Johnson", "affiliation": "University of Toronto", "affiliationROR": "https://ror.org/03dbr7087"}], "abstract": "Pollinators and herbivores can both affect the evolutionary diversification of plant reproductive traits. However, plant defenses frequently alter antagonistic and mutualistic interactions and therefore variation in plant defenses may alter patterns of herbivore- and pollinator-mediated selection on plant traits. We tested this hypothesis by conducting a common garden field experiment using 50 clonal genotypes of white clover (Trifolium repens) that varied in a Mendelian inherited chemical antiherbivore defense\u2014the production of hydrogen cyanide (HCN). To evaluate whether plant defenses alter herbivore- and/or pollinator-mediated selection, we factorially crossed chemical defense (25 cyanogenic and 25 acyanogenic genotypes), herbivore damage (herbivore suppression) and pollination (hand-pollination). We found that herbivores weakened selection for increased inflorescence production, suggesting that large displays are costly in the presence of herbivores. In addition, herbivores weakened selection on flower size but only among acyanogenic plants, suggesting that plant defenses reduce the strength of herbivore-mediated selection. Pollinators did not independently affect selection on any trait, although pollinators weakened selection for later flowering among cyanogenic plants. Overall, cyanogenic plant defenses consistently increased the strength of positive directional selection on reproductive traits. Herbivores and pollinators both strengthened and weakened the strength of selection on reproductive traits, although herbivores imposed ~2.7\u00d7 stronger selection than pollinators across all traits. Contrary to the view that pollinators are the most important agents of selection on reproductive traits, our data show that selection on reproductive traits is driven primarily by variation in herbivory and plant defenses in this system.", "keywords": ["cyanogenesis", "plant reproduction", "Antiherbivore defense", "Herbivory", "Trifolium repens", "correlational selection", "pollination"], "methods": "<p>All details are in the associated manuscript.\u00a0</p>\r\n\r\n<p>The code and data for this project are additionally available in this <a href=\"https://github.com/James-S-Santangelo/HPS_Herbivore-Pollinator-Selection\">GitHub repository</a></p>\r\n", "usageNotes": "<div class=\"o-metadata__file-usage-entry\"><h4 class=\"o-heading__level3-file-title\">Santangelo_et-al_JEB_2018_Dryad</h4><div class=\"o-metadata__file-description\">The Zipped folder contains all data and scripts necessary to reproduce the results in the manuscript. The README is contained in the zipped folder. For additional reproducibility (e.g. raw data files, processing scripts, packrat R package repository), please visit the GitHub page for James Santangelo (linked in the README).</div><div class=\"o-metadata__file-name\"></div></div>", "locations": [{"place": "Canada"}], "relatedWorks": [{"relationship": "Cites", "identifierType": "DOI", "identifier": "https://doi.org/10.1111/jeb.13392"}], "versionNumber": 2, "versionStatus": "submitted", "curationStatus": "Published", "publicationDate": "2020-03-20", "lastModificationDate": "2020-03-20", "visibility": "public", "sharingLink": "https://datadryad.org/stash/share/_DIbGp0iYM7jmKgjLp01b5fELGSllvfh0UcU_ynyqpQ", "userId": 11335, "license": "https://creativecommons.org/publicdomain/zero/1.0/"}