{"_links": {"self": {"href": "/api/v2/datasets/doi%3A10.5061%2Fdryad.6t85v"}, "stash:versions": {"href": "/api/v2/datasets/doi%3A10.5061%2Fdryad.6t85v/versions"}, "stash:version": {"href": "/api/v2/versions/13852"}, "stash:download": {"href": "/api/v2/datasets/doi%3A10.5061%2Fdryad.6t85v/download"}, "curies": [{"name": "stash", "href": "https://github.com/CDL-Dryad/stash/blob/main/stash_api/link-relations.md#{rel}", "templated": "true"}]}, "identifier": "doi:10.5061/dryad.6t85v", "id": 13800, "storageSize": 83153, "title": "Data from: Differential migratory timing of western populations of Wilson\u2019s Warblers revealed by mitochondrial DNA and stable isotopes", "authors": [{"firstName": "Kristina L.", "lastName": "Paxton", "affiliation": "University of Southern Mississippi", "affiliationROR": "https://ror.org/0270vfa57"}, {"firstName": "Monica", "lastName": "Yau", "affiliation": "University of British Columbia", "affiliationROR": "https://ror.org/03rmrcq20"}, {"firstName": "Frank R.", "lastName": "Moore", "affiliation": "University of Southern Mississippi", "affiliationROR": "https://ror.org/0270vfa57"}, {"firstName": "Darren E.", "lastName": "Irwin", "affiliation": "University of British Columbia", "affiliationROR": "https://ror.org/03rmrcq20"}], "abstract": "Molecular markers and stable isotopes have provided important insights into the migratory connectivity of small landbirds. Research integrating these two methods has primarily focused on linking breeding and wintering sites, rather than focusing on timing of migratory movement of different breeding populations. We used mitochondrial DNA and isotopic markers to infer the timing of various breeding populations of migrating Wilson's Warblers (Cardellina pusilla) moving through a migratory stopover site, demonstrating the value of multiple sources of information in estimating the origin of migrants. Using mixed-stock analysis, we found that early spring migrants sampled in southwestern Arizona were dominated by warblers migrating to the West Coast of the contiguous United States, whereas later migrants included a large pulse of birds migrating to Alaska and western Canadian provinces. Stable hydrogen isotope data from individual birds showed the same timing pattern as genetic data. Had we used stable isotopes alone, we would not have been able to infer whether birds later in the migration season were most likely migrating to Alaska or the Interior West, given the large overlap in isotope values between those regions. The lack of mitochondrial group 2, common in the Interior West, in late-season migrants strongly suggests that these birds were migrating to breeding areas in Alaska or other northern regions. Studies that reveal the timing of migration of different breeding populations through stopover sites lay the foundation for more in-depth examination of seasonal interactions between migration and the stationary phases of the annual cycle.", "keywords": ["stable isotopes", "stopover ecology", "Wilson\u2019s warblers", "Mitochondrial DNA", "Cardellina pusilla", "migration timing", "Migratory Connectivity", "Holocene"], "usageNotes": "<div class=\"o-metadata__file-usage-entry\"><h4 class=\"o-heading__level3-file-title\">Isotopes and mtDNA groups of 2009 ASY male Wilson's Warblers</h4><div class=\"o-metadata__file-description\">This file summarizes data from the 2009 ASY male Wilson's Warblers at Cibola NWR, Arizona. The columns show the date each bird was temporarily caught (\"Date\", in year-month-day format), the blood sample identification number (\"Blood_ID\"), the feather identification number (\"Feather_ID\"), the band number (\"BandNo\"), the feather stable hydrogen isotope ratio in delta (\u03b4) notation (\"dDx\"), and the mtDNA restriction digest group (\"mtDNA_group\"). See Paxton et al. (2013, The Auk) for details.</div><div class=\"o-metadata__file-name\">ASY males 2009.txt</br></div></div><div class=\"o-metadata__file-usage-entry\"><h4 class=\"o-heading__level3-file-title\">Isotopes and mtDNA groups of 2008 ASY male Wilson's Warblers</h4><div class=\"o-metadata__file-description\">This file summarizes data from the 2008 ASY male Wilson's Warblers at Cibola NWR, Arizona. The columns show the date each bird was temporarily caught (\"Date\", in year-month-day format), the blood sample identification number (\"Blood_ID\"), the feather identification number (\"Feather_ID\"), the band number (\"BandNo\"), the feather stable hydrogen isotope ratio in delta (\u03b4) notation (\"dDx\"), and the mtDNA restriction digest group (\"mtDNA_group\"). See Paxton et al. (2013, The Auk) for details.</div><div class=\"o-metadata__file-name\">ASY males 2008.txt</br></div></div><div class=\"o-metadata__file-usage-entry\"><h4 class=\"o-heading__level3-file-title\">mtDNA control region sequences from Kimura et al. (2002)</h4><div class=\"o-metadata__file-description\">This file contains Wilson's Warbler mtDNA control region haplotype sequences produced and summarized by Kimura et al. (2002; Molecular Ecology), with haplotype names corresponding to those in Figure 2 of that paper. The sequences were sent by Mari Kimura to Darren Irwin, who has uploaded them here, with the approval of Mari Kimura and Tom Smith. They are in FASTA format. Please cite the original paper (Kimura et al. 2002) as the source of this information.</div><div class=\"o-metadata__file-name\">Kimura_et_al_2002_WIWA_mtDNA_CR_seqs.txt</br></div></div><div class=\"o-metadata__file-usage-entry\"><h4 class=\"o-heading__level3-file-title\">mtDNA haplotype distribution in the breeding range</h4><div class=\"o-metadata__file-description\">This file contains a table showing mtDNA control region haplotype distributions at 13 breeding sites of Wilson's Warblers. The data was produced and summarized by Kimura et al. (2002; Molecular Ecology), with haplotype names corresponding to those in Figure 2 of that paper, but the raw data has not previously been presented. This table was produced by Darren Irwin by combining data sources provided by Mari Kimura, Tom Smith, and colleagues. Kimura provided a table of distributions of haplotypes shared by two or more sampling sites, and this was combined with information on the frequency of haplotypes occuring at single locations as inferred from Fig. 2 of Kimura et al. (2002). The table shows mitochondrial control region haplotype names, their restriction digest cutting patterns, their digest group names, and the numbers of birds with each haplotype sampled at each of 13 sites sampled by Kimura et al. (2002). This information has been provided here with the permission of Mari Kimura and Tom Smith, and Kimura et al. (2002) should be cited as the original source.</div><div class=\"o-metadata__file-name\">Kimura_et_al_2002_WIWA_mtDNA_hap_distribution.txt</br></div></div>", "locations": [{"place": "North America"}], "relatedWorks": [{"relationship": "Cites", "identifierType": "DOI", "identifier": "https://doi.org/10.1525/auk.2013.13107"}], "versionNumber": 1, "versionStatus": "submitted", "curationStatus": "Published", "publicationDate": "2013-09-19", "lastModificationDate": "2020-06-24", "visibility": "public", "sharingLink": "https://datadryad.org/stash/share/unTqgsyzyGDnKqxarL1RqOg7KZcodKp5fnDpzWU1EK4", "userId": 5764, "license": "https://creativecommons.org/publicdomain/zero/1.0/"}