{"_links": {"self": {"href": "/api/v2/datasets/doi%3A10.5061%2Fdryad.62f0r"}, "stash:versions": {"href": "/api/v2/datasets/doi%3A10.5061%2Fdryad.62f0r/versions"}, "stash:version": {"href": "/api/v2/versions/1198"}, "stash:download": {"href": "/api/v2/datasets/doi%3A10.5061%2Fdryad.62f0r/download"}, "curies": [{"name": "stash", "href": "https://github.com/CDL-Dryad/stash/blob/main/stash_api/link-relations.md#{rel}", "templated": "true"}]}, "identifier": "doi:10.5061/dryad.62f0r", "id": 1194, "storageSize": 193654057, "title": "Data from: The evolutionary history of ferns inferred from 25 low-copy nuclear genes", "authors": [{"firstName": "Carl J.", "lastName": "Rothfels", "affiliation": "University of British Columbia", "affiliationROR": "https://ror.org/03rmrcq20"}, {"firstName": "Fay-Wei", "lastName": "Li", "affiliation": "Duke University", "affiliationROR": "https://ror.org/00py81415"}, {"firstName": "Erin M.", "lastName": "Sigel", "affiliation": "Smithsonian Institution", "affiliationROR": "https://ror.org/01pp8nd67"}, {"firstName": "Layne", "lastName": "Huiet", "affiliation": "Duke University", "affiliationROR": "https://ror.org/00py81415"}, {"firstName": "Anders", "lastName": "Larsson", "affiliation": "Uppsala University", "affiliationROR": "https://ror.org/048a87296"}, {"firstName": "Dylan O.", "lastName": "Burge", "affiliation": "California Academy of Sciences", "affiliationROR": "https://ror.org/02wb73912"}, {"firstName": "Markus", "lastName": "Ruhsam", "affiliation": "Royal Botanic Garden Edinburgh", "affiliationROR": "https://ror.org/0349vqz63"}, {"firstName": "Michael", "lastName": "Deyholos", "affiliation": "University of British Columbia", "affiliationROR": "https://ror.org/03rmrcq20"}, {"firstName": "Douglas E.", "lastName": "Soltis", "affiliation": "University of Florida", "affiliationROR": "https://ror.org/02y3ad647"}, {"firstName": "C. Neal", "lastName": "Stewart Jr."}, {"firstName": "Shane W.", "lastName": "Shaw", "affiliation": "Orleans, Vermont 05860 USA"}, {"firstName": "Lisa", "lastName": "Pokorny", "affiliation": "Real Jard\u00edn Bot\u00e1nico", "affiliationROR": "https://ror.org/03ezemd27"}, {"firstName": "Tao", "lastName": "Chen", "affiliation": "Chinese Academy of Sciences", "affiliationROR": "https://ror.org/034t30j35"}, {"firstName": "Claude", "lastName": "dePamphilis"}, {"firstName": "Lisa", "lastName": "DeGironimo", "affiliation": "The Bronx Defenders", "affiliationROR": "https://ror.org/0096stf71"}, {"firstName": "Li", "lastName": "Chen", "affiliation": "Beijing Genomics Institute", "affiliationROR": "https://ror.org/045pn2j94"}, {"firstName": "Xiaofeng", "lastName": "Wei", "affiliation": "Beijing Genomics Institute", "affiliationROR": "https://ror.org/045pn2j94"}, {"firstName": "Xiao", "lastName": "Sun", "affiliation": "Beijing Genomics Institute", "affiliationROR": "https://ror.org/045pn2j94"}, {"firstName": "Petra", "lastName": "Korall", "affiliation": "Uppsala University", "affiliationROR": "https://ror.org/048a87296"}, {"firstName": "Dennis W.", "lastName": "Stevenson", "affiliation": "The Bronx Defenders", "affiliationROR": "https://ror.org/0096stf71"}, {"firstName": "Sean W.", "lastName": "Graham", "affiliation": "University of British Columbia", "affiliationROR": "https://ror.org/03rmrcq20"}, {"firstName": "Gane Ka-Shu", "lastName": "Wong"}, {"firstName": "Kathleen M.", "lastName": "Pryer", "affiliation": "Duke University", "affiliationROR": "https://ror.org/00py81415"}, {"firstName": "C. Neal", "lastName": "Stewart", "affiliation": "University of Tennessee at Knoxville", "affiliationROR": "https://ror.org/020f3ap87"}, {"firstName": "Gane K-S.", "lastName": "Wong", "affiliation": "University of Alberta", "affiliationROR": "https://ror.org/0160cpw27"}, {"firstName": "Claude", "lastName": "de Pamphilis", "affiliation": "Pennsylvania State University", "affiliationROR": "https://ror.org/04p491231"}], "abstract": "Premise of the study: Understanding fern (monilophyte) phylogeny and its evolutionary timescale is critical for broad investigations of the evolution of land plants, and for providing the point of comparison necessary for studying the evolution of the fern sister group, seed plants. Molecular phylogenetic investigations have revolutionized our understanding of fern phylogeny, however, to date, these studies have relied almost exclusively on plastid data. Methods: Here we take a curated phylogenomics approach to infer the first broad fern phylogeny from multiple nuclear loci, by combining broad taxon sampling (73 ferns and 12 outgroup species) with focused character sampling (25 loci comprising 35877 bp), along with rigorous alignment, orthology inference and model selection. Key results: Our phylogeny corroborates some earlier inferences and provides novel insights; in particular, we find strong support for Equisetales as sister to the rest of ferns, Marattiales as sister to leptosporangiate ferns, and Dennstaedtiaceae as sister to the eupolypods. Our divergence-time analyses reveal that divergences among the extant fern orders all occurred prior to \u223c200 MYA. Finally, our species-tree inferences are congruent with analyses of concatenated data, but generally with lower support. Those cases where species-tree support values are higher than expected involve relationships that have been supported by smaller plastid datasets, suggesting that deep coalescence may be reducing support from the concatenated nuclear data. Conclusions: Our study demonstrates the utility of a curated phylogenomics approach to inferring fern phylogeny, and highlights the need to consider underlying data characteristics, along with data quantity, in phylogenetic studies.", "keywords": ["Polypodiopsida", "DET1", "nexus", "TPLATE", "pgiC", "transcriptome", "curated phylogenomics", "HEMERA", "GClev", "COP9", "Hsp40", "newick", "R", "tree file", "IBR3", "Polypodiidae", "Equisetum", "transducin", "z-test", "Marattiales", "Sequin", "Codon models", "Python", "incomplete lineage sorting", "Psilotales", "MCD1", "model selection", "t-test", "bootstrap support", "Pteridophyta", "Cryptochrome", "SQD1", "GenBank", "IGPD", "monilophytes", "DUF1077", "voucher table", "Ferns", "ApPEFP", "NDUFS6", "SEF", "Ophioglossales", "gapCp", "divergence time dating", "low-copy nuclear gene", "fern chronogram"], "usageNotes": "<div class=\"o-metadata__file-usage-entry\"><h4 class=\"o-heading__level3-file-title\">MrBayes_configAndResults</h4><div class=\"o-metadata__file-description\">Nexus datafile (alignment), MrBayes commands, and resulting parameter and tree log files.</div><div class=\"o-metadata__file-name\"></div></div><div class=\"o-metadata__file-usage-entry\"><h4 class=\"o-heading__level3-file-title\">alignments_andTrees_v5</h4><div class=\"o-metadata__file-description\">Nexus files (alignments) for each locus, with their corresponding maximum likelihood tree.</div><div class=\"o-metadata__file-name\"></div></div><div class=\"o-metadata__file-usage-entry\"><h4 class=\"o-heading__level3-file-title\">add_genbankNums_toVouchertable</h4><div class=\"o-metadata__file-description\">Python script to extract the genBank numbers from the list supplied by NCBI (in response to a sequin submission) and format them into an accession-by-locus table.</div><div class=\"o-metadata__file-name\"></div></div><div class=\"o-metadata__file-usage-entry\"><h4 class=\"o-heading__level3-file-title\">add_node_numbers_to_tree</h4><div class=\"o-metadata__file-description\">Python script to print a version of an input phylogeny with the nodes annotated with their node number. (So that, e.g., the nodes can be matched to their divergence time estimates, etc.)</div><div class=\"o-metadata__file-name\"></div></div><div class=\"o-metadata__file-usage-entry\"><h4 class=\"o-heading__level3-file-title\">append_metadata_tofasta_forSequin</h4><div class=\"o-metadata__file-description\">A python script that goes through a single-locus alignment and matches each taxon in that alignment with the corresponding metadata, which it adds in a Sequin block to the alignment file. For automating the production of Sequin submission to GenBank in cases where there are many loci, each with different combinations of taxa.</div><div class=\"o-metadata__file-name\"></div></div><div class=\"o-metadata__file-usage-entry\"><h4 class=\"o-heading__level3-file-title\">nexusToNewick</h4><div class=\"o-metadata__file-description\">Python script to convert a bunch of tree files from nexus to newick format.</div><div class=\"o-metadata__file-name\"></div></div><div class=\"o-metadata__file-usage-entry\"><h4 class=\"o-heading__level3-file-title\">summarizing_support</h4><div class=\"o-metadata__file-description\">R script to summarize support values across analyses. Computes average node support, does t- and z-tests to examine whether average support differs across analyses/whether support for particular nodes differs.</div><div class=\"o-metadata__file-name\"></div></div>", "relatedWorks": [{"relationship": "Cites", "identifierType": "DOI", "identifier": "https://doi.org/10.3732/ajb.1500089"}], "versionNumber": 1, "versionStatus": "submitted", "curationStatus": "Published", "publicationDate": "2016-06-24", "lastModificationDate": "2020-06-24", "visibility": "public", "sharingLink": "https://datadryad.org/stash/share/dUyuY6DNQ8iQeY3dXu6g62MtLsw93whLIqRskdXH3Lk", "userId": 5810, "license": "https://creativecommons.org/publicdomain/zero/1.0/"}