{"_links": {"self": {"href": "/api/v2/datasets/doi%3A10.5061%2Fdryad.0vt4b8gv1"}, "stash:versions": {"href": "/api/v2/datasets/doi%3A10.5061%2Fdryad.0vt4b8gv1/versions"}, "stash:version": {"href": "/api/v2/versions/53142"}, "stash:download": {"href": "/api/v2/datasets/doi%3A10.5061%2Fdryad.0vt4b8gv1/download"}, "curies": [{"name": "stash", "href": "https://github.com/CDL-Dryad/stash/blob/main/stash_api/link-relations.md#{rel}", "templated": "true"}]}, "identifier": "doi:10.5061/dryad.0vt4b8gv1", "id": 37379, "storageSize": 4613037, "title": "Local adaptation to biotic interactions:\u00a0a meta-analysis across latitudes", "authors": [{"firstName": "Anna", "lastName": "Hargreaves", "email": "anna.hargreaves@mcgill.ca", "affiliation": "McGill University", "affiliationROR": "https://ror.org/01pxwe438", "orcid": "0000-0001-9680-9696"}, {"firstName": "Rachel", "lastName": "Germain", "email": "rgermain@zoology.ubc.ca", "affiliation": "University of British Columbia", "affiliationROR": "https://ror.org/03rmrcq20"}, {"firstName": "Megan", "lastName": "Bontrager", "email": "mgbontrager@gmail.com", "affiliation": "University of British Columbia", "affiliationROR": "https://ror.org/03rmrcq20", "orcid": "0000-0003-3120-1983"}, {"firstName": "Joshua", "lastName": "Persi", "email": "", "affiliation": "McGill University", "affiliationROR": "https://ror.org/01pxwe438"}, {"firstName": "Amy", "lastName": "Angert", "email": "", "affiliation": "University of British Columbia", "affiliationROR": "https://ror.org/03rmrcq20"}], "abstract": "<p>Adaptation to local conditions can increase species\u2019 geographic distributions and rates of diversification, but which components of the environment commonly drive local adaptation\u2014particularly the importance of biotic interactions\u2014is unclear. Biotic interactions should drive local adaptation when they impose consistent divergent selection; if this is common we expect transplant experiments to detect more frequent and stronger local adaptation when biotic interactions are left intact. We tested this hypothesis using a meta-analysis of transplant experiments from &gt;125 studies (mostly on plants). Overall, local adaptation was common and biotic interactions affected fitness. Nevertheless, local adaptation was neither more common nor stronger when biotic interactions were left intact, either between experimental treatments within studies (control vs. biotic interactions experimentally manipulated) or between studies that used natural vs. biotically-altered transplant environments. However, the effect of ameliorating negative interactions varied with latitude, suggesting that interactions may promote local adaptation more often in tropical vs. temperate ecosystems, though few tropical studies were available to test this. Our results suggest that biotic interactions often fail to drive local adaptation even though they strongly affect fitness, perhaps because temperate biotic environments are unpredictable at the spatiotemporal scales required for local adaptation.</p>\r\n", "funders": [{"organization": "Natural Sciences and Engineering Research Council of Canada", "awardNumber": "Discovery Grant"}, {"organization": "Fonds de Recherche du Qu\u00e9bec - Nature et Technologies", "awardNumber": "Nouveau chercheur"}], "keywords": ["transplant experiments", "common garden experiments", "competition experiments"], "methods": "<p>Data were extracted from primary literature as per description in published article. A large part of the data were originally collected for an article currently in preparation by Bontrager et al.</p>\r\n\r\n<p>Locations have been converted into decimal degrees.</p>\r\n\r\n<p>Composite fitness measures have been calculated.</p>\r\n\r\n<p>All other calculations are done in the associated R script.</p>\r\n", "usageNotes": "<p>Descriptions of each variable/column are given in the associated R script.</p>\r\n\r\n<p>The authors have additional studies in progress using the literature search results \u2013 other researchers are welcome to use the database but we would appreciate being notified if so (anna.hargreaves@mcgill.ca, mgbontrager@gmail.com, angert@mail.ubc.ca)</p>\r\n\r\n<p>For R code for the full phylogenetic analyses email rgermain@zoology.ubc.ca.</p>\r\n", "relatedWorks": [{"relationship": "Cites", "identifierType": "DOI", "identifier": "https://doi.org/10.1086/707323"}], "versionNumber": 2, "versionStatus": "submitted", "curationStatus": "Embargoed", "publicationDate": "2021-01-01", "lastModificationDate": "2020-02-14", "visibility": "public", "sharingLink": "https://datadryad.org/stash/share/q5triOtqhxzqGFd-AkkaRvXM63LWUFUGNy8nzJ-gbVM", "userId": 48899, "license": "https://creativecommons.org/publicdomain/zero/1.0/"}