{"_links": {"self": {"href": "/api/v2/datasets/doi%3A10.5061%2Fdryad.s489b"}, "stash:versions": {"href": "/api/v2/datasets/doi%3A10.5061%2Fdryad.s489b/versions"}, "stash:version": {"href": "/api/v2/versions/10064"}, "stash:download": {"href": "/api/v2/datasets/doi%3A10.5061%2Fdryad.s489b/download"}, "curies": [{"name": "stash", "href": "https://github.com/CDL-Dryad/stash/blob/main/stash_api/link-relations.md#{rel}", "templated": "true"}]}, "identifier": "doi:10.5061/dryad.s489b", "id": 10023, "storageSize": 134320, "title": "Data from: Replicate divergence between and within sounds in a marine fish: the copper rockfish (Sebastes caurinus)", "authors": [{"firstName": "Eric B.", "lastName": "Taylor", "affiliation": "University of British Columbia", "affiliationROR": "https://ror.org/03rmrcq20"}, {"firstName": "Jonathan B.", "lastName": "Shurin", "affiliation": "University of British Columbia", "affiliationROR": "https://ror.org/03rmrcq20"}, {"firstName": "Stefan", "lastName": "Dick", "affiliation": "University of British Columbia", "affiliationROR": "https://ror.org/03rmrcq20"}], "abstract": "The evolution of population structure in marine organisms and its relevance to conservation has recently received increasing attention. We tested the degree of genetic subdivision among ten populations of copper rockfish (Sebastes caurinus) representing paired samples of outer coast and the heads of five replicate sounds on the west coast of Vancouver Island, British Columbia using 17 microsatellite DNA loci. Overall, subdivision (FST) was low (FST = 0.031), but consistently higher between paired coast and head of inlet sites (mean FST = 0.047) compared to among five coast sites (mean FST = -0.001) or among the five head of inlet sites (mean FST = 0.026). Heterozygosity, allelic richness, and estimates of effective population size were also consistently lower in head of inlet sites than in coast sites. Bayesian analysis of population structure identified two genetic groups across all samples, a single genetic group amongst only coast samples, two genetic groups amongst head of inlet samples, and two genetic groups within each sound analysed separately. Head of inlet copper rockfish were also consistently shorter with lower condition factors, and grew more slowly than fish collected from coast sites. Our results implicate coast- head of inlet habitat transitions in driving the evolution of population structure, likely resulting from reduced physical connectivity and selection against immigrants in contrasting environments. Coast sites appear to be well served by existing marine protected areas. By contrast, head of inlet sites may require more specific local conservation measures as they appear to be less well connected to adjacent coast sites as well as to each other.", "keywords": ["Post-Pleistocene", "connectivity", "Sebastes caurinus", "Scorpaenidae", "Fish", "seascape genetics"], "usageNotes": "<div class=\"o-metadata__file-usage-entry\"><h4 class=\"o-heading__level3-file-title\">copperdata</h4><div class=\"o-metadata__file-description\">Microsatellite DNA allele frequencies at 17 loci. Data are in base pairs and in CONVERT format</div><div class=\"o-metadata__file-name\"></div></div>", "locations": [{"place": "West Coast Vancouver Island"}, {"place": "British Columbia"}], "relatedWorks": [{"relationship": "Cites", "identifierType": "DOI", "identifier": "https://doi.org/10.1111/mec.12630"}], "versionNumber": 1, "versionStatus": "submitted", "curationStatus": "Published", "publicationDate": "2013-12-12", "lastModificationDate": "2020-06-30", "visibility": "public", "sharingLink": "https://datadryad.org/stash/share/z_F7hAoAZYxVrNOPVGDNQt-Yg_swQOq43r7rA2OxoAw", "userId": 5534, "license": "https://creativecommons.org/publicdomain/zero/1.0/"}