{"_links": {"self": {"href": "/api/v2/datasets/doi%3A10.5061%2Fdryad.zgmsbcc81"}, "stash:versions": {"href": "/api/v2/datasets/doi%3A10.5061%2Fdryad.zgmsbcc81/versions"}, "stash:version": {"href": "/api/v2/versions/72243"}, "stash:download": {"href": "/api/v2/datasets/doi%3A10.5061%2Fdryad.zgmsbcc81/download"}, "curies": [{"name": "stash", "href": "https://github.com/CDL-Dryad/stash/blob/main/stash_api/link-relations.md#{rel}", "templated": "true"}]}, "identifier": "doi:10.5061/dryad.zgmsbcc81", "id": 48326, "storageSize": 977497, "title": "Data from: Priorities and motivations of marine coastal restoration research ", "authors": [{"firstName": "Elisa", "lastName": "Bayraktarov", "email": "e.bayraktarov@uq.edu.au", "affiliation": "CSIRO Ocean and Atmosphere", "affiliationROR": "https://ror.org/026nh4520", "orcid": "0000-0002-1389-7203"}, {"firstName": "Shantala", "lastName": "Brisbane", "email": "s.brisbane@uq.edu.au", "affiliation": "University of Queensland", "affiliationROR": "https://ror.org/00rqy9422"}, {"firstName": "Phoebe J", "lastName": "Stewart-Sinclair", "email": "p.stewartsinclair@uq.edu.au", "affiliation": "University of Queensland", "affiliationROR": "https://ror.org/00rqy9422", "orcid": "0000-0002-1569-4274"}, {"firstName": "Audrey", "lastName": "Van Herwaarden", "email": "audrey.vanherwaarden@uq.net.au", "affiliation": "University of Queensland", "affiliationROR": "https://ror.org/00rqy9422"}, {"firstName": "Keila", "lastName": "Stark", "email": "keilastark@zoology.ubc.ca", "affiliation": "University of British Columbia", "affiliationROR": "https://ror.org/03rmrcq20", "orcid": "0000-0001-9835-2407"}, {"firstName": "Valerie", "lastName": "Hagger", "email": "v.hagger@uq.edu.au", "affiliation": "University of Queensland", "affiliationROR": "https://ror.org/00rqy9422"}, {"firstName": "Carter S", "lastName": "Smith", "email": "carter.smith@duke.edu", "affiliation": "Duke University", "affiliationROR": "https://ror.org/00py81415"}, {"firstName": "Kerrie A", "lastName": "Wilson", "email": "kerrie.wilson@qut.edu.au", "affiliation": "Queensland University of Technology", "affiliationROR": "https://ror.org/03pnv4752"}, {"firstName": "Catherine E", "lastName": "Lovelock", "email": "c.lovelock@uq.edu.au", "affiliation": "University of Queensland", "affiliationROR": "https://ror.org/00rqy9422"}, {"firstName": "Chris", "lastName": "Gillies", "email": "chris.gillies@tnc.org", "affiliation": "The Nature Conservancy", "affiliationROR": "https://ror.org/00gcd8h55"}, {"firstName": "Andrew D L", "lastName": "Steven", "email": "Andy.Steven@csiro.au", "affiliation": "CSIRO Ocean and Atmosphere", "affiliationROR": "https://ror.org/026nh4520"}, {"firstName": "Megan I", "lastName": "Saunders", "email": "Megan.Saunders@csiro.au", "affiliation": "CSIRO Ocean and Atmosphere", "affiliationROR": "https://ror.org/026nh4520"}], "abstract": "<p>Active restoration is becoming an increasingly important conservation intervention to counteract the degradation of marine coastal ecosystems. <a name=\"_Hlk39173233\">Understanding what has motivated the scientific community to research the restoration of marine coastal ecosystems and how restoration research projects are funded is essential if we want to scale-up restoration interventions to meaningful extents.</a><a name=\"_Hlk39173099\">Here, we systematically review and synthesize data to understand the motivations for research on the restoration of coral reefs, seagrass, mangroves, saltmarsh, and oyster reefs. We base this analysis off a published database of marine restoration studies, originally designed to estimate the cost and feasibility of marine coastal restoration, derived from mostly scientific studies published in peer-reviewed and some grey literature. For the present study, the database was updated with fields aimed at assessing the motivations, outcomes, and funding sources for each project. </a>We classify restoration motivations into five categories: biotic, experimental, idealistic, legislative, and pragmatic. Moreover, we evaluate the variables measured and outcomes reported by the researchers and evaluate whether projects adhered to the Society for Ecological Restoration\u2019s (SER) standards for the practice of ecological restoration. <a name=\"_Hlk39174556\">The most common motivation of the scientific community to study restoration in marine coastal ecosystems was experimental i.e. to seek experimental data to answer ecological research questions or improve restoration approach, as expected since mostly peer-reviewed literature was evaluated here. There were differences in motivations among the five coastal ecosystems. For instance, biodiversity enhancement was the most common case for a biotic motivation in mangrove restoration projects</a>. The most common metrics evaluated were growth/productivity, survivorship, habitat function, physical attributes and reproduction. For most ecosystems, ecological outcomes were frequently reported, with socio-economic implications of the restoration rarely mentioned, except for mangroves. Projects were largely funded by governmental grants with some investment from private donations, non-governmental organizations, and the involvement of volunteers. Our findings and database provide critical data to align future research of the scientific community with the real social, economic and policy needs required to scale-up marine coastal restoration projects.</p>\r\n", "funders": [{"organization": "*", "awardNumber": ""}], "methods": "<p style=\"text-align:justify;margin-top:8px;margin-bottom:16px;\">The database of Bayraktarov <i>et al.</i> (2016) which included publications up to 2014, was expanded for the present study using the following methods: The database was updated to include publications until 2018. This involved a systematic literature search using Web of Science (Core collection; Thomson Reuters, New York, New York, U.S.A.) and Scopus (Elsevier, Atlanta, Georgia, U.S.A.) and the title search terms \u2018(ecosystemA* OR ecosystemB*) AND restor*\u2019, as well as \u2018(ecosystemA * OR ecosystemB*) AND rehab*\u2019. The terms ecosystemA and ecosystemB were used as placeholders for two different words describing the same ecosystem (e.g., coral and coral reef, mangrove and mangal, saltmarsh and salt marsh, shellfish and oyster). For consistency with Bayraktarov <i>et al.</i> (2016), An EndNote (Version X8.1; Thomson Reuters.) search was then performed within the full text using the search terms \u2018(cost* OR feasib* OR surviv*)\u2019. Additional information was gathered by following citations, personal communications, and inspecting diverse restoration databases and webpages. <a name=\"_Hlk40616559\">Reports included in the database were mostly from the published literature but also included some information from webpages and personal communications. English was the primary language in which the restoration projects were described with a few exceptions in Spanish. The updated database consisted of 275 studies of which 64% were scientific papers published in journals and 36% included other reports (e.g. books, book chapters, conference proceedings, reports, webpages, and personal communication).</a></p>\r\n", "usageNotes": "<p>This database represents the core part of the synthesis paper \"<span style=\"font-weight:bold;\"><a name=\"_Hlk39175374\">Priorities and motivations of marine coastal restoration research</a></span>\". It contains information on cost and success of restoration projects worldwide described by the published literature, some grey literature and a few personal communications. This database is an update of the database \"The cost and feasibility of marine coastal restoration\" which captured information on the restoration of coral reefs, seagrass, mangroves, saltmarshes, and oyster reefs until November 2014. The update involves data extracted from the literature published until March 2018, data on motivations to carry out the restoration projects, information on whether the Standards for Ecological Restoration were followed by the projects, the category of the outcome reported and the variables measured to report on the project success. All economic values were updated with the newest data provided by The World Bank (March 2019). The restoration database with sections on coral reefs, seagrass, mangroves, saltmarsh and oyster reefs, contains the full reference, general information about the publication and project, the restoration action undertaken, species involved, location, a description on the type of cost reported, information on funding sources, project duration (in years), the area restored in hectare (ha), the converted restoration cost in 2010 US$ ha-1, feasibility information (including reasons for success or failure), and restoration success in terms of % survival of restored organisms. We accounted for pre-transplant (i.e. survival of coral spat/larvae in culture before rearing them in nursery or out-planting), transplant (i.e. survival of coral fragments during nursery period), post-transplant (i.e. survival of coral fragments after out-planting to the reef) survival as well as for the overall survival averaged over the former three categories for the coral reef section. See \u2018Methods\u2019 of the publication for a detailed database description for a detailed summary of the database information.</p>\r\n", "relatedWorks": [{"relationship": "Cites", "identifierType": "DOI", "identifier": "https://doi.org/10.1111/rec.12977"}, {"relationship": "IsSupplementTo", "identifierType": "DOI", "identifier": "https://doi.org/10.5061/dryad.rc0jn"}], "versionNumber": 4, "versionStatus": "submitted", "curationStatus": "Published", "publicationDate": "2020-07-08", "lastModificationDate": "2020-07-08", "visibility": "public", "sharingLink": "https://datadryad.org/stash/share/MKbsS4eQh7w5RjXK4_wXZJawc-gAvdA_FhGvJk0VlPE", "userId": 57484, "license": "https://creativecommons.org/publicdomain/zero/1.0/"}