{"_links": {"self": {"href": "/api/v2/datasets/doi%3A10.5061%2Fdryad.fm23dq6"}, "stash:versions": {"href": "/api/v2/datasets/doi%3A10.5061%2Fdryad.fm23dq6/versions"}, "stash:version": {"href": "/api/v2/versions/6499"}, "stash:download": {"href": "/api/v2/datasets/doi%3A10.5061%2Fdryad.fm23dq6/download"}, "curies": [{"name": "stash", "href": "https://github.com/CDL-Dryad/stash/blob/main/stash_api/link-relations.md#{rel}", "templated": "true"}]}, "identifier": "doi:10.5061/dryad.fm23dq6", "id": 6463, "storageSize": 287158, "title": "Data from: Herbarium specimens reveal increasing herbivory over the past century", "authors": [{"firstName": "Emily K.", "lastName": "Meineke", "affiliation": "Harvard University", "affiliationROR": "https://ror.org/03vek6s52"}, {"firstName": "Aimee T.", "lastName": "Classen", "affiliation": "University of Vermont", "affiliationROR": "https://ror.org/0155zta11"}, {"firstName": "Nathan J.", "lastName": "Sanders", "affiliation": "University of Vermont", "affiliationROR": "https://ror.org/0155zta11"}, {"firstName": "T. Jonathan", "lastName": "Davies", "affiliation": "University of British Columbia", "affiliationROR": "https://ror.org/03rmrcq20"}], "abstract": "Predicting how ecological interactions will respond to global change is a major challenge. Plants and their associated insect herbivores compose much of macroscopic diversity, yet how their interactions have been altered by recent environmental change remains underexplored.\r\nTo address this gap, we quantified herbivory on herbarium specimens of four plant species with records extending back 112 years. Our study focused on the northeastern US, where temperatures have increased rapidly over the last few decades. This region also represents a range of urban development, a form of global change that has shown variable effects on herbivores in the past studies.\r\nHerbarium specimens collected in the early 2000s were 23% more likely to be damaged by herbivores than those collected in the early 1900s. Herbivory was greater following warmer winters and at low latitudes, suggesting that climate warming may drive increasing insect damage over time. In contrast, human population densities were negatively associated with herbivore damage.\r\nTo explore whether changes in insect occurrence or abundance might explain shifts in herbivory, we used insect observational records to build climate occupancy models for lepidopteran herbivores (butterflies and moths) of our focal plant species.\r\nThese models show that higher winter temperatures were associated with higher probability of insect herbivore presence, while urbanization was associated with reduced probability of herbivore presence, supporting a link between insect herbivore occurrence and herbivory mediated through environment.\r\nSynthesis. Using a temporal record of plant herbivory that spans over a century, we show that both temperature and urbanization influence insect damage to plants, but in very different ways. Our results indicate that damage to plants by insect herbivores will likely continue to increase through time in the northeastern US as global temperatures rise, but that urbanization may disrupt local effects of winter warming on herbivory by excluding certain herbivores. These changes may scale to shape ecosystem processes that are driven by herbivory, including plant productivity.", "funders": [{"organization": "National Science Foundation", "awardNumber": "1611880"}], "keywords": ["Carya ovata", "museum specimen", "global change ecology", "urbanization", "herbarium", "historical data", "Desmodium canadense", "Herbivory", "1896-2008", "Vaccinium angustifolium", "Quercus bicolor"], "usageNotes": "<div class=\"o-metadata__file-usage-entry\"><h4 class=\"o-heading__level3-file-title\">Meinekeetal_2018_JOE_Dryadsubmission</h4><div class=\"o-metadata__file-description\">Each row in this file represents an herbarium specimen. For each specimen, associated herbivory data and climatic metadata are included.</div><div class=\"o-metadata__file-name\">Meinekeetal._DRYAD_JOE_2018.xlsx</br></div></div>", "locations": [{"place": "New England"}], "relatedWorks": [{"relationship": "Cites", "identifierType": "DOI", "identifier": "https://doi.org/10.1111/1365-2745.13057"}], "versionNumber": 1, "versionStatus": "submitted", "curationStatus": "Published", "publicationDate": "2019-08-03", "lastModificationDate": "2020-06-30", "visibility": "public", "sharingLink": "https://datadryad.org/stash/share/Ec5AojRcosYcA7h4hhuPlSJR_8e2bR-4SWR-su7qjEw", "userId": 21189, "license": "https://creativecommons.org/publicdomain/zero/1.0/"}