{"_links": {"self": {"href": "/api/v2/datasets/doi%3A10.5061%2Fdryad.h51jg"}, "stash:versions": {"href": "/api/v2/datasets/doi%3A10.5061%2Fdryad.h51jg/versions"}, "stash:version": {"href": "/api/v2/versions/12736"}, "stash:download": {"href": "/api/v2/datasets/doi%3A10.5061%2Fdryad.h51jg/download"}, "curies": [{"name": "stash", "href": "https://github.com/CDL-Dryad/stash/blob/main/stash_api/link-relations.md#{rel}", "templated": "true"}]}, "identifier": "doi:10.5061/dryad.h51jg", "id": 12689, "storageSize": 85250, "title": "Data from: Mutational effects depend on ploidy level: all else is not equal", "authors": [{"firstName": "Aleeza C.", "lastName": "Gerstein", "affiliation": "University of British Columbia", "affiliationROR": "https://ror.org/03rmrcq20"}], "abstract": "Ploidy is predicted to influence adaptation directly, yet whether single mutations behave the same in different ploidy backgrounds has not been well studied. It has often been assumed theoretically that aside from dominance, selective parameters do not differ between cells of varying ploidy. Using the budding yeast Saccharomyces cerevisiae, I compared the effect size of 20 adaptive mutations in haploids and homozygous diploids and found, surprisingly, that the same mutations often had a much larger effect in haploids than homozygous diploids. This empirical result demonstrates that it cannot be assumed that mutations will have the same effect in haploids and homozygous diploids.", "keywords": ["effect size", "Dose-response", "growth rate", "Saccharomyces cerevisiae"], "usageNotes": "<div class=\"o-metadata__file-usage-entry\"><h4 class=\"o-heading__level3-file-title\">Tolerance parameter estimates from ML</h4><div class=\"o-metadata__file-name\">combined_A_AA_MLc.csv</br></div></div><div class=\"o-metadata__file-usage-entry\"><h4 class=\"o-heading__level3-file-title\">BMN parameters for graphing</h4><div class=\"o-metadata__file-description\">Parameters for data points (colours, position, pch etc.) from Gerstein et al. (Genetics, 2012) dataset.</div><div class=\"o-metadata__file-name\">1207NBMnys_param.csv</br></div></div><div class=\"o-metadata__file-usage-entry\"><h4 class=\"o-heading__level3-file-title\">Tolerance log-likelihood results from ML models</h4><div class=\"o-metadata__file-description\">Results from ML models for the three tolerance parameters (IC50, a50, m).</div><div class=\"o-metadata__file-name\">NysIC50_A_AA_modelsig.csv</br></div></div><div class=\"o-metadata__file-usage-entry\"><h4 class=\"o-heading__level3-file-title\">R code to produce Figure1 (Tolerance data)</h4><div class=\"o-metadata__file-name\">1209 Figure1.R</br></div></div><div class=\"o-metadata__file-usage-entry\"><h4 class=\"o-heading__level3-file-title\">R code to produce Figure2 (Bioscreen data)</h4><div class=\"o-metadata__file-description\">R code for Figure 2. Includes statistical analysis for the bioscreen data.</div><div class=\"o-metadata__file-name\">1207 Figure2_GR.R</br></div></div><div class=\"o-metadata__file-usage-entry\"><h4 class=\"o-heading__level3-file-title\">Bioscreen data</h4><div class=\"o-metadata__file-description\">Growth rate data required to produce Figure 2.</div><div class=\"o-metadata__file-name\">A_AA_rawdata.csv</br></div></div>", "relatedWorks": [{"relationship": "Cites", "identifierType": "DOI", "identifier": "https://doi.org/10.1098/rsbl.2012.0614"}], "versionNumber": 1, "versionStatus": "submitted", "curationStatus": "Published", "publicationDate": "2013-04-09", "lastModificationDate": "2020-06-30", "visibility": "public", "sharingLink": "https://datadryad.org/stash/share/60PBtcTj5O758Pewokvciggl7dPtWQUnAWGA0TBZxww", "userId": 22636, "license": "https://creativecommons.org/publicdomain/zero/1.0/"}