{"_links": {"self": {"href": "/api/v2/datasets/doi%3A10.5061%2Fdryad.487fq3m"}, "stash:versions": {"href": "/api/v2/datasets/doi%3A10.5061%2Fdryad.487fq3m/versions"}, "stash:version": {"href": "/api/v2/versions/9204"}, "stash:download": {"href": "/api/v2/datasets/doi%3A10.5061%2Fdryad.487fq3m/download"}, "curies": [{"name": "stash", "href": "https://github.com/CDL-Dryad/stash/blob/main/stash_api/link-relations.md#{rel}", "templated": "true"}]}, "identifier": "doi:10.5061/dryad.487fq3m", "id": 9163, "storageSize": 157174, "title": "Data from: Relative importance of competition and plant-soil feedback, their synergy, context dependency and implications for coexistence", "authors": [{"firstName": "Ylva", "lastName": "Lekberg", "affiliation": "University of Montana", "affiliationROR": "https://ror.org/0078xmk34"}, {"firstName": "James D.", "lastName": "Bever", "affiliation": "University of Kansas", "affiliationROR": "https://ror.org/001tmjg57"}, {"firstName": "Rebecca A.", "lastName": "Bunn", "affiliation": "Western Washington University", "affiliationROR": "https://ror.org/05wn7r715"}, {"firstName": "Ray M.", "lastName": "Callaway", "affiliation": "Northern Arizona University", "affiliationROR": "https://ror.org/0272j5188"}, {"firstName": "Miranda M.", "lastName": "Hart", "affiliation": "University of British Columbia", "affiliationROR": "https://ror.org/03rmrcq20"}, {"firstName": "Stephanie N.", "lastName": "Kivlin", "affiliation": "University of Tennessee at Knoxville", "affiliationROR": "https://ror.org/020f3ap87"}, {"firstName": "John", "lastName": "Klironomos", "affiliation": "University of British Columbia", "affiliationROR": "https://ror.org/03rmrcq20"}, {"firstName": "Beau G.", "lastName": "Larkin", "affiliation": "Nederlands Instituut voor Ecologie", "affiliationROR": "https://ror.org/01g25jp36"}, {"firstName": "John L.", "lastName": "Maron", "affiliation": "University of Montana", "affiliationROR": "https://ror.org/0078xmk34"}, {"firstName": "Kurt O.", "lastName": "Reinhart", "affiliation": "United States Department of Agriculture", "affiliationROR": "https://ror.org/01na82s61"}, {"firstName": "Michael", "lastName": "Remke", "affiliation": "Northern Arizona University", "affiliationROR": "https://ror.org/0272j5188"}, {"firstName": "Wim H.", "lastName": "van der Putten", "affiliation": "Wageningen University & Research", "affiliationROR": "https://ror.org/04qw24q55"}, {"firstName": "Ragan M.", "lastName": "Callaway", "affiliation": "University of Montana", "affiliationROR": "https://ror.org/0078xmk34"}], "abstract": "Plants interact simultaneously with each other and with soil biota, yet the relative importance of competition versus plant soil feedback (PSF) on plant performance is poorly understood. Using a meta-analysis of 38 published studies and 150 plant species, we show that effects of interspecific competition (either growing plants with a competitor or singly, or comparing inter- vs. intraspecific competition) and PSF (comparing home vs. away soil, live vs. sterile soil, or control vs. fungicide-treated soil) depended on treatments but were predominantly negative, broadly comparable in magnitude, and additive or synergistic. Stronger competitors experienced more negative PSF than weaker competitors when controlling for density (inter- to intraspecific competition), suggesting that PSF could prevent competitive dominance and promote coexistence. When competition was measured against plants growing singly, the strength of competition overwhelmed PSF, indicating that the relative importance of PSF may depend not only on neighbor identity but also density. We evaluate how competition and PSFs might interact across resource gradients; PSF will likely strengthen competitive interactions in high resource environments and enhance facilitative interactions in low resource environments. Finally, we provide a framework for filling key knowledge gaps and advancing our understanding of how these biotic interactions influence community structure.", "usageNotes": "<div class=\"o-metadata__file-usage-entry\"><h4 class=\"o-heading__level3-file-title\">Tables S1_S2</h4><div class=\"o-metadata__file-description\">Table S1 contains all the data necessary to repeat analyses and Table S2 presents results.</div><div class=\"o-metadata__file-name\"></div></div>", "relatedWorks": [{"relationship": "Cites", "identifierType": "DOI", "identifier": "https://doi.org/10.1111/ele.13093"}], "versionNumber": 1, "versionStatus": "submitted", "curationStatus": "Published", "publicationDate": "2019-05-07", "lastModificationDate": "2020-06-24", "visibility": "public", "sharingLink": "https://datadryad.org/stash/share/Z5hn8OHkUGBWSMHJxogp-LIdCmvB6jrv6IEpFY1L7Rk", "userId": 27490, "license": "https://creativecommons.org/publicdomain/zero/1.0/"}