{"_links": {"self": {"href": "/api/v2/datasets/doi%3A10.5061%2Fdryad.n2b3h"}, "stash:versions": {"href": "/api/v2/datasets/doi%3A10.5061%2Fdryad.n2b3h/versions"}, "stash:version": {"href": "/api/v2/versions/21800"}, "stash:download": {"href": "/api/v2/datasets/doi%3A10.5061%2Fdryad.n2b3h/download"}, "curies": [{"name": "stash", "href": "https://github.com/CDL-Dryad/stash/blob/main/stash_api/link-relations.md#{rel}", "templated": "true"}]}, "identifier": "doi:10.5061/dryad.n2b3h", "id": 21736, "storageSize": 5406669, "title": "Data from: A genome-wide phylogeny of jumping spiders (Araneae, Salticidae), using anchored hybrid enrichment", "authors": [{"firstName": "Wayne P.", "lastName": "Maddison", "affiliation": "University of British Columbia", "affiliationROR": "https://ror.org/03rmrcq20"}, {"firstName": "Samuel C.", "lastName": "Evans", "affiliation": "University of British Columbia", "affiliationROR": "https://ror.org/03rmrcq20"}, {"firstName": "Chris A.", "lastName": "Hamilton", "affiliation": "University of Florida", "affiliationROR": "https://ror.org/02y3ad647"}, {"firstName": "Jason E.", "lastName": "Bond", "affiliation": "Auburn University", "affiliationROR": "https://ror.org/02v80fc35"}, {"firstName": "Alan R.", "lastName": "Lemmon", "affiliation": "Florida State University", "affiliationROR": "https://ror.org/05g3dte14"}, {"firstName": "Emily Moriarty", "lastName": "Lemmon", "affiliation": "Florida State University", "affiliationROR": "https://ror.org/05g3dte14"}], "abstract": "We present the first genome-wide molecular phylogeny of jumping spiders (Araneae: Salticidae), inferred from Anchored Hybrid Enrichment (AHE) sequence data. From 12 outgroups plus 34 salticid taxa representing all but one subfamily and most major groups recognized in previous work, we obtained 447 loci totalling 96,946 aligned nucleotide sites. Our analyses using concatenated likelihood, parsimony, and coalescent methods (ASTRAL and SVDQuartets) strongly confirm most previous results, resolving as monophyletic the Spartaeinae, Salticinae (with the hisponines sister), Salticoida, Amycoida, Saltafresia, and Simonida. The agoriines, previously difficult to place beyond subfamily, are finally placed confidently within the saltafresians as relatives of the chrysillines and hasariines. Relationships among the baviines, astioids, marpissoids, and saltafresians remain uncertain, though our analyses tentatively conclude the first three form a clade together. Deep relationships, among the seven subfamilies, appear to be largely resolved, with spartaeines, lyssomanines, and asemoneines forming a clade. In most analyses, Onomastus (representing the onomastines) is strongly supported as sister to the hisponines plus salticines. Overall, the much-improved resolution of many deep relationships despite a relatively sparse taxon sample suggests AHE is a promising technique for salticid phylogenetics.", "keywords": ["salticids", "Jumping spiders", "Dionycha", "systematics"], "usageNotes": "<div class=\"o-metadata__file-usage-entry\"><h4 class=\"o-heading__level3-file-title\">MaddisonEtAl2017-SalticidAHE447-separateMatrices</h4><div class=\"o-metadata__file-description\">NEXUS file of 447 loci (each a separate aligned matrix) for salticid spiders and outgroups.  Data obtained by Anchored Hybrid Enrichment, Spider Probe Set version 2.</div><div class=\"o-metadata__file-name\"></div></div>", "relatedWorks": [{"relationship": "Cites", "identifierType": "DOI", "identifier": "https://doi.org/10.3897/zookeys.695.13852"}], "versionNumber": 1, "versionStatus": "submitted", "curationStatus": "Published", "publicationDate": "2018-08-23", "lastModificationDate": "2020-06-24", "visibility": "public", "sharingLink": "https://datadryad.org/stash/share/zy1BjG5SwTV_ULFCCuJXmTBP8cjX7AdJj5aUbDQFRJQ", "userId": 8726, "license": "https://creativecommons.org/publicdomain/zero/1.0/"}