{"_links": {"self": {"href": "/api/v2/datasets/doi%3A10.5061%2Fdryad.5ds40"}, "stash:versions": {"href": "/api/v2/datasets/doi%3A10.5061%2Fdryad.5ds40/versions"}, "stash:version": {"href": "/api/v2/versions/24723"}, "stash:download": {"href": "/api/v2/datasets/doi%3A10.5061%2Fdryad.5ds40/download"}, "curies": [{"name": "stash", "href": "https://github.com/CDL-Dryad/stash/blob/main/stash_api/link-relations.md#{rel}", "templated": "true"}]}, "identifier": "doi:10.5061/dryad.5ds40", "id": 24651, "storageSize": 8952236, "title": "Data from: Sex uncovered special issue: selective maintenance of recombination between the sex chromosomes", "authors": [{"firstName": "Sally", "lastName": "Otto"}, {"firstName": "Sarah P.", "lastName": "Otto", "affiliation": "University of British Columbia", "affiliationROR": "https://ror.org/03rmrcq20"}], "abstract": "A hallmark of many sex chromosomes is the dramatically reduced rate of recombination between them in the heterogametic sex (e.g., between the X and Y). Sexually antagonistic selection is thought to be the main selective driver of this reduced recombination, with tighter linkage strengthening the association between alleles favourable to females and the X, as well as alleles favourable to males and the Y. Nevertheless, many sex chromosomes retain substantial levels of recombination over millions of years, and some old sex chromosomes remain homomorphic with few signs of recombination suppression and the chromosomal degradation expected to follow. This paper explores the selective factors that can maintain recombination between the sex chromosomes. Specifically, by analysing the dynamics of genes that modify the rate of recombination, I present results demonstrating that certain forms of selection \u2013 all involving overdominance in males \u2013 can positively maintain recombination in the pseudo-autosomal region. To understand these cases, one has to revise our standard view of sexual antagonistic selection as involving two partners (males and females) to three partners (the X in females, the X in males, and the Y).", "usageNotes": "<div class=\"o-metadata__file-usage-entry\"><h4 class=\"o-heading__level3-file-title\">Analysis (Mathematica file)</h4><div class=\"o-metadata__file-description\">Mathematica 8.0 (Wolfram Research,  Inc. 2010) package detailing the recursion equations, analyses, and simulations conducted.</div><div class=\"o-metadata__file-name\">RecModifier.nb</br></div></div><div class=\"o-metadata__file-usage-entry\"><h4 class=\"o-heading__level3-file-title\">Analysis (PDF)</h4><div class=\"o-metadata__file-description\">PDF of a Mathematica 8.0 (Wolfram Research,  Inc. 2010) package detailing the recursion equations, analyses, and simulations conducted.</div><div class=\"o-metadata__file-name\">RecModifier.pdf</br></div></div>", "relatedWorks": [{"relationship": "Cites", "identifierType": "DOI", "identifier": "https://doi.org/10.1111/jeb.12324"}], "versionNumber": 1, "versionStatus": "submitted", "curationStatus": "Published", "publicationDate": "2014-01-28", "lastModificationDate": "2020-06-30", "visibility": "public", "sharingLink": "https://datadryad.org/stash/share/fSrBCGBX21JQjHqI7YvFZCQNUKf2_590ObnPFUjEjBc", "userId": 6894, "license": "https://creativecommons.org/publicdomain/zero/1.0/"}