{"_links": {"self": {"href": "/api/v2/datasets/doi%3A10.5061%2Fdryad.3sr84"}, "stash:versions": {"href": "/api/v2/datasets/doi%3A10.5061%2Fdryad.3sr84/versions"}, "stash:version": {"href": "/api/v2/versions/13861"}, "stash:download": {"href": "/api/v2/datasets/doi%3A10.5061%2Fdryad.3sr84/download"}, "curies": [{"name": "stash", "href": "https://github.com/CDL-Dryad/stash/blob/main/stash_api/link-relations.md#{rel}", "templated": "true"}]}, "identifier": "doi:10.5061/dryad.3sr84", "id": 13809, "storageSize": 70273, "title": "Data from: Evolution of haploid\u2013diploid life cycles when haploid and diploid fitnesses are not equal", "authors": [{"firstName": "Michael F.", "lastName": "Scott", "affiliation": "University of British Columbia", "affiliationROR": "https://ror.org/03rmrcq20"}, {"firstName": "Marie", "lastName": "Rescan", "affiliation": "French National Centre for Scientific Research", "affiliationROR": "https://ror.org/02feahw73"}], "abstract": "Many organisms spend a significant portion of their life cycle as haploids and as diploids (a haploid\u2013diploid life cycle). However, the evolutionary processes that could maintain this sort of life cycle are unclear. Most previous models of ploidy evolution have assumed that the fitness effects of new mutations are equal in haploids and homozygous diploids, however, this equivalency is not supported by empirical data. With different mutational effects, the overall (intrinsic) fitness of a haploid would not be equal to that of a diploid after a series of substitution events. Intrinsic fitness differences between haploids and diploids can also arise directly, for example because diploids tend to have larger cell sizes than haploids. Here, we incorporate intrinsic fitness differences into genetic models for the evolution of time spent in the haploid versus diploid phases, in which ploidy affects whether new mutations are masked. Life-cycle evolution can be affected by intrinsic fitness differences between phases, the masking of mutations, or a combination of both. We find parameter ranges where these two selective forces act and show that the balance between them can favor convergence on a haploid\u2013diploid life cycle, which is not observed in the absence of intrinsic fitness differences.", "keywords": ["life cycle evolution", "alternation of generations", "modifier model", "diplohaplontic", "multilocus simulations"], "usageNotes": "<div class=\"o-metadata__file-usage-entry\"><h4 class=\"o-heading__level3-file-title\">C++ code for the evolution of life cycle in a alternation model</h4><div class=\"o-metadata__file-description\">The program simulates the evolution of the relative length of the haploid and diploid phase in a haploid-diploid population subjected to deleterious mutations.</div><div class=\"o-metadata__file-name\">life_cycles_alternation.zip</br></div><div class=\"o-metadata__file-name\"></div></div>", "relatedWorks": [{"relationship": "Cites", "identifierType": "DOI", "identifier": "https://doi.org/10.1111/evo.13125"}], "versionNumber": 1, "versionStatus": "submitted", "curationStatus": "Published", "publicationDate": "2016-11-04", "lastModificationDate": "2020-06-30", "visibility": "public", "sharingLink": "https://datadryad.org/stash/share/qhtJFwR1boS6LZSli2yTLVUe-esdN53NiGjCD07s4eU", "userId": 15192, "license": "https://creativecommons.org/publicdomain/zero/1.0/"}