{"_links": {"self": {"href": "/api/v2/datasets/doi%3A10.5061%2Fdryad.hg56n"}, "stash:versions": {"href": "/api/v2/datasets/doi%3A10.5061%2Fdryad.hg56n/versions"}, "stash:version": {"href": "/api/v2/versions/21703"}, "stash:download": {"href": "/api/v2/datasets/doi%3A10.5061%2Fdryad.hg56n/download"}, "curies": [{"name": "stash", "href": "https://github.com/CDL-Dryad/stash/blob/main/stash_api/link-relations.md#{rel}", "templated": "true"}]}, "identifier": "doi:10.5061/dryad.hg56n", "id": 21639, "storageSize": 2919803, "title": "Data from: Single cell genomics of uncultured marine alveolates shows paraphyly of basal dinoflagellates", "authors": [{"firstName": "J\u00fcrgen F. H.", "lastName": "Strassert", "affiliation": "University of British Columbia", "affiliationROR": "https://ror.org/03rmrcq20"}, {"firstName": "Anna", "lastName": "Karnkowska", "affiliation": "University of British Columbia", "affiliationROR": "https://ror.org/03rmrcq20"}, {"firstName": "Elisabeth", "lastName": "Hehenberger", "affiliation": "University of British Columbia", "affiliationROR": "https://ror.org/03rmrcq20"}, {"firstName": "Javier", "lastName": "del Campo", "affiliation": "University of British Columbia", "affiliationROR": "https://ror.org/03rmrcq20"}, {"firstName": "Martin", "lastName": "Kolisko", "affiliation": "University of British Columbia", "affiliationROR": "https://ror.org/03rmrcq20"}, {"firstName": "Noriko", "lastName": "Okamoto", "affiliation": "University of British Columbia", "affiliationROR": "https://ror.org/03rmrcq20"}, {"firstName": "Fabien", "lastName": "Burki", "affiliation": "University of British Columbia", "affiliationROR": "https://ror.org/03rmrcq20"}, {"firstName": "Jan", "lastName": "Janou\u0161kovec", "affiliation": "University of British Columbia", "affiliationROR": "https://ror.org/03rmrcq20"}, {"firstName": "Camille", "lastName": "Poirier", "affiliation": "Monterey Bay Aquarium Research Institute", "affiliationROR": "https://ror.org/02nb3aq72"}, {"firstName": "Guy", "lastName": "Leonard", "affiliation": "University of Exeter", "affiliationROR": "https://ror.org/03yghzc09"}, {"firstName": "Steven J.", "lastName": "Hallam", "affiliation": "University of British Columbia", "affiliationROR": "https://ror.org/03rmrcq20"}, {"firstName": "Thomas A.", "lastName": "Richards", "affiliation": "University of Exeter", "affiliationROR": "https://ror.org/03yghzc09"}, {"firstName": "Alexandra Z.", "lastName": "Worden", "affiliation": "Monterey Bay Aquarium Research Institute", "affiliationROR": "https://ror.org/02nb3aq72"}, {"firstName": "Alyson E.", "lastName": "Santoro", "affiliation": "University of California, Santa Barbara", "affiliationROR": "https://ror.org/02t274463"}, {"firstName": "Patrick J.", "lastName": "Keeling", "affiliation": "University of British Columbia", "affiliationROR": "https://ror.org/03rmrcq20"}], "abstract": "Marine alveolates (MALVs) are diverse and widespread early-branching dinoflagellates, but most knowledge of the group comes from a few cultured species that are generally not abundant in natural samples, or from diversity analyses of PCR-based environmental SSU rRNA gene sequences. To more broadly examine MALV genomes, we generated single cell genome sequences from seven individually isolated cells. Genes expected of heterotrophic eukaryotes were found, with interesting exceptions like presence of proteorhodopsin and vacuolar H+-pyrophosphatase. Phylogenetic analysis of concatenated SSU and LSU rRNA gene sequences provided strong support for the paraphyly of MALV lineages. Dinoflagellate viral nucleoproteins were found only in MALV groups that branched as sister to dinokaryotes. Our findings indicate that multiple independent origins of several characteristics early in dinoflagellate evolution, such as a parasitic life style, underlie the environmental diversity of MALVs, and suggest they have more varied trophic modes than previously thought.", "usageNotes": "<div class=\"o-metadata__file-usage-entry\"><h4 class=\"o-heading__level3-file-title\">MALV contigs</h4><div class=\"o-metadata__file-description\">Contigs of seven Marine Alveolate (MALV) cells in FASTA format. Contigs were generated using SPAdes assembler; contaminating sequences were removed as described in the publication.</div><div class=\"o-metadata__file-name\">MALV_contigs.zip</br></div></div>", "relatedWorks": [{"relationship": "Cites", "identifierType": "DOI", "identifier": "https://doi.org/10.1038/ismej.2017.167"}], "versionNumber": 1, "versionStatus": "submitted", "curationStatus": "Published", "publicationDate": "2018-07-17", "lastModificationDate": "2020-06-24", "visibility": "public", "sharingLink": "https://datadryad.org/stash/share/V2JEhEINmzHMHtk0kxdXQ9lqss4_TM8Hn10gJijY-1w", "userId": 42287, "license": "https://creativecommons.org/publicdomain/zero/1.0/"}