{"_links": {"self": {"href": "/api/v2/datasets/doi%3A10.5061%2Fdryad.2fqz612m1"}, "stash:versions": {"href": "/api/v2/datasets/doi%3A10.5061%2Fdryad.2fqz612m1/versions"}, "stash:version": {"href": "/api/v2/versions/58129"}, "stash:download": {"href": "/api/v2/datasets/doi%3A10.5061%2Fdryad.2fqz612m1/download"}, "curies": [{"name": "stash", "href": "https://github.com/CDL-Dryad/stash/blob/main/stash_api/link-relations.md#{rel}", "templated": "true"}]}, "identifier": "doi:10.5061/dryad.2fqz612m1", "id": 44212, "storageSize": 710100226, "title": "Changes in soil fungal communities following anthropogenic disturbance are linked to decreased lodgepole pine seedling performance", "authors": [{"firstName": "Jackson", "lastName": "Beck", "email": "jlbeck@ualberta.ca", "affiliation": "University of Alberta", "affiliationROR": "https://ror.org/0160cpw27", "orcid": "0000-0002-6933-2623"}, {"firstName": "Jon", "lastName": "Cale", "email": "", "affiliation": "University of Alberta", "affiliationROR": "https://ror.org/0160cpw27"}, {"firstName": "Jean", "lastName": "Rodriguez-Ramos", "email": "", "affiliation": "University of Alberta", "affiliationROR": "https://ror.org/0160cpw27"}, {"firstName": "Sanat", "lastName": "Kanekar", "email": "", "affiliation": "University of Alberta", "affiliationROR": "https://ror.org/0160cpw27"}, {"firstName": "Justine", "lastName": "Karst", "email": "", "affiliation": "University of Alberta", "affiliationROR": "https://ror.org/0160cpw27"}, {"firstName": "James", "lastName": "Cahill", "email": "", "affiliation": "University of Alberta", "affiliationROR": "https://ror.org/0160cpw27"}, {"firstName": "Suzanne", "lastName": "Simard", "email": "", "affiliation": "University of British Columbia", "affiliationROR": "https://ror.org/03rmrcq20"}, {"firstName": "Nadir", "lastName": "Erbilgin", "email": "", "affiliation": "University of Alberta", "affiliationROR": "https://ror.org/0160cpw27"}], "abstract": "<p>Summary 1. Disturbances are frequent events across the Canadian boreal forest and can affect both below and above ground ecosystem processes. How disturbances change belowground soil fungal communities and in-turn affect pine establishment and performance is poorly understood. Such understanding has become increasingly important in-light-of observed changes in disturbance regimes in recent years due to climate change. 2. We used a greenhouse experiment to determine how soil inoculum collected from lodgepole pine stands undisturbed (control) or disturbed by fire, mountain pine beetle outbreak, logging, and salvage-logging affect pine seedling performance in western Canada. We first characterized whether fungal communities of seedling roots change as a function of inoculum source, and then determined whether changes in fungal community composition impact pine seedling performance (biomass and height). 3. Root fungal communities of pine seedlings from logged and salvage-logged disturbances differed from their respective paired controls, while soils from natural disturbances (fire and beetle outbreak) did not. Among disturbances, the pine root fungal communities of fire and salvage-logged disturbances differed. 4. In parallel to the root fungal communities, seedling performance also decreased when comparing logging and salvage-logging disturbances to paired controls. Among disturbance treatments, seedlings from the salvage-logged disturbance did not grow as big as seedlings inoculated with soils from burned forests. Synthesis and Application. These findings indicate that anthropogenic disturbances (logging and salvage-logging) can have cross-generational impacts on pine seedling performance, through functional shifts in seedling root fungal community structure. Furthermore, the impacts of soil fungi on pine seedlings appear to be pronounced following salvage-logging, stressing the importance of compound disturbance events. These findings may be of importance to land managers considering clear-cut logging or salvage logging in pine forests, particularly where soil biotic communities are likely to be one of the predominate factors in pine establishment.</p>\r\n", "keywords": ["Compound disturbance", "Denroctonus ponderosae", "Pinus contorta", "regeneration", "wildfire", "restoration", "seedling root fungal communities", "Natural disturbance", "Anthropogenic disturbance"], "versionNumber": 1, "versionStatus": "submitted", "curationStatus": "Published", "publicationDate": "2020-04-01", "lastModificationDate": "2020-04-01", "visibility": "public", "sharingLink": "https://datadryad.org/stash/share/RmVgniVvIOeivydal75lzyspQEI5YX6iRrE0jisMn-g", "userId": 54323, "license": "https://creativecommons.org/publicdomain/zero/1.0/"}