{"_links": {"self": {"href": "/api/v2/datasets/doi%3A10.5061%2Fdryad.2qf2f"}, "stash:versions": {"href": "/api/v2/datasets/doi%3A10.5061%2Fdryad.2qf2f/versions"}, "stash:version": {"href": "/api/v2/versions/4318"}, "stash:download": {"href": "/api/v2/datasets/doi%3A10.5061%2Fdryad.2qf2f/download"}, "curies": [{"name": "stash", "href": "https://github.com/CDL-Dryad/stash/blob/main/stash_api/link-relations.md#{rel}", "templated": "true"}]}, "identifier": "doi:10.5061/dryad.2qf2f", "id": 4295, "storageSize": 535397, "title": "Data from: The maintenance of obligate sex in finite, structured populations subject to recurrent beneficial and deleterious mutation", "authors": [{"firstName": "Matthew", "lastName": "Hartfield", "affiliation": "French National Centre for Scientific Research", "affiliationROR": "https://ror.org/02feahw73"}, {"firstName": "Sarah P.", "lastName": "Otto", "affiliation": "University of British Columbia", "affiliationROR": "https://ror.org/03rmrcq20"}, {"firstName": "Peter David", "lastName": "Keightley", "affiliation": "University of Edinburgh", "affiliationROR": "https://ror.org/01nrxwf90"}], "abstract": "Although there is no known general explanation as to why sexual populations resist asexual invasion, previous work has shown that sexuals can outcompete asexuals in structured populations. However, it is currently unknown whether costly sex can be maintained with the weak structure that is commonly observed in nature. We investigate the conditions under which obligate sexuals resist asexual invasion in structured populations subject to recurrent mutation. We determine the level of population structure needed to disfavour asexuals, as calculated using the average Fst between all pairs of demes. We show that the critical Fst needed to maintain sex decreases as the population size increases, and approaches modest levels as observed in many natural populations. Sex is maintained with lower Fst if there are both advantageous and deleterious mutation, if mutation rates are sufficiently high, and if deleterious mutants have intermediate selective strengths, which maximises the effect of Muller's Ratchet. Additionally, the critical Fst needed to maintain sex is lower when there are a large number of subpopulations. Lower Fst values are needed to maintain sex when demes vary substantially in their pairwise distances (e.g., when arrayed along one dimension), although this effect is often modest, especially if some long-distance dispersal is present.", "keywords": ["Hill-Robertson effects", "Sex", "population genetics", "Models/Simulations", "Muller's Ratchet"], "usageNotes": "<div class=\"o-metadata__file-usage-entry\"><h4 class=\"o-heading__level3-file-title\">Simulation files as used in paper</h4><div class=\"o-metadata__file-description\">README.TXT FOR SIMULATION FILES: These files are the source code for the one-dimensional and two-dimensional population simulations used in the Hartfield et al 2012 paper \"The maintenance of obligate sex in finite, structured populations subject to recurrent beneficial and deleterious mutation\". Simulations are written in C and need to be compiled prior to execution. See blurb at start of each program for description and how to execute. Please also note that simulations use routines that are part of the GNU Scientific Library (GSL). Since GSL is distributed under the GNU General Public License(http://www.gnu.org/copyleft/gpl.html), you must download it separately from these files. Note that we have also uploaded a Mathematica file, outlining the study into obtaining confidence intervals, as described in the manuscript. Comments should be sent to Matthew Hartfield (matthew.hartfield@ird.fr)</div><div class=\"o-metadata__file-name\">Hartfield_etal_2012_sims.zip</br></div><div class=\"o-metadata__file-name\"></div></div>", "relatedWorks": [{"relationship": "Cites", "identifierType": "DOI", "identifier": "https://doi.org/10.1111/j.1558-5646.2012.01733.x"}], "versionNumber": 1, "versionStatus": "submitted", "curationStatus": "Published", "publicationDate": "2012-06-14", "lastModificationDate": "2020-06-24", "visibility": "public", "sharingLink": "https://datadryad.org/stash/share/2z-HsIRFrCU55o8XISiU1r1DWtflD92W2I7VSq6PD0s", "userId": 467, "license": "https://creativecommons.org/publicdomain/zero/1.0/"}