{"_links": {"self": {"href": "/api/v2/datasets/doi%3A10.5061%2Fdryad.nh035"}, "stash:versions": {"href": "/api/v2/datasets/doi%3A10.5061%2Fdryad.nh035/versions"}, "stash:version": {"href": "/api/v2/versions/20333"}, "stash:download": {"href": "/api/v2/datasets/doi%3A10.5061%2Fdryad.nh035/download"}, "curies": [{"name": "stash", "href": "https://github.com/CDL-Dryad/stash/blob/main/stash_api/link-relations.md#{rel}", "templated": "true"}]}, "identifier": "doi:10.5061/dryad.nh035", "id": 20269, "storageSize": 2833812, "title": "Data from: A compendium of geochemical information from the Saanich Inlet water column", "authors": [{"firstName": "Monica", "lastName": "Torres Beltran", "affiliation": "University of British Columbia", "affiliationROR": "https://ror.org/03rmrcq20"}, {"firstName": "Alyse K.", "lastName": "Hawley", "affiliation": "University of British Columbia", "affiliationROR": "https://ror.org/03rmrcq20"}, {"firstName": "David", "lastName": "Capelle", "affiliation": "University of British Columbia", "affiliationROR": "https://ror.org/03rmrcq20"}, {"firstName": "Elena", "lastName": "Zaikova", "affiliation": "Georgetown University", "affiliationROR": "https://ror.org/05vzafd60"}, {"firstName": "David A.", "lastName": "Walsh", "affiliation": "Concordia University", "affiliationROR": "https://ror.org/0420zvk78"}, {"firstName": "Andreas", "lastName": "Mueller", "affiliation": "University of British Columbia", "affiliationROR": "https://ror.org/03rmrcq20"}, {"firstName": "Melanie", "lastName": "Scofield", "affiliation": "University of British Columbia", "affiliationROR": "https://ror.org/03rmrcq20"}, {"firstName": "Sam", "lastName": "Kheirandish", "affiliation": "University of British Columbia", "affiliationROR": "https://ror.org/03rmrcq20"}, {"firstName": "Chris", "lastName": "Payne", "affiliation": "University of British Columbia", "affiliationROR": "https://ror.org/03rmrcq20"}, {"firstName": "Larysa", "lastName": "Pakhomova", "affiliation": "University of British Columbia", "affiliationROR": "https://ror.org/03rmrcq20"}, {"firstName": "Maya P.", "lastName": "Bhatia", "affiliation": "University of British Columbia", "affiliationROR": "https://ror.org/03rmrcq20"}, {"firstName": "Olena", "lastName": "Shevchuk", "affiliation": "University of British Columbia", "affiliationROR": "https://ror.org/03rmrcq20"}, {"firstName": "Esther A.", "lastName": "Gies", "affiliation": "University of British Columbia", "affiliationROR": "https://ror.org/03rmrcq20"}, {"firstName": "Diane K.", "lastName": "Fairley", "affiliation": "University of British Columbia", "affiliationROR": "https://ror.org/03rmrcq20"}, {"firstName": "Frank A.", "lastName": "Whitney", "affiliation": "Fisheries and Oceans Canada", "affiliationROR": "https://ror.org/02qa1x782"}, {"firstName": "Philippe D.", "lastName": "Tortell", "affiliation": "University of British Columbia", "affiliationROR": "https://ror.org/03rmrcq20"}, {"firstName": "Steven J.", "lastName": "Hallam", "affiliation": "University of British Columbia", "affiliationROR": "https://ror.org/03rmrcq20"}], "abstract": "Marine oxygen minimum zones (OMZs) are widespread and naturally occurring water column features that constitute ~7% of global ocean volume, but contribute disproportionately to biogeochemical cycling of carbon, nitrogen and climate active trace gases such as nitrous oxide and methane. Climate change compounded by other human activities is causing OMZ expansion.  While microbial communities are the primary engines driving biogeochemical cycles in OMZs, our current understanding of microbial community metabolism is hindered by a lack of time-series observations charting responses to changing water column oxygen-deficiency. Saanich Inlet, a seasonally anoxic fjord on the coast of Vancouver Island British Columbia is a model ecosystem for monitoring microbial community structure, function and dynamics in relation to changing levels of water column oxygen-deficiency extensible to coastal and open ocean OMZs. Here, we present nine years of monthly time series observations in Saanich Inlet encompassing water column chemistry and environmental sequence information. This compendium provides a unique ecological and biogeochemical framework for comparative community analysis and modelling efforts in OMZs throughout the global ocean.", "keywords": ["climate active trace gases", "2008 to 2014", "marine microbial ecology", "environmental genomics", "metagenomics", "oxygen minimum zones", "biogeochemistry", "oceanographic time-series", "2006 to 2014", "1953 to 2007"], "usageNotes": "<div class=\"o-metadata__file-usage-entry\"><h4 class=\"o-heading__level3-file-title\">Saanich_TimeSeries_Chemical</h4><div class=\"o-metadata__file-description\">Chemical bottle data collected from Station S3 (-123.505, 48.59166667) in Saanich Inlet, BC, Canada. This data includes unique geographical coordinates for sampling station (Decimal degrees), Numerical identifier of individual cruises (Numeric string), Date of cruise (YY-MM-DD), Sampling depth (Meters), Oxygen concentration calculated from CTD SBE (Micromolar), Phosphate (Bran Luebbe AutoAnalyser - colorimetric) (Micromolar), Silicate (Bran Luebbe AutoAnalyser - colorimetric) (Micromolar), Nitrate (Bran Luebbe AutoAnalyser - colorimetric) (Micromolar), Average Ammonium (fluorometric) (Micromolar), Average Nitrite (colorimetric) (Micromolar), Average Hydrogen sulfide (colorimetric) (Micromolar), Cell counts value quantified by flow cytometry (Number of cells per millilitre (cells/mL)), Average concentration of Nitrogen gas (headspace) (Micromolar), Standard deviation for Nitrogen gas, Average concentration of Oxygen (headspace) (Micromolar), Standard deviation for Oxygen, Average concentration of Carbon dioxide (headspace) (Micromolar), Standard deviation for Carbon dioxide, Average concentration of Nitrous oxide (headspace or automated purge-and-trap) (Micromolar), Standard deviation for Nitrous oxide, Average concentration of Methane (headspace or automated purge-and-trap) (Nanomolar), Standard deviation for Methane. For detailed description of methods see manuscript.</div><div class=\"o-metadata__file-name\"></div><div class=\"o-metadata__file-name\"></div></div><div class=\"o-metadata__file-usage-entry\"><h4 class=\"o-heading__level3-file-title\">Saanich_TimeSeries_CTD_DATA</h4><div class=\"o-metadata__file-description\">CTD data from Station S3 in Saanich Inlet. This data includes unique geographical coordinates for sampling station (Decimal degrees), Numerical identifier of individual cruises (Numeric string), Date of cruise (YY-MM-DD), CTD pressure measurement in intervals of 1 meter (Decibars), CTD temperature (Celsius degrees), CTD conductivity (Millisiemens per centimetre), CTD fluorometer chlorophyll measurement (Chlorophyll concentration in milligram per cubic meter), CTD transmissometer measurement (Light transmission), CTD Photosintentically active radiation (PAR) measurement (Irradiance), CTD Dissolved oxygen sensor measurement (SBE) (Volts), Oxygen concentration based on CTD Oxygen SBE (Micromolar), CTD salinity measurement at each pressure point (Practical salinity unit), CTD density measurement at each pressure point (Sigma-theta). For detailed description on methods see manuscript.</div><div class=\"o-metadata__file-name\"></div><div class=\"o-metadata__file-name\"></div></div><div class=\"o-metadata__file-usage-entry\"><h4 class=\"o-heading__level3-file-title\">Saanich_TimeSeries_Historical_O2_DATA</h4><div class=\"o-metadata__file-description\">Historical dissolved oxygen winkler measurements at Station S3 in Saanich Inlet from 1953 to 2007. This data includes, geographical coordinates, date (year and month), depth (meters), temperature (celcius degrees), salinity (PSU), density (sigma-theta), oxygen (milliliter per liter and micromolar). For detailed methods see the manuscript.</div><div class=\"o-metadata__file-name\">Saanich_TimeSeries_HistoricalO2_DATA.csv</br></div><div class=\"o-metadata__file-name\"></div></div><div class=\"o-metadata__file-usage-entry\"><h4 class=\"o-heading__level3-file-title\">Saanich_TimeSeries_Winkler_DATA</h4><div class=\"o-metadata__file-description\">Dissolved oxygen winkler measurements at Station S3 in Saanich Inlet from 2008-2014. This data includes unique geographical coordinates, date (year and month), depth (meters) and oxygen concentration (micromolar). See manuscript for detailed methods.</div><div class=\"o-metadata__file-name\"></div><div class=\"o-metadata__file-name\"></div></div>", "locations": [{"place": "Saanich Inlet British Columbia Canada"}], "relatedWorks": [{"relationship": "Cites", "identifierType": "DOI", "identifier": "https://doi.org/10.1038/sdata.2017.159"}], "versionNumber": 1, "versionStatus": "submitted", "curationStatus": "Published", "publicationDate": "2018-10-04", "lastModificationDate": "2020-06-24", "visibility": "public", "sharingLink": "https://datadryad.org/stash/share/JGdDAb8-zvzhAZqvkTBTIyBSiGnlO7rVks63YA-12fk", "userId": 20596, "license": "https://creativecommons.org/publicdomain/zero/1.0/"}