{"_links": {"self": {"href": "/api/v2/datasets/doi%3A10.5061%2Fdryad.1s07jr8"}, "stash:versions": {"href": "/api/v2/datasets/doi%3A10.5061%2Fdryad.1s07jr8/versions"}, "stash:version": {"href": "/api/v2/versions/19939"}, "stash:download": {"href": "/api/v2/datasets/doi%3A10.5061%2Fdryad.1s07jr8/download"}, "curies": [{"name": "stash", "href": "https://github.com/CDL-Dryad/stash/blob/main/stash_api/link-relations.md#{rel}", "templated": "true"}]}, "identifier": "doi:10.5061/dryad.1s07jr8", "id": 19875, "storageSize": 63793, "title": "Data from: Taxonomic and phylogenetic diversity of vascular plants at Ma\u2019anling volcano urban park in tropical Haikou, China: Reponses to soil properties", "authors": [{"firstName": "Xia-Lan", "lastName": "Cheng", "affiliation": "Hainan University", "affiliationROR": "https://ror.org/03q648j11"}, {"firstName": "Lang-Xing", "lastName": "Yuan", "affiliation": "Hainan University", "affiliationROR": "https://ror.org/03q648j11"}, {"firstName": "Mir Mohammad", "lastName": "Nizamani", "affiliation": "Hainan University", "affiliationROR": "https://ror.org/03q648j11"}, {"firstName": "Zhi-Xin", "lastName": "Zhu", "affiliation": "Hainan University", "affiliationROR": "https://ror.org/03q648j11"}, {"firstName": "Cynthia Ross", "lastName": "Friedman", "affiliation": "University of British Columbia", "affiliationROR": "https://ror.org/03rmrcq20"}, {"firstName": "Huafeng", "lastName": "Wang"}, {"firstName": "Hua-Feng", "lastName": "Wang", "affiliation": "Hainan University", "affiliationROR": "https://ror.org/03q648j11"}], "abstract": "Anthropogenic processes and socio-economic factors play important roles in shaping plant diversity in urban parks. To investigate how plant diversity of Ma\u2019 anling urban volcano park in Hainan Province, China respond to these factors, we carried out a field investigation on the taxonomic and phylogenetic diversity of vascular plants and soil properties in this area. We found 284 species of vascular plants belonging to 88 families and 241 genera, which included 194 native species, 23 invasive species, 31 naturalized species, 40 cultivars, and 4 rare / endangered plant species. Tree composition and richness significantly varied between different vegetation formations (plantation, secondary forest, and abandoned land). Plant species richness and community composition were significantly affected by elevation (El), soil water content (WC), total soil nitrogen (TN) and soil organic matter (SOM). There were significant diversity differences between plantations and abandoned lands, but not between the plantations and secondary forests. The flora in the study site was tropical in nature, characterized by pantropic distributions. Compared to adjacent areas, floristic composition in the study site was most similar to that of Guangdong, followed by that of Vietnam. Our study revealed the diversity patterns of volcanic plants and provided the basis for future planning of plant conservation, such as preserving plant species, maintaining plant habitats, and coordinating plant management in this region.", "keywords": ["phylogenetic analysis", "species diversity", "Forests", "invasive species", "phylogenetics", "Volcanoes", "vascular plants"], "usageNotes": "<div class=\"o-metadata__file-usage-entry\"><h4 class=\"o-heading__level3-file-title\">Table S1 List of vascular plants in Ma'anling volcano area, Haikou, Hainan province.</h4><div class=\"o-metadata__file-name\"></div></div><div class=\"o-metadata__file-usage-entry\"><h4 class=\"o-heading__level3-file-title\">Table S2 The list of physio-chemical properties of soil in Ma\u2019anling volcano area of Haikou, China</h4><div class=\"o-metadata__file-name\"></div></div>", "relatedWorks": [{"relationship": "Cites", "identifierType": "DOI", "identifier": "https://doi.org/10.1371/journal.pone.0198517"}], "versionNumber": 1, "versionStatus": "submitted", "curationStatus": "Published", "publicationDate": "2019-05-29", "lastModificationDate": "2020-06-24", "visibility": "public", "sharingLink": "https://datadryad.org/stash/share/UOGdRvGQsSOGHxuuEs-BLoZXtQxrks1SroedQUMu3TQ", "userId": 28785, "license": "https://creativecommons.org/publicdomain/zero/1.0/"}