{"_links": {"self": {"href": "/api/v2/datasets/doi%3A10.5061%2Fdryad.3r651"}, "stash:versions": {"href": "/api/v2/datasets/doi%3A10.5061%2Fdryad.3r651/versions"}, "stash:version": {"href": "/api/v2/versions/2032"}, "stash:download": {"href": "/api/v2/datasets/doi%3A10.5061%2Fdryad.3r651/download"}, "curies": [{"name": "stash", "href": "https://github.com/CDL-Dryad/stash/blob/main/stash_api/link-relations.md#{rel}", "templated": "true"}]}, "identifier": "doi:10.5061/dryad.3r651", "id": 2025, "storageSize": 5495660108, "title": "Data from: Evaluating methods for estimating local effective population size with and without migration", "authors": [{"firstName": "Kimberly Julie", "lastName": "Gilbert", "affiliation": "University of British Columbia", "affiliationROR": "https://ror.org/03rmrcq20"}, {"firstName": "Michael C.", "lastName": "Whitlock", "affiliation": "University of British Columbia", "affiliationROR": "https://ror.org/03rmrcq20"}], "abstract": "Effective population size is a fundamental parameter in population genetics, evolutionary biology and conservation biology, yet its estimation can be fraught with difficulties. Several methods to estimate Ne from genetic data have been developed which take advantage of various approaches for inferring Ne. The ability of these methods to accurately estimate Ne, however, has not been comprehensively examined. In this study, we employ seven of the most cited methods for estimating Ne from genetic data (Colony2, CoNe, Estim, MLNe, ONeSAMP, TMVP, and NeEstimator including LDNe) across simulated datasets with populations experiencing migration or no migration. The simulated population demographies are an isolated population with no immigration, an island model metapopulation with a sink population receiving immigrants, and an isolation by distance stepping stone model of populations. We find considerable variance in performance of these methods, both within and across demographic scenarios, with some methods performing very poorly. The most accurate estimates of Ne can be obtained by using LDNe, MLNe, or TMVP; however each of these approaches is outperformed by another in a differing demographic scenario. Knowledge of the approximate demography of population as well as the availability of temporal data largely improves Ne estimates.", "keywords": ["genetic drift", "gene flow", "population genetics", "effective population size"], "usageNotes": "<div class=\"o-metadata__file-usage-entry\"><h4 class=\"o-heading__level3-file-title\">Ne500_IdealRawPopulationFiles</h4><div class=\"o-metadata__file-description\">These are the \"true\" population files for ideal (isolation) populations of size 500 simulated from Nemo. They contain all individuals and many extra loci, from which these were sampled to obtain the inputs used in analyses (see Program_InputFiles). Temporal samplers used two time points, from which the files here are identified as belonging to generation 0 or generation 1.</div><div class=\"o-metadata__file-name\">Ideal500_Raw.zip</br></div></div><div class=\"o-metadata__file-usage-entry\"><h4 class=\"o-heading__level3-file-title\">Ne5000_IdealRawPopulationFiles</h4><div class=\"o-metadata__file-description\">These are the \"true\" population files for ideal (isolation) populations of size 5000 simulated from Nemo. They contain all individuals and many extra loci, from which these were sampled to obtain the inputs used in analyses (see Program_InputFiles). Temporal samplers used two time points, from which the files here are identified as belonging to generation 0 or generation 1.</div><div class=\"o-metadata__file-name\">Ideal5000_Raw.zip</br></div></div><div class=\"o-metadata__file-usage-entry\"><h4 class=\"o-heading__level3-file-title\">Ne50_Generation0_IdealRawPopulationFiles</h4><div class=\"o-metadata__file-description\">These are the \"true\" population files for ideal (isolation) populations of size 50 simulated from Nemo. They contain all individuals and many extra loci, from which these were sampled to obtain the inputs used in analyses (see Program_InputFiles). Temporal samplers used two time points, from which the files here are identified as belonging to generation 0 or generation 1.</div><div class=\"o-metadata__file-name\">Ideal50_Gen0.zip</br></div></div><div class=\"o-metadata__file-usage-entry\"><h4 class=\"o-heading__level3-file-title\">Ne50_Generation1_IdealRawPopulationFiles</h4><div class=\"o-metadata__file-description\">These are the \"true\" population files for ideal (isolation) populations of size 50 simulated from Nemo. They contain all individuals and many extra loci, from which these were sampled to obtain the inputs used in analyses (see Program_InputFiles). Temporal samplers used two time points, from which the files here are identified as belonging to generation 0 or generation 1.</div><div class=\"o-metadata__file-name\">Ideal50_Gen1.zip</br></div></div><div class=\"o-metadata__file-usage-entry\"><h4 class=\"o-heading__level3-file-title\">EstimationPrograms_FormattedInputFiles</h4><div class=\"o-metadata__file-description\">See the ReadMe for further details. These are the input files formatted for each analysis program and are the population samples under analysis.</div><div class=\"o-metadata__file-name\">Program_InputFiles.zip</br></div><div class=\"o-metadata__file-name\"></div></div><div class=\"o-metadata__file-usage-entry\"><h4 class=\"o-heading__level3-file-title\">ProgramOutputFilesFor_Colony_Estim_MLNe_NeEstimator_ONeSamp_TMVP</h4><div class=\"o-metadata__file-description\">These are the Ne estimates output by the various programs. See the readme for file naming conventions. Because of their large size, CoNe output files are stored separately.</div><div class=\"o-metadata__file-name\">Colony_Estim_MLNe_NeEstimator_ONeSamp_TMVP_OutputFiles.zip</br></div><div class=\"o-metadata__file-name\"></div></div><div class=\"o-metadata__file-usage-entry\"><h4 class=\"o-heading__level3-file-title\">CoNe_Ideal_OutputFiles</h4><div class=\"o-metadata__file-description\">These are outputs for Cone Ideal (isolation) population cases. See the Readme for file naming conventions.</div><div class=\"o-metadata__file-name\"></div><div class=\"o-metadata__file-name\"></div></div><div class=\"o-metadata__file-usage-entry\"><h4 class=\"o-heading__level3-file-title\">CoNe_Mig50_OutputFiles</h4><div class=\"o-metadata__file-description\">CoNe Ne estimation output files for Migration scenarios with true Ne = 50. See the same readme for other input/output files for naming conventions.</div><div class=\"o-metadata__file-name\"></div></div><div class=\"o-metadata__file-usage-entry\"><h4 class=\"o-heading__level3-file-title\">CoNe_Mig500_OutputFiles</h4><div class=\"o-metadata__file-description\">CoNe Ne estimation output files for Migration scenarios with true Ne = 500. See the same readme for other input/output files for naming conventions.</div><div class=\"o-metadata__file-name\"></div></div><div class=\"o-metadata__file-usage-entry\"><h4 class=\"o-heading__level3-file-title\">CoNe_IBD50_OutputFiles</h4><div class=\"o-metadata__file-description\">CoNe Ne estimation output files for IBD scenarios with true Ne = 50. See the same readme for other input/output files for naming conventions.</div><div class=\"o-metadata__file-name\"></div></div><div class=\"o-metadata__file-usage-entry\"><h4 class=\"o-heading__level3-file-title\">CoNe_IBD500_OutputFiles</h4><div class=\"o-metadata__file-description\">CoNe Ne estimation output files for IBD scenarios with true Ne = 500. See the same readme for other input/output files for naming conventions.</div><div class=\"o-metadata__file-name\"></div></div><div class=\"o-metadata__file-usage-entry\"><h4 class=\"o-heading__level3-file-title\">ParamFiles_ConversionAndAnalysisScripts</h4><div class=\"o-metadata__file-description\">See the Readme files contained within each subfolder. These are the input files used for nemo simulations (Migration and IBD raw simulation files were >80GB in size when compressed, and may be requested from KJ Gilbert). Otherwise, these input files contain the parameters used in Nemo v2.2.0 to create the raw population files from which individuals were sampled. R scripts for file conversion to the various program inputs as well as for analyzing the various outputs are also included, but are also made public on GitHub at: https://github.com/kjgilbert/NeEstimation_Param-Conversion-Analysis_Files</div><div class=\"o-metadata__file-name\"></div></div>", "relatedWorks": [{"relationship": "Cites", "identifierType": "DOI", "identifier": "https://doi.org/10.1111/evo.12713"}], "versionNumber": 1, "versionStatus": "submitted", "curationStatus": "Published", "publicationDate": "2015-06-23", "lastModificationDate": "2020-06-30", "visibility": "public", "sharingLink": "https://datadryad.org/stash/share/nJJM-jHDgXm--ygP8PZYd6QWYO5X-uMp4yTmxIrStiQ", "userId": 13958, "license": "https://creativecommons.org/publicdomain/zero/1.0/"}