{"_links": {"self": {"href": "/api/v2/datasets/doi%3A10.5061%2Fdryad.qk653b3"}, "stash:versions": {"href": "/api/v2/datasets/doi%3A10.5061%2Fdryad.qk653b3/versions"}, "stash:version": {"href": "/api/v2/versions/23040"}, "stash:download": {"href": "/api/v2/datasets/doi%3A10.5061%2Fdryad.qk653b3/download"}, "curies": [{"name": "stash", "href": "https://github.com/CDL-Dryad/stash/blob/main/stash_api/link-relations.md#{rel}", "templated": "true"}]}, "identifier": "doi:10.5061/dryad.qk653b3", "id": 22976, "storageSize": 3023554, "title": "Data from: Cryptic genetic variation shapes the adaptive evolutionary potential of enzymes", "authors": [{"firstName": "Florian", "lastName": "Baier", "affiliation": "University of British Columbia", "affiliationROR": "https://ror.org/03rmrcq20"}, {"firstName": "Nansook", "lastName": "Hong", "affiliation": "Australian National University", "affiliationROR": "https://ror.org/019wvm592"}, {"firstName": "Gloria", "lastName": "Yang", "affiliation": "University of British Columbia", "affiliationROR": "https://ror.org/03rmrcq20"}, {"firstName": "Anna", "lastName": "Pabis", "affiliation": "Uppsala University", "affiliationROR": "https://ror.org/048a87296"}, {"firstName": "Charlotte M.", "lastName": "Miton", "affiliation": "University of British Columbia", "affiliationROR": "https://ror.org/03rmrcq20"}, {"firstName": "Alexandre", "lastName": "Barrozo", "affiliation": "Uppsala University", "affiliationROR": "https://ror.org/048a87296"}, {"firstName": "Paul D.", "lastName": "Carr", "affiliation": "Australian National University", "affiliationROR": "https://ror.org/019wvm592"}, {"firstName": "Shina C. L.", "lastName": "Kamerlin", "affiliation": "Uppsala University", "affiliationROR": "https://ror.org/048a87296"}, {"firstName": "Colin J.", "lastName": "Jackson", "affiliation": "Australian National University", "affiliationROR": "https://ror.org/019wvm592"}, {"firstName": "Nobuhiko", "lastName": "Tokuriki", "affiliation": "University of British Columbia", "affiliationROR": "https://ror.org/03rmrcq20"}], "abstract": "Genetic variation among orthologous proteins can cause cryptic phenotypic properties that only manifest in changing environments. Such variation may impact the evolvability of proteins, but the underlying molecular basis remains unclear. Here, we performed comparative directed evolution of four orthologous metallo-\u03b2-lactamases toward a new function and found that different starting genotypes evolved to distinct evolutionary outcomes. Despite a low initial fitness, one ortholog reached a significantly higher fitness plateau than its counterparts, via increasing catalytic activity. By contrast, the ortholog with the highest initial activity evolved to a less-optimal and phenotypically distinct outcome through changes in expression, oligomerization and activity. We show how cryptic molecular properties and conformational variation of active site residues in the initial genotypes cause epistasis, that could lead to distinct evolutionary outcomes. Our work highlights th\r\ne importance of understanding the molecular details that connect genetic variation to protein function to improve the prediction of protein evolution.", "usageNotes": "<div class=\"o-metadata__file-usage-entry\"><h4 class=\"o-heading__level3-file-title\">Representative MD structures and setup files</h4><div class=\"o-metadata__file-description\">The data package contains: 1. PDB files with representative structures of top clusters, with clustering performed using RMSD as a similarity measure between the structures in simulated trajectories. 2. Topologies, input structures and files containing additional parameters and settings used in the simulations for each simulated system. 3. Sample inputs for a single MD run. Detailed description of the contents of the data package can be found in the README file.</div><div class=\"o-metadata__file-name\">Dryad_package.zip</br></div><div class=\"o-metadata__file-name\"></div></div>", "relatedWorks": [{"relationship": "Cites", "identifierType": "DOI", "identifier": "https://doi.org/10.7554/eLife.40789"}], "versionNumber": 1, "versionStatus": "submitted", "curationStatus": "Published", "publicationDate": "2019-02-08", "lastModificationDate": "2020-06-24", "visibility": "public", "sharingLink": "https://datadryad.org/stash/share/3oWonV71I1iVnRdTs11-veZr7BeF9FsamDu8DbQJZjQ", "userId": 34749, "license": "https://creativecommons.org/publicdomain/zero/1.0/"}