{"_links": {"self": {"href": "/api/v2/datasets/doi%3A10.5061%2Fdryad.7f4v1"}, "stash:versions": {"href": "/api/v2/datasets/doi%3A10.5061%2Fdryad.7f4v1/versions"}, "stash:version": {"href": "/api/v2/versions/25862"}, "stash:download": {"href": "/api/v2/datasets/doi%3A10.5061%2Fdryad.7f4v1/download"}, "curies": [{"name": "stash", "href": "https://github.com/CDL-Dryad/stash/blob/main/stash_api/link-relations.md#{rel}", "templated": "true"}]}, "identifier": "doi:10.5061/dryad.7f4v1", "id": 25789, "storageSize": 5921861, "title": "Data from: Dioecy does not consistently accelerate or slow lineage diversification across multiple genera of angiosperms", "authors": [{"firstName": "Niv", "lastName": "Sabath", "affiliation": "Tel Aviv University", "affiliationROR": "https://ror.org/04mhzgx49"}, {"firstName": "Emma E.", "lastName": "Goldberg", "affiliation": "University of Minnesota", "affiliationROR": "https://ror.org/017zqws13"}, {"firstName": "Lior", "lastName": "Glick", "affiliation": "Tel Aviv University", "affiliationROR": "https://ror.org/04mhzgx49"}, {"firstName": "Moshe", "lastName": "Einhorn", "affiliation": "Tel Aviv University", "affiliationROR": "https://ror.org/04mhzgx49"}, {"firstName": "Tia-Lynn", "lastName": "Ashman", "affiliation": "University of Pittsburgh", "affiliationROR": "https://ror.org/01an3r305"}, {"firstName": "Ray", "lastName": "Ming", "affiliation": "Fujian Agriculture and Forestry University", "affiliationROR": "https://ror.org/04kx2sy84"}, {"firstName": "Sarah P.", "lastName": "Otto", "affiliation": "University of British Columbia", "affiliationROR": "https://ror.org/03rmrcq20"}, {"firstName": "Jana", "lastName": "Vamosi", "affiliation": "Tel Aviv University", "affiliationROR": "https://ror.org/04mhzgx49"}, {"firstName": "Itay", "lastName": "Mayrose", "affiliation": "Tel Aviv University", "affiliationROR": "https://ror.org/04mhzgx49"}, {"firstName": "Jana C.", "lastName": "Vamosi", "affiliation": "University of Calgary", "affiliationROR": "https://ror.org/03yjb2x39"}], "abstract": "Dioecy, the sexual system in which male and female organs are found in separate individuals, allows greater specialization for sex-specific functions and can be advantageous under various ecological and environmental conditions. However, dioecy is rare among flowering plants. Previous studies identified contradictory trends regarding the relative diversification rates of dioecious lineages vs their nondioecious counterparts, depending on the methods and data used. We gathered detailed species-level data for dozens of genera that contain both dioecious and nondioecious species. We then applied a probabilistic approach that accounts for differential speciation, extinction, and transition rates between states to examine whether there is an association between dioecy and lineage diversification. We found a bimodal distribution, whereby dioecious lineages exhibited higher diversification in certain genera but lower diversification in others. Additional analyses did not uncover an ecological or life history trait that could explain a context-dependent effect of dioecy on diversification. Furthermore, in-depth simulations of neutral characters demonstrated that such bimodality is also found when simulating neutral characters across the observed trees. Our analyses suggest that \u2013 at least for these genera with the currently available data \u2013 dioecy neither consistently places a strong brake on diversification nor is a strong driver.", "keywords": ["dioecy", "Plant sexual systems", "bisexuals", "Angiospermae", "diversification", "speciation"], "usageNotes": "<div class=\"o-metadata__file-usage-entry\"><h4 class=\"o-heading__level3-file-title\">Phylogenetic trees and sexual system classifications</h4><div class=\"o-metadata__file-description\">Provided are: (1) Trees - a directory with phylogenetic trees for all genera in the study. (2) Sexual_systems - a directory with sexual system assignments for all species. (3) sexual.system.classifications.csv - a file with the classifications of sexual system (per species) into \"broad\" and \"strict\" definitions.</div><div class=\"o-metadata__file-name\">Data_from_Sabath_at_al_2015.zip</br></div></div>", "relatedWorks": [{"relationship": "Cites", "identifierType": "DOI", "identifier": "https://doi.org/10.1111/nph.13696"}], "versionNumber": 1, "versionStatus": "submitted", "curationStatus": "Published", "publicationDate": "2016-09-03", "lastModificationDate": "2020-06-24", "visibility": "public", "sharingLink": "https://datadryad.org/stash/share/h7uocoZAVzoSZtIKRpS3Jkw_Ut1PdL33OHIwXa5pG1I", "userId": 14602, "license": "https://creativecommons.org/publicdomain/zero/1.0/"}