{"_links": {"self": {"href": "/api/v2/datasets/doi%3A10.5061%2Fdryad.1zcrjdfnf"}, "stash:versions": {"href": "/api/v2/datasets/doi%3A10.5061%2Fdryad.1zcrjdfnf/versions"}, "stash:version": {"href": "/api/v2/versions/43541"}, "stash:download": {"href": "/api/v2/datasets/doi%3A10.5061%2Fdryad.1zcrjdfnf/download"}, "curies": [{"name": "stash", "href": "https://github.com/CDL-Dryad/stash/blob/main/stash_api/link-relations.md#{rel}", "templated": "true"}]}, "identifier": "doi:10.5061/dryad.1zcrjdfnf", "id": 36182, "storageSize": 81416, "title": "Data from: Testing predictions of inclusive fitness theory in inbreeding relatives with biparental care", "authors": [{"firstName": "Elizabeth", "lastName": "Gow", "email": "elizabeth.gow@gmail.com", "affiliation": "University of Guelph", "affiliationROR": "https://ror.org/01r7awg59", "orcid": "0000-0001-8890-4503"}, {"firstName": "Peter", "lastName": "Arcese", "email": "peter.arcese@ubc.ca", "affiliation": "University of British Columbia", "affiliationROR": "https://ror.org/03rmrcq20", "orcid": "0000-0002-8097-482X"}, {"firstName": "Danielle", "lastName": "Dagenais", "email": "dagenaisdanielle@hotmail.com", "affiliation": "University of Northern British Columbia", "affiliationROR": "https://ror.org/025wzwv46"}, {"firstName": "Rebecca", "lastName": "Sardell", "email": "rebecca.sardell@gmail.com", "affiliation": "University of Aberdeen", "affiliationROR": "https://ror.org/016476m91"}, {"firstName": "Scott", "lastName": "Wilson", "email": "scott.wilson@canada.ca", "affiliation": "University of British Columbia", "affiliationROR": "https://ror.org/03rmrcq20"}, {"firstName": "Jane", "lastName": "Reid", "email": "jane.reid@abdn.ac.uk", "affiliation": "University of Aberdeen", "affiliationROR": "https://ror.org/016476m91"}], "abstract": "<p>Inclusive fitness theory predicts that parental care will vary with relatedness between potentially caring parents and offspring, potentially shaping mating system evolution. Systems with extra-pair paternity (EPP), and hence variable parent-brood relatedness, provide valuable opportunities to test this prediction. However, existing theoretical and empirical studies assume that a focal male is either an offspring\u2019s father with no inbreeding, or is completely unrelated. We highlight that this simple dichotomy does not hold given reproductive interactions among relatives, complicating the effect of EPP on parent-brood relatedness yet providing new opportunities to test inclusive fitness theory. Accordingly, we tested hierarchical hypotheses relating parental feeding rate to parent-brood relatedness, parent kinship and inbreeding, using song sparrows (Melospiza melodia) experiencing natural variation in relatedness. As predicted, male and female feeding rates increased with relatedness to a dependent brood, even controlling for brood size. Male feeding rate tended to decrease as paternity loss increased, and increased with increasing kinship and hence inbreeding between socially-paired mates. We thereby demonstrate that variation in a key component of parental care concurs with subtle predictions from inclusive fitness theory. We additionally highlight that such effects can depend on the underlying social mating system, potentially generating status-specific costs of extra-pair reproduction.</p>\r\n", "keywords": ["extra-pair paternity", "Inbreeding", "Inclusive fitness", "kinship", "parental care", "parent-offspring relatedness"], "versionNumber": 2, "versionStatus": "submitted", "curationStatus": "Published", "publicationDate": "2019-11-18", "lastModificationDate": "2019-11-18", "visibility": "public", "sharingLink": "https://datadryad.org/stash/share/0xlFc7jMGr581iCdXtocX5I2mdGeR00hZ6IXFelltgQ", "userId": 47954, "license": "https://creativecommons.org/publicdomain/zero/1.0/"}