{"_links": {"self": {"href": "/api/v2/datasets/doi%3A10.5061%2Fdryad.fq18t"}, "stash:versions": {"href": "/api/v2/datasets/doi%3A10.5061%2Fdryad.fq18t/versions"}, "stash:version": {"href": "/api/v2/versions/17855"}, "stash:download": {"href": "/api/v2/datasets/doi%3A10.5061%2Fdryad.fq18t/download"}, "curies": [{"name": "stash", "href": "https://github.com/CDL-Dryad/stash/blob/main/stash_api/link-relations.md#{rel}", "templated": "true"}]}, "identifier": "doi:10.5061/dryad.fq18t", "id": 17793, "storageSize": 37466, "title": "Data from: Geographic shifts in the effects of habitat size on trophic structure and decomposition", "authors": [{"firstName": "Robin M.", "lastName": "LeCraw", "affiliation": "University of British Columbia", "affiliationROR": "https://ror.org/03rmrcq20"}, {"firstName": "Gustavo Q.", "lastName": "Romero", "affiliation": "State University of Campinas", "affiliationROR": "https://ror.org/04wffgt70"}, {"firstName": "Diane S.", "lastName": "Srivastava", "affiliation": "University of British Columbia", "affiliationROR": "https://ror.org/03rmrcq20"}], "abstract": "Habitat size is known to affect community structure and ecosystem function, but few studies have examined the underlying mechanisms over sufficient size gradients or in enough geographic contexts to determine their generality. Our goal in this study was to determine if the relationship between habitat size and leaf decomposition varied across geographic sites, and which factors may be driving the differences.\r\nWe conducted replicated observations in a coastal forest in Brazil, and in rainforests in Costa Rica and Puerto Rico. We used leaf litter decomposition and macroinvertebrate composition in bromeliad phytotelmata of varying sizes to determine the relationships between habitat size, trophic structure and decomposition over a wide geographical range. We experimentally disentangled the effects of site and litter quality by quantifying invertebrate control of decomposition of a native and a transplanted litter type within one site.\r\nWe found that the relationship between bromeliad size and decomposition rates differed among study sites. In rainforests in Costa Rica and Puerto Rico, decomposition was strongly linked to macroinvertebrate trophic structure, which varies with bromeliad size, driving strong bromeliad size-decomposition relationships. However, in Brazil there was no relationship between bromeliad size and decomposition. Our manipulative experiment suggests that within coastal forest in Brazil, the poor quality of native litter resulted in little invertebrate control of decomposition. Furthermore, the key detritivore in this site builds a predator-resistant case, which likely prevented effects of bromeliad size on trophic structure from being transmitted to decomposition even when litter quality was increased.\r\nWe conclude that differences in both leaf litter quality and macroinvertebrate traits among sites determine the link between decomposition and macroinvertebrates, and consequently the decomposition-bromeliad size relationship. These results show that the response of decomposition to habitat size is context-dependent, and depends on which component of the food web is the main driver of the function.", "keywords": ["Zygoptera", "Melastomataceae", "geographic variation", "Psidium", "Habitat size", "decomposition", "Miconia"], "usageNotes": "<div class=\"o-metadata__file-usage-entry\"><h4 class=\"o-heading__level3-file-title\">LeCraw_Ecography_LeafMass_BromSize</h4><div class=\"o-metadata__file-description\">Decomposition rate experiment; Figure 1\r\nRaw leaf mass data from leaf packs in all three experimental sites.\r\n\r\nTable headings:\r\nSite \u2013 Experimental Site\r\nM0_g \u2013 Starting dry leaf mass\r\nMt_g \u2013 Final dry leaf mass\r\nT_days \u2013 length of experiment in days\r\nBrom_capacity_mL \u2013 Maximum water holding capacity of bromeliad\r\nK \u2013 Exponential decay constant calculated as (ln(start)-ln(final))/days</div><div class=\"o-metadata__file-name\"></div><div class=\"o-metadata__file-name\"></div></div><div class=\"o-metadata__file-usage-entry\"><h4 class=\"o-heading__level3-file-title\">LeCraw_Ecography_LeafSp_Decomp</h4><div class=\"o-metadata__file-description\">Leaf litter species comparisons; Figure 2\r\nRaw leaf mass data from leaf species experiment in Brazil.\r\n\r\nTable headings:\r\nBrom_capacity_ml \u2013 Maximum water holding capacity of bromeliad\r\nLeaf_Sp \u2013 Leaf Species identified by genus \r\nMesh \u2013 Mesh size of leaf packs\r\nM0_g \u2013 Starting dry leaf mass\r\nMt_g \u2013 Final dry leaf mass (experiment duration 30 days)</div><div class=\"o-metadata__file-name\"></div></div>", "locations": [{"place": "Sao Paulo Brazil"}, {"place": "Guanacaste Costa Rica"}, {"place": "Luquillo Puerto Rico"}], "relatedWorks": [{"relationship": "Cites", "identifierType": "DOI", "identifier": "https://doi.org/10.1111/ecog.02796"}], "versionNumber": 1, "versionStatus": "submitted", "curationStatus": "Published", "publicationDate": "2016-12-28", "lastModificationDate": "2020-06-30", "visibility": "public", "sharingLink": "https://datadryad.org/stash/share/-Xz5KFKjLCuzpq1Rc5wIFPy0281KaNq4yL2Zw9L2530", "userId": 23526, "license": "https://creativecommons.org/publicdomain/zero/1.0/"}