{"_links": {"self": {"href": "/api/v2/datasets/doi%3A10.5061%2Fdryad.j77h6"}, "stash:versions": {"href": "/api/v2/datasets/doi%3A10.5061%2Fdryad.j77h6/versions"}, "stash:version": {"href": "/api/v2/versions/20491"}, "stash:download": {"href": "/api/v2/datasets/doi%3A10.5061%2Fdryad.j77h6/download"}, "curies": [{"name": "stash", "href": "https://github.com/CDL-Dryad/stash/blob/main/stash_api/link-relations.md#{rel}", "templated": "true"}]}, "identifier": "doi:10.5061/dryad.j77h6", "id": 20427, "storageSize": 3844308, "title": "Data from: Hummingbirds control turning velocity using body orientation and turning radius using asymmetrical wingbeat kinematics", "authors": [{"firstName": "Tyson J. G.", "lastName": "Read", "affiliation": "University of British Columbia", "affiliationROR": "https://ror.org/03rmrcq20"}, {"firstName": "Paolo S.", "lastName": "Segre", "affiliation": "University of British Columbia", "affiliationROR": "https://ror.org/03rmrcq20"}, {"firstName": "Kevin M.", "lastName": "Middleton", "affiliation": "University of Missouri", "affiliationROR": "https://ror.org/02ymw8z06"}, {"firstName": "Douglas L.", "lastName": "Altshuler", "affiliation": "University of British Columbia", "affiliationROR": "https://ror.org/03rmrcq20"}], "abstract": "Turning in flight requires reorientation of force, which birds, bats and insects accomplish either by shifting body position and total force in concert or by using left\u2013right asymmetries in wingbeat kinematics. Although both mechanisms have been observed in multiple species, it is currently unknown how each is used to control changes in trajectory. We addressed this problem by measuring body and wingbeat kinematics as hummingbirds tracked a revolving feeder, and estimating aerodynamic forces using a quasi-steady model. During arcing turns, hummingbirds symmetrically banked the stroke plane of both wings, and the body, into turns, supporting a body-dependent mechanism. However, several wingbeat asymmetries were present during turning, including a higher and flatter outer wingtip path and a lower more deviated inner wingtip path. A quasi-steady analysis of arcing turns performed with different trajectories revealed that changes in radius were associated with asymmetrical kinematics and forces, and changes in velocity were associated with symmetrical kinematics and forces. Collectively, our results indicate that both body-dependent and -independent force orientation mechanisms are available to hummingbirds, and that these kinematic strategies are used to meet the separate aerodynamic challenges posed by changes in velocity and turning radius.", "keywords": ["Calypte anna", "flight", "feeder tracking", "biomechanics", "banked turns", "maneuverability"], "usageNotes": "<div class=\"o-metadata__file-usage-entry\"><h4 class=\"o-heading__level3-file-title\">Raw data and scripts for data processing</h4><div class=\"o-metadata__file-description\">The Data directory contains raw xyz coordinate data and python scripts for processing data for analysis.</div><div class=\"o-metadata__file-name\">Data.zip</br></div></div><div class=\"o-metadata__file-usage-entry\"><h4 class=\"o-heading__level3-file-title\">Analysis</h4><div class=\"o-metadata__file-description\">R and python scripts for analyzing the processed raw data, includes mixed model ANOVAs and generation of figures.</div><div class=\"o-metadata__file-name\"></div></div><div class=\"o-metadata__file-usage-entry\"><h4 class=\"o-heading__level3-file-title\">README</h4><div class=\"o-metadata__file-description\">The README file contains descriptions of all files included in the Data and Analysis directories as well as instructions for reproducing analyses.</div><div class=\"o-metadata__file-name\"></div></div>", "relatedWorks": [{"relationship": "Cites", "identifierType": "DOI", "identifier": "https://doi.org/10.1098/rsif.2016.0110"}], "versionNumber": 1, "versionStatus": "submitted", "curationStatus": "Published", "publicationDate": "2017-03-18", "lastModificationDate": "2020-06-24", "visibility": "public", "sharingLink": "https://datadryad.org/stash/share/GVUVFNmrKixdL2D_JPPVP53eOhxpyBKmbEFJLRIYyBw", "userId": 18241, "license": "https://creativecommons.org/publicdomain/zero/1.0/"}