{"_links": {"self": {"href": "/api/v2/datasets/doi%3A10.5061%2Fdryad.hg578"}, "stash:versions": {"href": "/api/v2/datasets/doi%3A10.5061%2Fdryad.hg578/versions"}, "stash:version": {"href": "/api/v2/versions/13266"}, "stash:download": {"href": "/api/v2/datasets/doi%3A10.5061%2Fdryad.hg578/download"}, "curies": [{"name": "stash", "href": "https://github.com/CDL-Dryad/stash/blob/main/stash_api/link-relations.md#{rel}", "templated": "true"}]}, "identifier": "doi:10.5061/dryad.hg578", "id": 13215, "storageSize": 85003, "title": "Data from: The reciprocal relationship between competition and intraspecific trait variation", "authors": [{"firstName": "Jonathan A.", "lastName": "Bennett", "affiliation": "University of British Columbia", "affiliationROR": "https://ror.org/03rmrcq20"}, {"firstName": "Kersti", "lastName": "Riibak", "affiliation": "University of Tartu", "affiliationROR": "https://ror.org/03z77qz90"}, {"firstName": "Riin", "lastName": "Tamme", "affiliation": "University of Tartu", "affiliationROR": "https://ror.org/03z77qz90"}, {"firstName": "Rob J.", "lastName": "Lewis", "affiliation": "University of Tartu", "affiliationROR": "https://ror.org/03z77qz90"}, {"firstName": "Meelis", "lastName": "P\u00e4rtel", "affiliation": "University of Tartu", "affiliationROR": "https://ror.org/03z77qz90"}], "abstract": "Trait differences among plants are expected to influence the outcome of competition; competition should be strongest between similar species (or individuals) under limiting similarity, and between dissimilar species within competitive hierarchies. These hypotheses are often used to infer competitive dynamics from trait patterns within communities. However, plant traits are frequently plastic in response to competition. This variation is poorly accounted for in trait-based studies of competition and community assembly.\r\nTo explore the relationship between trait responses and competitive outcomes, we grew 15 species alone, in monoculture and in mixture. We measured traits relating to leaf and root tissue morphology as well as biomass allocation and related competition-induced changes in these traits to intra- and interspecific competition using multi-model inference. Additionally, we tested how traits from different competitive environments influenced potential community assembly inferences.\r\nThe competitive environment had large effects on species\u2019 traits, although many effects were species specific. Differences among species in how competition affected trait expression were linked to both intra- and interspecific competition, frequently affecting competitive hierarchies. Intraspecific competition was lower for species that limited competition-induced increases in root allocation and had less variability in this trait overall. Interspecific competition was lower for species with larger leaves and lower specific leaf area than their neighbours. Switching to more stress-tolerant strategies by increasing root diameter and leaf tissue density also reduced competition. However, dissimilarity in root tissue density also minimized competition, consistent with limiting similarity affecting competitive outcomes. Moreover, changes in these traits were linked to changes in functional diversity, suggesting that competition affects functional diversity by affecting trait expression.\r\nSynthesis. Both trait hierarchies and trait dissimilarity affect the outcome of competition by acting on different traits, although competition-induced changes in trait expression can alter competitive outcomes. Moreover, the magnitude of these trait changes suggests that the source environment where plant traits are collected can affect the inferences drawn from trait patterns within communities. Combined, our results suggest that considering the effect of competition on trait expression is critical to understanding the relationship between traits and community assembly.", "keywords": ["Lathyrus tuberosus", "competitive hierarchies", "Phleum pratense", "trait clustering", "Lathyrus pratensis", "Solidago canadensis", "Linaria vulgaris", "Lychnis flos-cuculi", "Trifolium pratense", "Festuca pratensis", "Potentilla argentea", "Phleum pretense", "biotic interactions", "Lolium perenne", "Potentilla recta", "Solidago virgaurea", "trait divergence", "Prunella grandiflora", "functional diversity", "Rumex patientia", "Specific leaf area", "plant-plant interactions", "specific root length", "Prunella vulgaris", "community assembly", "biomass allocation"], "usageNotes": "<div class=\"o-metadata__file-usage-entry\"><h4 class=\"o-heading__level3-file-title\">Trait and biomass data from plants grown in pots by themselves, monoculture, and mixture</h4><div class=\"o-metadata__file-description\">The data file contains data on shoot biomass, root biomass, average leaf area, average root diameter, specific leaf area, specific root length, and root to shoot ratios for 15 species. Traits were collected on plants grown alone, in monoculture, and in mixture.</div><div class=\"o-metadata__file-name\">Bennett et al 2016  J Ecol Competition trait data for dryad.csv</br></div></div>", "locations": [{"place": "Central Europe"}, {"place": "Estonia"}], "relatedWorks": [{"relationship": "Cites", "identifierType": "DOI", "identifier": "https://doi.org/10.1111/1365-2745.12614"}], "versionNumber": 1, "versionStatus": "submitted", "curationStatus": "Published", "publicationDate": "2017-05-17", "lastModificationDate": "2020-06-24", "visibility": "public", "sharingLink": "https://datadryad.org/stash/share/CNz_SUG_siX9veLQ0O4vNvmSRyXr3mJknOkQVv79Iyg", "userId": 17560, "license": "https://creativecommons.org/publicdomain/zero/1.0/"}