{"_links": {"self": {"href": "/api/v2/datasets/doi%3A10.5061%2Fdryad.mt588k1"}, "stash:versions": {"href": "/api/v2/datasets/doi%3A10.5061%2Fdryad.mt588k1/versions"}, "stash:version": {"href": "/api/v2/versions/22411"}, "stash:download": {"href": "/api/v2/datasets/doi%3A10.5061%2Fdryad.mt588k1/download"}, "curies": [{"name": "stash", "href": "https://github.com/CDL-Dryad/stash/blob/main/stash_api/link-relations.md#{rel}", "templated": "true"}]}, "identifier": "doi:10.5061/dryad.mt588k1", "id": 22347, "storageSize": 24438300, "title": "Data from: Climate change impacts on marine biodiversity, fisheries and society in the Arabian Gulf", "authors": [{"firstName": "Daniel", "lastName": "Pauly", "affiliation": "University of British Columbia", "affiliationROR": "https://ror.org/03rmrcq20"}, {"firstName": "Myriam", "lastName": "Khalfallah", "affiliation": "University of British Columbia", "affiliationROR": "https://ror.org/03rmrcq20"}, {"firstName": "Dalal", "lastName": "Al-Abdulrazzak", "affiliation": "University of British Columbia", "affiliationROR": "https://ror.org/03rmrcq20"}, {"firstName": "Lydia C. L.", "lastName": "Teh", "affiliation": "University of British Columbia", "affiliationROR": "https://ror.org/03rmrcq20"}, {"firstName": "Gabriel", "lastName": "Reygondeau", "affiliation": "University of British Columbia", "affiliationROR": "https://ror.org/03rmrcq20"}, {"firstName": "Colette C. C.", "lastName": "Wabnitz", "affiliation": "University of British Columbia", "affiliationROR": "https://ror.org/03rmrcq20"}, {"firstName": "Maria L. Deng", "lastName": "Palomares", "affiliation": "University of British Columbia", "affiliationROR": "https://ror.org/03rmrcq20"}, {"firstName": "Dirk", "lastName": "Zeller", "affiliation": "University of Western Australia", "affiliationROR": "https://ror.org/047272k79"}, {"firstName": "William W. L.", "lastName": "Cheung", "affiliation": "University of British Columbia", "affiliationROR": "https://ror.org/03rmrcq20"}, {"firstName": "Vicky W. Y.", "lastName": "Lam", "affiliation": "University of British Columbia", "affiliationROR": "https://ror.org/03rmrcq20"}], "abstract": "Climate change - reflected in significant environmental changes such as warming, sea level rise, shifts in salinity, oxygen and other ocean conditions - is expected to impact marine organisms and associated fisheries. This study provides an assessment of the potential impacts on, and the vulnerability of, marine biodiversity and fisheries catches in the Arabian Gulf under climate change. To this end, using three separate niche modelling approaches under a 'business-as-usual' climate change scenario, we projected the future habitat suitability of the Arabian Gulf for 55 expert-identified priority species, including charismatic and non-fish species. Second, we conducted a vulnerability assessment of national economies to climate change impacts on fisheries. The modelling outputs suggested a high rate of local extinction (up to 35% of initial species richness) by 2090 relative to 2010. Spatially, projected local extinctions are highest in the southwestern part of the Arabian Gulf, off the coast of Saudi Arabia, Qatar and the United Arab Emirates (UAE). While the projected patterns provided useful indicators of climate change impacts on the region's diversity, the magnitude of changes in habitat suitability are more uncertain. Fisheries-specific results suggested reduced future catch potential for several countries on the western side of the Arabian Gulf, with projections differing only slightly between models. Qatar and the UAE were particularly affected, with more than a 26% drop in future fish catch potential. Integrating changes in catch potential with socio-economic indicators suggested the fisheries of Bahrain and Iran may be most vulnerable to climate change. We discuss limitations of the indicators and the methods used, as well as the implications of our overall findings for conservation and fisheries management policies in the region.", "usageNotes": "<div class=\"o-metadata__file-usage-entry\"><h4 class=\"o-heading__level3-file-title\">Data set for Figure 2A</h4><div class=\"o-metadata__file-name\">FIGURE2A.csv</br></div></div><div class=\"o-metadata__file-usage-entry\"><h4 class=\"o-heading__level3-file-title\">Data set for Figure 2B</h4><div class=\"o-metadata__file-name\">FIGURE2B.csv</br></div></div><div class=\"o-metadata__file-usage-entry\"><h4 class=\"o-heading__level3-file-title\">Data set for Figure 2C</h4><div class=\"o-metadata__file-name\">FIGURE2C.csv</br></div></div><div class=\"o-metadata__file-usage-entry\"><h4 class=\"o-heading__level3-file-title\">Data set for Figure 3</h4><div class=\"o-metadata__file-name\">FIGURE3.csv</br></div></div><div class=\"o-metadata__file-usage-entry\"><h4 class=\"o-heading__level3-file-title\">Data set for Figure 5</h4><div class=\"o-metadata__file-name\">FIGURE5.csv</br></div></div>", "locations": [{"place": "Persian (Arabian) Gulf"}], "relatedWorks": [{"relationship": "Cites", "identifierType": "DOI", "identifier": "https://doi.org/10.1371/journal.pone.0194537"}], "versionNumber": 1, "versionStatus": "submitted", "curationStatus": "Published", "publicationDate": "2019-04-10", "lastModificationDate": "2020-06-24", "visibility": "public", "sharingLink": "https://datadryad.org/stash/share/Gkro6lel_qlJ-C7rNt9GgLnCV282eXMl2_kvZKBqPUE", "userId": 21302, "license": "https://creativecommons.org/publicdomain/zero/1.0/"}