{"_links": {"self": {"href": "/api/v2/datasets/doi%3A10.5061%2Fdryad.kv40404"}, "stash:versions": {"href": "/api/v2/datasets/doi%3A10.5061%2Fdryad.kv40404/versions"}, "stash:version": {"href": "/api/v2/versions/16522"}, "stash:download": {"href": "/api/v2/datasets/doi%3A10.5061%2Fdryad.kv40404/download"}, "curies": [{"name": "stash", "href": "https://github.com/CDL-Dryad/stash/blob/main/stash_api/link-relations.md#{rel}", "templated": "true"}]}, "identifier": "doi:10.5061/dryad.kv40404", "id": 16465, "storageSize": 39564, "title": "Data from: Herbivory enhances the resistance of mangrove forest to cordgrass invasion", "authors": [{"firstName": "Yihui", "lastName": "Zhang", "affiliation": "Xiamen University", "affiliationROR": "https://ror.org/00mcjh785"}, {"firstName": "Hanyu", "lastName": "Meng", "affiliation": "Xiamen University", "affiliationROR": "https://ror.org/00mcjh785"}, {"firstName": "Yi", "lastName": "Wang", "affiliation": "University of British Columbia", "affiliationROR": "https://ror.org/03rmrcq20"}, {"firstName": "Qiang", "lastName": "He", "affiliation": "Duke University", "affiliationROR": "https://ror.org/00py81415"}], "abstract": "The biotic resistance hypothesis proposes that biotic interactions, such as competition and herbivory, resist the establishment and spread of non-native species. The relative and interactive role of competition and herbivory in resisting plant invasions, however, remains poorly understood. We investigated the interactive role of competition and herbivory (by the native rodent Rattus losea) in resisting Spartina alterniflora (cordgrass) invasions into mangrove forests. In southern China, although exotic cordgrass numerically dominates intertidal mudflats and open gaps in mangrove forests, intact forests appear to be highly resistant to cordgrass invasion. A field transplant and rodent exclusion experiment showed that while the impact of rodent grazing on cordgrass was weak on mangrove forest edges and open mudflats, rodent grazing strongly suppressed cordgrass in mangrove understory habitats. A greenhouse experiment confirmed a synergistic interaction between grazing and light availability (a proxy for mangrove shading/competition) in suppressing cordgrass establishment, with the strongest impacts of grazing in low light conditions that likely weakened cordgrass to survive and resprout. When both were present, as in mangrove understory habitats, grazing and low light acted in concert to eliminate cordgrass establishment, resulting in resistance of mangrove forests to cordgrass invasion. Our results reveal that grazing by native herbivores can enhance the resistance of mangrove forests to cordgrass invasion in southern China, and suggest that investigating multifactor interactions may be critical to understanding community resistance to exotic invasions.", "usageNotes": "<div class=\"o-metadata__file-usage-entry\"><h4 class=\"o-heading__level3-file-title\">Zhang et al. 2018 Ecology data</h4><div class=\"o-metadata__file-name\"></div></div>", "relatedWorks": [{"relationship": "Cites", "identifierType": "DOI", "identifier": "https://doi.org/10.1002/ecy.2233"}], "versionNumber": 1, "versionStatus": "submitted", "curationStatus": "Published", "publicationDate": "2019-03-21", "lastModificationDate": "2020-06-24", "visibility": "public", "sharingLink": "https://datadryad.org/stash/share/_FvDC1IZpNp_azc2eL8FheOZyk74ODg2TU2UFPTNgPc", "userId": 35680, "license": "https://creativecommons.org/publicdomain/zero/1.0/"}