{"_links": {"self": {"href": "/api/v2/datasets/doi%3A10.5061%2Fdryad.7sqv9s4pc"}, "stash:versions": {"href": "/api/v2/datasets/doi%3A10.5061%2Fdryad.7sqv9s4pc/versions"}, "stash:version": {"href": "/api/v2/versions/49091"}, "stash:download": {"href": "/api/v2/datasets/doi%3A10.5061%2Fdryad.7sqv9s4pc/download"}, "curies": [{"name": "stash", "href": "https://github.com/CDL-Dryad/stash/blob/main/stash_api/link-relations.md#{rel}", "templated": "true"}]}, "identifier": "doi:10.5061/dryad.7sqv9s4pc", "id": 39922, "storageSize": 5475551, "title": "Ancestral reconstruction of sunflower karyotypes reveals non-random chromosomal evolution ", "authors": [{"firstName": "Kate", "lastName": "Ostevik", "email": "kate.ostevik@gmail.com", "affiliation": "Duke University", "affiliationROR": "https://ror.org/00py81415", "orcid": "0000-0002-2197-9284"}, {"firstName": "Kieran", "lastName": "Samuk", "email": "", "affiliation": "Duke University", "affiliationROR": "https://ror.org/00py81415"}, {"firstName": "Loren", "lastName": "Rieseberg", "email": "", "affiliation": "University of British Columbia", "affiliationROR": "https://ror.org/03rmrcq20"}], "abstract": "<p>Mapping the chromosomal rearrangements between species can inform our understanding of genome evolution, reproductive isolation, and speciation. Here we present a novel algorithm for identifying regions of synteny in pairs of genetic maps, which is implemented in the accompanying R package, syntR. The syntR algorithm performs as well as previous methods while being systematic and repeatable and can be used to map chromosomal rearrangements in any group of species. In addition, we present a systematic survey of chromosomal rearrangements in the annual sunflowers, which is a group known for extreme karyotypic diversity. We build high-density genetic maps for two subspecies of the prairie sunflower<i>,</i> <i>Helianthus</i> <i>petiolaris</i> ssp. <i>petiolaris</i> and <i>H. petiolaris</i> ssp. <i>fallax.</i> Using <i>syntR</i>, and we identify blocks of synteny between these two subspecies and previously published high-density genetic maps. We reconstruct ancestral karyotypes for annual sunflowers using those synteny blocks and conservatively estimate that there have been 7.9 chromosomal rearrangements per million years \u2013 a high rate of chromosomal evolution. Although the rate of inversion is even higher than the rate of translocation in this group, we further find that every extant karyotype is distinguished by between 1 and 3 translocations involving only 8 of the 17 chromosomes. This non-random exchange suggests that specific chromosomes are prone to translocation and may thus contribute disproportionately to widespread hybrid sterility in sunflowers. These data deepen our understanding of chromosome evolution and confirm that <i>Helianthus</i> has an exceptional rate of chromosomal rearrangement that may facilitate similarly rapid diversification.</p>\r\n", "keywords": ["ancestral reconstruction", " chromosomal rearrangements ", " genome evolution", "reproductive isolation", "speciation", "genetic maps", "R package", "syntR", "Helianthus petiolaris ssp. petiolaris ", ". petiolaris ssp. fallax"], "usageNotes": "<p>syntR is an R package for the reproducible identification of synteny blocks and chromosomal rearrangments via comparison of two genetic maps. syntR implements an error-aware clustering algorithm specifically designed for the highly linear structure of comparative genetic map data. syntR can be used to identify synteny blocks using any type of ordered genetic markers.</p>\r\n\r\n<p>The documentation and tutorial for syntR can be found here](https://ksamuk.github.io/syntR/index.html</p>\r\n\r\n<p>You can install syntR from Github with:</p>\r\n\r\n<p>``` r<br>\r\ninstall.packages(\"devtools\")<br>\r\ndevtools::install_github(\"ksamuk/syntR\")<br>\r\n```</p>\r\n\r\n<p>Also see the README file.\u00a0</p>\r\n", "versionNumber": 2, "versionStatus": "submitted", "curationStatus": "Published", "publicationDate": "2020-01-08", "lastModificationDate": "2020-01-08", "visibility": "public", "sharingLink": "https://datadryad.org/stash/share/x9eKbjmvI-4OtVuRBw2xxhRvEJdXN4ScloFR6Fhg3so", "userId": 19294, "license": "https://creativecommons.org/publicdomain/zero/1.0/"}