{"_links": {"self": {"href": "/api/v2/datasets/doi%3A10.5061%2Fdryad.5b58400"}, "stash:versions": {"href": "/api/v2/datasets/doi%3A10.5061%2Fdryad.5b58400/versions"}, "stash:version": {"href": "/api/v2/versions/4914"}, "stash:download": {"href": "/api/v2/datasets/doi%3A10.5061%2Fdryad.5b58400/download"}, "curies": [{"name": "stash", "href": "https://github.com/CDL-Dryad/stash/blob/main/stash_api/link-relations.md#{rel}", "templated": "true"}]}, "identifier": "doi:10.5061/dryad.5b58400", "id": 4881, "storageSize": 440511, "title": "Data from: Mapping the imprint of biotic interactions on \u03b2-diversity", "authors": [{"firstName": "Marc", "lastName": "Ohlmann", "affiliation": "Grenoble Alpes University", "affiliationROR": "https://ror.org/02rx3b187"}, {"firstName": "Florent", "lastName": "Mazel", "affiliation": "University of British Columbia", "affiliationROR": "https://ror.org/03rmrcq20"}, {"firstName": "Lo\u00efc", "lastName": "Chalmandrier", "affiliation": "Swiss Federal Institute for Forest, Snow and Landscape Research", "affiliationROR": "https://ror.org/04bs5yc70"}, {"firstName": "St\u00e9phane", "lastName": "Bec", "affiliation": "Grenoble Alpes University", "affiliationROR": "https://ror.org/02rx3b187"}, {"firstName": "Eric", "lastName": "Coissac", "affiliation": "Grenoble Alpes University", "affiliationROR": "https://ror.org/02rx3b187"}, {"firstName": "Ludovic", "lastName": "Gielly", "affiliation": "Grenoble Alpes University", "affiliationROR": "https://ror.org/02rx3b187"}, {"firstName": "Johan", "lastName": "Pansu", "affiliation": "Princeton University", "affiliationROR": "https://ror.org/00hx57361"}, {"firstName": "Vincent", "lastName": "Schilling", "affiliation": "Laboratoire d'\u00c9cologie Alpine", "affiliationROR": "https://ror.org/03x1z2w73"}, {"firstName": "Pierre", "lastName": "Taberlet", "affiliation": "Grenoble Alpes University", "affiliationROR": "https://ror.org/02rx3b187"}, {"firstName": "Lucie", "lastName": "Zinger", "affiliation": "Wageningen University & Research", "affiliationROR": "https://ror.org/04qw24q55"}, {"firstName": "Jerome", "lastName": "Chave", "affiliation": "Laboratory Evolution and Biological Diversity", "affiliationROR": "https://ror.org/02xh23b55"}, {"firstName": "Wilfried", "lastName": "Thuiller", "affiliation": "Grenoble Alpes University", "affiliationROR": "https://ror.org/02rx3b187"}], "abstract": "Investigating how trophic interactions influence the \u03b2-diversity of meta-communities is of paramount importance to understanding the processes shaping biodiversity distribution. Here, we apply a statistical method for inferring the strength of spatial dependencies between pairs of species groups. Using simulated community data generated from a multi-trophic model, we showed that this method can approximate biotic interactions in multi-trophic communities based on \u03b2-diversity patterns across groups. When applied to soil multi-trophic communities along an elevational gradient in the French Alps, we found that fungi make a major contribution to the structuring of \u03b2-diversity across trophic groups. We also demonstrated that there were strong spatial dependencies between groups known to interact specifically (e.g. plant-symbiotic fungi, bacteria-nematodes) and that the influence of environment was less important than previously reported in the literature. Our method paves the way for a better understanding and mapping of multi-trophic communities through space and time.", "keywords": ["partial correlation networks", "interaction network", "graphical model", "graphical lasso", "meta-communities", "Holocene", "\u03b2-diversity"], "usageNotes": "<div class=\"o-metadata__file-usage-entry\"><h4 class=\"o-heading__level3-file-title\">data_ohlmann_etal_2018</h4><div class=\"o-metadata__file-name\"></div><div class=\"o-metadata__file-name\"></div></div>", "locations": [{"place": "French Alps"}], "relatedWorks": [{"relationship": "Cites", "identifierType": "DOI", "identifier": "https://doi.org/10.1111/ele.13143"}], "versionNumber": 1, "versionStatus": "submitted", "curationStatus": "Published", "publicationDate": "2019-07-27", "lastModificationDate": "2020-06-24", "visibility": "public", "sharingLink": "https://datadryad.org/stash/share/LZn6Aod8i98OM7L_3HjzB6l_ODwXpT71xTlA-yM9yCc", "userId": 17798, "license": "https://creativecommons.org/publicdomain/zero/1.0/"}