{"_links": {"self": {"href": "/api/v2/datasets/doi%3A10.5061%2Fdryad.b8569"}, "stash:versions": {"href": "/api/v2/datasets/doi%3A10.5061%2Fdryad.b8569/versions"}, "stash:version": {"href": "/api/v2/versions/11485"}, "stash:download": {"href": "/api/v2/datasets/doi%3A10.5061%2Fdryad.b8569/download"}, "curies": [{"name": "stash", "href": "https://github.com/CDL-Dryad/stash/blob/main/stash_api/link-relations.md#{rel}", "templated": "true"}]}, "identifier": "doi:10.5061/dryad.b8569", "id": 11442, "storageSize": 114323, "title": "Data from: A test of the effects of timing of a pulsed resource subsidy on stream ecosystems", "authors": [{"firstName": "Takuya", "lastName": "Sato", "affiliation": "Kyoto University", "affiliationROR": "https://ror.org/02kpeqv85"}, {"firstName": "Rana", "lastName": "El-Sabaawi", "affiliation": "University of British Columbia", "affiliationROR": "https://ror.org/03rmrcq20"}, {"firstName": "Kirsten", "lastName": "Campbell", "affiliation": "University of British Columbia", "affiliationROR": "https://ror.org/03rmrcq20"}, {"firstName": "Tamihisa", "lastName": "Ohta", "affiliation": "Hokkaido University", "affiliationROR": "https://ror.org/02e16g702"}, {"firstName": "John S.", "lastName": "Richardson", "affiliation": "University of British Columbia", "affiliationROR": "https://ror.org/03rmrcq20"}, {"firstName": "Rana W.", "lastName": "El-Sabaawi", "affiliation": "University of Victoria", "affiliationROR": "https://ror.org/04s5mat29"}], "abstract": "Spatial resource subsidies can alter bottom-up and top-down forces of community regulation across ecosystem boundaries. Most subsidies are temporally variable, and recent theory has suggested that consumer-resource dynamics can be stabilized if the peak timing of a subsidy is desynchronized with that of prey productivity in the recipient ecosystem. However, magnitude of consumer responses per se could depend on the subsidy timing, which may be a critical component for community dynamics and ecosystem processes. The aim of this study was to test (1) whether a recipient consumer (cutthroat trout) responds differently to a resource subsidy occurring early in its growing season than to a subsidy occurring late in the season, and, if this is the case, (2) whether the timing-dependent consumer response has cascading effects on communities and ecosystem functions in streams. To test those hypotheses, we conducted a large-scale field experiment, in which we directly manipulated the timing of augmentation of the terrestrial invertebrates that enter stream (i.e., peak timing of June-August vs. August-October), keeping constant the total amounts of the invertebrates entered. We found large increases in the individual growth rate and population biomass of the cutthroat trout, in response to the early resource pulse, but not to the late pulse. This timing-dependent consumer response cascaded down to reduce benthic invertebrates and leaf break-down rate, and increased water nutrient concentrations. Furthermore, the early resource pulse resulted in higher maturity rate of the cutthroat trout in the following spring, demonstrating the importance of the subsidy timing on long-term community dynamics via the consumer's numerical response. Our results emphasize the need to acknowledge timing-dependent consumer responses in understanding the effects of subsidies on communities and ecosystem processes. Elucidating the mechanisms by which consumers effectively exploit pulsed subsidies is an important avenue to better understand community dynamics in spatially coupled ecosystems.", "keywords": ["allochthonous input", "ecosystem function", "numerical response", "riparian ecosystem", "functional response", "Oncorhynchus clarkii", "temporal subsidy", "Holocene"], "usageNotes": "<div class=\"o-metadata__file-usage-entry\"><h4 class=\"o-heading__level3-file-title\">trout_stomach</h4><div class=\"o-metadata__file-description\">Stomach contents of trout in each season in each treatment reach</div><div class=\"o-metadata__file-name\"></div></div><div class=\"o-metadata__file-usage-entry\"><h4 class=\"o-heading__level3-file-title\">trout_growth</h4><div class=\"o-metadata__file-description\">Specific growth rate of individual trout in each season in each treatment reaches</div><div class=\"o-metadata__file-name\"></div></div><div class=\"o-metadata__file-usage-entry\"><h4 class=\"o-heading__level3-file-title\">trout_nexcretion</h4><div class=\"o-metadata__file-description\">N excretion by individual trout in each season in each treatment</div><div class=\"o-metadata__file-name\"></div></div><div class=\"o-metadata__file-usage-entry\"><h4 class=\"o-heading__level3-file-title\">trout_pexcretion</h4><div class=\"o-metadata__file-description\">P excretion by individual trout in each season in each treatment</div><div class=\"o-metadata__file-name\"></div></div><div class=\"o-metadata__file-usage-entry\"><h4 class=\"o-heading__level3-file-title\">trout_maturity</h4><div class=\"o-metadata__file-description\">Maturation of trout in the spawning season</div><div class=\"o-metadata__file-name\"></div></div><div class=\"o-metadata__file-usage-entry\"><h4 class=\"o-heading__level3-file-title\">benthics</h4><div class=\"o-metadata__file-description\">Biomasses of benthic invertebrates in each season in each treatment</div><div class=\"o-metadata__file-name\"></div></div><div class=\"o-metadata__file-usage-entry\"><h4 class=\"o-heading__level3-file-title\">benthic algae</h4><div class=\"o-metadata__file-description\">Biomass of benthic algae in each season in each treatment reaches</div><div class=\"o-metadata__file-name\"></div></div><div class=\"o-metadata__file-usage-entry\"><h4 class=\"o-heading__level3-file-title\">leaf_breakdown</h4><div class=\"o-metadata__file-description\">Leaf break-down rate in each season in each treatment</div><div class=\"o-metadata__file-name\"></div></div><div class=\"o-metadata__file-usage-entry\"><h4 class=\"o-heading__level3-file-title\">streamwater_nutrients</h4><div class=\"o-metadata__file-description\">NH3-N and SRP concentrations in stream water in each season in each treatment reaches</div><div class=\"o-metadata__file-name\"></div></div>", "locations": [{"place": "122.34W"}, {"place": "49.16N"}], "relatedWorks": [{"relationship": "Cites", "identifierType": "DOI", "identifier": "https://doi.org/10.1111/1365-2656.12516"}], "versionNumber": 1, "versionStatus": "submitted", "curationStatus": "Published", "publicationDate": "2017-03-07", "lastModificationDate": "2020-06-24", "visibility": "public", "sharingLink": "https://datadryad.org/stash/share/THzA3pUnmw9BE9dqXrkZdx9dNwBYVRpBJ4bzZhvjAV0", "userId": 17327, "license": "https://creativecommons.org/publicdomain/zero/1.0/"}