{"_links": {"self": {"href": "/api/v2/datasets/doi%3A10.5061%2Fdryad.363gs"}, "stash:versions": {"href": "/api/v2/datasets/doi%3A10.5061%2Fdryad.363gs/versions"}, "stash:version": {"href": "/api/v2/versions/8292"}, "stash:download": {"href": "/api/v2/datasets/doi%3A10.5061%2Fdryad.363gs/download"}, "curies": [{"name": "stash", "href": "https://github.com/CDL-Dryad/stash/blob/main/stash_api/link-relations.md#{rel}", "templated": "true"}]}, "identifier": "doi:10.5061/dryad.363gs", "id": 8254, "storageSize": 189275, "title": "Data from: Oil palm plantations fail to support mammal diversity", "authors": [{"firstName": "Sam", "lastName": "Yue", "affiliation": "University of British Columbia", "affiliationROR": "https://ror.org/03rmrcq20"}, {"firstName": "Jedediah F.", "lastName": "Brodie", "affiliation": "University of British Columbia", "affiliationROR": "https://ror.org/03rmrcq20"}, {"firstName": "Elise F.", "lastName": "Zipkin", "affiliation": "Michigan State University", "affiliationROR": "https://ror.org/05hs6h993"}, {"firstName": "Henry", "lastName": "Bernard", "affiliation": "Universiti of Malaysia Sabah", "affiliationROR": "https://ror.org/040v70252"}], "abstract": "Agricultural expansion is the largest threat to global biodiversity. In particular, the rapid spread of tree plantations is a primary driver of deforestation in hyperdiverse tropical regions. Plantations tend to support considerably lower biodiversity than native forest, but it remains unclear whether plantation traits affect their ability to sustain native wildlife populations, particularly for threatened taxa. If animal diversity varies across plantations with different characteristics, these traits could be manipulated to make plantations more \u201cwildlife friendly.\u201d The degree to which plantations create edge effects that degrade habitat quality in adjacent forest also remains unclear, limiting our ability to predict wildlife persistence in mixed-use landscapes. We used systematic camera trapping to investigate mammal occurrence and diversity in oil palm plantations and adjacent forest in Sabah, Malaysian Borneo. Mammals within plantations were largely constrained to locations near native forest; the occurrence of most species and overall species richness declined abruptly with decreasing forest proximity from an estimated 14 species at the forest ecotone to ~1 species 2 km into the plantation. Neither tree height nor canopy cover within plantations strongly affected mammal diversity or occurrence, suggesting that manipulating tree spacing or planting cycles might not make plantations more wildlife friendly. Plantations did not appear to generate strong edge effects; mammal richness within forest remained high and consistent up to the plantation ecotone. Our results suggest that land-sparing strategies, as opposed to efforts to make plantations more wildlife-friendly, are required for regional wildlife conservation in biodiverse tropical ecosystems.", "keywords": ["land sparing", "camera trap", "Habitat connectivity", "Wildlife-friendly farming", "agricultural expansion", "species richness", "tropical rainforest"], "usageNotes": "<div class=\"o-metadata__file-usage-entry\"><h4 class=\"o-heading__level3-file-title\">Yue et al 2015 Data</h4><div class=\"o-metadata__file-description\">Camera trap and site data used for the study</div><div class=\"o-metadata__file-name\">dryad.xls</br></div></div>", "locations": [{"place": "Borneo"}, {"place": "Sabah"}, {"place": "Malaysia"}], "relatedWorks": [{"relationship": "Cites", "identifierType": "DOI", "identifier": "https://doi.org/10.1890/14-1928.1"}], "versionNumber": 1, "versionStatus": "submitted", "curationStatus": "Published", "publicationDate": "2015-04-30", "lastModificationDate": "2020-06-24", "visibility": "public", "sharingLink": "https://datadryad.org/stash/share/2i8ZFEd6f2Ef5pYPzh3J23DPp_dHQ9ybTfQwOXG1ozg", "userId": 12827, "license": "https://creativecommons.org/publicdomain/zero/1.0/"}