{"_links": {"self": {"href": "/api/v2/datasets/doi%3A10.5061%2Fdryad.gf151"}, "stash:versions": {"href": "/api/v2/datasets/doi%3A10.5061%2Fdryad.gf151/versions"}, "stash:version": {"href": "/api/v2/versions/11125"}, "stash:download": {"href": "/api/v2/datasets/doi%3A10.5061%2Fdryad.gf151/download"}, "curies": [{"name": "stash", "href": "https://github.com/CDL-Dryad/stash/blob/main/stash_api/link-relations.md#{rel}", "templated": "true"}]}, "identifier": "doi:10.5061/dryad.gf151", "id": 11082, "storageSize": 114218, "title": "Data from: Additive genetic variance and effects of inbreeding, sex and age on heterophil to lymphocyte ratio in song sparrows", "authors": [{"firstName": "Sylvain", "lastName": "Losdat", "affiliation": "University of Bern", "affiliationROR": "https://ror.org/02k7v4d05"}, {"firstName": "Peter", "lastName": "Arcese", "affiliation": "University of British Columbia", "affiliationROR": "https://ror.org/03rmrcq20"}, {"firstName": "Laura", "lastName": "Sampson", "affiliation": "Universidad del Valle", "affiliationROR": "https://ror.org/02xw8cw23"}, {"firstName": "Nacho", "lastName": "Villar", "affiliation": "University of Aberdeen", "affiliationROR": "https://ror.org/016476m91"}, {"firstName": "Jane M.", "lastName": "Reid", "affiliation": "University of Aberdeen", "affiliationROR": "https://ror.org/016476m91"}], "abstract": "1. Physiological traits can influence individual fitness and evolutionary changes in stress-related physiological traits have been hypothesized to mediate the evolution of life-history traits and trade-offs. The hypothesis that such physiological variation could drive ongoing life-history evolution requires non-zero additive genetic variance in individual stress-related physiological traits. However, the magnitude of genetic and environmental components of phenotypic variation in stress-related physiological traits has not been estimated in fully developed vertebrates under natural environmental conditions. 2. We used 490 observations of heterophil to lymphocyte (H:L) ratio, one stress-related physiological trait, collected from 350 fully developed song sparrows (Melospiza melodia) across nine different sampling periods to estimate direct and interacting effects of individual and parental coefficients of inbreeding (f), sampling period, age and sex, and to estimate additive genetic variance and heritability. 3. Across all nine sampling periods combined, H:L ratio increased with individual f. However, there was a significant individual f by period interaction whereby H:L ratio increased with individual f in two of the nine sampling periods, hence indicating inbreeding depression. H:L ratio was higher (suggesting an increase in baseline stress level) in older individuals, did not differ between males and females and did not vary with parental f. 4. A quantitative genetic \u2018animal model\u2019 estimated low additive genetic variance in individual H:L ratio. The estimated heritability was h2=0.04 and did not differ significantly from zero. 5. Overall, these results imply that the magnitude of inbreeding depression, as measured through H:L ratio, varies with environmental conditions. In contrast, the low estimated heritability implies relatively low potential for H:L ratio to show an evolutionary response to selection, or hence to mediate the evolution of life-history trade-offs.", "keywords": ["quantitative genetics", "stress levels", "Melospiza melodia", "H:L ratio", "physiological trait", "Inbreeding", "animal model", "heritability"], "usageNotes": "<div class=\"o-metadata__file-usage-entry\"><h4 class=\"o-heading__level3-file-title\">Phenotypic data</h4><div class=\"o-metadata__file-description\">Phenotypic data for the analyses of Heterophil to Lymphocyte ratios</div><div class=\"o-metadata__file-name\">HL_dryad.txt</br></div></div><div class=\"o-metadata__file-usage-entry\"><h4 class=\"o-heading__level3-file-title\">Pedigree data</h4><div class=\"o-metadata__file-description\">Pedigree data for the animal model analyses of heterophil to lymphocyte ratio</div><div class=\"o-metadata__file-name\">pedigree_dryad.txt</br></div></div><div class=\"o-metadata__file-usage-entry\"><h4 class=\"o-heading__level3-file-title\">Data repeatability</h4><div class=\"o-metadata__file-description\">Phenotypic data for the analyses of repeatability of Heterophil to Lymphocyte ratios</div><div class=\"o-metadata__file-name\">repeatability_dryad.txt</br></div></div>", "relatedWorks": [{"relationship": "Cites", "identifierType": "DOI", "identifier": "https://doi.org/10.1111/1365-2435.12586"}], "versionNumber": 1, "versionStatus": "submitted", "curationStatus": "Published", "publicationDate": "2016-09-16", "lastModificationDate": "2020-06-24", "visibility": "public", "sharingLink": "https://datadryad.org/stash/share/d5RTY9Q4j1fc05IaYtlx6rOBl7s6sDH-VU-44mvdb1M", "userId": 30416, "license": "https://creativecommons.org/publicdomain/zero/1.0/"}