{"_links": {"self": {"href": "/api/v2/datasets/doi%3A10.5061%2Fdryad.682ns"}, "stash:versions": {"href": "/api/v2/datasets/doi%3A10.5061%2Fdryad.682ns/versions"}, "stash:version": {"href": "/api/v2/versions/3446"}, "stash:download": {"href": "/api/v2/datasets/doi%3A10.5061%2Fdryad.682ns/download"}, "curies": [{"name": "stash", "href": "https://github.com/CDL-Dryad/stash/blob/main/stash_api/link-relations.md#{rel}", "templated": "true"}]}, "identifier": "doi:10.5061/dryad.682ns", "id": 3425, "storageSize": 739629, "title": "Data from: Indirect genetic effects underlie oxygen-limited thermal tolerance within a coastal population of chinook salmon", "authors": [{"firstName": "Nicolas J.", "lastName": "Mu\u00f1oz", "affiliation": "Western University", "affiliationROR": "https://ror.org/02grkyz14"}, {"firstName": "Katja", "lastName": "Anttila", "affiliation": "University of British Columbia", "affiliationROR": "https://ror.org/03rmrcq20"}, {"firstName": "Zhongqi", "lastName": "Chen", "affiliation": "University of British Columbia", "affiliationROR": "https://ror.org/03rmrcq20"}, {"firstName": "John W.", "lastName": "Heath", "affiliation": "Yellow Island Aquaculture Limited, Heriot Bay, British Columbia, Canada"}, {"firstName": "Anthony P.", "lastName": "Farrell", "affiliation": "University of British Columbia", "affiliationROR": "https://ror.org/03rmrcq20"}, {"firstName": "Bryan D.", "lastName": "Neff", "affiliation": "Western University", "affiliationROR": "https://ror.org/02grkyz14"}, {"firstName": "N. J.", "lastName": "Munoz", "affiliation": "Western University", "affiliationROR": "https://ror.org/02grkyz14"}], "abstract": "With global temperatures projected to surpass the limits of thermal tolerance for many species, evaluating the heritable variation underlying thermal tolerance is critical for understanding the potential for adaptation to climate change. We examined the evolutionary potential of thermal tolerance within a population of chinook salmon (Oncorhynchus tshawytscha) by conducting a full-factorial breeding design and measuring the thermal performance of cardiac function and the critical thermal maximum (CTmax) of offspring from each family. Additive genetic variation in offspring phenotype was mostly negligible, although these direct genetic effects explained 53% of the variation in resting heart rate (fH). Conversely, maternal effects had a significant influence on resting fH, scope for fH, cardiac arrhythmia temperature and CTmax. These maternal effects were associated with egg size, as indicated by strong relationships between the mean egg diameter of mothers and offspring thermal tolerance. Because egg size can be highly heritable in chinook salmon, our finding indicates that the maternal effects of egg size constitute an indirect genetic effect contributing to thermal tolerance. Such indirect genetic effects could accelerate evolutionary responses to the selection imposed by rising temperatures and could contribute to the population-specific thermal tolerance that has recently been uncovered among Pacific salmon populations.", "keywords": ["Heart rate", "maternal effects", "egg size", "aerobic capacity", "evolutionary potential"], "usageNotes": "<div class=\"o-metadata__file-usage-entry\"><h4 class=\"o-heading__level3-file-title\">Electronic Supplementary Material (data)</h4><div class=\"o-metadata__file-description\">The heart rate and CTmax data from all individuals used in this study. These data were collected from 25 different families of chinook salmon (5 females and 5 males mated in all combinations). Heart rates were counted from electrocardiograms and recorded along with the corresponding temperature. These data were then analyzed to find the Arrhenius break temperature of heart rate, which corresponds to a drop in the temperature sensitivity (Q10) of heart rate. The additive genetic, non-additive genetic, and maternal effects contributing to cardiac performance and CTmax were calculated by partitioning the variation in these phenotypes to Sire (i.e. father) and Dam (i.e. mother) ID and their interaction using a two-way ANOVA.</div><div class=\"o-metadata__file-name\"></div></div>", "relatedWorks": [{"relationship": "Cites", "identifierType": "DOI", "identifier": "https://doi.org/10.1098/rspb.2014.1082"}], "versionNumber": 1, "versionStatus": "submitted", "curationStatus": "Published", "publicationDate": "2014-06-12", "lastModificationDate": "2020-06-30", "visibility": "public", "sharingLink": "https://datadryad.org/stash/share/FyyPnZ18nkmklykxuMAlcatuF4n_bV7meCOT2IrUb2Q", "userId": 5137, "license": "https://creativecommons.org/publicdomain/zero/1.0/"}