{"_links": {"self": {"href": "/api/v2/datasets/doi%3A10.5061%2Fdryad.65f2k"}, "stash:versions": {"href": "/api/v2/datasets/doi%3A10.5061%2Fdryad.65f2k/versions"}, "stash:version": {"href": "/api/v2/versions/25191"}, "stash:download": {"href": "/api/v2/datasets/doi%3A10.5061%2Fdryad.65f2k/download"}, "curies": [{"name": "stash", "href": "https://github.com/CDL-Dryad/stash/blob/main/stash_api/link-relations.md#{rel}", "templated": "true"}]}, "identifier": "doi:10.5061/dryad.65f2k", "id": 25118, "storageSize": 15144367, "title": "Data from: Hummingbirds control hovering flight by stabilizing visual motion", "authors": [{"firstName": "Benjamin", "lastName": "Goller", "affiliation": "University of British Columbia", "affiliationROR": "https://ror.org/03rmrcq20"}, {"firstName": "Douglas L.", "lastName": "Altshuler", "affiliation": "University of British Columbia", "affiliationROR": "https://ror.org/03rmrcq20"}], "abstract": "Relatively little is known about how sensory information is used for controlling flight in birds. A powerful method is to immerse an animal in a dynamic virtual reality environment to examine behavioral responses. Here, we investigated the role of vision during free-flight hovering in hummingbirds to determine how optic flow\u2014image movement across the retina\u2014is used to control body position. We filmed hummingbirds hovering in front of a projection screen with the prediction that projecting moving patterns would disrupt hovering stability but stationary patterns would allow the hummingbird to stabilize position. When hovering in the presence of moving gratings and spirals, hummingbirds lost positional stability and responded to the specific orientation of the moving visual stimulus. There was no loss of stability with stationary versions of the same stimulus patterns. When exposed to a single stimulus many times or to a weakened stimulus that combined a moving spiral with a stationary checkerboard, the response to looming motion declined. However, even minimal visual motion was sufficient to cause a loss of positional stability despite prominent stationary features. Collectively, these experiments demonstrate that hummingbirds control hovering position by stabilizing motions in their visual field. The high sensitivity and persistence of this disruptive response is surprising, given that the hummingbird brain is highly specialized for sensory processing and spatial mapping, providing other potential mechanisms for controlling position.", "keywords": ["Optic Flow", "Calypte anna", "flight control", "avian flight", "visual guidance"], "usageNotes": "<div class=\"o-metadata__file-usage-entry\"><h4 class=\"o-heading__level3-file-title\">Response to forward-backward, lateral, and vertical visual motion</h4><div class=\"o-metadata__file-description\">The raw 3D traces for bird head position for this experiment. Analysis of these data is presented in figures 1 and 2 of the main article.</div><div class=\"o-metadata__file-name\">response to forward-backward, lateral, and vertical visual motion.zip</br></div></div><div class=\"o-metadata__file-usage-entry\"><h4 class=\"o-heading__level3-file-title\">Response to offset spiral center</h4><div class=\"o-metadata__file-description\">The raw 3D traces for bird head position for this experiment. Analysis of these data is presented in figure 3 of the main article.</div><div class=\"o-metadata__file-name\">response to offset spiral center.zip</br></div></div><div class=\"o-metadata__file-usage-entry\"><h4 class=\"o-heading__level3-file-title\">Response change over time</h4><div class=\"o-metadata__file-description\">The raw 2D traces for bird head position for this experiment. Analysis of these data is presented in figure 4 of the main article.</div><div class=\"o-metadata__file-name\">response change over time.zip</br></div></div><div class=\"o-metadata__file-usage-entry\"><h4 class=\"o-heading__level3-file-title\">Response to combined stationary pattern and looming spiral</h4><div class=\"o-metadata__file-description\">The raw 3D traces for bird head position for this experiment. Analysis of these data is presented in figure 5 of the main article.</div><div class=\"o-metadata__file-name\">response to combined stationary pattern and looming spiral.zip</br></div></div>", "relatedWorks": [{"relationship": "Cites", "identifierType": "DOI", "identifier": "https://doi.org/10.1073/pnas.1415975111"}], "versionNumber": 1, "versionStatus": "submitted", "curationStatus": "Published", "publicationDate": "2015-11-19", "lastModificationDate": "2020-06-24", "visibility": "public", "sharingLink": "https://datadryad.org/stash/share/dqT0qCtZ3OGMyquckaTqvHwz2tsMLdIod85emCbV49s", "userId": 10247, "license": "https://creativecommons.org/publicdomain/zero/1.0/"}