{"_links": {"self": {"href": "/api/v2/datasets/doi%3A10.5061%2Fdryad.bv689"}, "stash:versions": {"href": "/api/v2/datasets/doi%3A10.5061%2Fdryad.bv689/versions"}, "stash:version": {"href": "/api/v2/versions/3429"}, "stash:download": {"href": "/api/v2/datasets/doi%3A10.5061%2Fdryad.bv689/download"}, "curies": [{"name": "stash", "href": "https://github.com/CDL-Dryad/stash/blob/main/stash_api/link-relations.md#{rel}", "templated": "true"}]}, "identifier": "doi:10.5061/dryad.bv689", "id": 3408, "storageSize": 742431, "title": "Data from: Specialization and generalization in the diversification of phytophagous insects: tests of the musical chairs and oscillation hypotheses", "authors": [{"firstName": "Nate B.", "lastName": "Hardy", "affiliation": "Auburn University", "affiliationROR": "https://ror.org/02v80fc35"}, {"firstName": "Sarah P.", "lastName": "Otto", "affiliation": "University of British Columbia", "affiliationROR": "https://ror.org/03rmrcq20"}], "abstract": "Evolutionary biologists have often assumed that ecological generalism comes at the expense of less intense exploitation of specific resources and that this trade-off will promote the evolution of ecologically specialized daughter species. Using a phylogenetic comparative approach with butterflies as a model system, we test hypotheses that incorporate changes in niche breadth and location into explanations of the taxonomic diversification of insect herbivores. Specifically, we compare the oscillation hypothesis, where speciation is driven by host-plant generalists giving rise to specialist daughter species, to the musical chairs hypothesis, where speciation is driven by host-plant switching, without changes in niche breadth. Contrary to the predictions of the oscillation hypothesis, we recover a negative relationship between host-plant breadth and diversification rate and find that changes in host breadth are seldom coupled to speciation events. By contrast, we present evidence for a positive relationship between rates of host switching and butterfly diversification, consonant with the musical chairs hypothesis. These results suggest that the costs of trophic generalism in plant-feeding insects may have been overvalued and that transitions from generalists to ecological specialists may not be an important driver of speciation in general.", "keywords": ["ecological specialization", "adaptive radiation", "Heliconiini", "Diversification rates", "Papilionoidea"], "usageNotes": "<div class=\"o-metadata__file-usage-entry\"><h4 class=\"o-heading__level3-file-title\">Hardy-Otto-2014-Data</h4><div class=\"o-metadata__file-description\">This is an archive containing the phylogenies (newick), trait data (CSV) and R scripts used in Hardy and Otto 2014. Cheers!</div><div class=\"o-metadata__file-name\"></div></div>", "locations": [{"place": "global"}], "relatedWorks": [{"relationship": "Cites", "identifierType": "DOI", "identifier": "https://doi.org/10.1098/rspb.2013.2960"}], "versionNumber": 1, "versionStatus": "submitted", "curationStatus": "Published", "publicationDate": "2014-09-23", "lastModificationDate": "2020-06-30", "visibility": "public", "sharingLink": "https://datadryad.org/stash/share/aE71HRZY2LNYcRWjtcEhJ0AxFd93g3cGNqDqbKBLUcA", "userId": 6905, "license": "https://creativecommons.org/publicdomain/zero/1.0/"}