{"_links": {"self": {"href": "/api/v2/datasets/doi%3A10.5061%2Fdryad.18931zctg"}, "stash:versions": {"href": "/api/v2/datasets/doi%3A10.5061%2Fdryad.18931zctg/versions"}, "stash:version": {"href": "/api/v2/versions/73064"}, "stash:download": {"href": "/api/v2/datasets/doi%3A10.5061%2Fdryad.18931zctg/download"}, "curies": [{"name": "stash", "href": "https://github.com/CDL-Dryad/stash/blob/main/stash_api/link-relations.md#{rel}", "templated": "true"}]}, "identifier": "doi:10.5061/dryad.18931zctg", "id": 49147, "storageSize": 73978, "title": "Data from: Convergent evolution of niche structure in Northeast Pacific kelp forests", "authors": [{"firstName": "Samuel", "lastName": "Starko", "email": "samuel.starko@gmail.com", "affiliation": "University of Victoria", "affiliationROR": "https://ror.org/04s5mat29", "orcid": "0000-0002-9604-9188"}, {"firstName": "Kyle", "lastName": "Demes", "email": "", "affiliation": "Simon Fraser University", "affiliationROR": "https://ror.org/0213rcc28"}, {"firstName": "Christopher", "lastName": "Neufeld", "email": "", "affiliation": "Bamfield Marine Sciences Centre", "affiliationROR": "https://ror.org/039cthy03"}, {"firstName": "Patrick", "lastName": "Martone", "email": "", "affiliation": "University of British Columbia", "affiliationROR": "https://ror.org/03rmrcq20"}], "abstract": "<ol>\r\n\t<li>Much of the morphological and ecological diversity present on earth is believed to have arisen through the process of adaptive radiation. Yet, this is seemingly at odds with substantial evidence that niches tend to be similar among closely related species (i.e., niche conservatism). Identifying the relative importance of these opposing processes in driving niche evolution under different circumstances is therefore essential to our understanding of the interaction between ecological and evolutionary phenomena.</li>\r\n\t<li>In this study, we make use of recent advances in our understanding of the phylogeny of kelps (Laminariales) to investigate niche evolution in one of the most ecologically significant groups of benthic habitat-forming organisms on the planet. We quantify functional traits and use community sampling data from a kelp diversity hotspot to determine which traits are responsible for the habitat (\u03b2) niche of kelps and whether they are labile or conserved across the kelp phylogeny.\u00a0</li>\r\n\t<li>We find that combinations of functional traits have evolved convergently across kelp subclades and that these functional traits are significant predictors of community structure. Specifically, traits associated with whole-kelp structural reinforcement and material properties were found to be significantly correlated with species distributions along a gradient of wave disturbance and thus predict the outcome of environmental filtering. However, kelp assemblages were made up of species that are more phylogenetically distinct than expected (i.e., phylogenetic overdispersion), suggesting that niche partitioning along this gradient of wave disturbance has been an important driver of divergence between close relatives.</li>\r\n\t<li>These results are consistent with the hypothesis that environmental filtering associated with wave disturbance plays an essential role in determining the habitat niche of kelps across local communities and further suggest that this process can drive phenotypic divergence and niche partitioning between close relatives. We propose that parallel adaptive radiation of kelp subclades has shaped the diversity and species composition of kelp forests in the Northeast Pacific and we discuss how evidence from the literature on incipient or ongoing speciation events support this hypothesis.</li>\r\n</ol>\r\n", "funders": [{"organization": "Natural Sciences and Engineering Research Council of Canada", "awardNumber": "Discovery Grant to PTM"}, {"organization": "Killam Trusts", "awardNumber": "Pre-doctoral Fellowship to SS"}, {"organization": "Canada Foundation for Innovation", "awardNumber": "Leaders Opportunity Fund Grant #27431"}, {"organization": "Natural Sciences and Engineering Research Council of Canada", "awardNumber": "PGSD to SS"}], "keywords": ["Laminariales", "diversification", "Phylogenetic community assembly", "Functional morphology", "adaptive radiation", "Niche partitioning", "wave action", "Phylogenetic overdispersion", "Environmental filtering"], "methods": "<p>The raw data provided are as follows: 1) phylogenetic tree\u00a0-adopted from phylogenomic analysis of\u00a0Starko et al., 2019 Mol. Phy. Evol. 136: 138-150, 2) a dataset of trait values collected from the field and literature, 3) a community matrix of species presence-absence at 87 sites collected in 1995 as part of a Parks Canada survey led by L.Druehl and C.Elliot, 4) a dataset containing the upper limit of barnacles at 55 sites\u00a0which serves a proxy of wave exposure. A few additional files are included that represent analyses of these raw data. Descriptions of all files are given in the ReadMe. For more information on data collection and analysis, see Starko et al. 2020 Fun. Ecol. or contact SS directly: samuel.starko@gmail.com.</p>\r\n", "usageNotes": "<p>A description of fields within each data file\u00a0can be found in the ReadMe file.</p>\r\n", "relatedWorks": [{"relationship": "Cites", "identifierType": "DOI", "identifier": "https://doi.org/10.1111/1365-2435.13621"}], "versionNumber": 2, "versionStatus": "submitted", "curationStatus": "Published", "publicationDate": "2020-07-14", "lastModificationDate": "2020-07-15", "visibility": "public", "sharingLink": "https://datadryad.org/stash/share/U_pgw2EAlqLoRVt5lWlZ9txsnkaxYBV3IFdlivqltO0", "userId": 58060, "license": "https://creativecommons.org/publicdomain/zero/1.0/"}