{"_links": {"self": {"href": "/api/v2/datasets/doi%3A10.5061%2Fdryad.2js00"}, "stash:versions": {"href": "/api/v2/datasets/doi%3A10.5061%2Fdryad.2js00/versions"}, "stash:version": {"href": "/api/v2/versions/2788"}, "stash:download": {"href": "/api/v2/datasets/doi%3A10.5061%2Fdryad.2js00/download"}, "curies": [{"name": "stash", "href": "https://github.com/CDL-Dryad/stash/blob/main/stash_api/link-relations.md#{rel}", "templated": "true"}]}, "identifier": "doi:10.5061/dryad.2js00", "id": 2777, "storageSize": 49795482, "title": "Data from: Less favorable climates constrain demographic strategies in plants", "authors": [{"firstName": "Anna M.", "lastName": "Csergo", "affiliation": "University of Queensland", "affiliationROR": "https://ror.org/00rqy9422"}, {"firstName": "Roberto", "lastName": "Salguero-G\u00f3mez", "affiliation": "University of Queensland", "affiliationROR": "https://ror.org/00rqy9422"}, {"firstName": "Olivier", "lastName": "Broennimann", "affiliation": "University of Lausanne", "affiliationROR": "https://ror.org/019whta54"}, {"firstName": "Shaun R.", "lastName": "Coutts", "affiliation": "University of Sheffield", "affiliationROR": "https://ror.org/05krs5044"}, {"firstName": "Antoine", "lastName": "Guisan", "affiliation": "University of Lausanne", "affiliationROR": "https://ror.org/019whta54"}, {"firstName": "Amy L.", "lastName": "Angert", "affiliation": "University of British Columbia", "affiliationROR": "https://ror.org/03rmrcq20"}, {"firstName": "Erik", "lastName": "Welk", "affiliation": "German Center for Integrative Biodiversity Research", "affiliationROR": "https://ror.org/01jty7g66"}, {"firstName": "Iain", "lastName": "Stott", "affiliation": "Max Planck Institute for Demographic Research", "affiliationROR": "https://ror.org/02jgyam08"}, {"firstName": "Brian J.", "lastName": "Enquist", "affiliation": "University of Arizona", "affiliationROR": "https://ror.org/03m2x1q45"}, {"firstName": "Brian", "lastName": "McGill", "affiliation": "University of Maine", "affiliationROR": "https://ror.org/01adr0w49"}, {"firstName": "Jens-Christian", "lastName": "Svenning", "affiliation": "Aarhus University", "affiliationROR": "https://ror.org/01aj84f44"}, {"firstName": "Cyrille", "lastName": "Violle", "affiliation": "Trinity College Dublin", "affiliationROR": "https://ror.org/02tyrky19"}, {"firstName": "Yvonne M.", "lastName": "Buckley", "affiliation": "University of Queensland", "affiliationROR": "https://ror.org/00rqy9422"}], "abstract": "Correlative species distribution models are based on the observed relationship between species\u2019 occurrence and macroclimate or other environmental variables. In climates predicted less favourable populations are expected to decline, and in favourable climates they are expected to persist. However, little comparative empirical support exists for a relationship between predicted climate suitability and population performance. We found that the performance of 93 populations of 34 plant species worldwide \u2013 as measured by in situ population growth rate, its temporal variation and extinction risk \u2013 was not correlated with climate suitability. However, correlations of demographic processes underpinning population performance with climate suitability indicated both resistance and vulnerability pathways of population responses to climate: in less suitable climates, plants experienced greater retrogression (resistance pathway) and greater variability in some demographic rates (vulnerability pathway). While a range of demographic strategies occur within species\u2019 climatic niches, demographic strategies are more constrained in climates predicted to be less suitable.", "keywords": ["COMPADRE Plant Matrix Database", "Spatial demography", "Stress-gradient hypothesis", "ecological niche models", "Matrix population models", "Species distribution models", "Species interactions \u2013 Abiotic stress hypothesis", "Demographic compensation"], "usageNotes": "<div class=\"o-metadata__file-usage-entry\"><h4 class=\"o-heading__level3-file-title\">Supporting Information</h4><div class=\"o-metadata__file-description\">File (1) COMPADRE Plant Matrix Database version 3.0.0 downloaded on July 21, 2014; File (2) Data spreadsheet with population-level demographic metrics and climate suitability values (calculated using the R codes appended here); File (3) R scripts for demographic metric calculations, Species Distribution Models and statistical analyses; File (4) Projected maps based on the Species Distribution Models for species in this study.</div><div class=\"o-metadata__file-name\">Csergo et al ELE.zip</br></div></div>", "locations": [{"place": "Asia"}, {"place": "Europe"}, {"place": "America"}, {"place": "Africa"}], "relatedWorks": [{"relationship": "Cites", "identifierType": "DOI", "identifier": "https://doi.org/10.1111/ele.12794"}], "versionNumber": 1, "versionStatus": "submitted", "curationStatus": "Published", "publicationDate": "2018-05-30", "lastModificationDate": "2020-06-24", "visibility": "public", "sharingLink": "https://datadryad.org/stash/share/Ib5ww3TbPS94K40sDsD7A8lNYm72y3e2b-E3AIY7-z0", "userId": 28420, "license": "https://creativecommons.org/publicdomain/zero/1.0/"}