{"_links": {"self": {"href": "/api/v2/datasets/doi%3A10.5061%2Fdryad.b8226"}, "stash:versions": {"href": "/api/v2/datasets/doi%3A10.5061%2Fdryad.b8226/versions"}, "stash:version": {"href": "/api/v2/versions/989"}, "stash:download": {"href": "/api/v2/datasets/doi%3A10.5061%2Fdryad.b8226/download"}, "curies": [{"name": "stash", "href": "https://github.com/CDL-Dryad/stash/blob/main/stash_api/link-relations.md#{rel}", "templated": "true"}]}, "identifier": "doi:10.5061/dryad.b8226", "id": 985, "storageSize": 254533367, "title": "Data from: Viral dark matter and virus\u2013host interactions resolved from publicly available microbial genomes", "authors": [{"firstName": "Simon", "lastName": "Roux", "affiliation": "University of Arizona", "affiliationROR": "https://ror.org/03m2x1q45"}, {"firstName": "Steven J.", "lastName": "Hallam", "affiliation": "University of British Columbia", "affiliationROR": "https://ror.org/03rmrcq20"}, {"firstName": "Tanja", "lastName": "Woyke", "affiliation": "Joint Genome Institute", "affiliationROR": "https://ror.org/04xm1d337"}, {"firstName": "Matthew B.", "lastName": "Sullivan", "affiliation": "University of Arizona", "affiliationROR": "https://ror.org/03m2x1q45"}], "abstract": "The ecological importance of viruses is now widely recognized, yet our limited knowledge of viral sequence space and virus-host interactions precludes accurate prediction of their roles and impacts. Here we mined publicly available bacterial and archaeal genomic datasets to identify 12,498 high\u2011confidence viral genomes linked to their microbial hosts. These data augment public datasets 10-fold, provide first viral sequences for 13 new bacterial phyla including ecologically abundant phyla, and help taxonomically identify 7-38% of 'unknown' sequence space in viromes. Genome- and network-based classification was largely consistent with accepted viral taxonomy and suggested that (i) 264 new viral genera were identified (doubling known genera) and (ii) cross-taxon genomic recombination is limited. Further analyses provided empirical data on extrachromosomal prophages and co\u2011infection prevalences, as well as evaluation of in silico virus-host linkage predictions. Together these findings illustrate the value of mining viral signal from microbial genomes.", "keywords": ["Viruses", "genomics", "phages", "prophages", "Evolution"], "usageNotes": "<div class=\"o-metadata__file-usage-entry\"><h4 class=\"o-heading__level3-file-title\">VirSorter Curated Dataset genbank file package</h4><div class=\"o-metadata__file-description\">This zip package includes the annotated genbank files (affiliation against PFAM and Refseq) of all viral sequences predicted in the VirSorter Curated Dataset, organized in different folders based on the host of the virus (i.e. the taxonomy of the genomic data in which the viral sequence was identified).</div><div class=\"o-metadata__file-name\">VirSorter_Curated_Dataset_genbank-files.zip</br></div></div>", "relatedWorks": [{"relationship": "Cites", "identifierType": "DOI", "identifier": "https://doi.org/10.7554/eLife.08490"}], "versionNumber": 1, "versionStatus": "submitted", "curationStatus": "Published", "publicationDate": "2015-07-28", "lastModificationDate": "2020-06-30", "visibility": "public", "sharingLink": "https://datadryad.org/stash/share/jRLPkvzapf6WFit0ripShjyrxJljZcIK_r0-hHioIz8", "userId": 14319, "license": "https://creativecommons.org/publicdomain/zero/1.0/"}