{"_links": {"self": {"href": "/api/v2/datasets/doi%3A10.5061%2Fdryad.qg7kv6c"}, "stash:versions": {"href": "/api/v2/datasets/doi%3A10.5061%2Fdryad.qg7kv6c/versions"}, "stash:version": {"href": "/api/v2/versions/4741"}, "stash:download": {"href": "/api/v2/datasets/doi%3A10.5061%2Fdryad.qg7kv6c/download"}, "curies": [{"name": "stash", "href": "https://github.com/CDL-Dryad/stash/blob/main/stash_api/link-relations.md#{rel}", "templated": "true"}]}, "identifier": "doi:10.5061/dryad.qg7kv6c", "id": 4711, "storageSize": 463526, "title": "Data from: Insights into the roles of CMK-1 and OGT-1 in interstimulus interval-dependent habituation in Caenorhabditis elegans", "authors": [{"firstName": "Evan L.", "lastName": "Ardiel", "affiliation": "University of British Columbia", "affiliationROR": "https://ror.org/03rmrcq20"}, {"firstName": "Troy A.", "lastName": "McDiarmid", "affiliation": "University of British Columbia", "affiliationROR": "https://ror.org/03rmrcq20"}, {"firstName": "Tiffany A.", "lastName": "Timbers", "affiliation": "University of British Columbia", "affiliationROR": "https://ror.org/03rmrcq20"}, {"firstName": "Kirsten C.Y.", "lastName": "Lee", "affiliation": "University of British Columbia", "affiliationROR": "https://ror.org/03rmrcq20"}, {"firstName": "Javad", "lastName": "Safaei", "affiliation": "University of British Columbia", "affiliationROR": "https://ror.org/03rmrcq20"}, {"firstName": "Steven L.", "lastName": "Pelech", "affiliation": "University of British Columbia", "affiliationROR": "https://ror.org/03rmrcq20"}, {"firstName": "Catharine H.", "lastName": "Rankin", "affiliation": "University of British Columbia", "affiliationROR": "https://ror.org/03rmrcq20"}, {"firstName": "Kirsten C. Y.", "lastName": "Lee", "affiliation": "University of British Columbia", "affiliationROR": "https://ror.org/03rmrcq20"}], "abstract": "Habituation is a ubiquitous form of non-associative learning observed as a decrement in responding to repeated stimulation that cannot be explained by sensory adaptation or motor fatigue. One of the defining characteristics of habituation is its sensitivity to the rate at which training stimuli are presented \u2013 animals habituate faster in response to more rapid stimulation. The molecular mechanisms underlying this interstimulus interval (ISI)-dependent characteristic of habituation remain unknown. In this article we use behavioral neurogenetic and bioinformatic analyses in the nematode Caenorhabiditis elegans to identify the first molecules that modulate habituation in an ISI-dependent manner. We show that the Caenorhabditis elegans orthologs of Ca2+/calmodulin-dependent kinases CaMK1/4, CMK-1, and O-linked N-acetylglucosamine (O-GlcNAc) transferase, OGT-1, both function in primary sensory neurons to inhibit habituation at short ISIs and promote it at long ISIs. In addition, both cmk-1 and ogt-1 mutants display a rare mechanosensory hyper-responsive phenotype, i.e. larger mechanosensory responses than wild-type. Overall, our work identifies two conserved genes that function in sensory neurons to modulate habituation in an ISI-dependent manner, providing the first insights into the molecular mechanisms underlying the universally observed phenomenon that habituation has different properties when stimuli are delivered at different rates.", "keywords": ["mechanosensation", "CMK-1", "Caenorhabditis elegans", "neurogenetics", "OGT-1", "Non-associative learning", "Habituation"], "usageNotes": "<div class=\"o-metadata__file-usage-entry\"><h4 class=\"o-heading__level3-file-title\">Ardiel_etal_DryadData</h4><div class=\"o-metadata__file-description\">column 1 = plate ID\r\ncolumn 2 = stimulus \r\ncolumn 3 = reversal distance (mm)\r\ncolumn 4 (if applicable) = reversal duration (sec)</div><div class=\"o-metadata__file-name\"></div></div>", "relatedWorks": [{"relationship": "Cites", "identifierType": "DOI", "identifier": "https://doi.org/10.1098/rspb.2018.2084"}], "versionNumber": 1, "versionStatus": "submitted", "curationStatus": "Published", "publicationDate": "2018-10-26", "lastModificationDate": "2020-06-24", "visibility": "public", "sharingLink": "https://datadryad.org/stash/share/bVQf3uYemHyRBkSkD4G90CzHMIZ3g3BtSHsjw6VOSzA", "userId": 35499, "license": "https://creativecommons.org/publicdomain/zero/1.0/"}