{"_links": {"self": {"href": "/api/v2/datasets/doi%3A10.5061%2Fdryad.615p248"}, "stash:versions": {"href": "/api/v2/datasets/doi%3A10.5061%2Fdryad.615p248/versions"}, "stash:version": {"href": "/api/v2/versions/454"}, "stash:download": {"href": "/api/v2/datasets/doi%3A10.5061%2Fdryad.615p248/download"}, "curies": [{"name": "stash", "href": "https://github.com/CDL-Dryad/stash/blob/main/stash_api/link-relations.md#{rel}", "templated": "true"}]}, "identifier": "doi:10.5061/dryad.615p248", "id": 454, "storageSize": 549725878, "title": "Data from: Quantifying how constraints limit the diversity of viable routes to adaptation", "authors": [{"firstName": "Samuel", "lastName": "Yeaman"}, {"firstName": "Aleeza C.", "lastName": "Gerstein", "affiliation": "University of Minnesota", "affiliationROR": "https://ror.org/017zqws13"}, {"firstName": "Kathryn A.", "lastName": "Hodgins", "affiliation": "Monash University", "affiliationROR": "https://ror.org/02bfwt286"}, {"firstName": "Michael C.", "lastName": "Whitlock", "affiliation": "University of British Columbia", "affiliationROR": "https://ror.org/03rmrcq20"}, {"firstName": "Sam", "lastName": "Yeaman", "affiliation": "University of Calgary", "affiliationROR": "https://ror.org/03yjb2x39"}], "abstract": "Convergent adaptation can occur at the genome scale when independently evolving lineages use the same genes to respond to similar selection pressures. These patterns provide insights into the factors that facilitate or constrain the diversity of genetic responses that contribute to adaptive evolution. A first step in studying such factors is to quantify the observed amount of repeatability relative to expectations under a null hypothesis. Here, we formulate a novel metric to quantify the constraints driving the observed amount of repeated adaptation in pairwise contrasts based on the hypergeometric distribution, and then generalize this for simultaneous analysis of multiple lineages. This metric is explicitly based on the probability of observing a given amount of repeatability by chance under an arbitrary null hypothesis, and is readily compared among different species and types of trait. We also formulate a metric to quantify the effective proportion of genes in the genome that have the potential to contribute to adaptation. As an example of how these metrics can be used to draw inferences, we assess the amount of repeatability observed in existing datasets on adaptation to antibiotics in yeast and climate in conifers. This approach provides a method to test a wide range of hypotheses about how different kinds of factors can facilitate or constrain the diversity of genetic responses observed during adaptive evolution.", "keywords": ["genetic constraints", "convergent evolution", "redundancy"], "usageNotes": "<div class=\"o-metadata__file-usage-entry\"><h4 class=\"o-heading__level3-file-title\">Data and scripts</h4><div class=\"o-metadata__file-description\">This file includes the data and scripts necessary to generate all results in the manuscript.</div><div class=\"o-metadata__file-name\">convergence_archive_dryad.zip</br></div></div>", "relatedWorks": [{"relationship": "Cites", "identifierType": "DOI", "identifier": "https://doi.org/10.1371/journal.pgen.1007717"}], "versionNumber": 1, "versionStatus": "submitted", "curationStatus": "Published", "publicationDate": "2018-10-10", "lastModificationDate": "2020-06-24", "visibility": "public", "sharingLink": "https://datadryad.org/stash/share/UNRbBSPhmD8pIWyJHncoj-6d3pxVx_wG4B30u92-1WQ", "userId": 21287, "license": "https://creativecommons.org/publicdomain/zero/1.0/"}