{"_links": {"self": {"href": "/api/v2/datasets/doi%3A10.5061%2Fdryad.v8d05"}, "stash:versions": {"href": "/api/v2/datasets/doi%3A10.5061%2Fdryad.v8d05/versions"}, "stash:version": {"href": "/api/v2/versions/1258"}, "stash:download": {"href": "/api/v2/datasets/doi%3A10.5061%2Fdryad.v8d05/download"}, "curies": [{"name": "stash", "href": "https://github.com/CDL-Dryad/stash/blob/main/stash_api/link-relations.md#{rel}", "templated": "true"}]}, "identifier": "doi:10.5061/dryad.v8d05", "id": 1254, "storageSize": 179041756, "title": "Data from: Evaluation of demographic history and neutral parameterization on the performance of Fst outlier tests", "authors": [{"firstName": "Katie E.", "lastName": "Lotterhos", "affiliation": "University of British Columbia", "affiliationROR": "https://ror.org/03rmrcq20"}, {"firstName": "Michael C.", "lastName": "Whitlock", "affiliation": "University of British Columbia", "affiliationROR": "https://ror.org/03rmrcq20"}], "abstract": "FST outlier tests are a potentially powerful way to detect genetic loci under spatially divergent selection. Unfortunately, the extent to which these tests are robust to non-equilibrium demographic histories has been under-studied. We developed a landscape-genetics simulator to test the effects of isolation by distance (IBD) and range expansion on FST outlier methods. We evaluated the two most commonly used methods for the identification of FST outliers (FDIST2 and BayeScan, which assume samples are evolutionarily independent) and two recent methods (FLK and Bayenv2, which estimate and account for evolutionary non-independence). Parameterization with a set of neutral loci (\u201cneutral parameterization\u201d) always improved the performance of FLK and Bayenv2, while neutral parameterization caused FDIST2 to actually perform worse in the cases of IBD or range expansion. BayeScan was improved when the prior odds on neutrality was increased, regardless of the true odds in the data. On their best performance, however, the widely-used methods had high false-positive rates for IBD and range expansion and were outperformed by methods that accounted for evolutionary non-independence. In addition, default settings in FDIST2 and BayeScan resulted in many false positives under balancing selection. However, all methods did very well if a large set of neutral loci is available to create empirical p-values. We conclude that in species that exhibit IBD or have undergone range expansion, many of the published FST outliers based on FDIST2 and BayeScan are probably false positives, but FLK and Bayenv2 show great promise for accurately identifying loci under spatially-divergent selection.", "keywords": ["range expansion", "genome scan", "non-equilibrium", "refugia"], "usageNotes": "<div class=\"o-metadata__file-usage-entry\"><h4 class=\"o-heading__level3-file-title\">R code for simulations</h4><div class=\"o-metadata__file-description\">This .zip file contains R code and functions used for the landscape simulator in R and the source code for the implementation of FDIST2 in R.</div><div class=\"o-metadata__file-name\">Dryad.zip</br></div><div class=\"o-metadata__file-name\"></div></div>", "relatedWorks": [{"relationship": "Cites", "identifierType": "DOI", "identifier": "https://doi.org/10.1111/mec.12725"}], "versionNumber": 1, "versionStatus": "submitted", "curationStatus": "Published", "publicationDate": "2014-03-17", "lastModificationDate": "2020-06-24", "visibility": "public", "sharingLink": "https://datadryad.org/stash/share/waqvqOf5iODlYtu5Djwzy2tmBmKZoapFH9cnbSzKznk", "userId": 33212, "license": "https://creativecommons.org/publicdomain/zero/1.0/"}