{"_links": {"self": {"href": "/api/v2/datasets/doi%3A10.5061%2Fdryad.hh2kj"}, "stash:versions": {"href": "/api/v2/datasets/doi%3A10.5061%2Fdryad.hh2kj/versions"}, "stash:version": {"href": "/api/v2/versions/21805"}, "stash:download": {"href": "/api/v2/datasets/doi%3A10.5061%2Fdryad.hh2kj/download"}, "curies": [{"name": "stash", "href": "https://github.com/CDL-Dryad/stash/blob/main/stash_api/link-relations.md#{rel}", "templated": "true"}]}, "identifier": "doi:10.5061/dryad.hh2kj", "id": 21741, "storageSize": 1095402, "title": "Data from: Density-dependent signaling: an alternative hypothesis on the function of chemical signaling in a non-territorial solitary carnivore", "authors": [{"firstName": "Clayton T.", "lastName": "Lamb", "affiliation": "University of Alberta", "affiliationROR": "https://ror.org/0160cpw27"}, {"firstName": "Garth", "lastName": "Mowat", "affiliation": "University of British Columbia", "affiliationROR": "https://ror.org/03rmrcq20"}, {"firstName": "Sophie L.", "lastName": "Gilbert", "affiliation": "University of Alberta", "affiliationROR": "https://ror.org/0160cpw27"}, {"firstName": "Bruce N.", "lastName": "McLellan", "affiliation": "Ministry of Forests Lands and Natural Resource Operations", "affiliationROR": "https://ror.org/03cx3d993"}, {"firstName": "Scott E.", "lastName": "Nielsen", "affiliation": "University of Alberta", "affiliationROR": "https://ror.org/0160cpw27"}, {"firstName": "Stan", "lastName": "Boutin", "affiliation": "University of Alberta", "affiliationROR": "https://ror.org/0160cpw27"}], "abstract": "Brown bears are known to use rubbing behavior as a means of chemical communication, but the function of this signaling is unclear. One hypothesis that has gained support is that male bears rub to communicate dominance to other males. We tested the communication of dominance hypothesis in a low-density brown bear population in southeast British Columbia. We contrasted rubbing rates for male and female bears during and after the breeding season using ten years of DNA-mark-recapture data for 643 individuals. Here we demonstrate that male brown bears rub 60% more during the breeding than the non-breeding season, while female rubbing had no seasonal trends. Per capita rub rates by males were, on average, 2.7 times higher than females. Our results suggest that the function of rubbing in the Rocky Mountains may not only be to communicate dominance, but also to self-advertise for mate attraction. We propose that the role of chemical communication in this species may be density-dependent, where the need to self-advertise for mating is inversely related to population density and communicating for dominance increases with population density. We suggest that future endeavors to elucidate the function of rubbing should sample the behavior across a range of population densities using camera trap and genotypic data.", "keywords": ["Ursus arctos", "2005-2015"], "usageNotes": "<div class=\"o-metadata__file-usage-entry\"><h4 class=\"o-heading__level3-file-title\">SouthRockies_DetectionData_RDS</h4><div class=\"o-metadata__file-description\">Detection data for South Rockies project. Suitable for replication of results in \"Density-dependent signaling: An alternative hypothesis on the function of chemical signaling in a non-territorial solitary carnivore\"</div><div class=\"o-metadata__file-name\">DetectionData_ForRubTreePaper.csv</br></div></div>", "locations": [{"place": "British Columbia"}], "relatedWorks": [{"relationship": "Cites", "identifierType": "DOI", "identifier": "https://doi.org/10.1371/journal.pone.0184176"}], "versionNumber": 1, "versionStatus": "submitted", "curationStatus": "Published", "publicationDate": "2018-08-25", "lastModificationDate": "2020-06-24", "visibility": "public", "sharingLink": "https://datadryad.org/stash/share/9MaPidIVwJjSsENxq-FsezWKli7nRjQ44adS3x6GX0I", "userId": 21200, "license": "https://creativecommons.org/publicdomain/zero/1.0/"}