{"_links": {"self": {"href": "/api/v2/datasets/doi%3A10.5061%2Fdryad.fv91n"}, "stash:versions": {"href": "/api/v2/datasets/doi%3A10.5061%2Fdryad.fv91n/versions"}, "stash:version": {"href": "/api/v2/versions/3900"}, "stash:download": {"href": "/api/v2/datasets/doi%3A10.5061%2Fdryad.fv91n/download"}, "curies": [{"name": "stash", "href": "https://github.com/CDL-Dryad/stash/blob/main/stash_api/link-relations.md#{rel}", "templated": "true"}]}, "identifier": "doi:10.5061/dryad.fv91n", "id": 3878, "storageSize": 619702, "title": "Data from: Adaptive divergence along environmental gradients in a climate-change-sensitive mammal", "authors": [{"firstName": "P.", "lastName": "Henry", "affiliation": "University of British Columbia", "affiliationROR": "https://ror.org/03rmrcq20"}, {"firstName": "M. A.", "lastName": "Russello", "affiliation": "University of British Columbia", "affiliationROR": "https://ror.org/03rmrcq20"}], "abstract": "In the face of predicted climate change, a broader understanding of biotic responses to varying environments has become increasingly important within the context of biodiversity conservation. Local adaptation is one potential option, yet remarkably few studies have harnessed genomic tools to evaluate the efficacy of this response within natural populations. Here we show evidence of selection driving divergence of a climate change-sensitive mammal, the American pika (Ochotona princeps), distributed along elevation gradients at its northern range margin in the Coast Mountains of British Columbia (BC), Canada. We employed amplified fragment length polymorphism-based genomic scans to conduct genome-wide searches for candidate loci among populations inhabiting varying environments from sea-level to 1500m. Using a highly stringent approach to outlier locus detection, we identified 68 candidate loci putatively under selection (out of a total 1509 screened), 15 of which displayed significant associations with environmental variables including annual precipitation and maximum summer temperature. These candidate loci may represent important targets for predicting pika responses to climate change and informing novel approaches to wildlife conservation in a changing world.", "keywords": ["Ochotona princeps", "Ochotonidae", "contemporary", "Ochotona", "Lagomorpha", "Ecological Genetics", "Population Genetics - Empirical"], "usageNotes": "<div class=\"o-metadata__file-usage-entry\"><h4 class=\"o-heading__level3-file-title\">Environmental data and frequency of AFLP markers</h4><div class=\"o-metadata__file-description\">A number of files containing information for 6 retained environmental variables as well as AFLP marker frequency. We provide a separate file for each primer combination for both the entire study area as well as for the \"Hill\" transect.</div><div class=\"o-metadata__file-name\">AFLPfreq&Envdata.zip</br></div></div><div class=\"o-metadata__file-usage-entry\"><h4 class=\"o-heading__level3-file-title\">AFLP data set of all populations in AFLPsurv format</h4><div class=\"o-metadata__file-description\">AFLP allele calls for 1509 retained markers in 10 populations. We provide our data in AFLPsurv format.</div><div class=\"o-metadata__file-name\">AFLPsurv_allsites.txt</br></div></div>", "locations": [{"place": "Coast Mountains"}, {"place": "British Columbia"}], "relatedWorks": [{"relationship": "Cites", "identifierType": "DOI", "identifier": "https://doi.org/10.1002/ece3.776"}], "versionNumber": 1, "versionStatus": "submitted", "curationStatus": "Published", "publicationDate": "2014-03-06", "lastModificationDate": "2020-06-24", "visibility": "public", "sharingLink": "https://datadryad.org/stash/share/EvZywNhesgH4t_wk01vGVJ-dQX3JOk5LJviQuh4H09s", "userId": 29361, "license": "https://creativecommons.org/publicdomain/zero/1.0/"}