{"_links": {"self": {"href": "/api/v2/datasets/doi%3A10.5061%2Fdryad.m0p56"}, "stash:versions": {"href": "/api/v2/datasets/doi%3A10.5061%2Fdryad.m0p56/versions"}, "stash:version": {"href": "/api/v2/versions/1478"}, "stash:download": {"href": "/api/v2/datasets/doi%3A10.5061%2Fdryad.m0p56/download"}, "curies": [{"name": "stash", "href": "https://github.com/CDL-Dryad/stash/blob/main/stash_api/link-relations.md#{rel}", "templated": "true"}]}, "identifier": "doi:10.5061/dryad.m0p56", "id": 1473, "storageSize": 136166003, "title": "Data from: Evaluation of rockfish conservation area networks in the United States and Canada relative to the dispersal distance for black rockfish (Sebastes melanops)", "authors": [{"firstName": "Katie E.", "lastName": "Lotterhos", "affiliation": "University of British Columbia", "affiliationROR": "https://ror.org/03rmrcq20"}, {"firstName": "Stefan J.", "lastName": "Dick", "affiliation": "University of British Columbia", "affiliationROR": "https://ror.org/03rmrcq20"}, {"firstName": "Dana R.", "lastName": "Haggarty", "affiliation": "University of British Columbia", "affiliationROR": "https://ror.org/03rmrcq20"}], "abstract": "Marine reserves networks are implemented as a way to mitigate the impact of fishing on marine ecosystems. Theory suggests that a reserve network will function synergistically when connected by dispersal, but the scale of dispersal is often unknown. On the Pacific coast of the United States and Canada, both countries have recently implemented a number of rockfish conservation areas (RCAs) to protect exploited rockfish species, but no study has evaluated the connectivity within networks in each country or between the two countries. We used isolation-by-distance theory to estimate the scale of dispersal from microsatellite data in the black rockfish, Sebastes melanops, and compared this estimate with the distance between RCAs that would protect this species. Within each country, we found that the distance between RCAs was generally within the confidence intervals of mean dispersal per generation. The distance between these two RCA networks, however, was greater than the average dispersal per generation. The data were also consistent with a genetic break between southern Oregon and central Oregon. We discuss whether additional nearshore RCAs in southern Oregon and Washington would help promote connectivity between RCA's for shallow-water rockfishes.", "keywords": ["effective population size", "Marine protected areas", "Fisheries Management", "Sebastes melanops", "reserve design", "ONeSAMP", "MIGRATE", "Population Genetics - Empirical"], "usageNotes": "<div class=\"o-metadata__file-usage-entry\"><h4 class=\"o-heading__level3-file-title\">All datasets, scripts, and results</h4><div class=\"o-metadata__file-description\">This is a .zip file containing the datasets, scripts, and results for the manuscript.  In the folder, you will find the file named:  0_Metadata_readme.xlsx     This file contains a list and description of all files included in the .zip file.</div><div class=\"o-metadata__file-name\">20130831 DataAndScriptsForDRYAD.zip</br></div></div>", "locations": [{"place": "Oregon"}, {"place": "British Columbia"}, {"place": "Washington"}], "relatedWorks": [{"relationship": "Cites", "identifierType": "DOI", "identifier": "https://doi.org/10.1111/eva.12115"}], "versionNumber": 1, "versionStatus": "submitted", "curationStatus": "Published", "publicationDate": "2013-09-12", "lastModificationDate": "2020-06-24", "visibility": "public", "sharingLink": "https://datadryad.org/stash/share/8PLaZWFel1ow3Lv1qeHtU6PzaLuArMJlTMMVZzEJQQ8", "userId": 33212, "license": "https://creativecommons.org/publicdomain/zero/1.0/"}