{"_links": {"self": {"href": "/api/v2/datasets/doi%3A10.5061%2Fdryad.d52df21"}, "stash:versions": {"href": "/api/v2/datasets/doi%3A10.5061%2Fdryad.d52df21/versions"}, "stash:version": {"href": "/api/v2/versions/12151"}, "stash:download": {"href": "/api/v2/datasets/doi%3A10.5061%2Fdryad.d52df21/download"}, "curies": [{"name": "stash", "href": "https://github.com/CDL-Dryad/stash/blob/main/stash_api/link-relations.md#{rel}", "templated": "true"}]}, "identifier": "doi:10.5061/dryad.d52df21", "id": 12107, "storageSize": 95849, "title": "Data from: Short-term microbial effects of a large-scale mine-tailing storage facility collapse on the local natural environment", "authors": [{"firstName": "Heath W.", "lastName": "Garris", "affiliation": "Thompson Rivers University", "affiliationROR": "https://ror.org/01v9wj339"}, {"firstName": "Susan A.", "lastName": "Baldwin", "affiliation": "University of British Columbia", "affiliationROR": "https://ror.org/03rmrcq20"}, {"firstName": "Jon", "lastName": "Taylor", "affiliation": "University of British Columbia", "affiliationROR": "https://ror.org/03rmrcq20"}, {"firstName": "David B.", "lastName": "Gurr", "affiliation": "University of British Columbia", "affiliationROR": "https://ror.org/03rmrcq20"}, {"firstName": "Daniel R.", "lastName": "Denesiuk", "affiliation": "Thompson Rivers University", "affiliationROR": "https://ror.org/01v9wj339"}, {"firstName": "Jonathan D.", "lastName": "Van Hamme", "affiliation": "Thompson Rivers University", "affiliationROR": "https://ror.org/01v9wj339"}, {"firstName": "Lauchlan H.", "lastName": "Fraser", "affiliation": "Thompson Rivers University", "affiliationROR": "https://ror.org/01v9wj339"}], "abstract": "We investigated the impacts of the Mount Polley tailings impoundment failure on chemical, physical, and microbial properties of substrates within the affected watershed, comprised of 70 hectares of riparian wetlands and 40 km of stream and lake shore.  We established a biomonitoring network in October of 2014, two months following the disturbance, and evaluated riparian and wetland substrates for microbial community composition and function via 16S and full metagenome sequencing.  A total of 234 samples were collected from substrates at 3 depths and 1,650,752 sequences were recorded in a geodatabase framework.  These data revealed a wealth of information regarding watershed-scale distribution of microbial community members, as well as community composition, structure, and response to disturbance.  Substrates associated with the impact zone were distinct chemically as indicated by elevated pH, nitrate, and sulphate.  The microbial community exhibited elevated metabolic capacity for selenate and sulfate reduction and an abundance of chemolithoautotrophs in the Thiobacillus thiophilus/T. denitrificans/T. thioparus clade that may contribute to nitrate attenuation within the affected watershed.  The most impacted area (a 6km stream connecting two lakes) exhibited 30% lower microbial diversity relative to the remaining sites.  The tailings impoundment failure at Mount Polley Mine has provided a unique opportunity to evaluate functional and compositional diversity soon after a major catastrophic disturbance to assess metabolic potential for ecosystem recovery.", "keywords": ["metagenomics", "Thiobacillus thioparus", "microbiota", "biomonitoring", "passive remediation", "Mount Polley Mine", "Thiobacillus thiophilus", "Thiobacillus denitrificans"], "usageNotes": "<div class=\"o-metadata__file-usage-entry\"><h4 class=\"o-heading__level3-file-title\">Fall 2014 Mount Polley Metadata</h4><div class=\"o-metadata__file-description\">The attached file includes recorded field metrics and laboratory analyses for soil and water samples collected following the Mount Polley tailings impoundment failure in August 2014. Worksheet descriptions are provided in the attached readme file and sample naming conventions are embedded within included worksheets.</div><div class=\"o-metadata__file-name\"></div><div class=\"o-metadata__file-name\"></div></div>", "locations": [{"place": "52\u00b031'13.70\"N 121\u00b035'53.37\"W"}, {"place": "LIkely BC CANADA"}], "relatedWorks": [{"relationship": "Cites", "identifierType": "DOI", "identifier": "https://doi.org/10.1371/journal.pone.0196032"}], "versionNumber": 1, "versionStatus": "submitted", "curationStatus": "Published", "publicationDate": "2019-04-09", "lastModificationDate": "2020-06-24", "visibility": "public", "sharingLink": "https://datadryad.org/stash/share/m-Dx3mpnLiou2eVf46l1X7pJ-g7scnEX9KQDIvChGjQ", "userId": 31684, "license": "https://creativecommons.org/publicdomain/zero/1.0/"}