{"_links": {"self": {"href": "/api/v2/datasets/doi%3A10.5061%2Fdryad.mc736"}, "stash:versions": {"href": "/api/v2/datasets/doi%3A10.5061%2Fdryad.mc736/versions"}, "stash:version": {"href": "/api/v2/versions/20268"}, "stash:download": {"href": "/api/v2/datasets/doi%3A10.5061%2Fdryad.mc736/download"}, "curies": [{"name": "stash", "href": "https://github.com/CDL-Dryad/stash/blob/main/stash_api/link-relations.md#{rel}", "templated": "true"}]}, "identifier": "doi:10.5061/dryad.mc736", "id": 20204, "storageSize": 11644377, "title": "Data from: Phylogenomics and historical biogeography of the monocot order Liliales: out of Australia and through Antarctica", "authors": [{"firstName": "Thomas J.", "lastName": "Givnish", "affiliation": "University of Wisconsin-Madison", "affiliationROR": "https://ror.org/01y2jtd41"}, {"firstName": "Alejandro", "lastName": "Zuluaga", "affiliation": "Universidad del Valle", "affiliationROR": "https://ror.org/02xw8cw23"}, {"firstName": "Isabel", "lastName": "Marques", "affiliation": "University of British Columbia", "affiliationROR": "https://ror.org/03rmrcq20"}, {"firstName": "Vivienne K. Y.", "lastName": "Lam", "affiliation": "University of British Columbia", "affiliationROR": "https://ror.org/03rmrcq20"}, {"firstName": "Marybel", "lastName": "Soto Gomez", "affiliation": "University of British Columbia", "affiliationROR": "https://ror.org/03rmrcq20"}, {"firstName": "William J. D.", "lastName": "Iles", "affiliation": "University of Georgia", "affiliationROR": "https://ror.org/00te3t702"}, {"firstName": "Mercedes", "lastName": "Ames", "affiliation": "University of Wisconsin-Madison", "affiliationROR": "https://ror.org/01y2jtd41"}, {"firstName": "Daniel", "lastName": "Spalink", "affiliation": "University of Wisconsin-Madison", "affiliationROR": "https://ror.org/01y2jtd41"}, {"firstName": "Jackson R.", "lastName": "Moeller", "affiliation": "University of Wisconsin-Madison", "affiliationROR": "https://ror.org/01y2jtd41"}, {"firstName": "Barbara G.", "lastName": "Briggs", "affiliation": "Botanic Gardens Trust; Sydney NSW 2000 Australia"}, {"firstName": "Stephanie P.", "lastName": "Lyon", "affiliation": "University of Wisconsin-Madison", "affiliationROR": "https://ror.org/01y2jtd41"}, {"firstName": "Dennis W.", "lastName": "Stevenson", "affiliation": "University of British Columbia", "affiliationROR": "https://ror.org/03rmrcq20"}, {"firstName": "Wendy", "lastName": "Zomlefer", "affiliation": "University of Georgia", "affiliationROR": "https://ror.org/00te3t702"}, {"firstName": "Sean W.", "lastName": "Graham", "affiliation": "University of British Columbia", "affiliationROR": "https://ror.org/03rmrcq20"}], "abstract": "We present the first phylogenomic analysis of relationships among all ten families of Liliales, based on 75 plastid genes from 35 species in 29 genera, and 97 additional plastomes stratified across angiosperm lineages. We used a supermatrix approach to extend our analysis to 58 of 64 genera of Liliales, and calibrated the resulting phylogeny against 17 fossil dates to produce a new timeline for monocot evolution. Liliales diverged from other monocots 124 Mya and began splitting into separate families 113 Mya. Our data support an Australian origin for Liliales, with close relationships between three pairs of lineages (Corsiaceae/Campynemataceae, Philesiaceae/Ripogonaceae, tribes Alstroemerieae/Luzuriageae) in South America and Australia or New Zealand reflecting teleconnections of these areas via Antarctica. Long-distance dispersal (LDD) across the Pacific and Tasman Sea led to re-invasion of New Zealand by two lineages (Luzuriaga, Ripogonum); LDD allowed Campynemanthe to colonize New Caledonia after its submergence until 37 Mya. LDD permitted Colchicaceae to invade East Asia and Africa from Australia, and re-invade Africa from Australia. Periodic desert greening permitted Gloriosa and Iphigenia to colonize Southeast Asia overland from Africa, and Androcymbium\u2013Colchicum to invade the Mediterranean from South Africa. Melanthiaceae and Liliaceae crossed the Bering land-bridge several times from the Miocene to the Pleistocene.", "usageNotes": "<div class=\"o-metadata__file-usage-entry\"><h4 class=\"o-heading__level3-file-title\">Alignments of 75 chloroplast coding regions for 135 Angiosperms</h4><div class=\"o-metadata__file-description\">Nexus file containing a concatenated alignment of 75 coding regions for 33 species of Liliales and other 102 Angiosperms.</div><div class=\"o-metadata__file-name\">135_Angiosperm_75CDS.nex</br></div></div><div class=\"o-metadata__file-usage-entry\"><h4 class=\"o-heading__level3-file-title\">XML BEAST file for divergence times estimation</h4><div class=\"o-metadata__file-description\">XML file for divergence times estimation analysis with BEAST v1.8.0.</div><div class=\"o-metadata__file-name\">Liliales_2Genes_angiosperm.xml</br></div></div>", "relatedWorks": [{"relationship": "Cites", "identifierType": "DOI", "identifier": "https://doi.org/10.1111/cla.12153"}], "versionNumber": 1, "versionStatus": "submitted", "curationStatus": "Published", "publicationDate": "2016-12-18", "lastModificationDate": "2020-06-30", "visibility": "public", "sharingLink": "https://datadryad.org/stash/share/PvQXRLbifJJRe0inRsewJaZkNIXs_D4rzD9d1jtl-Uw", "userId": 14471, "license": "https://creativecommons.org/publicdomain/zero/1.0/"}