{"_links": {"self": {"href": "/api/v2/datasets/doi%3A10.5061%2Fdryad.6jj614kh"}, "stash:versions": {"href": "/api/v2/datasets/doi%3A10.5061%2Fdryad.6jj614kh/versions"}, "stash:version": {"href": "/api/v2/versions/26870"}, "stash:download": {"href": "/api/v2/datasets/doi%3A10.5061%2Fdryad.6jj614kh/download"}, "curies": [{"name": "stash", "href": "https://github.com/CDL-Dryad/stash/blob/main/stash_api/link-relations.md#{rel}", "templated": "true"}]}, "identifier": "doi:10.5061/dryad.6jj614kh", "id": 26797, "storageSize": 1792114, "title": "Data from: Genetic signature of adaptive peak shift in threespine stickleback", "authors": [{"firstName": "Sean M.", "lastName": "Rogers", "affiliation": "University of Calgary", "affiliationROR": "https://ror.org/03yjb2x39"}, {"firstName": "Patrick", "lastName": "Tamkee", "affiliation": "University of British Columbia", "affiliationROR": "https://ror.org/03rmrcq20"}, {"firstName": "Brian", "lastName": "Summers", "affiliation": "Stanford University", "affiliationROR": "https://ror.org/00f54p054"}, {"firstName": "Sarita", "lastName": "Balabahadra", "affiliation": "Stanford University", "affiliationROR": "https://ror.org/00f54p054"}, {"firstName": "Melissa", "lastName": "Marks", "affiliation": "Stanford University", "affiliationROR": "https://ror.org/00f54p054"}, {"firstName": "David E.", "lastName": "Kingsley", "affiliation": "Stanford University", "affiliationROR": "https://ror.org/00f54p054"}, {"firstName": "Dolph", "lastName": "Schluter", "affiliation": "University of British Columbia", "affiliationROR": "https://ror.org/03rmrcq20"}], "abstract": "Transition of an evolving population to a new adaptive optimum is predicted to leave a signature in the distribution of effect sizes of fixed mutations. If they affect many traits (are pleiotropic), large effect mutations should contribute more when a population evolves to a farther adaptive peak than to a nearer peak. We tested this prediction in wild threespine stickleback fish (Gasterosteus aculeatus) by comparing the estimated frequency of large effect genetic changes underlying evolution as the same ancestor adapted to two lake types since the end of the ice age. A higher frequency of large effect genetic changes (quantitative trait loci) contributed to adaptive evolution in populations that adapted to lakes representing a more distant optimum than to lakes in which the optimum phenotype was nearer to the ancestral state. Our results also indicate that pleiotropy, not just optimum overshoot, contributes to this difference. These results suggest that a series of adaptive improvements to a new environment leaves a detectable mark in the genome of wild populations. Although not all assumptions of the theory are likely met in natural systems, the prediction may be robust enough to the complexities of natural environments to be useful when forecasting adaptive responses to large environmental changes.", "keywords": ["pleiotropy", "ecological genomics", "Evolutionary genomics", "Selection - Natural", "Gasterosteus aculeatus"], "usageNotes": "<div class=\"o-metadata__file-usage-entry\"><h4 class=\"o-heading__level3-file-title\">Cranby E4 pheno</h4><div class=\"o-metadata__file-description\">Microsatellite allele sizes are always presented as \"smaller,larger\" so that a 5 digit entry can be decoded as smaller=first 2 digits, larger=last 3 digits. A \"0\" or blank means data are missing. A 3-digit entry refers to a homozygote. For sex, a \"1\" refers to male while a \"0\" refers to female.</div><div class=\"o-metadata__file-name\"></div></div><div class=\"o-metadata__file-usage-entry\"><h4 class=\"o-heading__level3-file-title\">Cranby E4 geno</h4><div class=\"o-metadata__file-description\">Microsatellite allele sizes are always presented as \"smaller,larger\" so that a 5 digit entry can be decoded as smaller=first 2 digits, larger=last 3 digits. A \"0\" or blank means data are missing. A 3-digit entry refers to a homozygote. For sex, a \"1\" refers to male while a \"0\" refers to female.</div><div class=\"o-metadata__file-name\"></div></div><div class=\"o-metadata__file-usage-entry\"><h4 class=\"o-heading__level3-file-title\">Cranby E5 pheno</h4><div class=\"o-metadata__file-description\">Microsatellite allele sizes are always presented as \"smaller,larger\" so that a 5 digit entry can be decoded as smaller=first 2 digits, larger=last 3 digits. A \"0\" or blank means data are missing. A 3-digit entry refers to a homozygote. For sex, a \"1\" refers to male while a \"0\" refers to female.</div><div class=\"o-metadata__file-name\"></div></div><div class=\"o-metadata__file-usage-entry\"><h4 class=\"o-heading__level3-file-title\">Cranby E5 geno</h4><div class=\"o-metadata__file-description\">Microsatellite allele sizes are always presented as \"smaller,larger\" so that a 5 digit entry can be decoded as smaller=first 2 digits, larger=last 3 digits. A \"0\" or blank means data are missing. A 3-digit entry refers to a homozygote. For sex, a \"1\" refers to male while a \"0\" refers to female.</div><div class=\"o-metadata__file-name\"></div></div><div class=\"o-metadata__file-usage-entry\"><h4 class=\"o-heading__level3-file-title\">Cranby E6 pheno</h4><div class=\"o-metadata__file-description\">Microsatellite allele sizes are always presented as \"smaller,larger\" so that a 5 digit entry can be decoded as smaller=first 2 digits, larger=last 3 digits. A \"0\" or blank means data are missing. A 3-digit entry refers to a homozygote. For sex, a \"1\" refers to male while a \"0\" refers to female.</div><div class=\"o-metadata__file-name\"></div></div><div class=\"o-metadata__file-usage-entry\"><h4 class=\"o-heading__level3-file-title\">Cranby E6 geno</h4><div class=\"o-metadata__file-description\">Microsatellite allele sizes are always presented as \"smaller,larger\" so that a 5 digit entry can be decoded as smaller=first 2 digits, larger=last 3 digits. A \"0\" or blank means data are missing. A 3-digit entry refers to a homozygote. For sex, a \"1\" refers to male while a \"0\" refers to female.</div><div class=\"o-metadata__file-name\"></div></div><div class=\"o-metadata__file-usage-entry\"><h4 class=\"o-heading__level3-file-title\">Cranby E10 pheno</h4><div class=\"o-metadata__file-description\">Microsatellite allele sizes are always presented as \"smaller,larger\" so that a 5 digit entry can be decoded as smaller=first 2 digits, larger=last 3 digits. A \"0\" or blank means data are missing. A 3-digit entry refers to a homozygote. For sex, a \"1\" refers to male while a \"0\" refers to female.</div><div class=\"o-metadata__file-name\"></div></div><div class=\"o-metadata__file-usage-entry\"><h4 class=\"o-heading__level3-file-title\">Cranby E10 geno</h4><div class=\"o-metadata__file-description\">Microsatellite allele sizes are always presented as \"smaller,larger\" so that a 5 digit entry can be decoded as smaller=first 2 digits, larger=last 3 digits. A \"0\" or blank means data are missing. A 3-digit entry refers to a homozygote. For sex, a \"1\" refers to male while a \"0\" refers to female.</div><div class=\"o-metadata__file-name\"></div></div><div class=\"o-metadata__file-usage-entry\"><h4 class=\"o-heading__level3-file-title\">Hoggan H5 pheno</h4><div class=\"o-metadata__file-description\">Microsatellite allele sizes are always presented as \"smaller,larger\" so that a 5 digit entry can be decoded as smaller=first 2 digits, larger=last 3 digits. A \"0\" or blank means data are missing. A 3-digit entry refers to a homozygote. For sex, a \"1\" refers to male while a \"0\" refers to female.</div><div class=\"o-metadata__file-name\"></div></div><div class=\"o-metadata__file-usage-entry\"><h4 class=\"o-heading__level3-file-title\">Hoggan H5 geno</h4><div class=\"o-metadata__file-description\">Microsatellite allele sizes are always presented as \"smaller,larger\" so that a 5 digit entry can be decoded as smaller=first 2 digits, larger=last 3 digits. A \"0\" or blank means data are missing. A 3-digit entry refers to a homozygote. For sex, a \"1\" refers to male while a \"0\" refers to female.</div><div class=\"o-metadata__file-name\"></div></div><div class=\"o-metadata__file-usage-entry\"><h4 class=\"o-heading__level3-file-title\">Hoggan H7 pheno</h4><div class=\"o-metadata__file-description\">Microsatellite allele sizes are always presented as \"smaller,larger\" so that a 5 digit entry can be decoded as smaller=first 2 digits, larger=last 3 digits. A \"0\" or blank means data are missing. A 3-digit entry refers to a homozygote. For sex, a \"1\" refers to male while a \"0\" refers to female.</div><div class=\"o-metadata__file-name\"></div></div><div class=\"o-metadata__file-usage-entry\"><h4 class=\"o-heading__level3-file-title\">Hoggan H17 pheno</h4><div class=\"o-metadata__file-description\">Microsatellite allele sizes are always presented as \"smaller,larger\" so that a 5 digit entry can be decoded as smaller=first 2 digits, larger=last 3 digits. A \"0\" or blank means data are missing. A 3-digit entry refers to a homozygote. For sex, a \"1\" refers to male while a \"0\" refers to female.</div><div class=\"o-metadata__file-name\"></div></div><div class=\"o-metadata__file-usage-entry\"><h4 class=\"o-heading__level3-file-title\">Hoggan H17 geno</h4><div class=\"o-metadata__file-description\">Microsatellite allele sizes are always presented as \"smaller,larger\" so that a 5 digit entry can be decoded as smaller=first 2 digits, larger=last 3 digits. A \"0\" or blank means data are missing. A 3-digit entry refers to a homozygote. For sex, a \"1\" refers to male while a \"0\" refers to female.</div><div class=\"o-metadata__file-name\"></div></div><div class=\"o-metadata__file-usage-entry\"><h4 class=\"o-heading__level3-file-title\">Hoggan H19 pheno</h4><div class=\"o-metadata__file-description\">Microsatellite allele sizes are always presented as \"smaller,larger\" so that a 5 digit entry can be decoded as smaller=first 2 digits, larger=last 3 digits. A \"0\" or blank means data are missing. A 3-digit entry refers to a homozygote. For sex, a \"1\" refers to male while a \"0\" refers to female.</div><div class=\"o-metadata__file-name\"></div></div><div class=\"o-metadata__file-usage-entry\"><h4 class=\"o-heading__level3-file-title\">Hoggan H19 geno</h4><div class=\"o-metadata__file-description\">Microsatellite allele sizes are always presented as \"smaller,larger\" so that a 5 digit entry can be decoded as smaller=first 2 digits, larger=last 3 digits. A \"0\" or blank means data are missing. A 3-digit entry refers to a homozygote. For sex, a \"1\" refers to male while a \"0\" refers to female.</div><div class=\"o-metadata__file-name\"></div></div><div class=\"o-metadata__file-usage-entry\"><h4 class=\"o-heading__level3-file-title\">Graham 1 pheno</h4><div class=\"o-metadata__file-description\">Microsatellite allele sizes are always presented as \"smaller,larger\" so that a 5 digit entry can be decoded as smaller=first 2 digits, larger=last 3 digits. A \"0\" or blank means data are missing. A 3-digit entry refers to a homozygote. For sex, a \"1\" refers to male while a \"0\" refers to female.</div><div class=\"o-metadata__file-name\"></div></div><div class=\"o-metadata__file-usage-entry\"><h4 class=\"o-heading__level3-file-title\">Graham 1 geno</h4><div class=\"o-metadata__file-description\">Microsatellite allele sizes are always presented as \"smaller,larger\" so that a 5 digit entry can be decoded as smaller=first 2 digits, larger=last 3 digits. A \"0\" or blank means data are missing. A 3-digit entry refers to a homozygote. For sex, a \"1\" refers to male while a \"0\" refers to female.</div><div class=\"o-metadata__file-name\"></div></div><div class=\"o-metadata__file-usage-entry\"><h4 class=\"o-heading__level3-file-title\">Graham 2 pheno</h4><div class=\"o-metadata__file-description\">Microsatellite allele sizes are always presented as \"smaller,larger\" so that a 5 digit entry can be decoded as smaller=first 2 digits, larger=last 3 digits. A \"0\" or blank means data are missing. A 3-digit entry refers to a homozygote. For sex, a \"1\" refers to male while a \"0\" refers to female.</div><div class=\"o-metadata__file-name\"></div></div><div class=\"o-metadata__file-usage-entry\"><h4 class=\"o-heading__level3-file-title\">Graham 2 geno</h4><div class=\"o-metadata__file-description\">Microsatellite allele sizes are always presented as \"smaller,larger\" so that a 5 digit entry can be decoded as smaller=first 2 digits, larger=last 3 digits. A \"0\" or blank means data are missing. A 3-digit entry refers to a homozygote. For sex, a \"1\" refers to male while a \"0\" refers to female.</div><div class=\"o-metadata__file-name\"></div></div><div class=\"o-metadata__file-usage-entry\"><h4 class=\"o-heading__level3-file-title\">Graham 10 pheno</h4><div class=\"o-metadata__file-description\">Microsatellite allele sizes are always presented as \"smaller,larger\" so that a 5 digit entry can be decoded as smaller=first 2 digits, larger=last 3 digits. A \"0\" or blank means data are missing. A 3-digit entry refers to a homozygote. For sex, a \"1\" refers to male while a \"0\" refers to female.</div><div class=\"o-metadata__file-name\"></div></div><div class=\"o-metadata__file-usage-entry\"><h4 class=\"o-heading__level3-file-title\">Graham 10 geno</h4><div class=\"o-metadata__file-description\">Microsatellite allele sizes are always presented as \"smaller,larger\" so that a 5 digit entry can be decoded as smaller=first 2 digits, larger=last 3 digits. A \"0\" or blank means data are missing. A 3-digit entry refers to a homozygote. For sex, a \"1\" refers to male while a \"0\" refers to female.</div><div class=\"o-metadata__file-name\"></div></div><div class=\"o-metadata__file-usage-entry\"><h4 class=\"o-heading__level3-file-title\">Graham 11 pheno</h4><div class=\"o-metadata__file-description\">Microsatellite allele sizes are always presented as \"smaller,larger\" so that a 5 digit entry can be decoded as smaller=first 2 digits, larger=last 3 digits. A \"0\" or blank means data are missing. A 3-digit entry refers to a homozygote. For sex, a \"1\" refers to male while a \"0\" refers to female.</div><div class=\"o-metadata__file-name\"></div></div><div class=\"o-metadata__file-usage-entry\"><h4 class=\"o-heading__level3-file-title\">Graham 11 geno</h4><div class=\"o-metadata__file-description\">Microsatellite allele sizes are always presented as \"smaller,larger\" so that a 5 digit entry can be decoded as smaller=first 2 digits, larger=last 3 digits. A \"0\" or blank means data are missing. A 3-digit entry refers to a homozygote. For sex, a \"1\" refers to male while a \"0\" refers to female.</div><div class=\"o-metadata__file-name\"></div></div><div class=\"o-metadata__file-usage-entry\"><h4 class=\"o-heading__level3-file-title\">Paq A3 pheno</h4><div class=\"o-metadata__file-description\">Microsatellite allele sizes are always presented as \"smaller,larger\" so that a 5 digit entry can be decoded as smaller=first 2 digits, larger=last 3 digits. A \"0\" or blank means data are missing. A 3-digit entry refers to a homozygote. For sex, a \"1\" refers to male while a \"0\" refers to female.</div><div class=\"o-metadata__file-name\"></div></div><div class=\"o-metadata__file-usage-entry\"><h4 class=\"o-heading__level3-file-title\">Paq A3 geno</h4><div class=\"o-metadata__file-description\">Microsatellite allele sizes are always presented as \"smaller,larger\" so that a 5 digit entry can be decoded as smaller=first 2 digits, larger=last 3 digits. A \"0\" or blank means data are missing. A 3-digit entry refers to a homozygote. For sex, a \"1\" refers to male while a \"0\" refers to female.</div><div class=\"o-metadata__file-name\"></div></div><div class=\"o-metadata__file-usage-entry\"><h4 class=\"o-heading__level3-file-title\">Paq A5 pheno</h4><div class=\"o-metadata__file-description\">Microsatellite allele sizes are always presented as \"smaller,larger\" so that a 5 digit entry can be decoded as smaller=first 2 digits, larger=last 3 digits. A \"0\" or blank means data are missing. A 3-digit entry refers to a homozygote. For sex, a \"1\" refers to male while a \"0\" refers to female.</div><div class=\"o-metadata__file-name\"></div></div><div class=\"o-metadata__file-usage-entry\"><h4 class=\"o-heading__level3-file-title\">Paq A5 geno</h4><div class=\"o-metadata__file-description\">Microsatellite allele sizes are always presented as \"smaller,larger\" so that a 5 digit entry can be decoded as smaller=first 2 digits, larger=last 3 digits. A \"0\" or blank means data are missing. A 3-digit entry refers to a homozygote. For sex, a \"1\" refers to male while a \"0\" refers to female.</div><div class=\"o-metadata__file-name\"></div></div><div class=\"o-metadata__file-usage-entry\"><h4 class=\"o-heading__level3-file-title\">Paq A7 pheno</h4><div class=\"o-metadata__file-description\">Microsatellite allele sizes are always presented as \"smaller,larger\" so that a 5 digit entry can be decoded as smaller=first 2 digits, larger=last 3 digits. A \"0\" or blank means data are missing. A 3-digit entry refers to a homozygote. For sex, a \"1\" refers to male while a \"0\" refers to female.</div><div class=\"o-metadata__file-name\"></div></div><div class=\"o-metadata__file-usage-entry\"><h4 class=\"o-heading__level3-file-title\">Paq A7 geno</h4><div class=\"o-metadata__file-description\">Microsatellite allele sizes are always presented as \"smaller,larger\" so that a 5 digit entry can be decoded as smaller=first 2 digits, larger=last 3 digits. A \"0\" or blank means data are missing. A 3-digit entry refers to a homozygote. For sex, a \"1\" refers to male while a \"0\" refers to female.</div><div class=\"o-metadata__file-name\"></div></div><div class=\"o-metadata__file-usage-entry\"><h4 class=\"o-heading__level3-file-title\">Paq A10 pheno</h4><div class=\"o-metadata__file-description\">Microsatellite allele sizes are always presented as \"smaller,larger\" so that a 5 digit entry can be decoded as smaller=first 2 digits, larger=last 3 digits. A \"0\" or blank means data are missing. A 3-digit entry refers to a homozygote. For sex, a \"1\" refers to male while a \"0\" refers to female.</div><div class=\"o-metadata__file-name\"></div></div><div class=\"o-metadata__file-usage-entry\"><h4 class=\"o-heading__level3-file-title\">Paq A10 geno</h4><div class=\"o-metadata__file-description\">Microsatellite allele sizes are always presented as \"smaller,larger\" so that a 5 digit entry can be decoded as smaller=first 2 digits, larger=last 3 digits. A \"0\" or blank means data are missing. A 3-digit entry refers to a homozygote. For sex, a \"1\" refers to male while a \"0\" refers to female.</div><div class=\"o-metadata__file-name\"></div></div><div class=\"o-metadata__file-usage-entry\"><h4 class=\"o-heading__level3-file-title\">NHG wild genotypes</h4><div class=\"o-metadata__file-description\">Microsatellite allele sizes are always presented as \"smaller,larger\" so that a 5 digit entry can be decoded as smaller=first 2 digits, larger=last 3 digits. A \"0\" or blank means data are missing. A 3-digit entry refers to a homozygote. For sex, a \"1\" refers to male while a \"0\" refers to female.</div><div class=\"o-metadata__file-name\"></div></div><div class=\"o-metadata__file-usage-entry\"><h4 class=\"o-heading__level3-file-title\">Hoggan H7 geno</h4><div class=\"o-metadata__file-description\">Microsatellite allele sizes are always presented as \"smaller,larger\" so that a 5 digit entry can be decoded as smaller=first 2 digits, larger=last 3 digits. A \"0\" or blank means data are missing. A 3-digit entry refers to a homozygote. For sex, a \"1\" refers to male while a \"0\" refers to female.</div><div class=\"o-metadata__file-name\"></div></div>", "relatedWorks": [{"relationship": "Cites", "identifierType": "DOI", "identifier": "https://doi.org/10.1111/j.1558-5646.2012.01622.x"}], "versionNumber": 1, "versionStatus": "submitted", "curationStatus": "Published", "publicationDate": "2012-02-23", "lastModificationDate": "2020-06-24", "visibility": "public", "sharingLink": "https://datadryad.org/stash/share/1AVjaR0BUG_hbVtXdggiEV96vVr-8W8I-fA0sHR2spU", "userId": 1757, "license": "https://creativecommons.org/publicdomain/zero/1.0/"}