{"_links": {"self": {"href": "/api/v2/datasets/doi%3A10.5061%2Fdryad.7c652r8"}, "stash:versions": {"href": "/api/v2/datasets/doi%3A10.5061%2Fdryad.7c652r8/versions"}, "stash:version": {"href": "/api/v2/versions/5583"}, "stash:download": {"href": "/api/v2/datasets/doi%3A10.5061%2Fdryad.7c652r8/download"}, "curies": [{"name": "stash", "href": "https://github.com/CDL-Dryad/stash/blob/main/stash_api/link-relations.md#{rel}", "templated": "true"}]}, "identifier": "doi:10.5061/dryad.7c652r8", "id": 5548, "storageSize": 361503, "title": "Data from: Do correlated responses to multiple environmental changes exacerbate or mitigate species loss?", "authors": [{"firstName": "Luke O.", "lastName": "Frishkoff", "affiliation": "University of Toronto", "affiliationROR": "https://ror.org/03dbr7087"}, {"firstName": "Alejandra", "lastName": "Echeverri", "affiliation": "University of British Columbia", "affiliationROR": "https://ror.org/03rmrcq20"}, {"firstName": "Kai M.A.", "lastName": "Chan", "affiliation": "University of British Columbia", "affiliationROR": "https://ror.org/03rmrcq20"}, {"firstName": "Daniel S.", "lastName": "Karp", "affiliation": "University of California System", "affiliationROR": "https://ror.org/00pjdza24"}, {"firstName": "Kai M. A.", "lastName": "Chan", "affiliation": "University of British Columbia", "affiliationROR": "https://ror.org/03rmrcq20"}], "abstract": "Biological communities face multiple global changes simultaneously, and predicting how they will respond remains a key challenge. Co-tolerance theory offers a framework for understanding how species-level responses to multiple stressors affect community properties. Co-tolerance theory predicts that positive correlations in species responses (i.e., species that are susceptible to one stressor are more likely to be highly susceptible to a second) lessen total species loss, essentially because species cannot be eliminated from a community twice. However, it is unclear whether several of the tenets of co-tolerance theory describe real-world communities, and what consequences result from such deviations. Here, we use an empirical dataset of bird community response to land-use change over a climate gradient to examine co-tolerance theory\u2019s tenet that environmental changes only harm species (not benefit them). We show that this tenet is not met, and then use simulations to examine how predictions of total species richness and community intactness vary when multiple environmental changes both harm and benefit particular species in the community. Finally, we conduct a sensitivity analysis, examining how the average species response to environmental change, as well as the variance among species, can further alter predictions. Overall, we find that predictions of co-tolerance theory can break down when communities contain species that benefit from some environmental changes. As a result, the presence of multiple environmental changes can either compound or mitigate species loss when species\u2019 responses are positively correlated, preventing a one-size-fits-all statement regarding the effects of correlated responses. This finding highlights the need to carefully consider the underlying mechanisms of community change when making policy assessments regarding the consequences of correlations of species responses to environmental impacts.", "keywords": ["2016", "species loss", "community", "Aves"], "usageNotes": "<div class=\"o-metadata__file-usage-entry\"><h4 class=\"o-heading__level3-file-title\">Frishkoff_2018_Bird_Data</h4><div class=\"o-metadata__file-description\">Zipped archive raw bird observation data collected in 2016 in Guanacaste peninsula, Costa Rica as well as point count information and species names in separate csv files.</div><div class=\"o-metadata__file-name\"></div><div class=\"o-metadata__file-name\"></div></div>", "locations": [{"place": "Guanacaste"}, {"place": "Costa Rica"}], "relatedWorks": [{"relationship": "Cites", "identifierType": "DOI", "identifier": "https://doi.org/10.1111/oik.05288"}], "versionNumber": 1, "versionStatus": "submitted", "curationStatus": "Published", "publicationDate": "2018-05-29", "lastModificationDate": "2020-06-24", "visibility": "public", "sharingLink": "https://datadryad.org/stash/share/I2_hdo-4r_MUr5tHJYX_7MWx5Wywk944lpc7p3ElphY", "userId": 33882, "license": "https://creativecommons.org/publicdomain/zero/1.0/"}