{"_links": {"self": {"href": "/api/v2/datasets/doi%3A10.5061%2Fdryad.n0513"}, "stash:versions": {"href": "/api/v2/datasets/doi%3A10.5061%2Fdryad.n0513/versions"}, "stash:version": {"href": "/api/v2/versions/20784"}, "stash:download": {"href": "/api/v2/datasets/doi%3A10.5061%2Fdryad.n0513/download"}, "curies": [{"name": "stash", "href": "https://github.com/CDL-Dryad/stash/blob/main/stash_api/link-relations.md#{rel}", "templated": "true"}]}, "identifier": "doi:10.5061/dryad.n0513", "id": 20720, "storageSize": 33344194, "title": "Data from: Direct and indirect genetic and fine-scale location effects on breeding date in song sparrows", "authors": [{"firstName": "Ryan R.", "lastName": "Germain", "affiliation": "University of British Columbia", "affiliationROR": "https://ror.org/03rmrcq20"}, {"firstName": "Matthew E.", "lastName": "Wolak", "affiliation": "University of Aberdeen", "affiliationROR": "https://ror.org/016476m91"}, {"firstName": "Peter", "lastName": "Arcese", "affiliation": "University of British Columbia", "affiliationROR": "https://ror.org/03rmrcq20"}, {"firstName": "Sylvain", "lastName": "Losdat", "affiliation": "University of Aberdeen", "affiliationROR": "https://ror.org/016476m91"}, {"firstName": "Jane M.", "lastName": "Reid", "affiliation": "University of Aberdeen", "affiliationROR": "https://ror.org/016476m91"}], "abstract": "Quantifying direct and indirect genetic effects of interacting females and males on variation in jointly expressed life-history traits is central to predicting microevolutionary dynamics. However, accurately estimating sex-specific additive genetic variances in such traits remains difficult in wild populations, especially if related individuals inhabit similar fine-scale environments.\r\nBreeding date is a key life-history trait that responds to environmental phenology and mediates individual and population responses to environmental change. However, no studies have estimated female (direct) and male (indirect) additive genetic and inbreeding effects on breeding date, and estimated the cross-sex genetic correlation, while simultaneously accounting for fine-scale environmental effects of breeding locations, impeding prediction of microevolutionary dynamics.\r\nWe fitted animal models to 38 years of song sparrow (Melospiza melodia) phenology and pedigree data to estimate sex-specific additive genetic variances in breeding date, and the cross-sex genetic correlation, thereby estimating the total additive genetic variance while simultaneously estimating sex-specific inbreeding depression. We further fitted three forms of spatial animal model to explicitly estimate variance in breeding date attributable to breeding location, overlap among breeding locations and spatial autocorrelation. We thereby quantified fine-scale location variances in breeding date and quantified the degree to which estimating such variances affected the estimated additive genetic variances.\r\nThe non-spatial animal model estimated nonzero female and male additive genetic variances in breeding date (sex-specific heritabilities: 0\u00b707 and 0\u00b702, respectively) and a strong, positive cross-sex genetic correlation (0\u00b799), creating substantial total additive genetic variance (0\u00b718). Breeding date varied with female, but not male inbreeding coefficient, revealing direct, but not indirect, inbreeding depression. All three spatial animal models estimated small location variance in breeding date, but because relatedness and breeding location were virtually uncorrelated, modelling location variance did not alter the estimated additive genetic variances.\r\nOur results show that sex-specific additive genetic effects on breeding date can be strongly positively correlated, which would affect any predicted rates of microevolutionary change in response to sexually antagonistic or congruent selection. Further, we show that inbreeding effects on breeding date can also be sex specific and that genetic effects can exceed phenotypic variation stemming from fine-scale location-based variation within a wild population.", "keywords": ["quantitative genetics", "Melospiza melodia", "sexual conflict", "breeding habitat", "nest location", "emergent trait", "lay date", "associative genetic effects", "reproduction"], "usageNotes": "<div class=\"o-metadata__file-usage-entry\"><h4 class=\"o-heading__level3-file-title\">Main_Dataset</h4><div class=\"o-metadata__file-description\">This file contains the phenotypic data for the joint univariate animal model analysis of breeding date.</div><div class=\"o-metadata__file-name\"></div></div><div class=\"o-metadata__file-usage-entry\"><h4 class=\"o-heading__level3-file-title\">Numeric_Pedigree</h4><div class=\"o-metadata__file-description\">This file contains the numeric pedigree used to construct the inverted A (relationship) matrix for the joint univariate animal model analysis of breeding date.</div><div class=\"o-metadata__file-name\"></div></div><div class=\"o-metadata__file-usage-entry\"><h4 class=\"o-heading__level3-file-title\">Unique_ID_All_Cell_Sizes</h4><div class=\"o-metadata__file-description\">This file contains the identity of each grid cell a given nest was located in for each version of the 'Grid' joint univariate animal model analysis of breeding date presented in the above paper.</div><div class=\"o-metadata__file-name\"></div></div><div class=\"o-metadata__file-usage-entry\"><h4 class=\"o-heading__level3-file-title\">Overlap_Buff_50m_All_Nests</h4><div class=\"o-metadata__file-description\">This file contains a list of all overlapping nest buffers (buffer area = 50m^2) used to construct the S matrix for the '50 m overlap' animal model presented in the supporting information of the above paper</div><div class=\"o-metadata__file-name\"></div></div><div class=\"o-metadata__file-usage-entry\"><h4 class=\"o-heading__level3-file-title\">Overlap_Buff_100m_All_Nests</h4><div class=\"o-metadata__file-description\">This file contains a list of all overlapping nest buffers (buffer area = 100m^2) used to construct the S matrix for the '100 m overlap' animal model presented in the supporting information of the above paper</div><div class=\"o-metadata__file-name\"></div></div><div class=\"o-metadata__file-usage-entry\"><h4 class=\"o-heading__level3-file-title\">Overlap_Buff_150m_All_Nests</h4><div class=\"o-metadata__file-description\">This file contains a list of all overlapping nest buffers (buffer area = 150m^2) used to construct the S matrix for the '150 m overlap' animal model presented in the supporting information of the above paper</div><div class=\"o-metadata__file-name\"></div></div><div class=\"o-metadata__file-usage-entry\"><h4 class=\"o-heading__level3-file-title\">Overlap_Buff_200m_All_Nests</h4><div class=\"o-metadata__file-description\">This file contains a list of all overlapping nest buffers (buffer area = 200m^2) used to construct the S matrix for the '200 m overlap' animal model presented in the supporting information of the above paper</div><div class=\"o-metadata__file-name\"></div></div><div class=\"o-metadata__file-usage-entry\"><h4 class=\"o-heading__level3-file-title\">Overlap_Buff_250m_All_Nests</h4><div class=\"o-metadata__file-description\">This file contains a list of all overlapping nest buffers (buffer area = 250m^2) used to construct the S matrix for the '250 m overlap' animal model presented in the supporting information of the above paper</div><div class=\"o-metadata__file-name\"></div></div><div class=\"o-metadata__file-usage-entry\"><h4 class=\"o-heading__level3-file-title\">Overlap_Buff_300m_All_Nests</h4><div class=\"o-metadata__file-description\">This file contains a list of all overlapping nest buffers (buffer area = 300m^2) used to construct the S matrix for the '300 m overlap' animal model presented in the supporting information of the above paper</div><div class=\"o-metadata__file-name\"></div></div><div class=\"o-metadata__file-usage-entry\"><h4 class=\"o-heading__level3-file-title\">Overlap_Buff_400m_All_Nests</h4><div class=\"o-metadata__file-description\">This file contains a list of all overlapping nest buffers (buffer area = 400m^2) used to construct the S matrix for the '400 m overlap' animal model presented in the supporting information of the above paper</div><div class=\"o-metadata__file-name\"></div></div><div class=\"o-metadata__file-usage-entry\"><h4 class=\"o-heading__level3-file-title\">Overlap_Buff_500m_All_Nests</h4><div class=\"o-metadata__file-description\">This file contains a list of all overlapping nest buffers (buffer area = 500m^2) used to construct the S matrix for the '500 m overlap' animal model presented in the supporting information of the above paper</div><div class=\"o-metadata__file-name\"></div></div><div class=\"o-metadata__file-usage-entry\"><h4 class=\"o-heading__level3-file-title\">Overlap_Buff_600m_All_Nests</h4><div class=\"o-metadata__file-description\">This file contains a list of all overlapping nest buffers (buffer area = 600m^2) used to construct the S matrix for the '600 m overlap' animal model presented in the supporting information of the above paper</div><div class=\"o-metadata__file-name\"></div></div><div class=\"o-metadata__file-usage-entry\"><h4 class=\"o-heading__level3-file-title\">Overlap_Buff_700m_All_Nests</h4><div class=\"o-metadata__file-description\">This file contains a list of all overlapping nest buffers (buffer area = 700m^2) used to construct the S matrix for the '700 m overlap' animal model presented in the supporting information of the above paper</div><div class=\"o-metadata__file-name\"></div></div><div class=\"o-metadata__file-usage-entry\"><h4 class=\"o-heading__level3-file-title\">Overlap_Buff_800m_All_Nests</h4><div class=\"o-metadata__file-description\">This file contains a list of all overlapping nest buffers (buffer area = 800m^2) used to construct the S matrix for the '800 m overlap' animal model presented in the supporting information of the above paper</div><div class=\"o-metadata__file-name\"></div></div><div class=\"o-metadata__file-usage-entry\"><h4 class=\"o-heading__level3-file-title\">Overlap_Buff_900m_All_Nests</h4><div class=\"o-metadata__file-description\">This file contains a list of all overlapping nest buffers (buffer area = 900m^2) used to construct the S matrix for the '900 m overlap' animal model presented in the supporting information of the above paper</div><div class=\"o-metadata__file-name\"></div></div><div class=\"o-metadata__file-usage-entry\"><h4 class=\"o-heading__level3-file-title\">Overlap_Buff_1000m_All_Nests</h4><div class=\"o-metadata__file-description\">This file contains a list of all overlapping nest buffers (buffer area = 1000m^2) used to construct the S matrix for the '1000 m overlap' animal model presented in the supporting information of the above paper</div><div class=\"o-metadata__file-name\"></div></div><div class=\"o-metadata__file-usage-entry\"><h4 class=\"o-heading__level3-file-title\">Overlap_Buff_1500m_All_Nests</h4><div class=\"o-metadata__file-description\">This file contains a list of all overlapping nest buffers (buffer area = 1500m^2) used to construct the S matrix for the '1500 m overlap' animal model presented in the supporting information of the above paper</div><div class=\"o-metadata__file-name\"></div></div><div class=\"o-metadata__file-usage-entry\"><h4 class=\"o-heading__level3-file-title\">Overlap_Buff_2000m_All_Nests</h4><div class=\"o-metadata__file-description\">This file contains a list of all overlapping nest buffers (buffer area = 2000m^2) used to construct the S matrix for the '2000 m overlap' animal model presented in the supporting information of the above paper</div><div class=\"o-metadata__file-name\"></div></div>", "relatedWorks": [{"relationship": "Cites", "identifierType": "DOI", "identifier": "https://doi.org/10.1111/1365-2656.12575"}], "versionNumber": 1, "versionStatus": "submitted", "curationStatus": "Published", "publicationDate": "2017-07-20", "lastModificationDate": "2020-06-24", "visibility": "public", "sharingLink": "https://datadryad.org/stash/share/nYCgtJ3tuoHY3jAJNCsRoi5mHvMRsEVlG5VXKxVFzP4", "userId": 30017, "license": "https://creativecommons.org/publicdomain/zero/1.0/"}