{"_links": {"self": {"href": "/api/v2/datasets/doi%3A10.5061%2Fdryad.h1r1pg7"}, "stash:versions": {"href": "/api/v2/datasets/doi%3A10.5061%2Fdryad.h1r1pg7/versions"}, "stash:version": {"href": "/api/v2/versions/22330"}, "stash:download": {"href": "/api/v2/datasets/doi%3A10.5061%2Fdryad.h1r1pg7/download"}, "curies": [{"name": "stash", "href": "https://github.com/CDL-Dryad/stash/blob/main/stash_api/link-relations.md#{rel}", "templated": "true"}]}, "identifier": "doi:10.5061/dryad.h1r1pg7", "id": 22266, "storageSize": 3608879, "title": "Data from: Nets versus spraying: a spatial modelling approach reveals indoor residual spraying targets Anopheles mosquito habitats better than mosquito nets in Tanzania", "authors": [{"firstName": "Emily Sohanna", "lastName": "Acheson", "affiliation": "University of British Columbia", "affiliationROR": "https://ror.org/03rmrcq20"}, {"firstName": "Jeremy Thomas", "lastName": "Kerr", "affiliation": "University of Ottawa", "affiliationROR": "https://ror.org/03c4mmv16"}], "abstract": "The global implementation of malaria interventions has averted hundreds of millions of clinical malaria cases in the last decade. This study assesses predicted Anopheles mosquito distributions across the United Republic of Tanzania before large-scale insecticide-treated net (ITN) rollouts and indoor residual spraying (IRS) initiatives to determine whether mosquito net usage by children under the age of five and IRS are targeted to areas where historical evidence indicates mosquitoes thrive. Demographic and Health Surveys data from 2011-2012 and 2015-2016 include detailed measurements of mosquito net and IRS use across Tanzania. Anopheline data are far less intensively collected, but we constructed a Maxent-built baseline mosquito habitat suitability (MHS) map (AUC=0.872) with Tanzanian Anopheles occurrence records from 1999-2003. This MHS model was tested against independently-observed georeferenced Plasmodium falciparum cases from the Malaria Atlas Project, with ~87% of cases from 1999-2003 (n=107) and ~84% of cases from 1985-2012 (n=919) occurring in areas of high predicted suitability for mosquitoes. We compared the validated MHS with subsequent malaria interventions using mixed effects logistic regression. Specifically, we assessed whether Anopheles habitat suitability related to the frequency that \u22651 child in a household reportedly slept under a mosquito net when that intervention later became widely available, and whether IRS was reportedly applied to dwellings over a one-year period. There was no evidence that mosquito net use the night before the survey related to MHS from 2011-2012 and marginally significant evidence (p<0.05) from 2015-2016 (\u03b2=1.466, 95% C.I.=0.848-2.103, marginal R2=0.020, respectively). However, the likelihood of IRS treatments rose relatively strongly in the 12 months prior to both surveys (\u03b2=13.466, 95% C.I.=10.488-16.456, marginal R2=0.144, and \u03b2=6.817, 95% C.I.=5.439-8.303, marginal R2=0.136, respectively). IRS treatments have therefore been targeted more effectively than mosquito nets toward areas where anopheline habitat suitability was previously found to be high.", "keywords": ["Anopheles", "malaria", "Anopheles mosquito", "indoor residual spraying"], "usageNotes": "<div class=\"o-metadata__file-usage-entry\"><h4 class=\"o-heading__level3-file-title\">Maxent_data</h4><div class=\"o-metadata__file-description\">This zipped file contains the ASCII files representing the environmental factors used to make the Maxent model and map.</div><div class=\"o-metadata__file-name\"></div></div><div class=\"o-metadata__file-usage-entry\"><h4 class=\"o-heading__level3-file-title\">Anopheles_c2001</h4><div class=\"o-metadata__file-description\">This CSV file contains the combined Anopheles mosquito coordinates, where mosquitoes were collected in Tanzania between 1999-2003, for the building of the Maxent model. These data, combined with the ASCII environmental files, will reproduce the Maxent model and map when used as input in the Maxent software.</div><div class=\"o-metadata__file-name\"></div></div>", "locations": [{"place": "Tanzania"}], "relatedWorks": [{"relationship": "Cites", "identifierType": "DOI", "identifier": "https://doi.org/10.1371/journal.pone.0205270"}], "versionNumber": 1, "versionStatus": "submitted", "curationStatus": "Published", "publicationDate": "2018-11-07", "lastModificationDate": "2020-06-30", "visibility": "public", "sharingLink": "https://datadryad.org/stash/share/3TLNy1vUucDLg8jX8ld9vXQYmkTpBTB_fo-aMuhyN-w", "userId": 34140, "license": "https://creativecommons.org/publicdomain/zero/1.0/"}