{"_links": {"self": {"href": "/api/v2/datasets/doi%3A10.5061%2Fdryad.8b3d1"}, "stash:versions": {"href": "/api/v2/datasets/doi%3A10.5061%2Fdryad.8b3d1/versions"}, "stash:version": {"href": "/api/v2/versions/8238"}, "stash:download": {"href": "/api/v2/datasets/doi%3A10.5061%2Fdryad.8b3d1/download"}, "curies": [{"name": "stash", "href": "https://github.com/CDL-Dryad/stash/blob/main/stash_api/link-relations.md#{rel}", "templated": "true"}]}, "identifier": "doi:10.5061/dryad.8b3d1", "id": 8200, "storageSize": 193098, "title": "Data from: Positive relationship between genetic- and species diversity on limestone outcrops in the Carpathian Mountains", "authors": [{"firstName": "Anna M\u00e1ria", "lastName": "Cserg\u0151", "affiliation": "University of British Columbia", "affiliationROR": "https://ror.org/03rmrcq20"}, {"firstName": "Levente", "lastName": "Hufnagel", "affiliation": "E\u00f6tv\u00f6s Lor\u00e1nd University", "affiliationROR": "https://ror.org/01jsq2704"}, {"firstName": "M\u00e1ria", "lastName": "H\u00f6hn", "affiliation": "E\u00f6tv\u00f6s Lor\u00e1nd University", "affiliationROR": "https://ror.org/01jsq2704"}], "abstract": "We asked if the genetic diversity of Saponaria bellidifolia (a habitat specialist plant) and the species diversity of its habitat are driven by parallel landscape-level processes in an island-like system of limestone outcrops in the Carpathian Mountains. We tested the relationship of these two diversity levels at local and regional geographic scales. Local genetic and species diversity showed parallel patterns influenced by the number of plant communities. Likewise, at regional level there was strong evidence for parallel equilibrial dynamics of genotypes and species. However, a superimposed matrix effect enhanced the regional species diversity only. Genetic diversity of habitat specialist organisms and species diversity of these limestone outcrop islands on mainland are modulated by parallel landscape-level processes at different geographic scales, and mechanisms may be identified at very high spatial resolutions.", "keywords": ["Saponaria bellidifolia", "genetic diversity", "RAPD", "species diversity", "Island Biogeography", "dry grassland", "interspecific diversity", "limestone grassland", "mainland islands", "intraspecific diversity", "Holocene", "habitat heterogeneity", "habitat fragments"], "usageNotes": "<div class=\"o-metadata__file-usage-entry\"><h4 class=\"o-heading__level3-file-title\">VegetationPlots_Saponaria bellidifoliaHabitat_Apuseni Mts</h4><div class=\"o-metadata__file-description\">Vegetation data sampled within Saponaria bellidifolia habitat in the Apuseni Mountains (Carpathian Mountains, Romania).</div><div class=\"o-metadata__file-name\"></div></div><div class=\"o-metadata__file-usage-entry\"><h4 class=\"o-heading__level3-file-title\">RAPD_Saponaria bellidifolia_Apuseni Mts</h4><div class=\"o-metadata__file-description\">RAPD analysis of 10 plants/population for 7 Saponaria bellidifolia populations within Apuseni Mountains.</div><div class=\"o-metadata__file-name\"></div></div>", "locations": [{"place": "Carpathian Mountains"}, {"place": "Dealul Vidolm"}, {"place": "Cheile Runcului"}, {"place": "Piatra Urda\u0219ului"}, {"place": "Romania"}, {"place": "Cheile Pociovali\u0219tei"}, {"place": "Cheile Po\u0219egii"}, {"place": "Sc\u0103ri\u021ba-Belioara"}, {"place": "Apuseni Mountains"}, {"place": "Pinet"}, {"place": "V\u00e2rful Cornului"}], "relatedWorks": [{"relationship": "Cites", "identifierType": "DOI", "identifier": "https://doi.org/10.1016/j.ecocom.2014.01.001"}], "versionNumber": 1, "versionStatus": "submitted", "curationStatus": "Published", "publicationDate": "2015-01-17", "lastModificationDate": "2020-06-24", "visibility": "public", "sharingLink": "https://datadryad.org/stash/share/GqaBNfyDd7nixMGlUCJQanRcRgrZY2tdtbi7EZFJ7C0", "userId": 28420, "license": "https://creativecommons.org/publicdomain/zero/1.0/"}