{"_links": {"self": {"href": "/api/v2/datasets/doi%3A10.5061%2Fdryad.h13vg"}, "stash:versions": {"href": "/api/v2/datasets/doi%3A10.5061%2Fdryad.h13vg/versions"}, "stash:version": {"href": "/api/v2/versions/25359"}, "stash:download": {"href": "/api/v2/datasets/doi%3A10.5061%2Fdryad.h13vg/download"}, "curies": [{"name": "stash", "href": "https://github.com/CDL-Dryad/stash/blob/main/stash_api/link-relations.md#{rel}", "templated": "true"}]}, "identifier": "doi:10.5061/dryad.h13vg", "id": 25286, "storageSize": 1536311, "title": "Data from: Patterns and drivers of intraspecific variation in avian life history along elevational gradients: a meta-analysis", "authors": [{"firstName": "W. Alice", "lastName": "Boyle", "affiliation": "University of British Columbia", "affiliationROR": "https://ror.org/03rmrcq20"}, {"firstName": "Brett K.", "lastName": "Sandercock", "affiliation": "Kansas State University", "affiliationROR": "https://ror.org/05p1j8758"}, {"firstName": "Kathy", "lastName": "Martin", "affiliation": "University of British Columbia", "affiliationROR": "https://ror.org/03rmrcq20"}], "abstract": "Elevational gradients provide powerful natural systems for testing hypotheses regarding the role of environmental variation in the evolution of life-history strategies. Case studies have revealed shifts towards slower life histories in organisms living at high elevations yet no synthetic analyses exist of elevational variation in life-history traits for major vertebrate clades. We examined (i) how life-history traits change with elevation in paired populations of bird species worldwide, and (ii) which biotic and abiotic factors drive elevational shifts in life history. Using three analytical methods, we found that fecundity declined at higher elevations due to smaller clutches and fewer reproductive attempts per year. By contrast, elevational differences in traits associated with parental investment or survival varied among studies. High-elevation populations had shorter and later breeding seasons, but longer developmental periods implying that temporal constraints contribute to reduced fecundity. Analyses of clutch size data, the trait for which we had the largest number of population comparisons, indicated no evidence that phylogenetic history constrained species-level plasticity in trait variation associated with elevational gradients. The magnitude of elevational shifts in life-history traits were largely unrelated to geographic (altitude, latitude), intrinsic (body mass, migratory status), or habitat covariates. Meta-population structure, methodological issues associated with estimating survival, or processes shaping range boundaries could potentially explain the nature of elevational shifts in life-history traits evident in this data set. We identify a new risk factor for montane populations in changing climates: low fecundity will result in lower reproductive potential to recover from perturbations, especially as fewer than half of the species experienced higher survival at higher elevations.", "keywords": ["interspecific competition", "productivity", "Demography", "montane", "alpine", "Lack's hypothesis", "species range limits", "Aves", "Fecundity", "Hedge's d"], "usageNotes": "<div class=\"o-metadata__file-usage-entry\"><h4 class=\"o-heading__level3-file-title\">Avian Life History Trait Dataset</h4><div class=\"o-metadata__file-description\">Core dataset upon which the study was based. Details of contents described in the ReadMe file.</div><div class=\"o-metadata__file-name\">ALHTDataset.csv</br></div><div class=\"o-metadata__file-name\"></div></div><div class=\"o-metadata__file-usage-entry\"><h4 class=\"o-heading__level3-file-title\">ALHTTreesFile</h4><div class=\"o-metadata__file-description\">File containing 500 phylogenetic trees for the taxa included in tests of phylogenetic signal in responses of clutch size to elevational differences as described in the README file associated with the main data file.</div><div class=\"o-metadata__file-name\"></div></div>", "relatedWorks": [{"relationship": "Cites", "identifierType": "DOI", "identifier": "https://doi.org/10.1111/brv.12180"}], "versionNumber": 1, "versionStatus": "submitted", "curationStatus": "Published", "publicationDate": "2016-02-12", "lastModificationDate": "2020-06-30", "visibility": "public", "sharingLink": "https://datadryad.org/stash/share/sQiYxsWGp7Slrr0ck8UhwSsBXNX5tmr6qB65pcWhU_k", "userId": 11639, "license": "https://creativecommons.org/publicdomain/zero/1.0/"}