{"_links": {"self": {"href": "/api/v2/datasets/doi%3A10.5061%2Fdryad.b8gtht78h"}, "stash:versions": {"href": "/api/v2/datasets/doi%3A10.5061%2Fdryad.b8gtht78h/versions"}, "stash:version": {"href": "/api/v2/versions/58590"}, "stash:download": {"href": "/api/v2/datasets/doi%3A10.5061%2Fdryad.b8gtht78h/download"}, "curies": [{"name": "stash", "href": "https://github.com/CDL-Dryad/stash/blob/main/stash_api/link-relations.md#{rel}", "templated": "true"}]}, "identifier": "doi:10.5061/dryad.b8gtht78h", "id": 41537, "storageSize": 2610890, "title": "Global gradients in intraspecific variation in vegetative and floral traits are partially associated with climate and species richness ", "authors": [{"firstName": "Jonas", "lastName": "Kuppler", "email": "jonas.kuppler@mail.de", "affiliation": "University of Salzburg", "affiliationROR": "https://ror.org/05gs8cd61", "orcid": "0000-0003-4409-9367"}, {"firstName": "C\u00e9cile H.", "lastName": "Albert", "email": "", "affiliation": "University of Avignon", "affiliationROR": "https://ror.org/00mfpxb84"}, {"firstName": "Gregory M.", "lastName": "Ames", "email": "", "affiliation": "North Carolina State University", "affiliationROR": "https://ror.org/04tj63d06"}, {"firstName": "W. Scott", "lastName": "Armbruster", "email": "", "affiliation": "University of Alaska Fairbanks", "affiliationROR": "https://ror.org/01j7nq853"}, {"firstName": "Gerhard", "lastName": "Boenisch", "email": "", "affiliation": "Max Planck Institute for Biogeochemistry", "affiliationROR": "https://ror.org/051yxp643"}, {"firstName": "Florian C.", "lastName": "Boucher", "email": "", "affiliation": "Grenoble Alpes University", "affiliationROR": "https://ror.org/02rx3b187"}, {"firstName": "Diane R.", "lastName": "Campbell", "email": "", "affiliation": "University of California, Irvine", "affiliationROR": "https://ror.org/04gyf1771"}, {"firstName": "Liedson T.", "lastName": "Carneiro", "email": "", "affiliation": "Federal University of Alfenas", "affiliationROR": "https://ror.org/034vpja60"}, {"firstName": "Eduardo", "lastName": "Chac\u00f3n-Madrigal", "email": "", "affiliation": "University of Costa Rica", "affiliationROR": "https://ror.org/02yzgww51"}, {"firstName": "Brian J.", "lastName": "Enquist", "email": "", "affiliation": "University of Arizona", "affiliationROR": "https://ror.org/03m2x1q45"}, {"firstName": "Carlos R.", "lastName": "Fonseca", "email": "", "affiliation": "Federal University of Rio Grande do Norte", "affiliationROR": "https://ror.org/04wn09761"}, {"firstName": "Jos\u00e9 M.", "lastName": "G\u00f3mez", "email": "", "affiliation": "Estacion Experimental de Zonas Aridas", "affiliationROR": "https://ror.org/01hq59z49"}, {"firstName": "Antoine", "lastName": "Guisan", "email": "", "affiliation": "University of Lausanne", "affiliationROR": "https://ror.org/019whta54"}, {"firstName": "Pedro", "lastName": "Higuchi", "email": "", "affiliation": "Universidade do Estado de Santa Catarina", "affiliationROR": "https://ror.org/03ztsbk67"}, {"firstName": "Dirk N.", "lastName": "Karger", "email": "", "affiliation": "Swiss Federal Institute for Forest, Snow and Landscape Research", "affiliationROR": "https://ror.org/04bs5yc70"}, {"firstName": "Jens", "lastName": "Kattge", "email": "", "affiliation": "Max Planck Institute for Biogeochemistry", "affiliationROR": "https://ror.org/051yxp643"}, {"firstName": "Michael", "lastName": "Kleyer", "email": "", "affiliation": "Carl von Ossietzky University of Oldenburg", "affiliationROR": "https://ror.org/033n9gh91"}, {"firstName": "Nathan J. B.", "lastName": "Kraft", "email": "", "affiliation": "University of California Los Angeles", "affiliationROR": "https://ror.org/046rm7j60"}, {"firstName": "Anne-Am\u00e9lie C.", "lastName": "Larue-Konti\u0107", "email": "", "affiliation": "University of Salzburg", "affiliationROR": "https://ror.org/05gs8cd61"}, {"firstName": "Amparo", "lastName": "L\u00e1zaro", "email": "", "affiliation": "Mediterranean Institute for Advanced Studies", "affiliationROR": "https://ror.org/02e9dby02"}, {"firstName": "Martin", "lastName": "Lechleitner", "email": "", "affiliation": "University of Salzburg", "affiliationROR": "https://ror.org/05gs8cd61"}, {"firstName": "Deirdre", "lastName": "Loughnan", "email": "", "affiliation": "University of British Columbia", "affiliationROR": "https://ror.org/03rmrcq20"}, {"firstName": "Vanessa", "lastName": "Minden", "email": "", "affiliation": "Carl von Ossietzky University of Oldenburg", "affiliationROR": "https://ror.org/033n9gh91"}, {"firstName": "\u00dclo", "lastName": "Niinemets", "email": "", "affiliation": "Estonian University of Life Sciences", "affiliationROR": "https://ror.org/00s67c790"}, {"firstName": "Gerhard E.", "lastName": "Overbeck", "email": "", "affiliation": "Federal University of Rio Grande do Sul", "affiliationROR": "https://ror.org/041yk2d64"}, {"firstName": "Amy L.", "lastName": "Parachnowitsch", "email": "", "affiliation": "Uppsala University", "affiliationROR": "https://ror.org/048a87296"}, {"firstName": "Francisco", "lastName": "Perfectti", "email": "", "affiliation": "University of Granada", "affiliationROR": "https://ror.org/04njjy449"}, {"firstName": "Val\u00e9rio D.", "lastName": "Pillar", "email": "", "affiliation": "Federal University of Rio Grande do Sul", "affiliationROR": "https://ror.org/041yk2d64"}, {"firstName": "David", "lastName": "Schellenberger Costa", "email": "", "affiliation": "Friedrich Schiller University Jena", "affiliationROR": "https://ror.org/05qpz1x62"}, {"firstName": "Nina", "lastName": "Sletvold", "email": "", "affiliation": "Uppsala University", "affiliationROR": "https://ror.org/048a87296"}, {"firstName": "Martina", "lastName": "Stang", "email": "", "affiliation": "Leiden University", "affiliationROR": "https://ror.org/027bh9e22"}, {"firstName": "Isabel", "lastName": "Alves-dos-Santos", "email": "", "affiliation": "University of Sao Paulo", "affiliationROR": "https://ror.org/036rp1748"}, {"firstName": "Helena", "lastName": "Streit", "email": "", "affiliation": "Federal University of Rio Grande do Sul", "affiliationROR": "https://ror.org/041yk2d64"}, {"firstName": "Justin", "lastName": "Wright", "email": "", "affiliation": "Duke University", "affiliationROR": "https://ror.org/00py81415"}, {"firstName": "Marcin", "lastName": "Zych", "email": "", "affiliation": "University of Warsaw", "affiliationROR": "https://ror.org/039bjqg32"}, {"firstName": "Robert R.", "lastName": "Junker", "email": "", "affiliation": "University of Salzburg", "affiliationROR": "https://ror.org/05gs8cd61"}], "abstract": "<p><span><b>Aim</b></span></p>\r\n\r\n<p class=\"CuerpoA\" style=\"text-align:justify;\"><span>Intraspecific trait variation (ITV) within natural plant communities can be large, influencing local ecological processes and dynamics. Here, we shed light on how ITV in vegetative and floral traits responds to large-scale abiotic and biotic gradients (i.e. climate and species richness). Specifically, we tested if associations of ITV with temperature, precipitation and species richness were consistent with any of from four hypotheses relating to stress-tolerance and competition. Furthermore, we estimated the degree of correlation between ITV in vegetative and floral traits and how they vary along the gradients. </span></p>\r\n\r\n<p class=\"CuerpoA\" style=\"margin-top:16px;text-align:justify;\"><span><b>Location</b></span></p>\r\n\r\n<p class=\"CuerpoA\" style=\"text-align:justify;\"><span>Global.</span></p>\r\n\r\n<p class=\"CuerpoA\" style=\"margin-top:16px;text-align:justify;\"><span><b>Time period</b></span></p>\r\n\r\n<p class=\"CuerpoA\" style=\"text-align:justify;\"><span>1975-2016.</span></p>\r\n\r\n<p class=\"CuerpoA\" style=\"margin-top:16px;text-align:justify;\"><span><b>Major taxa studied</b></span></p>\r\n\r\n<p class=\"CuerpoA\" style=\"text-align:justify;\"><span>Herbaceous and woody plants.</span></p>\r\n\r\n<p class=\"CuerpoA\" style=\"margin-top:16px;text-align:justify;\"><span><b>Methods</b></span></p>\r\n\r\n<p class=\"SemEspaamento1\" style=\"text-align:justify;\"><span>We compiled a dataset of 18,112 measurements of the absolute extent of ITV (measured as coefficient of variation) in nine vegetative and seven floral traits from 2,774 herbaceous and woody species at 2,306 locations. </span></p>\r\n\r\n<p class=\"CuerpoA\" style=\"margin-top:16px;text-align:justify;\"><span><b>Results</b></span></p>\r\n\r\n<p class=\"CuerpoA\" style=\"text-align:justify;\"><span>Large-scale associations between ITV and climate were trait-specific and more prominent for vegetative traits, especially leaf morphology, than for floral traits. ITV showed pronounced associations with climate, with lower ITV values in colder areas and higher values in drier areas. The associations of ITV with species richness were inconsistent across traits. Species-specific associations across gradients were often idiosyncratic and covariation in ITV was weaker between vegetative and floral traits than within the two trait groups.</span></p>\r\n\r\n<p class=\"CuerpoA\" style=\"margin-top:16px;text-align:justify;\"><span><b>Main conclusions</b></span></p>\r\n\r\n<p class=\"CuerpoA\" style=\"text-align:justify;\"><span>Our results show that, depending on the traits considered, ITV either increased or decreased with climate stress and species richness, suggesting that both factors can constrain or enhance ITV, which might foster plant-population persistence under stressful conditions. Given the species-specific responses and covariation in ITV, associations can be hard to predict for traits and species not yet studied. We conclude that considering ITV can improve our understanding of how plants cope with stressful conditions and environmental change across spatial and biological scales. </span></p>\r\n", "keywords": ["functional plant traits", "intraspecific variation", "global analysis", "flower trait", "Leaf trait"], "methods": "<p>The datasets were collected from databases. Please see the supplement material for further details and reference list. Please use the original database for access to the data to ensure proper attribution to the data collectors.</p>\r\n", "usageNotes": "<p>Please see Information file.</p>\r\n", "relatedWorks": [{"relationship": "Cites", "identifierType": "DOI", "identifier": "https://doi.org/10.1111/geb.13077"}], "versionNumber": 4, "versionStatus": "submitted", "curationStatus": "Published", "publicationDate": "2020-03-25", "lastModificationDate": "2020-03-25", "visibility": "public", "sharingLink": "https://datadryad.org/stash/share/pTD5GawsbGtuXVNcCJ8Dwk0Gp_FGFWLa71j_iIc8hOU", "userId": 26607, "license": "https://creativecommons.org/publicdomain/zero/1.0/"}