{"_links": {"self": {"href": "/api/v2/datasets/doi%3A10.5061%2Fdryad.5bk66"}, "stash:versions": {"href": "/api/v2/datasets/doi%3A10.5061%2Fdryad.5bk66/versions"}, "stash:version": {"href": "/api/v2/versions/11323"}, "stash:download": {"href": "/api/v2/datasets/doi%3A10.5061%2Fdryad.5bk66/download"}, "curies": [{"name": "stash", "href": "https://github.com/CDL-Dryad/stash/blob/main/stash_api/link-relations.md#{rel}", "templated": "true"}]}, "identifier": "doi:10.5061/dryad.5bk66", "id": 11280, "storageSize": 108078, "title": "Data from: Detection of outlier loci and their utility for fisheries management", "authors": [{"firstName": "Michael A", "lastName": "Russello", "affiliation": "University of British Columbia", "affiliationROR": "https://ror.org/03rmrcq20"}, {"firstName": "Stephanie L", "lastName": "Kirk", "affiliation": "University of British Columbia", "affiliationROR": "https://ror.org/03rmrcq20"}, {"firstName": "Karen K", "lastName": "Frazer", "affiliation": "University of British Columbia", "affiliationROR": "https://ror.org/03rmrcq20"}, {"firstName": "Paul J", "lastName": "Askey", "affiliation": "Ministry of Environment", "affiliationROR": "https://ror.org/000w5kn77"}], "abstract": "Genetics-based approaches have informed fisheries management for decades, yet remain challenging to implement within systems involving recently diverged stocks or where gene flow persists. In such cases, genetic markers exhibiting locus-specific (\u201coutlier\u201d) effects associated with divergent selection may provide promising alternatives to loci that reflect genome-wide (\u201cneutral\u201d) effects for guiding fisheries management. Okanagan Lake kokanee (Oncorhynchus nerka), a fishery of conservation concern, exhibits two sympatric ecotypes adapted to different reproductive environments, however, previous research demonstrated the limited utility of neutral microsatellites for assigning individuals. Here, we investigated the efficacy of an outlier-based approach to fisheries management by screening >11,000 expressed sequence tags for linked microsatellites and conducting genomic scans for kokanee sampled across seven spawning sites. We identified eight outliers among 52 polymorphic loci that detected ecotype-level divergence, whereas there was no evidence of divergence at neutral loci. Outlier loci exhibited the highest self-assignment accuracy to ecotype (92.1%), substantially outperforming 44 neutral loci (71.8%). Results were robust among-sampling years, with assignment and mixed composition estimates for individuals sampled in 2010 mirroring baseline results. Overall, outlier loci constitute promising alternatives for informing fisheries management involving recently diverged stocks, with potential applications for designating management units across a broad range of taxa.", "keywords": ["Oncorhynchus nerka", "Fisheries Management"], "usageNotes": "<div class=\"o-metadata__file-usage-entry\"><h4 class=\"o-heading__level3-file-title\">Okanagan_Lake_kokanee_microsatellite_data</h4><div class=\"o-metadata__file-description\">Length, in base-pairs, of alleles at up to 52 EST-linked and non-EST-linked microsatellite loci in 164 individual kokanee (Oncorhynchus nerka) sampled at seven spawning sites across Okanagan Lake, British Columbia over two sampling years (2007 and 2010). File in GenAlEx format with missing data coded as 0. Data collected with funds from NSERC, Habitat Conservation Trust Fund and Northwest Scientific Association.</div><div class=\"o-metadata__file-name\"></div></div>", "locations": [{"place": "British Columbia"}], "relatedWorks": [{"relationship": "Cites", "identifierType": "DOI", "identifier": "https://doi.org/10.1111/j.1752-4571.2011.00206.x"}], "versionNumber": 1, "versionStatus": "submitted", "curationStatus": "Published", "publicationDate": "2011-08-05", "lastModificationDate": "2020-06-24", "visibility": "public", "sharingLink": "https://datadryad.org/stash/share/4heLylr9BNyVR-11z2pChVqRuA3l2V49P90Z923q6AM", "userId": 21218, "license": "https://creativecommons.org/publicdomain/zero/1.0/"}