{"_links": {"self": {"href": "/api/v2/datasets/doi%3A10.5061%2Fdryad.m8p3q04"}, "stash:versions": {"href": "/api/v2/datasets/doi%3A10.5061%2Fdryad.m8p3q04/versions"}, "stash:version": {"href": "/api/v2/versions/44590"}, "stash:download": {"href": "/api/v2/datasets/doi%3A10.5061%2Fdryad.m8p3q04/download"}, "curies": [{"name": "stash", "href": "https://github.com/CDL-Dryad/stash/blob/main/stash_api/link-relations.md#{rel}", "templated": "true"}]}, "identifier": "doi:10.5061/dryad.m8p3q04", "id": 34263, "storageSize": 8850889, "title": "Data from: Parallel changes in gut microbiome composition and function during colonization, local adaptation and ecological speciation", "authors": [{"firstName": "Diana J.", "lastName": "Rennison", "email": "rennison@zoology.ubc.ca", "affiliation": "University of California, San Diego", "affiliationROR": "https://ror.org/0168r3w48"}, {"firstName": "Seth M.", "lastName": "Rudman", "email": "", "affiliation": "University of Pennsylvania", "affiliationROR": "https://ror.org/00b30xv10"}, {"firstName": "Dolph", "lastName": "Schluter", "email": "", "affiliation": "University of British Columbia", "affiliationROR": "https://ror.org/03rmrcq20"}], "abstract": "<p>The processes of local adaptation and ecological speciation are often strongly shaped by biotic interactions such as competition and predation. One of the strongest lines of evidence that biotic interactions drive evolution comes from repeated divergence of lineages in association with repeated changes in the community of interacting species. Yet, relatively little is known about the repeatability of changes in gut microbial communities and their role in adaptation and divergence of host populations in nature. Here we utilize three cases of rapid, parallel adaptation and speciation in freshwater threespine stickleback to test for parallel changes in associated gut microbiomes. We find that features of the gut microbial communities have shifted repeatedly in the same direction in association with parallel divergence and speciation of stickleback hosts. These results suggest that changes to gut microbiomes can occur rapidly and predictably in conjunction with host evolution, and that host-microbe interactions might play an important role in host adaptation and diversification.</p>\r\n", "keywords": ["parallel evolution", "Gut microbiome", "threespine stickleback", "Gasterosteus aculeatus", "Gut microbiome", "ecological speciation", "parallel evolution", "Fish", "threespine stickleback"], "usageNotes": "<p>Relative_abundance_of_function</p>\r\n\r\n<p>Relative_abundance_pathogenic_bacteria_families</p>\r\n\r\n<p>StickleMB_ProcB_NMDS_180612</p>\r\n\r\n<p>table.from_biom_nochloro</p>\r\n\r\n<p>Core_microbiome</p>\r\n", "locations": [{"place": "British Columbia Canada"}], "versionNumber": 3, "versionStatus": "submitted", "curationStatus": "Published", "publicationDate": "2019-11-26", "lastModificationDate": "2019-11-26", "visibility": "public", "sharingLink": "https://datadryad.org/stash/share/sgBHzGZB-14g5bnmumIh0x1Eclg8OVBZQhH-C4LEgII", "userId": 9525, "license": "https://creativecommons.org/publicdomain/zero/1.0/"}