{"_links": {"self": {"href": "/api/v2/datasets/doi%3A10.5061%2Fdryad.4rk06"}, "stash:versions": {"href": "/api/v2/datasets/doi%3A10.5061%2Fdryad.4rk06/versions"}, "stash:version": {"href": "/api/v2/versions/13485"}, "stash:download": {"href": "/api/v2/datasets/doi%3A10.5061%2Fdryad.4rk06/download"}, "curies": [{"name": "stash", "href": "https://github.com/CDL-Dryad/stash/blob/main/stash_api/link-relations.md#{rel}", "templated": "true"}]}, "identifier": "doi:10.5061/dryad.4rk06", "id": 13433, "storageSize": 71248, "title": "Data from: Monsters are people too", "authors": [{"firstName": "Julian", "lastName": "Levy"}, {"firstName": "Tom", "lastName": "Foulsham", "affiliation": "University of Essex", "affiliationROR": "https://ror.org/02nkf1q06"}, {"firstName": "Alan", "lastName": "Kingstone", "affiliation": "University of British Columbia", "affiliationROR": "https://ror.org/03rmrcq20"}], "abstract": "Animals, including dogs, dolphins, monkeys and man, follow gaze. What mediates this bias towards the eyes? One hypothesis is that primates possess a distinct neural module that is uniquely tuned for the eyes of others. An alternative explanation is that configural face processing drives fixations to the middle of peoples' faces, which is where the eyes happen to be located. We distinguish between these two accounts. Observers were presented with images of people, non-human creatures with eyes in the middle of their faces (`humanoids\u2019) or creatures with eyes positioned elsewhere (`monsters\u2019). There was a profound and significant bias towards looking early and often at the eyes of humans and humanoids and also, critically, at the eyes of monsters. These findings demonstrate that the eyes, and not the middle of the head, are being targeted by the oculomotor system.", "keywords": ["Primates", "Social attention", "gaze selection", "gaze following"], "usageNotes": "<div class=\"o-metadata__file-usage-entry\"><h4 class=\"o-heading__level3-file-title\">MonstersBL_final_stats</h4><div class=\"o-metadata__file-description\">Eye Movement Data</div><div class=\"o-metadata__file-name\"></div></div>", "relatedWorks": [{"relationship": "Cites", "identifierType": "DOI", "identifier": "https://doi.org/10.1098/rsbl.2012.0850"}], "versionNumber": 1, "versionStatus": "submitted", "curationStatus": "Published", "publicationDate": "2012-10-03", "lastModificationDate": "2020-06-30", "visibility": "public", "sharingLink": "https://datadryad.org/stash/share/_P74al5XLDW-cVn6R1881ST9TWNjxucMNL_F8ozIsGI", "userId": 14367, "license": "https://creativecommons.org/publicdomain/zero/1.0/"}