{"_links": {"self": {"href": "/api/v2/datasets/doi%3A10.5061%2Fdryad.948k7j42"}, "stash:versions": {"href": "/api/v2/datasets/doi%3A10.5061%2Fdryad.948k7j42/versions"}, "stash:version": {"href": "/api/v2/versions/8913"}, "stash:download": {"href": "/api/v2/datasets/doi%3A10.5061%2Fdryad.948k7j42/download"}, "curies": [{"name": "stash", "href": "https://github.com/CDL-Dryad/stash/blob/main/stash_api/link-relations.md#{rel}", "templated": "true"}]}, "identifier": "doi:10.5061/dryad.948k7j42", "id": 8873, "storageSize": 167814, "title": "Data from: Genetic rediscovery of an \u2018extinct\u2019 Gal\u00e1pagos giant tortoise species", "authors": [{"firstName": "Ryan C.", "lastName": "Garrick", "affiliation": "Yale University", "affiliationROR": "https://ror.org/03v76x132"}, {"firstName": "Edgar", "lastName": "Benavides", "affiliation": "Yale University", "affiliationROR": "https://ror.org/03v76x132"}, {"firstName": "Michael", "lastName": "Russello"}, {"firstName": "James", "lastName": "Gibbs"}, {"firstName": "Nikos", "lastName": "Poulakakis", "affiliation": "University of Crete", "affiliationROR": "https://ror.org/00dr28g20"}, {"firstName": "Kirstin", "lastName": "Dion"}, {"firstName": "Chaz", "lastName": "Hyseni", "affiliation": "Yale University", "affiliationROR": "https://ror.org/03v76x132"}, {"firstName": "Brittney", "lastName": "Kajdacsi", "affiliation": "Yale University", "affiliationROR": "https://ror.org/03v76x132"}, {"firstName": "Lady", "lastName": "M\u00e1rquez", "affiliation": "Charles Darwin Foundation", "affiliationROR": "https://ror.org/01h9g5w38"}, {"firstName": "Sarah", "lastName": "Bahan", "affiliation": "Yale University", "affiliationROR": "https://ror.org/03v76x132"}, {"firstName": "Claudio", "lastName": "Ciofi"}, {"firstName": "Washington", "lastName": "Tapia", "affiliation": "Charles Darwin Foundation", "affiliationROR": "https://ror.org/01h9g5w38"}, {"firstName": "Adalgisa", "lastName": "Caccone", "affiliation": "Yale University", "affiliationROR": "https://ror.org/03v76x132"}, {"firstName": "Kirstin B.", "lastName": "Dion", "affiliation": "Yale University", "affiliationROR": "https://ror.org/03v76x132"}, {"firstName": "James P.", "lastName": "Gibbs", "affiliation": "Queens College, CUNY", "affiliationROR": "https://ror.org/03v8adn41"}, {"firstName": "Michael A.", "lastName": "Russello", "affiliation": "University of British Columbia", "affiliationROR": "https://ror.org/03rmrcq20"}], "abstract": "Genes from recently extinct species can live on in the genomes of extant individuals of mixed ancestry. Recently, Poulakakis et al. detected genetic signatures of the giant Gal\u00e1pagos tortoise once endemic to Floreana Island (Chelonoidis elephantopus) within eleven hybrid individuals of otherwise pure C. becki on Volcano Wolf, Isabela Island. Movement of tortoises among islands by pirate and whaling ships was not uncommon during the 1800\u2019s, representing a likely mechanism by which individuals from Floreana were translocated to northern Isabela, despite being presumed extinct soon after Charles Darwin\u2019s historic voyage to the Gal\u00e1pagos Islands in 1835. These eleven hybrid individuals with C. elephantopus ancestry were thought to be the last genetic vestiges of a unique evolutionary lineage in the wild. Here we report that reproductively mature purebred tortoises of the recently \u2018extinct\u2019 C. elephantopus from Floreana Island are very likely still alive today, as identified and tracked through the genetic footprints\u2019 left in the genomes of very recent hybrid offspring on Volcano Wolf, Isabela Island. If found, these purebred C. elephantopus individuals could constitute core founders of a captive breeding program directed towards resurrecting this species.", "keywords": ["Chelonoidis elephantopus", "present", "Chelonoidis becki"], "usageNotes": "<div class=\"o-metadata__file-usage-entry\"><h4 class=\"o-heading__level3-file-title\">Garrick_et_al_CurrBiol_DRYAD</h4><div class=\"o-metadata__file-description\">Galapagos tortoise microsatellite genotypes and mitchondrial DNA control region haplotypes</div><div class=\"o-metadata__file-name\"></div><div class=\"o-metadata__file-name\"></div></div>", "locations": [{"place": "Gal\u00e1pagos Islands"}], "relatedWorks": [{"relationship": "Cites", "identifierType": "DOI", "identifier": "https://doi.org/10.1016/j.cub.2011.12.004"}], "versionNumber": 1, "versionStatus": "submitted", "curationStatus": "Published", "publicationDate": "2012-10-29", "lastModificationDate": "2020-06-24", "visibility": "public", "sharingLink": "https://datadryad.org/stash/share/GkAj3DOop0_MVRNuv_H6y5_YRiotA18nEozw4cTW6eE", "userId": 1349, "license": "https://creativecommons.org/publicdomain/zero/1.0/"}