{"_links": {"self": {"href": "/api/v2/datasets/doi%3A10.5061%2Fdryad.20kq0"}, "stash:versions": {"href": "/api/v2/datasets/doi%3A10.5061%2Fdryad.20kq0/versions"}, "stash:version": {"href": "/api/v2/versions/20339"}, "stash:download": {"href": "/api/v2/datasets/doi%3A10.5061%2Fdryad.20kq0/download"}, "curies": [{"name": "stash", "href": "https://github.com/CDL-Dryad/stash/blob/main/stash_api/link-relations.md#{rel}", "templated": "true"}]}, "identifier": "doi:10.5061/dryad.20kq0", "id": 20275, "storageSize": 8877494, "title": "Data from: Mitochondrial responses to prolonged anoxia in brain of Red-eared slider turtles", "authors": [{"firstName": "Matthew E.", "lastName": "Pamenter", "affiliation": "University of Ottawa", "affiliationROR": "https://ror.org/03c4mmv16"}, {"firstName": "Crisostomo R.", "lastName": "Gomez", "affiliation": "University of British Columbia", "affiliationROR": "https://ror.org/03rmrcq20"}, {"firstName": "Jeffrey G.", "lastName": "Richards", "affiliation": "University of British Columbia", "affiliationROR": "https://ror.org/03rmrcq20"}, {"firstName": "William K.", "lastName": "Milsom", "affiliation": "University of British Columbia", "affiliationROR": "https://ror.org/03rmrcq20"}], "abstract": "Mitochondria are central to aerobic energy production and play a key role in neuronal signalling. During anoxia, however, the mitochondria of most vertebrates initiate deleterious cell death cascades. Nonetheless, a handful of vertebrate species, including some freshwater turtles, are remarkably tolerant of low oxygen environments and survive months of anoxia without apparent damage to brain tissue. This tolerance suggests that mitochondria in the brains of such species are adapted to withstand prolonged anoxia, but little is known about potential neuroprotective responses. In this study, we address such mechanisms by comparing mitochondrial function between brain tissues isolated from cold-acclimated red-eared slider turtles (Trachemys scripta elegans) exposed to two weeks of either normoxia or anoxia. We found that brain mitochondria from anoxia-acclimated turtles exhibited a unique phenotype of remodelling relative to normoxic controls, including: (i) decreased citrate synthase and F1FO-ATPase activity but maintained protein content, (ii) markedly reduced aerobic capacity, and (iii) mild uncoupling of the mitochondrial proton gradient. These data suggest that turtle brain mitochondria respond to low oxygen stress with a unique suite of changes tailored towards neuroprotection.", "keywords": ["citrate synthase", "saponin-permeabilized brain cells", "electron transport chain capacity", "anoxia/reperfusion", "reactive oxygen species", "F1FO-ATPase"], "usageNotes": "<div class=\"o-metadata__file-usage-entry\"><h4 class=\"o-heading__level3-file-title\">Oroboros data files</h4><div class=\"o-metadata__file-description\">Oroboros Instruments DatLab Data (DLD) files.</div><div class=\"o-metadata__file-name\"></div></div>", "relatedWorks": [{"relationship": "Cites", "identifierType": "DOI", "identifier": "https://doi.org/10.1098/rsbl.2015.0797"}], "versionNumber": 1, "versionStatus": "submitted", "curationStatus": "Published", "publicationDate": "2015-12-17", "lastModificationDate": "2020-06-24", "visibility": "public", "sharingLink": "https://datadryad.org/stash/share/3-qt-s_-H54lZLelukcELUEAe2qDDycBJh84XqMxE0U", "userId": 15977, "license": "https://creativecommons.org/publicdomain/zero/1.0/"}