{"_links": {"self": {"href": "/api/v2/datasets/doi%3A10.5061%2Fdryad.q7605"}, "stash:versions": {"href": "/api/v2/datasets/doi%3A10.5061%2Fdryad.q7605/versions"}, "stash:version": {"href": "/api/v2/versions/8387"}, "stash:download": {"href": "/api/v2/datasets/doi%3A10.5061%2Fdryad.q7605/download"}, "curies": [{"name": "stash", "href": "https://github.com/CDL-Dryad/stash/blob/main/stash_api/link-relations.md#{rel}", "templated": "true"}]}, "identifier": "doi:10.5061/dryad.q7605", "id": 8348, "storageSize": 189613, "title": "Data from: Rapid evolution accelerates plant population spread in fragmented experimental landscapes", "authors": [{"firstName": "Jennifer L.", "lastName": "Williams", "affiliation": "University of British Columbia", "affiliationROR": "https://ror.org/03rmrcq20"}, {"firstName": "Bruce E.", "lastName": "Kendall", "affiliation": "University of California, Santa Barbara", "affiliationROR": "https://ror.org/02t274463"}, {"firstName": "Jonathan M.", "lastName": "Levine", "affiliation": "Swiss Federal Institute of Technology in Zurich", "affiliationROR": "https://ror.org/05a28rw58"}], "abstract": "Predicting the speed of biological invasions and native species migrations requires an understanding of the ecological and evolutionary dynamics of spreading populations. Theory predicts that evolution can accelerate species\u2019 spread velocity, but how landscape patchiness\u2014an important control over traits under selection\u2014influences this process is unknown. We manipulated the response to selection in populations of a model plant species spreading through replicated experimental landscapes of varying patchiness. After six generations of change, evolving populations spread 11% farther than nonevolving populations in continuously favorable landscapes and 200% farther in the most fragmented landscapes. The greater effect of evolution on spread in patchier landscapes was consistent with the evolution of dispersal and competitive ability. Accounting for evolutionary change may be critical when predicting the velocity of range expansions.", "keywords": ["Arabidopsis thaliana", "spatial spread", "biological invasions", "landscape heterogeneity"], "usageNotes": "<div class=\"o-metadata__file-usage-entry\"><h4 class=\"o-heading__level3-file-title\">Furthest seed dispersed in each generation for each replicate</h4><div class=\"o-metadata__file-description\">Distance of the furthest seed for each replicate in each generation, as well as the number of seedlings in the furthest pot. See metadata in ReadMe file (and description of Methods in the paper).</div><div class=\"o-metadata__file-name\">2016_06_01_ArabiEvoMaxDistance.csv</br></div><div class=\"o-metadata__file-name\"></div></div><div class=\"o-metadata__file-usage-entry\"><h4 class=\"o-heading__level3-file-title\">Traits of each genotype</h4><div class=\"o-metadata__file-description\">Mean of each of four traits for each genotype (recombinant inbred line) in the experiment: height (when growing alone), dispersal (average distance of furthest dispersed seed from a solitary individual), competitive ability (dominance in non-spreading context), and seed mass. Data to estimate height, dispersal and seed mass were from separate experiment than main experiment (see Methods). Note that ranks rather than raw data were used for analyses of all traits. See ReadMe associated with 'Furthest seed' datafile for metadata.</div><div class=\"o-metadata__file-name\">fourtraits.csv</br></div></div><div class=\"o-metadata__file-usage-entry\"><h4 class=\"o-heading__level3-file-title\">Genotypes in Generation 6</h4><div class=\"o-metadata__file-description\">Genotype results after 6 generations of spread. 10 individuals were sampled from the leading edge (front) and 10 from the first pot in the array (back). See ReadMe associated with 'Furthest seed' datafile for metadata.</div><div class=\"o-metadata__file-name\">Gen6_Genotypes.csv</br></div></div><div class=\"o-metadata__file-usage-entry\"><h4 class=\"o-heading__level3-file-title\">Location and seedling density for one replicate (Fig. 1B)</h4><div class=\"o-metadata__file-description\">Number of seedlings in each pot in each generation for one replicate array in the experiment (continuous landscape, evolving treatment), as in Figure 1B. Seedlings were counted in 1 cm wide bins at the leading edge, and counted for the entire pot behind the leading edge. See ReadMe associated with 'Furthest seed' datafile for metadata.</div><div class=\"o-metadata__file-name\">seedlings_ID49.csv</br></div></div>", "relatedWorks": [{"relationship": "Cites", "identifierType": "DOI", "identifier": "https://doi.org/10.1126/science.aaf6268"}], "versionNumber": 1, "versionStatus": "submitted", "curationStatus": "Published", "publicationDate": "2017-07-13", "lastModificationDate": "2020-06-24", "visibility": "public", "sharingLink": "https://datadryad.org/stash/share/Hh1pUCfh0y18DWOKpuaXr3wIgKPyGVdeur8EcIhZV8w", "userId": 19565, "license": "https://creativecommons.org/publicdomain/zero/1.0/"}