{"_links": {"self": {"href": "/api/v2/datasets/doi%3A10.5061%2Fdryad.b0hs8gr"}, "stash:versions": {"href": "/api/v2/datasets/doi%3A10.5061%2Fdryad.b0hs8gr/versions"}, "stash:version": {"href": "/api/v2/versions/23562"}, "stash:download": {"href": "/api/v2/datasets/doi%3A10.5061%2Fdryad.b0hs8gr/download"}, "curies": [{"name": "stash", "href": "https://github.com/CDL-Dryad/stash/blob/main/stash_api/link-relations.md#{rel}", "templated": "true"}]}, "identifier": "doi:10.5061/dryad.b0hs8gr", "id": 23498, "storageSize": 3719413, "title": "Data from: Extensive reduction of the nuclear pore complex in nucleomorphs", "authors": [{"firstName": "Nicholas A. T.", "lastName": "Irwin", "affiliation": "University of British Columbia", "affiliationROR": "https://ror.org/03rmrcq20"}, {"firstName": "Patrick J.", "lastName": "Keeling", "affiliation": "University of British Columbia", "affiliationROR": "https://ror.org/03rmrcq20"}], "abstract": "The nuclear pore complex (NPC) is a large macromolecular assembly situated within the pores of the nuclear envelope. Through interactions between its subcomplexes and import proteins, the NPC mediates the transport of molecules into and out of the nucleus and facilitates dynamic chromatin regulation and gene expression. Accordingly, the NPC constitutes a highly integrated nuclear component that is ubiquitous and conserved amongst eukaryotes. Potential exceptions to this are nucleomorphs: highly reduced, relict nuclei that were derived from green and red algae following their endosymbiotic integration into two lineages, the chlorarachniophytes and the cryptophyceans. A previous investigation failed to identify NPC genes in nucleomorph genomes suggesting that these genes have either been relocated to the host nucleus or lost. Here we sought to investigate the composition of the NPC in nucleomorphs by using genomic and transcriptomic data to identify and phylogenetically classify NPC proteins in nucleomorph-containing algae. Although we found NPC proteins in all examined lineages, most of those found in chlorarachniophytes and cryptophyceans were single copy, host-related proteins that lacked signal peptides. Two exceptions were Nup98 and Rae1, which had clear nucleomorph-derived homologues. However, these proteins alone are likely insufficient to structure a canonical NPC and previous reports revealed that Nup98 and Rae1 have other nuclear functions. Ultimately, these data indicate that nucleomorphs represent eukaryotic nuclei without a canonical NPC, raising fundamental questions about their structure and function.", "keywords": ["Chlorarachniophytes", "Nuclear pore", "Endosymbiotic gene transfer", "endosymbiosis", "Nucleomorph", "Cryptista", "cryptophytes", "Cryptophyceae", "Rhizaria"], "usageNotes": "<div class=\"o-metadata__file-usage-entry\"><h4 class=\"o-heading__level3-file-title\">Nucleomorph Nuclear Pore Data</h4><div class=\"o-metadata__file-description\">A zipped folder containing all the alignments (which contain newly identified nucleoporins and reference proteins), the phylogenetic trees (used to infer figures 1 and 2), the HMM models used for the search, signal peptide predictions for all the proteins in the alignments, and a text file with the phylogenetic models used for each tree (as selected in IQTree using ModelFinder).</div><div class=\"o-metadata__file-name\">nuclear_pore_data_dryad.zip</br></div></div>", "relatedWorks": [{"relationship": "Cites", "identifierType": "DOI", "identifier": "https://doi.org/10.1093/gbe/evz029"}], "versionNumber": 1, "versionStatus": "submitted", "curationStatus": "Published", "publicationDate": "2019-02-04", "lastModificationDate": "2020-06-24", "visibility": "public", "sharingLink": "https://datadryad.org/stash/share/EC8AdW5KPWAX7a5HtGdxXi0nztXJ-e51ZJCgupMgBCQ", "userId": 39819, "license": "https://creativecommons.org/publicdomain/zero/1.0/"}