{"_links": {"self": {"href": "/api/v2/datasets/doi%3A10.5061%2Fdryad.365dr"}, "stash:versions": {"href": "/api/v2/datasets/doi%3A10.5061%2Fdryad.365dr/versions"}, "stash:version": {"href": "/api/v2/versions/4975"}, "stash:download": {"href": "/api/v2/datasets/doi%3A10.5061%2Fdryad.365dr/download"}, "curies": [{"name": "stash", "href": "https://github.com/CDL-Dryad/stash/blob/main/stash_api/link-relations.md#{rel}", "templated": "true"}]}, "identifier": "doi:10.5061/dryad.365dr", "id": 4942, "storageSize": 436159, "title": "Data from: Temperate grassland songbird species accumulate incrementally along a gradient of primary productivity", "authors": [{"firstName": "William L.", "lastName": "Harrower", "affiliation": "University of British Columbia", "affiliationROR": "https://ror.org/03rmrcq20"}, {"firstName": "Diane S.", "lastName": "Srivastava", "affiliation": "University of British Columbia", "affiliationROR": "https://ror.org/03rmrcq20"}, {"firstName": "Roy", "lastName": "Turkington", "affiliation": "University of British Columbia", "affiliationROR": "https://ror.org/03rmrcq20"}, {"firstName": "Lauchlan H.", "lastName": "Fraser", "affiliation": "Thompson Rivers University", "affiliationROR": "https://ror.org/01v9wj339"}], "abstract": "Global analyses of bird communities along elevation gradients suggest that bird diversity on arid mountains is primarily limited by water availability, not temperature or altitude. However, the mechanism by which water availability, and subsequently primary productivity, increases bird diversity is still unclear. Here we evaluate two possible mechanisms from species-energy theory. The more individuals hypothesis proposes that a higher availability of resources increases the total number of individuals that can be supported, and therefore the greater number of species that will be sampled. By contrast, the more specialization hypothesis proposes that increasing resource availability will permit specialists to exploit otherwise rare resources, thus increasing total diversity. We used 5 years of surveys of grassland songbird communities along an elevational gradient in British Columbia, Canada, to distinguish between these hypotheses. Vegetation changed markedly in composition along the gradient and contrary to the expectations of the more specialization hypothesis, bird community composition was remarkably constant. However, both total abundance and species richness of birds increased with increasing water availability to plants. When we used rarefaction to correct species richness for differences in total abundance, much of the increase in bird diversity was lost, consistent with the expectations of the more individuals hypothesis. Furthermore, high species richness was associated with reductions in territory size of common bird species, rather than the fine-scale spatial partitioning of the landscape. This suggests that bird diversity increases when greater resource availability allows higher densities rather than greater habitat specialization. These results help explain a pervasive global pattern in bird diversity on arid mountains, and suggest that in such landscapes conservation of grassland birds is strongly linked to climate and hydrology.", "keywords": ["gradients", "diversity-productivity relationships", "gradient", "species-energy relationships", "2008 -2012", "grassland birds"], "usageNotes": "<div class=\"o-metadata__file-usage-entry\"><h4 class=\"o-heading__level3-file-title\">bird_data</h4><div class=\"o-metadata__file-description\">These data describe the abundance of grassland songbirds identified during point count surveys in Lac du Bois Grasslands Protected Area near Kamloops British Columbia Canada between 2008 and 2012.</div><div class=\"o-metadata__file-name\"></div></div><div class=\"o-metadata__file-usage-entry\"><h4 class=\"o-heading__level3-file-title\">envr_data</h4><div class=\"o-metadata__file-description\">These data describe the environmental data associate with bird point count locations performed in Lac du Bois Protected Area near Kamloops British Columbia Canada between 2008 - 2012.</div><div class=\"o-metadata__file-name\"></div></div>", "locations": [{"place": "Canada"}, {"place": "Lac du Bois Grasslands Protected Area"}, {"place": "British Columbia Canada"}, {"place": "Lac du Bois Protected Area"}, {"place": "British Columbia"}], "relatedWorks": [{"relationship": "Cites", "identifierType": "DOI", "identifier": "https://doi.org/10.1371/journal.pone.0186809"}], "versionNumber": 1, "versionStatus": "submitted", "curationStatus": "Published", "publicationDate": "2018-10-11", "lastModificationDate": "2020-06-24", "visibility": "public", "sharingLink": "https://datadryad.org/stash/share/s3wdTiLSZcfj_ErBbbAmJ5Jx9j4EK4l4CTmKd39TsN4", "userId": 29026, "license": "https://creativecommons.org/publicdomain/zero/1.0/"}