{"_links": {"self": {"href": "/api/v2/datasets/doi%3A10.5061%2Fdryad.cp723"}, "stash:versions": {"href": "/api/v2/datasets/doi%3A10.5061%2Fdryad.cp723/versions"}, "stash:version": {"href": "/api/v2/versions/253"}, "stash:download": {"href": "/api/v2/datasets/doi%3A10.5061%2Fdryad.cp723/download"}, "curies": [{"name": "stash", "href": "https://github.com/CDL-Dryad/stash/blob/main/stash_api/link-relations.md#{rel}", "templated": "true"}]}, "identifier": "doi:10.5061/dryad.cp723", "id": 253, "storageSize": 754721881, "title": "Data from: Genomics of Compositae crops: reference transcriptome assemblies, and evidence of hybridization with wild relatives", "authors": [{"firstName": "Kathryn A.", "lastName": "Hodgins", "affiliation": "University of British Columbia", "affiliationROR": "https://ror.org/03rmrcq20"}, {"firstName": "Zhao", "lastName": "Lai", "affiliation": "Indiana University Bloomington", "affiliationROR": "https://ror.org/02k40bc56"}, {"firstName": "Luiz O.", "lastName": "Oliveira", "affiliation": "University of Massachusetts Boston", "affiliationROR": "https://ror.org/04ydmy275"}, {"firstName": "David W.", "lastName": "Still", "affiliation": "University of British Columbia", "affiliationROR": "https://ror.org/03rmrcq20"}, {"firstName": "Moira", "lastName": "Scascitelli", "affiliation": "University of British Columbia", "affiliationROR": "https://ror.org/03rmrcq20"}, {"firstName": "Michael S.", "lastName": "Barker", "affiliation": "University of Arizona", "affiliationROR": "https://ror.org/03m2x1q45"}, {"firstName": "Nolan C.", "lastName": "Kane", "affiliation": "University of Colorado Boulder", "affiliationROR": "https://ror.org/02ttsq026"}, {"firstName": "Hannes", "lastName": "Dempewolf", "affiliation": "University of British Columbia", "affiliationROR": "https://ror.org/03rmrcq20"}, {"firstName": "Alex", "lastName": "Kozik", "affiliation": "University of California, Davis", "affiliationROR": "https://ror.org/05rrcem69"}, {"firstName": "Richard V.", "lastName": "Kesseli", "affiliation": "University of Massachusetts Amherst", "affiliationROR": "https://ror.org/0072zz521"}, {"firstName": "John M.", "lastName": "Burke", "affiliation": "University of Georgia", "affiliationROR": "https://ror.org/00te3t702"}, {"firstName": "Richard W.", "lastName": "Michelmore", "affiliation": "University of British Columbia", "affiliationROR": "https://ror.org/03rmrcq20"}, {"firstName": "Loren H.", "lastName": "Rieseberg", "affiliation": "University of British Columbia", "affiliationROR": "https://ror.org/03rmrcq20"}], "abstract": "Although the Compositae harbours only two major food crops, sunflower and lettuce, many other species in this family are utilized by humans and have experienced various levels of domestication. Here we have used next generation sequencing technology to develop 15 reference transcriptome assemblies for Compositae crops or their wild relatives. These data allow us to gain insight into the evolutionary and genomic consequences of plant domestication. Specifically, we performed Illumina sequencing of Cichorium endivia, Cichorium intybus, Echinacea angustifolia, Iva annua, Helianthus tuberosus, Dahlia hybrida, Leontodon taraxacoides and Glebionis segetum, as well 454 sequencing of Guizotia scabra, Stevia rebaudiana, Parthenium argentatum and Smallanthus sonchifolius. Illumina reads were assembled using Trinity, and 454 reads were assembled using MIRA and CAP3. We evaluated the coverage of the transcriptomes using BLASTX analysis of a set of ultra-conserved orthologs (UCOs) and recovered most of these genes (88-98%). We found a correlation between contig length and read length for the 454 assemblies, and greater contig lengths for the 454 compared to the Illumina assemblies. This suggests that longer reads can aid in the assembly of more complete transcripts. Finally, we compared the divergence of orthologs at synonymous sites (Ks) between Compositae crops and their wild relatives and found greater divergence when the progenitors were self-incompatible. We also found greater divergence between pairs of taxa that had some evidence of post-zygotic isolation. For several more distantly related congeners, such as chicory and endive, we identified a signature of introgression in the distribution of Ks values.", "keywords": ["Echinacea angustifolia", "Cichorium intybus", "Glebionis segetum", "hybridization", "Smallanthus sonchifolius", "Iva annua", "Helianthus tuberosus", "Guizotia scabra", "Transcriptomics", "Leontodon taraxacoides and Glebionis segetum", "Parthenium argentatum", "Agriculture", "Stevia rebaudiana", "Dahlia hybrida", "Angiosperms", "Cichorium endivia"], "usageNotes": "<div class=\"o-metadata__file-usage-entry\"><h4 class=\"o-heading__level3-file-title\">The 15 reference transcriptome assemblies of Compositae crops and their wild relatives</h4><div class=\"o-metadata__file-name\">dryad_submission.tar</br></div><div class=\"o-metadata__file-name\"></div></div>", "locations": [{"place": "Pakistan"}, {"place": "Garden origin West Coast Seeds B.C. Canada"}, {"place": "Jimma. Ethiopia. 5km from Jimma on the way to Bonga 1775m evolution. Latitude 7.626 Longitude 36.760"}, {"place": "Ohio United States Hwy. 81W 16.8km west of Ada Allen County. Latitude 40.733 Longitude -84.017"}, {"place": "Krasnodar Russian Federation (latitude 45.033 longitude 35.977)"}, {"place": "Cleden-cap-Sizun Finistere France Porto Portugal (Between Lordelo do Ouro and Porto Douro Litoral Province Latitude 41.15 Longitude -8.633)"}, {"place": "Granite City IL Latitude 38.804 Longitude 90.114"}, {"place": "Oregon Benton Cty OSU campus vacant lot at corner of SW 11th St and Washington"}, {"place": "Oklahoma United States Section 24 T19N R2W Logan County 36.1 -97.367"}, {"place": "Peru"}, {"place": "Germany"}], "relatedWorks": [{"relationship": "Cites", "identifierType": "DOI", "identifier": "https://doi.org/10.1111/1755-0998.12163"}], "versionNumber": 1, "versionStatus": "submitted", "curationStatus": "Published", "publicationDate": "2013-08-19", "lastModificationDate": "2020-06-24", "visibility": "public", "sharingLink": "https://datadryad.org/stash/share/gtcaggztBWzvSL7Tasx2QCJ3A9usrqiWuqt8S3zvBqU", "userId": 1838, "license": "https://creativecommons.org/publicdomain/zero/1.0/"}