{"_links": {"self": {"href": "/api/v2/datasets/doi%3A10.5061%2Fdryad.1mc01"}, "stash:versions": {"href": "/api/v2/datasets/doi%3A10.5061%2Fdryad.1mc01/versions"}, "stash:version": {"href": "/api/v2/versions/20476"}, "stash:download": {"href": "/api/v2/datasets/doi%3A10.5061%2Fdryad.1mc01/download"}, "curies": [{"name": "stash", "href": "https://github.com/CDL-Dryad/stash/blob/main/stash_api/link-relations.md#{rel}", "templated": "true"}]}, "identifier": "doi:10.5061/dryad.1mc01", "id": 20412, "storageSize": 6291095, "title": "Data from: Rapid adaptive evolution of colour vision in the threespine stickleback radiation", "authors": [{"firstName": "Diana J.", "lastName": "Rennison", "affiliation": "University of British Columbia", "affiliationROR": "https://ror.org/03rmrcq20"}, {"firstName": "Gregory L.", "lastName": "Owens", "affiliation": "University of British Columbia", "affiliationROR": "https://ror.org/03rmrcq20"}, {"firstName": "Nancy", "lastName": "Heckman", "affiliation": "University of British Columbia", "affiliationROR": "https://ror.org/03rmrcq20"}, {"firstName": "Dolph", "lastName": "Schluter", "affiliation": "University of British Columbia", "affiliationROR": "https://ror.org/03rmrcq20"}, {"firstName": "Thor", "lastName": "Veen", "affiliation": "The University of Texas at Austin", "affiliationROR": "https://ror.org/00hj54h04"}], "abstract": "Vision is a sensory modality of fundamental importance for many animals, aiding in foraging, detection of predators, and mate choice. Adaptation to local ambient light conditions is thought to be commonplace, and a match between spectral sensitivity and light spectrum is predicted. We use opsin gene expression to test for local adaptation and matching of spectral sensitivity in multiple independent lake populations of threespine stickleback populations derived since the last ice age from an ancestral marine form. We show that sensitivity across the visual spectrum is shifted repeatedly towards longer wavelengths in freshwater compared with the ancestral marine form. Laboratory rearing suggests this shift is largely genetically based. Using a new metric, we found that the magnitude of shift in spectral sensitivity in each population corresponds strongly to the transition in the availability of different wavelengths of light between the marine and lake environment. We also found evidence of local adaptation by sympatric benthic and limnetic ecotypes to different light environments within lakes. Our findings indicate rapid parallel evolution of the visual system to altered light conditions. The changes have not, however, yielded a close matching of spectrum-wide sensitivity to wavelength availability, for reasons we discuss.", "keywords": ["visual ecology", "gene expression", "Evolution", "Opsin", "Gasterosteus aculeatus"], "usageNotes": "<div class=\"o-metadata__file-usage-entry\"><h4 class=\"o-heading__level3-file-title\">read me file description</h4><div class=\"o-metadata__file-description\">This file outlines the contents of the data files and provides a key for column headings.</div><div class=\"o-metadata__file-name\">file_metadata_read_me</br></div></div><div class=\"o-metadata__file-usage-entry\"><h4 class=\"o-heading__level3-file-title\">raw irradiance data</h4><div class=\"o-metadata__file-description\">Contains subfolders with raw individual irradiance measures</div><div class=\"o-metadata__file-name\"></div></div><div class=\"o-metadata__file-usage-entry\"><h4 class=\"o-heading__level3-file-title\">Site.meta.data</h4><div class=\"o-metadata__file-description\">Contains meta data from sample sites</div><div class=\"o-metadata__file-name\"></div></div><div class=\"o-metadata__file-usage-entry\"><h4 class=\"o-heading__level3-file-title\">Proportional.Opsin.Expression</h4><div class=\"o-metadata__file-description\">Opsin Expression data converted to cone proportions</div><div class=\"o-metadata__file-name\"></div></div><div class=\"o-metadata__file-usage-entry\"><h4 class=\"o-heading__level3-file-title\">Raw.Opsin.Expression</h4><div class=\"o-metadata__file-description\">Contains raw opsin expression data</div><div class=\"o-metadata__file-name\"></div></div><div class=\"o-metadata__file-usage-entry\"><h4 class=\"o-heading__level3-file-title\">Irridance</h4><div class=\"o-metadata__file-description\">Contains irradiance data used in the study</div><div class=\"o-metadata__file-name\"></div></div><div class=\"o-metadata__file-usage-entry\"><h4 class=\"o-heading__level3-file-title\">Transmission</h4><div class=\"o-metadata__file-description\">Contains transmission data used in the study</div><div class=\"o-metadata__file-name\"></div></div>", "locations": [{"place": "British Columbia"}], "relatedWorks": [{"relationship": "Cites", "identifierType": "DOI", "identifier": "https://doi.org/10.1098/rspb.2016.0242"}], "versionNumber": 1, "versionStatus": "submitted", "curationStatus": "Published", "publicationDate": "2016-04-08", "lastModificationDate": "2020-06-24", "visibility": "public", "sharingLink": "https://datadryad.org/stash/share/WVX7dUofcjaKhqi9Xa2NCDoM7u2r2E0BoiFAXWVEnTk", "userId": 9525, "license": "https://creativecommons.org/publicdomain/zero/1.0/"}