{"_links": {"self": {"href": "/api/v2/datasets/doi%3A10.5061%2Fdryad.6bn34"}, "stash:versions": {"href": "/api/v2/datasets/doi%3A10.5061%2Fdryad.6bn34/versions"}, "stash:version": {"href": "/api/v2/versions/9183"}, "stash:download": {"href": "/api/v2/datasets/doi%3A10.5061%2Fdryad.6bn34/download"}, "curies": [{"name": "stash", "href": "https://github.com/CDL-Dryad/stash/blob/main/stash_api/link-relations.md#{rel}", "templated": "true"}]}, "identifier": "doi:10.5061/dryad.6bn34", "id": 9143, "storageSize": 158354, "title": "Data from: The combined impacts of experimental defaunation and logging on seedling traits and diversity", "authors": [{"firstName": "Alys", "lastName": "Granados", "affiliation": "University of British Columbia", "affiliationROR": "https://ror.org/03rmrcq20"}, {"firstName": "Henry", "lastName": "Bernard", "affiliation": "Universiti of Malaysia Sabah", "affiliationROR": "https://ror.org/040v70252"}, {"firstName": "Jedediah F.", "lastName": "Brodie", "affiliation": "University of British Columbia", "affiliationROR": "https://ror.org/03rmrcq20"}], "abstract": "Animals can have both positive (e.g. via seed dispersal) and negative (e.g. via herbivory) impacts on plants. The net effects of these interactions remain difficult to predict and may be affected by overhunting and habitat disturbance, two widespread threats to tropical forests. Recent studies have documented their separate effects on plant recruitment but our understanding of how defaunation and logging interact to influence tropical tree communities is limited. From 2013-2016, we followed the fate of marked tree seedlings (n = 1489) from 81 genera in and outside experimental plots. Our plots differentially excluded small, medium, and large-bodied mammal herbivores in logged and unlogged forest in Malaysian Borneo. We assessed the effects of experimental defaunation and logging on taxonomic diversity and plant trait (wood density, specific leaf area, fruit size) composition of seedling communities. Although seedling mortality was highest in the presence of all mammal herbivores (44%), defaunation alone did not alter taxonomic diversity nor plant trait composition. However, herbivores (across all body sizes) significantly reduced mean fruit size across the seedling community over time (95% CI: -0.09 to -0.01), particularly in logged forest (95% CI: -0.12 to -0.003). Our findings suggest that impacts of mammal herbivores on plant communities may be greater in forests with a history of disturbance and could subsequently affect plant functional traits and ecological processes associated with forest regeneration.", "keywords": ["Borneo", "defauantion", "vertebrate", "logging", "Tropical Forest", "herbivore", "seedling"], "usageNotes": "<div class=\"o-metadata__file-usage-entry\"><h4 class=\"o-heading__level3-file-title\">CWM plant trait data</h4><div class=\"o-metadata__file-name\">CWM plant traits- Granados et al .xlsx</br></div></div><div class=\"o-metadata__file-usage-entry\"><h4 class=\"o-heading__level3-file-title\">Seedling mortality from exclosure treatments</h4><div class=\"o-metadata__file-name\">overall seedling mortality- Granados et al.xlsx</br></div></div>", "locations": [{"place": "Southeast Asia"}], "relatedWorks": [{"relationship": "Cites", "identifierType": "DOI", "identifier": "https://doi.org/10.1098/rspb.2017.2882"}], "versionNumber": 1, "versionStatus": "submitted", "curationStatus": "Published", "publicationDate": "2018-02-08", "lastModificationDate": "2020-06-24", "visibility": "public", "sharingLink": "https://datadryad.org/stash/share/tQPXvfw5kYoZ_nM4U3WaEWSdjKSO_093DA5a7OHIZaE", "userId": 30860, "license": "https://creativecommons.org/publicdomain/zero/1.0/"}