{"_links": {"self": {"href": "/api/v2/datasets/doi%3A10.5061%2Fdryad.921k0"}, "stash:versions": {"href": "/api/v2/datasets/doi%3A10.5061%2Fdryad.921k0/versions"}, "stash:version": {"href": "/api/v2/versions/16275"}, "stash:download": {"href": "/api/v2/datasets/doi%3A10.5061%2Fdryad.921k0/download"}, "curies": [{"name": "stash", "href": "https://github.com/CDL-Dryad/stash/blob/main/stash_api/link-relations.md#{rel}", "templated": "true"}]}, "identifier": "doi:10.5061/dryad.921k0", "id": 16218, "storageSize": 50802, "title": "Data from: Calculating the ecological impacts of animal-borne instruments on aquatic organisms", "authors": [{"firstName": "T. Todd", "lastName": "Jones", "affiliation": "University of British Columbia", "affiliationROR": "https://ror.org/03rmrcq20"}, {"firstName": "Kyle S.", "lastName": "Van Houtan", "affiliation": "Duke University", "affiliationROR": "https://ror.org/00py81415"}, {"firstName": "Brian L.", "lastName": "Bostrom", "affiliation": "University of British Columbia", "affiliationROR": "https://ror.org/03rmrcq20"}, {"firstName": "Peter", "lastName": "Ostafichuk", "affiliation": "University of British Columbia", "affiliationROR": "https://ror.org/03rmrcq20"}, {"firstName": "Jon", "lastName": "Mikkelsen", "affiliation": "University of British Columbia", "affiliationROR": "https://ror.org/03rmrcq20"}, {"firstName": "Emre", "lastName": "Tezcan", "affiliation": "University of British Columbia", "affiliationROR": "https://ror.org/03rmrcq20"}, {"firstName": "Michael", "lastName": "Carey", "affiliation": "National Marine Fisheries Service", "affiliationROR": "https://ror.org/033mqx355"}, {"firstName": "Brittany", "lastName": "Imlach", "affiliation": "University of British Columbia", "affiliationROR": "https://ror.org/03rmrcq20"}, {"firstName": "Jeffrey A.", "lastName": "Seminoff", "affiliation": "Southwest Fisheries Science Center", "affiliationROR": "https://ror.org/022d75229"}], "abstract": "1. Animal-borne instruments provide researchers with valuable data to address important questions on wildlife ecology and conservation. However, these devices have known impacts on animal behaviour and energetics. Tags deployed on migrating animals may reduce reproductive output through increased energy demands or cause phenological mismatches of foraging and nesting events. For marine organisms, the only tagging guidelines that exist are based on lift and thrust impacts on birds \u2013 concepts that do not translate well to aquatic animals. Herein, we provide guidelines on assessing drag from animal-borne instruments and discuss the ecological impacts on marine organisms. Of particular concern is the effect of drag from instruments to the welfare of the animals and for the applicability of collected data to wild populations. 2. To help understand how drag from electronic tags affects marine animals in the wild, we used marine turtles as model aquatic organisms and conducted wind tunnel experiments to measure the fluid drag of various marine turtle body types with and without commercially available electronic tags (e.g. satellite, TDR, video cameras). We quantified the drag associated with carrying biotelemetry devices of varying frontal area and design (squared or tear drop shaped) and generated contour plots depicting percentage drag increase as a framework for evaluating tag drag by scientists and wildlife managers. Then, using concepts of fluid dynamics, we derived a universal equation estimating drag impacts from instruments across marine taxa. 3. The drag of the marine turtle casts was measured in wind speeds from 2 to 30 m s\u22121 (Re 3\u00b70 \u00d7 104\u20131\u00b79 \u00d7 106), equivalent to 0\u00b71\u20131\u00b79 m s\u22121 in seawater. The drag coefficient (CD) of the marine turtles ranged from 0\u00b711 to 0\u00b722, which is typical of other large, air-breathing, marine vertebrates (0\u00b708\u20130\u00b726). The CD of tags in reference to the turtle casts was 0\u00b791 \u00b1 0\u00b718 and most tags caused minimal additional drag (<5%) to adult animals, but the same devices increased the drag for juveniles significantly (>100%). The sensitivity of aquatic animals to instrument drag is a dynamic relationship between the fluid flow patterns, or CD, and the frontal area ratio of the animal and tag. 4. In this paper, we have outlined methods for quantifying the drag costs from animal-borne instrumentation considering the instrument retention time (time to release from the animal) and the activity of the instrumented animal. With this valuable tool, researchers can quantify the drag costs from animal-borne instrumentation and choose appropriate tags for their intended study organism and question. Reducing drag will ultimately reduce the impact on the instrumented animals and lead to greater biological realism in the collected data.", "keywords": ["tagging", "angel of attack", "animal welfare", "cost of transport", "Eretmochelys imbricata", "Dermochelys coriacea", "wind tunnel", "Velocity", "Tracking", "Chelonia mydas", "Phenological mismatch", "Lepidochelys olivacea", "swim velocity", "marine turtle", "biotelemetry", "permit", "frontal area", "drag coefficient", "hydrodynamic"], "usageNotes": "<div class=\"o-metadata__file-usage-entry\"><h4 class=\"o-heading__level3-file-title\">Drag coefficients of marine turtles and animal-borne instruments</h4><div class=\"o-metadata__file-description\">Drag coefficients of marine turtles in turbulent flow at angle of attack = 0; and, of associated animal-borne instruments (Table 2 raw data). Frontal area (m^2) and straight carapace (cm) data pairs of dermochelyidae and cheloniidae (Table 2 raw data). Drag coefficients of marine turtles in turbulent flow at various angles of attack (-12 to 12 degrees) and at various wind velocities (m/s) when angle held at 0 (Figure 2A&B raw data).</div><div class=\"o-metadata__file-name\">Dryad_Data_JonesEtAl_CalculatingTransmitterDrag.xlsx</br></div></div>", "relatedWorks": [{"relationship": "Cites", "identifierType": "DOI", "identifier": "https://doi.org/10.1111/2041-210X.12109"}], "versionNumber": 1, "versionStatus": "submitted", "curationStatus": "Published", "publicationDate": "2014-10-07", "lastModificationDate": "2020-06-30", "visibility": "public", "sharingLink": "https://datadryad.org/stash/share/GzYzmGMGpZJA9RFv4Lya9wW6ysTeKsa8nCzG92I-xso", "userId": 5357, "license": "https://creativecommons.org/publicdomain/zero/1.0/"}