{"_links": {"self": {"href": "/api/v2/datasets/doi%3A10.5061%2Fdryad.nb85p"}, "stash:versions": {"href": "/api/v2/datasets/doi%3A10.5061%2Fdryad.nb85p/versions"}, "stash:version": {"href": "/api/v2/versions/10589"}, "stash:download": {"href": "/api/v2/datasets/doi%3A10.5061%2Fdryad.nb85p/download"}, "curies": [{"name": "stash", "href": "https://github.com/CDL-Dryad/stash/blob/main/stash_api/link-relations.md#{rel}", "templated": "true"}]}, "identifier": "doi:10.5061/dryad.nb85p", "id": 10546, "storageSize": 124063, "title": "Data from: Save your host, save yourself? caste-ratio adjustment in a parasite with division of labor and snail host survival following shell damage", "authors": [{"firstName": "Colin", "lastName": "MacLeod", "affiliation": "University of British Columbia", "affiliationROR": "https://ror.org/03rmrcq20"}, {"firstName": "Robert", "lastName": "Poulin", "affiliation": "University of Otago", "affiliationROR": "https://ror.org/01jmxt844"}, {"firstName": "Cl\u00e9ment", "lastName": "Lagrue", "affiliation": "University of Otago", "affiliationROR": "https://ror.org/01jmxt844"}], "abstract": "Shell damage and parasitic infections are frequent in gastropods, influencing key snail host life-history traits such as survival, growth, and reproduction. However, their interactions and potential effects on hosts and parasites have never been tested. Host\u2013parasite interactions are particularly interesting in the context of the recently discovered division of labor in trematodes infecting marine snails. Some species have colonies consisting of two different castes present at varying ratios; reproductive members and nonreproductive soldiers specialized in defending the colony. We assessed snail host survival, growth, and shell regeneration in interaction with infections by two trematode species, Philophthalmus sp. and Maritrema novaezealandense, following damage to the shell in the New Zealand mud snail Zeacumantus subcarinatus. We concomitantly assessed caste-ratio adjustment between nonreproductive soldiers and reproductive members in colonies of the trematode Philophthalmus sp. in response to interspecific competition and shell damage to its snail host. Shell damage, but not parasitic infection, significantly increased snail mortality, likely due to secondary infections by pathogens. However, trematode infection and shell damage did not negatively affect shell regeneration or growth in Z. subcarinatus; infected snails actually produced more new shell than their uninfected counterparts. Both interspecific competition and shell damage to the snail host induced caste-ratio adjustment in Philophthalmus sp. colonies. The proportion of nonreproductive soldiers increased in response to interspecific competition and host shell damage, likely to defend the parasite colony and potentially the snail host against increasing threats. These results indicate that secondary infections by pathogens following shell damage to snails both significantly increased snail mortality and induced caste-ratio adjustments in parasites. This is the first evidence that parasites with a division of labor may be able to produce nonreproductive soldiers according to environmental factors other than interspecific competition with other parasites.", "keywords": ["Parasites", "Host injury", "Zeacumantus subcarinatus", "Maritrema novaezealandense", "Philophthalmus sp.", "Holocene", "Division of labour"], "usageNotes": "<div class=\"o-metadata__file-usage-entry\"><h4 class=\"o-heading__level3-file-title\">Data MacLeod et al_ECE-2017-08-01014.R1</h4><div class=\"o-metadata__file-description\">Data used in the analyses for the article published in Ecology and Evolution</div><div class=\"o-metadata__file-name\"></div></div>", "locations": [{"place": "New Zealand"}], "relatedWorks": [{"relationship": "Cites", "identifierType": "DOI", "identifier": "https://doi.org/10.1002/ece3.3782"}], "versionNumber": 1, "versionStatus": "submitted", "curationStatus": "Published", "publicationDate": "2018-12-07", "lastModificationDate": "2020-06-24", "visibility": "public", "sharingLink": "https://datadryad.org/stash/share/-IL5l2msTUhIP3mdj6eQSRTYr5Mn8a1FIIMhFcfgZGA", "userId": 7693, "license": "https://creativecommons.org/publicdomain/zero/1.0/"}