{"_links": {"self": {"href": "/api/v2/datasets/doi%3A10.5061%2Fdryad.gb2bm7h"}, "stash:versions": {"href": "/api/v2/datasets/doi%3A10.5061%2Fdryad.gb2bm7h/versions"}, "stash:version": {"href": "/api/v2/versions/7842"}, "stash:download": {"href": "/api/v2/datasets/doi%3A10.5061%2Fdryad.gb2bm7h/download"}, "curies": [{"name": "stash", "href": "https://github.com/CDL-Dryad/stash/blob/main/stash_api/link-relations.md#{rel}", "templated": "true"}]}, "identifier": "doi:10.5061/dryad.gb2bm7h", "id": 7804, "storageSize": 211108, "title": "Data from: Caste ratio adjustments in response to perceived and realised competition in parasites with division of labour", "authors": [{"firstName": "Cl\u00e9ment", "lastName": "Lagrue", "affiliation": "University of Otago", "affiliationROR": "https://ror.org/01jmxt844"}, {"firstName": "Colin D.", "lastName": "MacLeod", "affiliation": "University of British Columbia", "affiliationROR": "https://ror.org/03rmrcq20"}, {"firstName": "Laurent", "lastName": "Keller", "affiliation": "University of Lausanne", "affiliationROR": "https://ror.org/019whta54"}, {"firstName": "Robert", "lastName": "Poulin", "affiliation": "University of Otago", "affiliationROR": "https://ror.org/01jmxt844"}], "abstract": "1. Colonial organisms with division of labour are assumed to achieve increased colony-level efficiency in task performance through functional specialisation of individuals into distinct castes. In social insects, ratios of individuals in different castes can adjust adaptively in response to external threats. However, whether flexibility in caste ratio also occurs in other social organisms with division of labour remains unclear. Some parasitic trematodes, in which clonal colonies within the snail intermediate host comprise a reproductive caste and a soldier caste, offer good systems to test the general nature of adaptive caste ratio adjustments. 2. Using the trematode Philophthalmus sp. as model, we test whether trematode colonies shift their composition toward more soldiers when exposed to a sustained risk of invasion by a competitor parasite species, and/or when experiencing sustained, active competition. We also quantify the colony-level fitness impact of caste ratio adjustments, measured as the colony\u2019s output of larval infective stages. 3. We conducted two long-term laboratory experiments on within-snail trematode colonies. First, snails harbouring Philophthalmus colonies were exposed to different levels of invasion risk by another trematode species, Maritrema novaezealandense. Second, the structure of Philophthalmus colonies was quantified after a year-long period of within-snail competition with the other trematode species. 4. When facing the risk of invasion by a competitor, independently of the level of risk, Philophthalmus colonies showed a significant shift toward producing more soldiers, resulting in altered caste ratio. Similarly, when experiencing actual competition by another trematode established in the same snail, Philophthalmus colonies also adjusted by producing significantly more soldiers. Greater investments in defense via more soldiers had negative impacts on the establishment and size of the competitor\u2019s colonies. Nevertheless, the presence of the competitor reduced the fitness (output of infective stages) of Philophthalmus colonies, although the production of more soldiers mitigated that effect. 5. Our findings demonstrate that trematode colonies with division of labour are capable of adaptive caste ratio adjustments in response to both the perceived threat of competition, and actual competition, with trade-offs against reproductive success only apparent when soldier numbers are very high. Combined with results on social insects, our study suggests parallel adaptations of colonial organisms in phylogenetically disparate organisms.", "keywords": ["castes", "colony structure", "social organisation", "rediae", "cercarial production", "Philophthalmus sp.", "Maritrema novaezealandense", "Division of labour"], "usageNotes": "<div class=\"o-metadata__file-usage-entry\"><h4 class=\"o-heading__level3-file-title\">Data JAE-2017-00899.R2</h4><div class=\"o-metadata__file-name\"></div></div>", "relatedWorks": [{"relationship": "Cites", "identifierType": "DOI", "identifier": "https://doi.org/10.1111/1365-2656.12873"}], "versionNumber": 1, "versionStatus": "submitted", "curationStatus": "Published", "publicationDate": "2019-06-05", "lastModificationDate": "2020-06-24", "visibility": "public", "sharingLink": "https://datadryad.org/stash/share/1SQmZeJb4_oG2EopsGYYuu2t5hx5Wi20OI1aSJWIeto", "userId": 7693, "license": "https://creativecommons.org/publicdomain/zero/1.0/"}