{"_links": {"self": {"href": "/api/v2/datasets/doi%3A10.5061%2Fdryad.h32p6"}, "stash:versions": {"href": "/api/v2/datasets/doi%3A10.5061%2Fdryad.h32p6/versions"}, "stash:version": {"href": "/api/v2/versions/8776"}, "stash:download": {"href": "/api/v2/datasets/doi%3A10.5061%2Fdryad.h32p6/download"}, "curies": [{"name": "stash", "href": "https://github.com/CDL-Dryad/stash/blob/main/stash_api/link-relations.md#{rel}", "templated": "true"}]}, "identifier": "doi:10.5061/dryad.h32p6", "id": 8736, "storageSize": 172707, "title": "Data from: Spartina alterniflora genotypic identity affects plant and consumer responses in an experimental marsh community", "authors": [{"firstName": "Robyn A.", "lastName": "Zerebecki", "affiliation": "Northeastern University", "affiliationROR": "https://ror.org/04t5xt781"}, {"firstName": "Gregory M.", "lastName": "Crutsinger", "affiliation": "University of British Columbia", "affiliationROR": "https://ror.org/03rmrcq20"}, {"firstName": "A. Randall", "lastName": "Hughes", "affiliation": "Northeastern University", "affiliationROR": "https://ror.org/04t5xt781"}], "abstract": "1. Competition and herbivory are ubiquitous processes known to interactively shape plant performance, distribution and community assembly. Likewise, plant genetic variation and associated trait differences can impact both plant-plant and plant-herbivore interactions individually, yet few studies have explored these interactions simultaneously. 2. Salt marsh communities are an ideal system to study these questions, as they are dominated along the Atlantic and Gulf coasts of the United States by a foundation plant species, Spartina alterniflora, with high levels of genetically-based trait variation. Furthermore, consumer pressure and plant competitors are known to influence both the distribution and production of Spartina. We manipulated Spartina genetic identity, neighbor identity (needlerush, Juncus roemerianus), and consumer presence (snail, Littoraria irrorata) in a one-year field experiment in St. Joseph Bay, FL to test how the strength and direction of neighbor and consumer interactions vary by plant genotype. 3. Consumer effects on Spartina were generally stronger and more variable than those of the plant neighborhood, and these effects were generally consistent across Spartina genotypes. However, genotype-specific variation in morphology, phenology, and palatability significantly influenced both consumer and neighbor responses to Spartina: the consumer Littoraria was more likely to climb palatable Spartina genotypes, and neighboring Juncus had shorter stems in the presence of highly productive Spartina genotypes. 4. Synthesis. Our results add to the growing list of examples highlighting the role of intraspecific variation in species interactions, and suggest that variation in these interactions may promote the maintenance of plant genetic variation and community composition.", "keywords": ["plant neighbourhood", "plant-plant interaction", "Juncus roemerianus", "consumer pressure", "plant-herbivore interaction", "Littoraria irrorata", "Genetic Variation", "facilitation", "Spartina alterniflora"], "usageNotes": "<div class=\"o-metadata__file-usage-entry\"><h4 class=\"o-heading__level3-file-title\">Zerebeckietal_1-5</h4><div class=\"o-metadata__file-description\">Zerebeckietal_1-5.zip contains 5 consecutively numbered csv files which contain the data presented in the manuscript and appendices.</div><div class=\"o-metadata__file-name\"></div><div class=\"o-metadata__file-name\"></div></div>", "locations": [{"place": "Florida"}], "relatedWorks": [{"relationship": "Cites", "identifierType": "DOI", "identifier": "https://doi.org/10.1111/1365-2745.12703"}], "versionNumber": 1, "versionStatus": "submitted", "curationStatus": "Published", "publicationDate": "2017-11-02", "lastModificationDate": "2020-06-24", "visibility": "public", "sharingLink": "https://datadryad.org/stash/share/Y-JVr1BhKoLm3fxClU6K47Hrv57tGAIohz4mk6dHhc4", "userId": 22525, "license": "https://creativecommons.org/publicdomain/zero/1.0/"}