{"_links": {"self": {"href": "/api/v2/datasets/doi%3A10.5061%2Fdryad.9n44q"}, "stash:versions": {"href": "/api/v2/datasets/doi%3A10.5061%2Fdryad.9n44q/versions"}, "stash:version": {"href": "/api/v2/versions/13971"}, "stash:download": {"href": "/api/v2/datasets/doi%3A10.5061%2Fdryad.9n44q/download"}, "curies": [{"name": "stash", "href": "https://github.com/CDL-Dryad/stash/blob/main/stash_api/link-relations.md#{rel}", "templated": "true"}]}, "identifier": "doi:10.5061/dryad.9n44q", "id": 13918, "storageSize": 69045, "title": "Data from: Being in a \u201cgreen\u201d building elicits \u201cgreener\u201d recycling, but not necessarily \u201cbetter\u201d recycling", "authors": [{"firstName": "David W.-L.", "lastName": "Wu", "affiliation": "University of British Columbia", "affiliationROR": "https://ror.org/03rmrcq20"}, {"firstName": "Alessandra", "lastName": "DiGiacomo", "affiliation": "University of British Columbia", "affiliationROR": "https://ror.org/03rmrcq20"}, {"firstName": "Lenkic J.", "lastName": "Peter"}, {"firstName": "Wong K.", "lastName": "Vanessa"}, {"firstName": "Alan", "lastName": "Kingstone", "affiliation": "University of British Columbia", "affiliationROR": "https://ror.org/03rmrcq20"}, {"firstName": "Peter J.", "lastName": "Lenkic", "affiliation": "University of British Columbia", "affiliationROR": "https://ror.org/03rmrcq20"}, {"firstName": "Vanessa K.", "lastName": "Wong", "affiliation": "University of British Columbia", "affiliationROR": "https://ror.org/03rmrcq20"}], "abstract": "Previous observational work revealed that transient populations in a sustainable building disposed of waste more accurately when compared to patrons in a non-sustainable building. The current study uses an experimental design to replicate this observed effect and to investigate whether or not the built environment influences motivational factors to impact behavior. We find support that a building designed and built to communicate an atmosphere of sustainability can influence waste disposal behavior. Participants in the sustainable building used the garbage receptacle significantly less and compensated by tending to select the containers and organics receptacle more, which actually resulted in more errors overall. Our findings suggest that building atmospherics can motivate people to recycle more. However, atmospherics alone do not appear to be sufficient to elicit the desired performance outcome.", "keywords": ["built environment", "decision-making", "Motivation", "recycling", "sustainability science", "Behavior"], "usageNotes": "<div class=\"o-metadata__file-usage-entry\"><h4 class=\"o-heading__level3-file-title\">PLoS One Spreadsheet Data</h4><div class=\"o-metadata__file-description\">Tab 1 displays the bin contents (where each item from each participant ended up). This data was used for the \"Accuracy\" and \"Bin Contents\" analyses. Tab 2 displays the coding results of the two coders from the current experiment. This data was used for the \"Receptacles used\" and \"Time spent at receptacles\" analyses. Tab 3 displays the coding results of the two coders from the observational data in Wu et al. (2013). This data was used for the \"Time spent at receptacles\" analyses.</div><div class=\"o-metadata__file-name\"></div></div>", "relatedWorks": [{"relationship": "Cites", "identifierType": "DOI", "identifier": "https://doi.org/10.1371/journal.pone.0145737"}], "versionNumber": 1, "versionStatus": "submitted", "curationStatus": "Published", "publicationDate": "2017-01-26", "lastModificationDate": "2020-06-24", "visibility": "public", "sharingLink": "https://datadryad.org/stash/share/YJ7NKZZZKHZ-CKaj319E6uSpv1NgBK3s1GpRCGYvqEU", "userId": 14367, "license": "https://creativecommons.org/publicdomain/zero/1.0/"}