{"_links": {"self": {"href": "/api/v2/datasets/doi%3A10.5061%2Fdryad.99db2"}, "stash:versions": {"href": "/api/v2/datasets/doi%3A10.5061%2Fdryad.99db2/versions"}, "stash:version": {"href": "/api/v2/versions/7141"}, "stash:download": {"href": "/api/v2/datasets/doi%3A10.5061%2Fdryad.99db2/download"}, "curies": [{"name": "stash", "href": "https://github.com/CDL-Dryad/stash/blob/main/stash_api/link-relations.md#{rel}", "templated": "true"}]}, "identifier": "doi:10.5061/dryad.99db2", "id": 7104, "storageSize": 239607, "title": "Data from: Migration, mitochondria, and the yellow-rumped warbler", "authors": [{"firstName": "David P. L.", "lastName": "Toews", "affiliation": "University of British Columbia", "affiliationROR": "https://ror.org/03rmrcq20"}, {"firstName": "Milica", "lastName": "Mandic", "affiliation": "University of British Columbia", "affiliationROR": "https://ror.org/03rmrcq20"}, {"firstName": "Jeffrey G.", "lastName": "Richards", "affiliation": "University of British Columbia", "affiliationROR": "https://ror.org/03rmrcq20"}, {"firstName": "Darren E.", "lastName": "Irwin", "affiliation": "University of British Columbia", "affiliationROR": "https://ror.org/03rmrcq20"}], "abstract": "Discordance between mitochondrial and nuclear DNA has been noted in many systems. Asymmetric introgression of mitochondria is a common cause of such discordances, although in most cases the drivers of introgression are unknown. In the yellow-rumped warbler, evidence suggests that mtDNA from the eastern, myrtle warbler, has introgressed across much of the range of the western form, the Audubon's warbler. Within the southwestern United States myrtle mtDNA comes into contact with another clade that occurs in the Mexican black-fronted warbler. Both northern forms exhibit seasonal migration, whereas black-fronted warblers are nonmigratory. We investigated the link between mitochondrial introgression, mitochondrial function, and migration using novel genetic, isotopic, biochemical, and phenotypic data obtained from populations in the transition zone. Isotopes suggest the zone is coincident with a shift in migration, with individuals in the south being resident and populations further north becoming increasingly more migratory. Mitochondrial respiration in flight muscles demonstrates that myrtle-type individuals have a significantly greater acceptor control ratio of mitochondria, suggesting it may be more metabolically efficient. To our knowledge this is the first time this type of intraspecific variation in mitochondrial respiration has been measured in wild birds and we discuss how such mitochondrial adaptations may have facilitated introgression.", "keywords": ["Setophaga nigrifrons", "Setophaga auduboni", "Mitochondrial DNA", "yellow-rumped warbler", "Setophaga coronata", "physiology", "introgression", "hybridization"], "usageNotes": "<div class=\"o-metadata__file-usage-entry\"><h4 class=\"o-heading__level3-file-title\">Locality, isotope, genetic and morphological data</h4><div class=\"o-metadata__file-name\">YRWA_data_TOEWS_dryad.xls</br></div><div class=\"o-metadata__file-name\"></div></div>", "relatedWorks": [{"relationship": "Cites", "identifierType": "DOI", "identifier": "https://doi.org/10.1111/evo.12260"}], "versionNumber": 1, "versionStatus": "submitted", "curationStatus": "Published", "publicationDate": "2013-08-19", "lastModificationDate": "2020-06-24", "visibility": "public", "sharingLink": "https://datadryad.org/stash/share/P3XwESDoy_mWBnDRkeiMnLyNdKBlVfRy92ON2xjxcqk", "userId": 19684, "license": "https://creativecommons.org/publicdomain/zero/1.0/"}