{"_links": {"self": {"href": "/api/v2/datasets/doi%3A10.5061%2Fdryad.7pvmcvdpz"}, "stash:versions": {"href": "/api/v2/datasets/doi%3A10.5061%2Fdryad.7pvmcvdpz/versions"}, "stash:version": {"href": "/api/v2/versions/66195"}, "stash:download": {"href": "/api/v2/datasets/doi%3A10.5061%2Fdryad.7pvmcvdpz/download"}, "curies": [{"name": "stash", "href": "https://github.com/CDL-Dryad/stash/blob/main/stash_api/link-relations.md#{rel}", "templated": "true"}]}, "identifier": "doi:10.5061/dryad.7pvmcvdpz", "id": 42881, "storageSize": 50347, "title": "Disconnects between ecological theory and data in phenological mismatch research", "authors": [{"firstName": "Heather", "lastName": "Kharouba", "email": "heather.kharouba@uottawa.ca", "affiliation": "University of Ottawa", "affiliationROR": "https://ror.org/03c4mmv16", "orcid": "0000-0002-3250-9253"}, {"firstName": "Elizabeth", "lastName": "Wolkovich", "email": "e.wolkovich@ubc.ca", "affiliation": "University of British Columbia", "affiliationROR": "https://ror.org/03rmrcq20"}], "abstract": "<p>Climate change may lead to phenological mismatches, where the timing of critical events between interacting species becomes de-synchronized, with potential negative consequences. Evidence documenting negative impacts on fitness is mixed. The Cushing match-mismatch hypothesis, the most common hypothesis underlying these studies, offers testable assumptions and predictions to determine consequences of phenological mismatch when combined with a pre-climate change baseline. Here, we highlight how improved approaches could rapidly advance mechanistic understanding. We find that currently no study has collected the data required to test this hypothesis well, and 71% of studies fail to define a baseline. Experiments that clearly link timing to fitness and test extremes, integration across approaches, and null models would aid robust predictions of shifts with climate change.</p>\r\n", "keywords": ["Cushing match-mismatch hypothesis"], "methods": "<p>We located papers relating phenological data from trophic interactions to fitness and/or performance of the consumer and/or the resource by conducting keyword searches in ISI Web of Science published up to June 2017. Keywords included phenolog* AND\u00a0mismatch* OR synchron* AND interact* AND (fitness* OR performance*).\u00a0If more than one measure of phenology was included, we chose the one used by the authors to calculate mismatch and examine its impact on performance.\u00a0Our final review included 42 studies with 45 pair-wise species interactions (3 studies had 2 interactions).\u00a0Based on the type of data collected for the consumer and resource, we classified studies as life history (i.e. one that collected data at the individual level)\u00a0or one that collected data at the population or community (i.e., across species).\u00a0To determine whether studies had the potential to define pre-climate change baselines, we measured the study\u2019s time span and years of data based on the years where phenology data was available for both the consumer and resource, and consumer performance data was available.</p>\r\n", "usageNotes": "<p>Each observation is an individual pair-wise species interaction.</p>\r\n", "relatedWorks": [{"relationship": "Cites", "identifierType": "DOI", "identifier": "https://doi.org/10.1038/s41558-020-0752-x"}], "versionNumber": 3, "versionStatus": "submitted", "curationStatus": "Published", "publicationDate": "2020-05-20", "lastModificationDate": "2020-05-20", "visibility": "public", "sharingLink": "https://datadryad.org/stash/share/_a1nRRINpAhveqiDPvAnrrbEePLrkpx9qezZAn1YbQw", "userId": 53284, "license": "https://creativecommons.org/publicdomain/zero/1.0/"}