{"_links": {"self": {"href": "/api/v2/datasets/doi%3A10.5061%2Fdryad.2sj8r"}, "stash:versions": {"href": "/api/v2/datasets/doi%3A10.5061%2Fdryad.2sj8r/versions"}, "stash:version": {"href": "/api/v2/versions/25776"}, "stash:download": {"href": "/api/v2/datasets/doi%3A10.5061%2Fdryad.2sj8r/download"}, "curies": [{"name": "stash", "href": "https://github.com/CDL-Dryad/stash/blob/main/stash_api/link-relations.md#{rel}", "templated": "true"}]}, "identifier": "doi:10.5061/dryad.2sj8r", "id": 25703, "storageSize": 4663715, "title": "Data from: Liking the good guys: amplifying local adaptation via the evolution of condition-dependent mate choice", "authors": [{"firstName": "Thor", "lastName": "Veen", "affiliation": "University of British Columbia", "affiliationROR": "https://ror.org/03rmrcq20"}, {"firstName": "Sarah P.", "lastName": "Otto", "affiliation": "University of British Columbia", "affiliationROR": "https://ror.org/03rmrcq20"}], "abstract": "Local adaptation can be strengthened through a diversity of mechanisms that reduce gene flow between contrasting environments. Recent work revealed that mate choice could enhance local adaptation when females preferentially mate with locally adapted males and that such female preferences readily evolve, but the opposing effects of recombination, migration, and costs of female preferences remain relatively unexplored. To investigate these effects, we develop a two-patch model with two genes, one influencing an ecological trait and one influencing female preferences, where both male signals and female preferences are allowed to depend on the match between an individual's ecological trait and the local environment (condition). Because trait variation is limited when migration is rare and the benefits of preferential mating are short-lived when migration is frequent, we find that female preferences for males in high condition spread most rapidly with intermediate levels of migration. Surprisingly, we find that preferences for locally adapted males spread fastest with higher recombination rates, which contrasts with earlier studies. This is because a stronger preference allele for locally adapted males can only get uncoupled from maladapted ecological alleles following migration through recombination. The effects of migration and recombination depend strongly on the condition of the males being chosen by females, but only weakly on the condition of the females doing the choosing, except when it comes to the costs of preference. While costs always impede the spread of female preferences for locally adapted males, the impact is substantially lessened if costs are borne primarily by females in poor condition. The abundance of empirical examples of condition-dependent mate choice combined with our theoretical results suggests that the evolution of mate choice could commonly facilitate local adaptation in nature.", "keywords": ["divergence", "sexual selection", "condition-dependent signal", "Mate choice"], "usageNotes": "<div class=\"o-metadata__file-usage-entry\"><h4 class=\"o-heading__level3-file-title\">Veen and Otto Mathematica Workbook</h4><div class=\"o-metadata__file-description\">Mathematica 8.0.4 workbook titled \u201cVeen and Otto Mathematica Workbook.nb\u201d describing the model and analyses.</div><div class=\"o-metadata__file-name\"></div><div class=\"o-metadata__file-name\"></div></div>", "relatedWorks": [{"relationship": "Cites", "identifierType": "DOI", "identifier": "https://doi.org/10.1111/jeb.12696"}], "versionNumber": 1, "versionStatus": "submitted", "curationStatus": "Published", "publicationDate": "2015-07-20", "lastModificationDate": "2020-06-30", "visibility": "public", "sharingLink": "https://datadryad.org/stash/share/NDBHYtLlZnguf_LE5_N_iU2LOjoZchWpm6cPYc9miTU", "userId": 8099, "license": "https://creativecommons.org/publicdomain/zero/1.0/"}