{"_links": {"self": {"href": "/api/v2/datasets/doi%3A10.5061%2Fdryad.s04h8"}, "stash:versions": {"href": "/api/v2/datasets/doi%3A10.5061%2Fdryad.s04h8/versions"}, "stash:version": {"href": "/api/v2/versions/13939"}, "stash:download": {"href": "/api/v2/datasets/doi%3A10.5061%2Fdryad.s04h8/download"}, "curies": [{"name": "stash", "href": "https://github.com/CDL-Dryad/stash/blob/main/stash_api/link-relations.md#{rel}", "templated": "true"}]}, "identifier": "doi:10.5061/dryad.s04h8", "id": 13886, "storageSize": 70688, "title": "Data from: Genetic sampling for estimating density of common species", "authors": [{"firstName": "Ellen", "lastName": "Cheng", "affiliation": "University of Montana", "affiliationROR": "https://ror.org/0078xmk34"}, {"firstName": "Karen E.", "lastName": "Hodges", "affiliation": "University of British Columbia", "affiliationROR": "https://ror.org/03rmrcq20"}, {"firstName": "Rahel", "lastName": "Sollmann", "affiliation": "University of California, Davis", "affiliationROR": "https://ror.org/05rrcem69"}, {"firstName": "L. Scott", "lastName": "Mills", "affiliation": "University of Montana", "affiliationROR": "https://ror.org/0078xmk34"}], "abstract": "Understanding population dynamics requires reliable estimates of population density, yet this basic information is often surprisingly difficult to obtain. With rare or difficult-to-capture species, genetic surveys from noninvasive collection of hair or scat has proved cost-efficient for estimating densities. Here, we explored whether noninvasive genetic sampling (NGS) also offers promise for sampling a relatively common species, the snowshoe hare (Lepus americanus Erxleben, 1777), in comparison with traditional live trapping. We optimized a protocol for single-session NGS sampling of hares. We compared spatial capture\u2013recapture population estimates from live trapping to estimates derived from NGS, and assessed NGS costs. NGS provided population estimates similar to those derived from live trapping, but a higher density of sampling plots was required for NGS. The optimal NGS protocol for our study entailed deploying 160 sampling plots for 4 days and genotyping one pellet per plot. NGS laboratory costs ranged from approximately $670 to $3000 USD per field site. While live trapping does not incur laboratory costs, its field costs can be considerably higher than for NGS, especially when study sites are difficult to access. We conclude that NGS can work for common species, but that it will require field and laboratory pilot testing to develop cost-effective sampling protocols.", "funders": [{"organization": "National Science Foundation", "awardNumber": "DEB-0841884"}], "keywords": ["fecal pellets", "non-invasive genetic sampling", "density estimators", "spatial capture-recapture", "Lepus americanus", "2006-2009", "snowshoe hare"], "usageNotes": "<div class=\"o-metadata__file-usage-entry\"><h4 class=\"o-heading__level3-file-title\">Cheng et al 2017_Ecol Evol_DRYAD</h4><div class=\"o-metadata__file-description\">Microsatellite genotypes (8 loci) for 114 snowshoe hares, representing all unique genotypes confirmed from hare tissue or fecal pellet samples collected at 5 study sites.</div><div class=\"o-metadata__file-name\"></div></div>", "locations": [{"place": "Montana"}, {"place": "Glacier National Park"}, {"place": "Flathead National Forest"}], "relatedWorks": [{"relationship": "Cites", "identifierType": "DOI", "identifier": "https://doi.org/10.1002/ece3.3137"}], "versionNumber": 1, "versionStatus": "submitted", "curationStatus": "Published", "publicationDate": "2018-05-15", "lastModificationDate": "2020-06-24", "visibility": "public", "sharingLink": "https://datadryad.org/stash/share/789Q3vmbUP4mBv-hFg6Q96sd7nYxrJ3FBXmtD40lJc0", "userId": 7838, "license": "https://creativecommons.org/publicdomain/zero/1.0/"}