{"_links": {"self": {"href": "/api/v2/datasets/doi%3A10.5061%2Fdryad.sbcc2fr32"}, "stash:versions": {"href": "/api/v2/datasets/doi%3A10.5061%2Fdryad.sbcc2fr32/versions"}, "stash:version": {"href": "/api/v2/versions/54574"}, "stash:download": {"href": "/api/v2/datasets/doi%3A10.5061%2Fdryad.sbcc2fr32/download"}, "curies": [{"name": "stash", "href": "https://github.com/CDL-Dryad/stash/blob/main/stash_api/link-relations.md#{rel}", "templated": "true"}]}, "identifier": "doi:10.5061/dryad.sbcc2fr32", "id": 42277, "storageSize": 239645, "title": "Extinction dynamics under extreme conservation threat: the flora of St Helena", "authors": [{"firstName": "Quentin", "lastName": "Cronk", "email": "quentin.cronk@ubc.ca", "affiliation": "University of British Columbia", "affiliationROR": "https://ror.org/03rmrcq20", "orcid": "0000-0002-4027-7368"}, {"firstName": "Phil", "lastName": "Lambdon", "email": "", "affiliation": "Royal Botanic Gardens", "affiliationROR": "https://ror.org/00ynnr806"}], "abstract": "<p style=\"text-align:start;text-indent:0px;\"><span><span style=\"font-style:normal;\"><span><span style=\"font-weight:normal;\"><span style=\"letter-spacing:normal;\"><span><span><span style=\"white-space:normal;\"><span><span><span>The flora of the island of St Helena provides an amplified system for the study of extinction by reason of the island\u2019s high endemism, small size, vulnerable biota, length of time of severe disturbance (since 1502) and severity of threats. Endemic plants have been eliminated from 96.5% of St Helena by habitat loss. There are eight recorded extinctions in the vascular flora since 1771 giving an extinction rate of 581 extinctions per million species per year (E/MSY). This is considerably higher than background extinction rates, variously estimated at 1 or 0.1 E/MSY. We have no information for plant extinctions prior to 1771 but applying the same extinction rate to the period 1502 to 1771 suggests that there may be around ten unrecorded historical extinctions. We use census data and population decline estimates to project likely extinction forward in time. The projected overall extinction rate for the next 200 years is somewhat higher at 625 E/MSY. However, our data predict an extinction crunch in the next 50 years with 4 species out of the remaining 48 likely to become extinct during this period. It is interesting that during a period when the native plant areas dropped to 3.5% of the original, the extinction rate appears to have remained shallowly linear with under 30% of the endemic flora becoming extinct.</span></span></span></span></span></span></span></span></span></span></span></p>\r\n", "funders": [{"organization": "Natural Sciences and Engineering Research Council of Canada*", "awardNumber": "RGPIN-2014-05820"}], "keywords": ["plant extinction", "extinction rate", "oceanic island", "island extinction", "St Helena", "dark extinction", "Extinction debt", "species-area curve"], "methods": "<p style=\"text-align:start;text-indent:0px;\"><span><span style=\"font-style:normal;\"><span><span style=\"font-weight:normal;\"><span style=\"letter-spacing:normal;\"><span><span><span style=\"white-space:normal;\"><span><span><span>The time to percent decline (TPD) figures (see above) were standardized by conversion to half-lives (time to 50% decline: TPD50) using a simple exponential function, i.e. t<sub>1/2</sub>=t/log<sub>1/2</sub>(N<sub>t</sub>/N<sub>0</sub>), where t<sub>1/2</sub>is the half-life (TPD50), t is the time period over which population\u00a0decline has been measured, and N<sub>t</sub>/N<sub>0</sub>is the proportion of the population remaining after t. We use the exponential for the decline curves as this is a very common general form of decline curve (Di Fonzo et al., 2013). The TPD50 for a species is therefore assumed to be constant, following an exponential decay process. The TPD50 was then used in combination with the total number of mature individuals (NMI) to project changes in NMI forward in time. Under this simple model, plants are taken as extinct when NMI &lt;1.\u00a0</span></span></span></span></span></span></span></span></span></span></span></p>\r\n", "versionNumber": 2, "versionStatus": "submitted", "curationStatus": "Published", "publicationDate": "2020-02-21", "lastModificationDate": "2020-02-21", "visibility": "public", "sharingLink": "https://datadryad.org/stash/share/up59pdCnSYrAeu6yxNLQ7ME9fI2RVEGdk6fD6_Hjjao", "userId": 52814, "license": "https://creativecommons.org/publicdomain/zero/1.0/"}