{"_links": {"self": {"href": "/api/v2/datasets/doi%3A10.5061%2Fdryad.1v244"}, "stash:versions": {"href": "/api/v2/datasets/doi%3A10.5061%2Fdryad.1v244/versions"}, "stash:version": {"href": "/api/v2/versions/5519"}, "stash:download": {"href": "/api/v2/datasets/doi%3A10.5061%2Fdryad.1v244/download"}, "curies": [{"name": "stash", "href": "https://github.com/CDL-Dryad/stash/blob/main/stash_api/link-relations.md#{rel}", "templated": "true"}]}, "identifier": "doi:10.5061/dryad.1v244", "id": 5484, "storageSize": 371853, "title": "Data from: Effects of predatory ants within and across ecosystems in bromeliad food webs", "authors": [{"firstName": "Ana Z.", "lastName": "Gon\u00e7alves", "affiliation": "State University of Campinas", "affiliationROR": "https://ror.org/04wffgt70"}, {"firstName": "Diane S.", "lastName": "Srivastava", "affiliation": "University of British Columbia", "affiliationROR": "https://ror.org/03rmrcq20"}, {"firstName": "Paulo S.", "lastName": "Oliveira", "affiliation": "State University of Campinas", "affiliationROR": "https://ror.org/04wffgt70"}, {"firstName": "Gustavo Q.", "lastName": "Romero", "affiliation": "State University of Campinas", "affiliationROR": "https://ror.org/04wffgt70"}], "abstract": "Predation is one of the most fundamental ecological processes affecting biotic communities. Terrestrial predators that live at ecosystem boundaries may alter the diversity of terrestrial organisms, but they may also have cross-ecosystem cascading effects when they feed on organisms with complex life cycles (i.e. organisms that shift from aquatic juvenile stages to terrestrial adult stages) or inhibit female oviposition in the aquatic environment.\r\nThe predatory ant Odontomachus hastatus establishes its colonies among roots of Vriesea procera, an epiphytic bromeliad species with water-filled tanks that shelters many terrestrial and aquatic organisms. Ants may impact terrestrial communities and deter adult insects from ovipositing in the water of bromeliads via consumptive and non-consumptive effects. Ants do not forage within the aquatic environment; thus, they may be more efficient predators on terrestrial organisms. Therefore, we predict that ants will have stronger effects on terrestrial than aquatic food webs. However, such effects may also be site contingent and depend on the local composition of food webs.\r\nTo test our hypothesis, we surveyed bromeliads with and without O. hastatus colonies from three different coastal field sites in the Atlantic Forest of southeast Brazil, and quantified the effect of this predatory ant on the composition, density and richness of aquatic and terrestrial metazoans found in these bromeliads.\r\nWe found that ants changed the composition and reduced the overall density of aquatic and terrestrial metazoans in bromeliad ecosystems. However, effects of ants on species diversity were contingent on site. In general terms, the effects of the ant on aquatic and terrestrial metazoan communities were similar in strength and magnitude. Ants reduced the density of virtually all aquatic functional groups, especially detritivore insects as well as metazoans that reach bromeliads through phoresy on the skin of terrestrial animals (i.e. Ostracoda and Helobdella sp.).\r\nOur results suggest that the cross-ecosystem effect of this terrestrial predator on the aquatic metazoans was at least as strong as its within-ecosystem effect on the terrestrial ecosystem, and demonstrates that the same predator can simultaneously initiate cascades in multiple ecosystems.", "keywords": ["Odontomachus hastatus", "Vriesea procera", "Richness", "diversity", "Composition", "cross-ecosystem", "Bromeliaceae", "within-ecosystem"], "usageNotes": "<div class=\"o-metadata__file-usage-entry\"><h4 class=\"o-heading__level3-file-title\">Aquatic metazoans</h4><div class=\"o-metadata__file-description\">Abundance of aquatic metazoans collected in Vriesea procera bromeliads with and without nests of the ant Odontomachus hastatus at Parque Estadual da Serra do Mar (Picinguaba), Esta\u00e7\u00e3o Ecol\u00f3gica Jur\u00e9ia-Itatins (Jur\u00e9ia) and Parque Estadual da Ilha do Cardoso (Cardoso), S\u00e3o Paulo State, Brazil. Metazoans were identified to the lowest possible taxonomic level, to their classes, orders or families, and were separated into functional groups</div><div class=\"o-metadata__file-name\"></div></div><div class=\"o-metadata__file-usage-entry\"><h4 class=\"o-heading__level3-file-title\">Terrestrial metazoans</h4><div class=\"o-metadata__file-description\">Abundance of terrestrial metazoans collected in Vriesea procera bromeliads with and without nests of the ant Odontomachus hastatus at Parque Estadual da Serra do Mar (Picinguaba), Esta\u00e7\u00e3o Ecol\u00f3gica Jur\u00e9ia-Itatins (Jur\u00e9ia) and Parque Estadual da Ilha do Cardoso (Cardoso), S\u00e3o Paulo State, Brazil. Metazoans were identified to the lowest possible taxonomic level and were separated in guilds</div><div class=\"o-metadata__file-name\"></div></div>", "relatedWorks": [{"relationship": "Cites", "identifierType": "DOI", "identifier": "https://doi.org/10.1111/1365-2656.12671"}], "versionNumber": 1, "versionStatus": "submitted", "curationStatus": "Published", "publicationDate": "2018-03-20", "lastModificationDate": "2020-06-24", "visibility": "public", "sharingLink": "https://datadryad.org/stash/share/YvwpSfio9PvYtlBpYmBqE51wcrffwBXHZ5gb9LVosLE", "userId": 22599, "license": "https://creativecommons.org/publicdomain/zero/1.0/"}