{"_links": {"self": {"href": "/api/v2/datasets/doi%3A10.5061%2Fdryad.1j25j"}, "stash:versions": {"href": "/api/v2/datasets/doi%3A10.5061%2Fdryad.1j25j/versions"}, "stash:version": {"href": "/api/v2/versions/6304"}, "stash:download": {"href": "/api/v2/datasets/doi%3A10.5061%2Fdryad.1j25j/download"}, "curies": [{"name": "stash", "href": "https://github.com/CDL-Dryad/stash/blob/main/stash_api/link-relations.md#{rel}", "templated": "true"}]}, "identifier": "doi:10.5061/dryad.1j25j", "id": 6268, "storageSize": 305159, "title": "Data from: Double decomposition: decomposing the variance in subcomponents of male extra-pair reproductive success", "authors": [{"firstName": "Sylvain", "lastName": "Losdat", "affiliation": "University of Aberdeen", "affiliationROR": "https://ror.org/016476m91"}, {"firstName": "Peter", "lastName": "Arcese", "affiliation": "University of British Columbia", "affiliationROR": "https://ror.org/03rmrcq20"}, {"firstName": "Jane M.", "lastName": "Reid", "affiliation": "University of Aberdeen", "affiliationROR": "https://ror.org/016476m91"}], "abstract": "1. Extra-pair reproductive success (EPRS) is a key component of male fitness in socially monogamous systems and could cause selection on female extra-pair reproduction if extra-pair offspring (EPO) inherit high value for EPRS from their successful extra-pair fathers. However, EPRS is itself a composite trait that can be fully decomposed into subcomponents of variation, each of which can be further decomposed into genetic and environmental variances. However, such decompositions have not been implemented in wild populations, impeding evolutionary inference. 2. We first show that EPRS can be decomposed into the product of three life-history subcomponents: the number of broods available to a focal male to sire EPO, the male's probability of siring an EPO in an available brood and the number of offspring in available broods. This decomposition of EPRS facilitates estimation from field data because all subcomponents can be quantified from paternity data without need to quantify extra-pair matings. Our decomposition also highlights that the number of available broods, and hence population structure and demography, might contribute substantially to variance in male EPRS and fitness. 3. We then used 20 years of complete genetic paternity and pedigree data from wild song sparrows (Melospiza melodia) to partition variance in each of the three subcomponents of EPRS, and thereby estimate their additive genetic variance and heritability conditioned on effects of male coefficient of inbreeding, age and social status. 4. All three subcomponents of EPRS showed some degree of within-male repeatability, reflecting combined permanent environmental and genetic effects. Number of available broods and offspring per brood showed low additive genetic variances. The estimated additive genetic variance in extra-pair siring probability was larger, although the 95% credible interval still converged towards zero. Siring probability also showed inbreeding depression and increased with male age, while the numbers of available broods and offspring per brood did not. 5. Our results indicate that the probability that a male will sire an EPO in an available brood is the primary source of genetic variation in male EPRS, implying that the evolution of female extra-pair reproduction could be facilitated by genetic covariance with this subcomponent of EPRS.", "keywords": ["quantitative genetics", "Bayesian animal model", "sexual selection", "multiple mating", "polyandry", "paternity success", "fertilisation success"], "usageNotes": "<div class=\"o-metadata__file-usage-entry\"><h4 class=\"o-heading__level3-file-title\">Phenotypic data: number of available broods</h4><div class=\"o-metadata__file-description\">This file contains the phenotypic data for the univariate quantitative genetic analyses of the number of available broods (Nbroods).</div><div class=\"o-metadata__file-name\">Nbrood.dryad.txt</br></div></div><div class=\"o-metadata__file-usage-entry\"><h4 class=\"o-heading__level3-file-title\">Phenotypic data: Psire and number of available offspring</h4><div class=\"o-metadata__file-description\">Phenotypic data for the univariate quantitative genetic analyses of the probability that an offspring within an available brood (or litter) will be sired as an EPO by a focal male (Psire) and the number of available offspring.</div><div class=\"o-metadata__file-name\">Psire.dryad.txt</br></div></div><div class=\"o-metadata__file-usage-entry\"><h4 class=\"o-heading__level3-file-title\">Pedigree for Psire, Nbroods, and number of offspring</h4><div class=\"o-metadata__file-description\">This file contains the non-zero elements of the inverted A (relationship) matrix data for the animal model analyses of Psire, Nbroods, and number of offspring.</div><div class=\"o-metadata__file-name\">pedigree1_dryad.txt</br></div></div><div class=\"o-metadata__file-usage-entry\"><h4 class=\"o-heading__level3-file-title\">Pedigree for analysis of Pat.success</h4><div class=\"o-metadata__file-description\">This file contains the non-zero elements of the inverted A (relationship) matrix data for the animal model analysis of Pat.success.</div><div class=\"o-metadata__file-name\">pedigree2_dryad.txt</br></div></div><div class=\"o-metadata__file-usage-entry\"><h4 class=\"o-heading__level3-file-title\">Phenotypic data: Ppat.success</h4><div class=\"o-metadata__file-description\">This file contains the phenotypic data for the univariate quantitative genetic analyses of the probability that an offspring within an available brood (or litter) will be sired as an additional EPO by a focal male given that he sired one EPO in that brood (Ppat.success).</div><div class=\"o-metadata__file-name\">Ppat.dryad.txt</br></div></div>", "relatedWorks": [{"relationship": "Cites", "identifierType": "DOI", "identifier": "https://doi.org/10.1111/1365-2656.12389"}], "versionNumber": 1, "versionStatus": "submitted", "curationStatus": "Published", "publicationDate": "2016-04-23", "lastModificationDate": "2020-06-24", "visibility": "public", "sharingLink": "https://datadryad.org/stash/share/aRlcWNRHxcfKeF7moQV7kzIzRXMuW9sS8LOodCy57oQ", "userId": 30416, "license": "https://creativecommons.org/publicdomain/zero/1.0/"}