{"_links": {"self": {"href": "/api/v2/datasets/doi%3A10.5061%2Fdryad.2jk717g"}, "stash:versions": {"href": "/api/v2/datasets/doi%3A10.5061%2Fdryad.2jk717g/versions"}, "stash:version": {"href": "/api/v2/versions/26356"}, "stash:download": {"href": "/api/v2/datasets/doi%3A10.5061%2Fdryad.2jk717g/download"}, "curies": [{"name": "stash", "href": "https://github.com/CDL-Dryad/stash/blob/main/stash_api/link-relations.md#{rel}", "templated": "true"}]}, "identifier": "doi:10.5061/dryad.2jk717g", "id": 26283, "storageSize": 238124, "title": "Data from: Species richness change across spatial scales", "authors": [{"firstName": "Jonathan M.", "lastName": "Chase", "affiliation": "German Center for Integrative Biodiversity Research", "affiliationROR": "https://ror.org/01jty7g66"}, {"firstName": "Brian J.", "lastName": "McGill", "affiliation": "University of Maine", "affiliationROR": "https://ror.org/01adr0w49"}, {"firstName": "Patrick L.", "lastName": "Thompson", "affiliation": "University of British Columbia", "affiliationROR": "https://ror.org/03rmrcq20"}, {"firstName": "Laura H.", "lastName": "Ant\u00e3o", "affiliation": "University of St Andrews", "affiliationROR": "https://ror.org/02wn5qz54"}, {"firstName": "Amanda E.", "lastName": "Bates", "affiliation": "University of St Andrews", "affiliationROR": "https://ror.org/02wn5qz54"}, {"firstName": "Shane A.", "lastName": "Blowes", "affiliation": "German Center for Integrative Biodiversity Research", "affiliationROR": "https://ror.org/01jty7g66"}, {"firstName": "Maria", "lastName": "Dornelas", "affiliation": "University of St Andrews", "affiliationROR": "https://ror.org/02wn5qz54"}, {"firstName": "Andrew", "lastName": "Gonzalez", "affiliation": "McGill University", "affiliationROR": "https://ror.org/01pxwe438"}, {"firstName": "Anne E.", "lastName": "Magurran", "affiliation": "University of St Andrews", "affiliationROR": "https://ror.org/02wn5qz54"}, {"firstName": "Sarah R.", "lastName": "Supp", "affiliation": "Data Analytics Program, Denison Univ Granville OH USA"}, {"firstName": "Marten", "lastName": "Winter", "affiliation": "German Center for Integrative Biodiversity Research", "affiliationROR": "https://ror.org/01jty7g66"}, {"firstName": "Anne D.", "lastName": "Bjorkmann", "affiliation": "Aarhus University", "affiliationROR": "https://ror.org/01aj84f44"}, {"firstName": "Helge", "lastName": "Bruelheide", "affiliation": "German Center for Integrative Biodiversity Research", "affiliationROR": "https://ror.org/01jty7g66"}, {"firstName": "Jarrett E.K.", "lastName": "Byrnes", "affiliation": "University of Massachusetts Boston", "affiliationROR": "https://ror.org/04ydmy275"}, {"firstName": "Juliano Sarmento", "lastName": "Cabral", "affiliation": "University of W\u00fcrzburg", "affiliationROR": "https://ror.org/00fbnyb24"}, {"firstName": "Robin", "lastName": "Ehali", "affiliation": "Stanford University", "affiliationROR": "https://ror.org/00f54p054"}, {"firstName": "Catalina", "lastName": "Gomez", "affiliation": "Smithsonian Tropical Res. Inst Panama Republic of Panama"}, {"firstName": "Hector M.", "lastName": "Guzman", "affiliation": "Smithsonian Tropical Res. Inst Panama Republic of Panama"}, {"firstName": "Forest", "lastName": "Isbell", "affiliation": "Dept of Ecology, Evolution and Behavior, Univ.y of Minnesota Twin Cities Saint Paul MN USA"}, {"firstName": "Isla H.", "lastName": "Myers-Smith", "affiliation": "University of Edinburgh", "affiliationROR": "https://ror.org/01nrxwf90"}, {"firstName": "Holly P.", "lastName": "Jones", "affiliation": "Northern Illinois University", "affiliationROR": "https://ror.org/012wxa772"}, {"firstName": "Jessica", "lastName": "Hines", "affiliation": "German Center for Integrative Biodiversity Research", "affiliationROR": "https://ror.org/01jty7g66"}, {"firstName": "Mark", "lastName": "Vellend", "affiliation": "Universit\u00e9 de Sherbrooke", "affiliationROR": "https://ror.org/00kybxq39"}, {"firstName": "Conor", "lastName": "Waldock", "affiliation": "University of Southampton", "affiliationROR": "https://ror.org/01ryk1543"}, {"firstName": "Mary", "lastName": "O'Connor", "affiliation": "University of British Columbia", "affiliationROR": "https://ror.org/03rmrcq20"}], "abstract": "Humans have elevated global extinction rates and thus lowered global-scale species richness. However, there is no a priori reason to expect that losses of global species richness should always, or even often, trickle down to losses of species richness at regional and local scales, even though this relationship is often assumed. Here, we show that scale can modulate our estimates of species richness change through time in the face of anthropogenic pressures, but not in a unidirectional way. Instead, the magnitude of species richness change through time can increase, decrease, reverse, or be unimodal across spatial scales. Using several case studies, we show different forms of scale-dependent richness change through time in the face of anthropogenic pressures. For example, Central American corals show a homogenization pattern, where small scale richness is largely unchanged through time, while larger scale richness change is highly negative. Alternatively, birds in North America showed a differentiation effect, where species richness was again largely unchanged through time at small scales, but was more positive at larger scales. Finally, we collated data from a heterogeneous set of studies of different taxa measured through time from sites ranging from small plots to entire continents, and found highly variable patterns that nevertheless imply complex scale-dependence in several taxa. In summary, understanding how biodiversity is changing in the Anthropocene requires an explicit recognition of the influence of spatial scale, and we conclude with some recommendations for how to better incorporate scale into our estimates of change.", "keywords": ["Change", "spatial scale"], "usageNotes": "<div class=\"o-metadata__file-usage-entry\"><h4 class=\"o-heading__level3-file-title\">data_for_dryad</h4><div class=\"o-metadata__file-description\">This file contains all data associated with the manuscript. A metadata file is included in the zip folder.</div><div class=\"o-metadata__file-name\"></div></div>", "relatedWorks": [{"relationship": "Cites", "identifierType": "DOI", "identifier": "https://doi.org/10.1111/oik.05968"}], "versionNumber": 1, "versionStatus": "submitted", "curationStatus": "Published", "publicationDate": "2019-05-08", "lastModificationDate": "2020-06-24", "visibility": "public", "sharingLink": "https://datadryad.org/stash/share/s_pNFh7Y0CeVvJdqWqib8TsaB4OYuQwArhexE5lHd4w", "userId": 4786, "license": "https://creativecommons.org/publicdomain/zero/1.0/"}