{"_links": {"self": {"href": "/api/v2/datasets/doi%3A10.5061%2Fdryad.vg313"}, "stash:versions": {"href": "/api/v2/datasets/doi%3A10.5061%2Fdryad.vg313/versions"}, "stash:version": {"href": "/api/v2/versions/3842"}, "stash:download": {"href": "/api/v2/datasets/doi%3A10.5061%2Fdryad.vg313/download"}, "curies": [{"name": "stash", "href": "https://github.com/CDL-Dryad/stash/blob/main/stash_api/link-relations.md#{rel}", "templated": "true"}]}, "identifier": "doi:10.5061/dryad.vg313", "id": 3820, "storageSize": 637041, "title": "Data from: Basal metabolism in tropical birds: latitude, altitude, and the \u201cpace of life\u201d", "authors": [{"firstName": "Gustavo A.", "lastName": "Londo\u00f1o", "affiliation": "University of California System", "affiliationROR": "https://ror.org/00pjdza24"}, {"firstName": "Mark A.", "lastName": "Chappell", "affiliation": "Harvard University", "affiliationROR": "https://ror.org/03vek6s52"}, {"firstName": "Mar\u00eda del Rosario", "lastName": "Casta\u00f1eda", "affiliation": "Harvard University", "affiliationROR": "https://ror.org/03vek6s52"}, {"firstName": "Jill E.", "lastName": "Jankowski", "affiliation": "University of British Columbia", "affiliationROR": "https://ror.org/03rmrcq20"}, {"firstName": "Scott K.", "lastName": "Robinson", "affiliation": "University of Florida", "affiliationROR": "https://ror.org/02y3ad647"}], "abstract": "1. Life history varies across latitudes, with the \u2018pace of life\u2019 being \u2018slower\u2019 in tropical regions. Because life history is coupled to energy metabolism via allocation tradeoffs and links between performance capacity and energy use, low metabolic intensity is expected in tropical animals. Low metabolism has been reported for lowland tropical birds, but it is unclear if this is due to \u2018slow\u2019 life history or to a warm, stable environment. 2. We measured Basal Metabolic Rates (BMR) of 253 bird species across a 2.6 km altitude gradient in Peru. We predicted higher BMR at high altitude due to lower temperatures leading to elevated thermoregulatory costs. We also tested for BMR differences between widely separated tropical regions (Peru and Panama), and between tropical- and temperate-breeding birds. 3. We found no effect of altitude on BMR in Peruvian species and no difference in BMR between Peruvian and Panamanian birds, suggesting that BMR in Neotropical birds is consistent and independent of environmental temperature. In a dataset encompassing more than 500 species, tropical birds had significantly lower BMR than temperate-breeding birds. 4. In contrast to several recent analyses, we found higher BMR in passerine birds than in non-passerines, independent of breeding latitude. 5. Breeding latitude affects BMR, but diversity in avian life history within and between temperate and tropical regions may explain some of the residual variation in BMR after accounting for body mass and breeding latitude. Future studies of links between life history, metabolism, and environmental factors might benefit from examining these variables within individual species as well as across broad geographic contrasts.", "keywords": ["Allometry", "life-history", "Body Size", "temperature", "energy metabolism"], "usageNotes": "<div class=\"o-metadata__file-usage-entry\"><h4 class=\"o-heading__level3-file-title\">MCC_base on_5000_trees</h4><div class=\"o-metadata__file-description\">This tree is the summary of 5000 trees downloaded from http://birdtree.org. The birdtree.org website accompanies the following study: Jetz W, Thomas GH, Joy JB, Hartmann K, Mooers AO (2012) The global diversity of birds in space and time. Nature 491: 444-448. http://dx.doi.org/10.1038/nature11631, and the Jetz et al. article in Nature should be cited in the primary reference list of any publication that uses data culled from birdtree.org</div><div class=\"o-metadata__file-name\"></div></div><div class=\"o-metadata__file-usage-entry\"><h4 class=\"o-heading__level3-file-title\">Suplementary Material_Tables</h4><div class=\"o-metadata__file-name\"></div></div>", "locations": [{"place": "Andes mountains"}], "relatedWorks": [{"relationship": "Cites", "identifierType": "DOI", "identifier": "https://doi.org/10.1111/1365-2435.12348"}], "versionNumber": 1, "versionStatus": "submitted", "curationStatus": "Published", "publicationDate": "2014-09-24", "lastModificationDate": "2020-06-24", "visibility": "public", "sharingLink": "https://datadryad.org/stash/share/YtDsHoHLW8feoTik9TiRov9YcR2lhuId_0LudyEXXcM", "userId": 7858, "license": "https://creativecommons.org/publicdomain/zero/1.0/"}