{"_links": {"self": {"href": "/api/v2/datasets/doi%3A10.5061%2Fdryad.qq541"}, "stash:versions": {"href": "/api/v2/datasets/doi%3A10.5061%2Fdryad.qq541/versions"}, "stash:version": {"href": "/api/v2/versions/8219"}, "stash:download": {"href": "/api/v2/datasets/doi%3A10.5061%2Fdryad.qq541/download"}, "curies": [{"name": "stash", "href": "https://github.com/CDL-Dryad/stash/blob/main/stash_api/link-relations.md#{rel}", "templated": "true"}]}, "identifier": "doi:10.5061/dryad.qq541", "id": 8181, "storageSize": 194098, "title": "Data from: Towards an integrated database on Canadian ocean resources: benefits, current states, and research gaps", "authors": [{"firstName": "Andr\u00e9s M.", "lastName": "Cisneros-Montemayor", "affiliation": "University of British Columbia", "affiliationROR": "https://ror.org/03rmrcq20"}, {"firstName": "William Wai Lung", "lastName": "Cheung", "affiliation": "University of British Columbia", "affiliationROR": "https://ror.org/03rmrcq20"}, {"firstName": "Karin", "lastName": "Bodtker", "affiliation": "Dalhousie University", "affiliationROR": "https://ror.org/01e6qks80"}, {"firstName": "Louise", "lastName": "Teh", "affiliation": "University of British Columbia", "affiliationROR": "https://ror.org/03rmrcq20"}, {"firstName": "Nadja", "lastName": "Steiner", "affiliation": "University of British Columbia", "affiliationROR": "https://ror.org/03rmrcq20"}, {"firstName": "Morgan", "lastName": "Bailey", "affiliation": "Dalhousie University", "affiliationROR": "https://ror.org/01e6qks80"}, {"firstName": "Carie", "lastName": "Hoover", "affiliation": "University of Manitoba", "affiliationROR": "https://ror.org/02gfys938"}, {"firstName": "Ussif Rashid", "lastName": "Sumaila", "affiliation": "University of British Columbia", "affiliationROR": "https://ror.org/03rmrcq20"}], "abstract": "Oceanic ecosystem services support a range of human benefits, and Canada has extensive research networks producing growing data sets. We present a first effort to compile, link, and harmonize available information to provide new perspectives on the status of Canadian ocean ecosystems and corresponding research. The metadata database currently includes 1094 individual assessments and data sets from government (n = 716), nongovernment (n = 320), and academic sources (n = 58), comprising research on marine species, natural drivers and resources, human activities, ecosystem services, and governance, with data sets spanning 1979\u20132012 on average. Overall, research shows a strong prevalence towards single-species fishery studies, with an underrepresentation of economic and social aspects, and of the Arctic region in general. Nevertheless, the number of studies that are multispecies or ecosystem-based have increased since the 1960s. We present and discuss two illustrative case studies \u2014 marine protected area establishment in Canada and herring resource use by the Heiltsuk First Nation \u2014 highlighting the potential use of multidisciplinary data sets drawn from metadata records. Identifying knowledge gaps is key to achieving the comprehensive, accessible and interdisciplinary data sets and subsequent analyses necessary for new sustainability policies that meet both ecological and socioeconomic needs.", "keywords": ["Marine invertebrates", "Marine", "seabirds", "fisheries", "ecosystem services", "Interdisciplinary research", "Marine mammals"], "usageNotes": "<div class=\"o-metadata__file-usage-entry\"><h4 class=\"o-heading__level3-file-title\">OceanCanada Marine Research Metadata</h4><div class=\"o-metadata__file-description\">This dataset is an integrated list of marine-related assessments and reports produced for the Canadian Arctic, Atlantic, and Pacific Oceans. These include stock assessments, fisheries statistics, spatial use data, research frameworks, and ecosystem evaluations and projections, compiled from Canadian government, intergovernmental, non-government, and academic sources. Subjects covered include marine species and ecosystem service production, value, and status, and data contained in each assessment may be available for use as indicated.</div><div class=\"o-metadata__file-name\">Meta Dryad.xlsx</br></div></div>", "locations": [{"place": "Canada"}, {"place": "Northeast Pacific"}, {"place": "Arctic"}, {"place": "Northwest Atlantic"}], "relatedWorks": [{"relationship": "Cites", "identifierType": "DOI", "identifier": "https://doi.org/10.1139/cjfas-2015-0573"}], "versionNumber": 1, "versionStatus": "submitted", "curationStatus": "Published", "publicationDate": "2017-03-21", "lastModificationDate": "2020-06-24", "visibility": "public", "sharingLink": "https://datadryad.org/stash/share/vVPN5DmmWFSB_OPsYnqG98wLv7-o0RJAfZ5yb89ROzs", "userId": 24076, "license": "https://creativecommons.org/publicdomain/zero/1.0/"}