{"_links": {"self": {"href": "/api/v2/datasets/doi%3A10.5061%2Fdryad.58p0t"}, "stash:versions": {"href": "/api/v2/datasets/doi%3A10.5061%2Fdryad.58p0t/versions"}, "stash:version": {"href": "/api/v2/versions/18739"}, "stash:download": {"href": "/api/v2/datasets/doi%3A10.5061%2Fdryad.58p0t/download"}, "curies": [{"name": "stash", "href": "https://github.com/CDL-Dryad/stash/blob/main/stash_api/link-relations.md#{rel}", "templated": "true"}]}, "identifier": "doi:10.5061/dryad.58p0t", "id": 18676, "storageSize": 34257, "title": "Data from: Indirect effects of predators control herbivore richness and abundance in a benthic eelgrass (Zostera marina) mesograzer community", "authors": [{"firstName": "Sarah L.", "lastName": "Amundrud", "affiliation": "University of British Columbia", "affiliationROR": "https://ror.org/03rmrcq20"}, {"firstName": "Diane S.", "lastName": "Srivastava", "affiliation": "University of British Columbia", "affiliationROR": "https://ror.org/03rmrcq20"}, {"firstName": "Mary I.", "lastName": "O'Connor", "affiliation": "University of British Columbia", "affiliationROR": "https://ror.org/03rmrcq20"}], "abstract": "1. Herbivore communities can be sensitive to changes in predator pressure (top-down effects) and resource availability (bottom-up effects) in a wide range of systems. However, it remains unclear whether such top-down and bottom-up effects reflect direct impacts of predators and/or resources on herbivores, or are indirect, reflecting altered interactions among herbivore species. 2. We quantified direct and indirect effects of bottom-up and top-down processes on an eelgrass (Zostera marina) herbivore assemblage. In a field experiment, we factorially manipulated water column nutrients (with Osmocote\u2122 slow-release fertilizer) and predation pressure (with predator exclusion cages) and measured the effects on herbivore abundance, richness and beta diversity. We examined likely mechanisms of community responses by statistically exploring the response of individual herbivore species to trophic manipulations. 3. Predators increased herbivore richness and total abundance, in both cases through indirect shifts in community composition. Increases in richness occurred through predator suppression of common gammarid amphipod species (Monocorophium acherusicum and Photis brevipes), permitting the inclusion of rarer gammarid species (Aoroides columbiae and Pontogeneia rostrata). Increased total herbivore abundance reflected increased abundance of a caprellid amphipod species (Caprella sp.), concurrent with declines in the abundance of other common species. Furthermore, predators decreased beta diversity by decreasing variability in Caprella sp. abundance among habitat patches. 4. Osmocote\u2122 fertilization increased nutrient concentrations locally, but nutrients dissipated to background levels within 3 m of the fertilizer. Nutrient addition weakly affected the herbivore assemblage, not affecting richness and increasing total abundance by increasing one herbivore species (Caprella sp.). Nutrient addition did not affect beta diversity. 5. We demonstrated that assemblage-level effects of trophic manipulations on community structure are the result of distinct and often indirect responses of herbivore species. These results underscore the importance of understanding herbivore\u2013herbivore interactions in a system commonly subjected to both eutrophication and overfishing.", "keywords": ["Pontogeneia rostrata", "competitive exclusion", "top down", "Idotea resecata", "prey", "predator mediated coexistence", "seagrass", "Monocorophium acherusicum", "Caprella sp.", "Aoroides columbiae", "Alvania sp.", "Marine", "Zostera marina", "current", "Lacuna vincta", "Composition", "food web", "bottom up", "Photis brevipes", "trophic interaction"], "usageNotes": "<div class=\"o-metadata__file-usage-entry\"><h4 class=\"o-heading__level3-file-title\">Abundances of individual eelgrass mesograzer species on Artificial Seagrass Units (ASUs)</h4><div class=\"o-metadata__file-description\">To examine the relative importance of bottom-up and top-down control of the eelgrass (Zostera marina) mesograzer community, nutrients (2 levels) and predators (3 levels) were manipulated in a full factorial experimental design (n = 10 replicates per treatment combination) for seven weeks (June 17 \u2013 July 28, 2011). 60 artificial seagrass units (ASUs) were randomly arranged in three rows, parallel to the shore in the subtidal Z. marina zone, and distributed such that ASUs were separated by 3 m within and between rows. ASUs were made of frayed rope (length = 35 cm) to mimic seagrass or branching algal habitat, and were used to sample mesograzers on a standard surface area. This data file gives the abundances of the eight mesograzers on ASUs for each treatment. Cage.Trt: the predator exclusion cage treatment (full = full cage/predator exclusion; partial = partial cage/predators have access/cage control; none = no cage/predator have access/control). Nut.Trt: the nutrient addition treatment (0 = no nutrients added; 1 = nutrients added (30 g Osmocote slow release fertilizer)).</div><div class=\"o-metadata__file-name\">data.grazers.csv</br></div></div><div class=\"o-metadata__file-usage-entry\"><h4 class=\"o-heading__level3-file-title\">Water column nutrient concentrations in response fertilizer addition</h4><div class=\"o-metadata__file-description\">We experimentally tested the effectiveness of slow release fertilizer (Osmocote) for increasing nutrient concentrations at the scale of our replicates and not in adjacent replicates 3 m away. Plot: plot ID. nutrient trtm: nutrient treatment (Y = fertilizer satchel added; N3 is 3m away from fertilizer satchel, N7 = 7m away from satchel to measure ambient nutrient concentrations). dist.to.satchel.m = distance from fertilizer satchel in meters. init.nut.weight is dry mass of fertilizer pellets in g before placing it in the field, fin.nut.weight is final dry mass after three days at the study site. PO4.uM, SiO2.uM, and NOx.uM are nutrient concentrations measured in uM.</div><div class=\"o-metadata__file-name\">Nutrient.experiment.data.csv</br></div></div>", "locations": [{"place": "Tsawwassen"}, {"place": "British Columbia"}, {"place": "49\u00b0 1\u2019N"}, {"place": "123\u00b0 5\u2019W"}, {"place": "Puget Sound"}], "relatedWorks": [{"relationship": "Cites", "identifierType": "DOI", "identifier": "https://doi.org/10.1111/1365-2656.12350"}], "versionNumber": 1, "versionStatus": "submitted", "curationStatus": "Published", "publicationDate": "2016-01-20", "lastModificationDate": "2020-06-24", "visibility": "public", "sharingLink": "https://datadryad.org/stash/share/Fu4mPRTXZ2EFMXvLBbopl1jCnBYuAi-0_Ijpr-hgIto", "userId": 29934, "license": "https://creativecommons.org/publicdomain/zero/1.0/"}