{"_links": {"self": {"href": "/api/v2/datasets/doi%3A10.5061%2Fdryad.3ffbg79dh"}, "stash:versions": {"href": "/api/v2/datasets/doi%3A10.5061%2Fdryad.3ffbg79dh/versions"}, "stash:version": {"href": "/api/v2/versions/45646"}, "stash:download": {"href": "/api/v2/datasets/doi%3A10.5061%2Fdryad.3ffbg79dh/download"}, "curies": [{"name": "stash", "href": "https://github.com/CDL-Dryad/stash/blob/main/stash_api/link-relations.md#{rel}", "templated": "true"}]}, "identifier": "doi:10.5061/dryad.3ffbg79dh", "id": 38160, "storageSize": 872090, "title": "Not a melting pot: plant species aggregate in their non-native range", "authors": [{"firstName": "Gisela C.", "lastName": "Stotz", "email": "gstotz@ualberta.ca", "affiliation": "University of La Serena", "affiliationROR": "https://ror.org/01ht74751", "orcid": "0000-0001-8687-7361"}, {"firstName": "James F.", "lastName": "Cahill", "email": "", "affiliation": "University of Alberta", "affiliationROR": "https://ror.org/0160cpw27"}, {"firstName": "Jonathan A.", "lastName": "Bennett", "email": "", "affiliation": "University of Saskatchewan", "affiliationROR": "https://ror.org/010x8gc63"}, {"firstName": "Cameron N.", "lastName": "Carlyle", "email": "", "affiliation": "University of Alberta", "affiliationROR": "https://ror.org/0160cpw27"}, {"firstName": "Edward W.", "lastName": "Bork", "email": "", "affiliation": "University of Alberta", "affiliationROR": "https://ror.org/0160cpw27"}, {"firstName": "Diana", "lastName": "Askarizadeh", "email": "", "affiliation": "University of Tehran", "affiliationROR": "https://ror.org/05vf56z40"}, {"firstName": "Sandor", "lastName": "Bartha", "email": "", "affiliation": "MTA Centre for Ecological Research", "affiliationROR": "https://ror.org/04bhfmv97"}, {"firstName": "Carl", "lastName": "Beierkuhnlein", "email": "", "affiliation": "University of Bayreuth", "affiliationROR": "https://ror.org/0234wmv40"}, {"firstName": "Bazartseren", "lastName": "Boldgiv", "email": "", "affiliation": "National University of Mongolia", "affiliationROR": "https://ror.org/04855bv47"}, {"firstName": "Leslie", "lastName": "Brown", "email": "", "affiliation": "University of South Africa", "affiliationROR": "https://ror.org/048cwvf49"}, {"firstName": "Marcelo", "lastName": "Cabido", "email": "", "affiliation": "National University of C\u00f3rdoba", "affiliationROR": "https://ror.org/056tb7j80"}, {"firstName": "Giandiego", "lastName": "Campetella", "email": "", "affiliation": "University of Camerino", "affiliationROR": "https://ror.org/0005w8d69"}, {"firstName": "Stefano", "lastName": "Chelli", "email": "", "affiliation": "University of Camerino", "affiliationROR": "https://ror.org/0005w8d69"}, {"firstName": "Ofer", "lastName": "Cohen", "email": "", "affiliation": "Tel Aviv University", "affiliationROR": "https://ror.org/04mhzgx49"}, {"firstName": "Sandra", "lastName": "D\u00edaz", "email": "", "affiliation": "National University of C\u00f3rdoba", "affiliationROR": "https://ror.org/056tb7j80"}, {"firstName": "Lucas", "lastName": "Enrico", "email": "", "affiliation": "National University of C\u00f3rdoba", "affiliationROR": "https://ror.org/056tb7j80"}, {"firstName": "David", "lastName": "Ensing", "email": "", "affiliation": "Queen's University", "affiliationROR": "https://ror.org/02y72wh86"}, {"firstName": "Batdelger", "lastName": "Erdenetsetseg", "email": "", "affiliation": "National University of Mongolia", "affiliationROR": "https://ror.org/04855bv47"}, {"firstName": "Alessandra", "lastName": "Fidelis", "email": "", "affiliation": "Sao Paulo State University", "affiliationROR": "https://ror.org/00987cb86"}, {"firstName": "Heath W.", "lastName": "Garris", "email": "", "affiliation": "Covenant College", "affiliationROR": "https://ror.org/03xg8pv73"}, {"firstName": "Hugh A.L.", "lastName": "Henry", "email": "", "affiliation": "Western University", "affiliationROR": "https://ror.org/02grkyz14"}, {"firstName": "Anke", "lastName": "Jentsch", "email": "", "affiliation": "University of Bayreuth", "affiliationROR": "https://ror.org/0234wmv40"}, {"firstName": "Mohammad Hassan", "lastName": "Jouri", "email": "", "affiliation": "Islamic Azad University", "affiliationROR": "https://ror.org/007zpd132"}, {"firstName": "Kadri", "lastName": "Koorem", "email": "", "affiliation": "University of Tartu", "affiliationROR": "https://ror.org/03z77qz90"}, {"firstName": "Peter", "lastName": "Manning", "email": "", "affiliation": "Centrum Techniki Okr\u0119towej", "affiliationROR": "https://ror.org/05t6zq805"}, {"firstName": "Randall", "lastName": "Mitchell", "email": "", "affiliation": "University of Akron", "affiliationROR": "https://ror.org/02kyckx55"}, {"firstName": "Mari", "lastName": "Moora", "email": "", "affiliation": "University of Tartu", "affiliationROR": "https://ror.org/03z77qz90"}, {"firstName": "Gerhard E.", "lastName": "Overbeck", "email": "", "affiliation": "Federal University of Rio Grande do Sul", "affiliationROR": "https://ror.org/041yk2d64"}, {"firstName": "Jason", "lastName": "Pither", "email": "", "affiliation": "University of British Columbia", "affiliationROR": "https://ror.org/03rmrcq20"}, {"firstName": "Kurt O.", "lastName": "Reinhart", "email": "", "affiliation": "United States Department of Agriculture", "affiliationROR": "https://ror.org/01na82s61"}, {"firstName": "Marcelo", "lastName": "Sternberg", "email": "", "affiliation": "Tel Aviv University", "affiliationROR": "https://ror.org/04mhzgx49"}, {"firstName": "Radnaakhand", "lastName": "Tungalag", "email": "", "affiliation": "National University of Mongolia", "affiliationROR": "https://ror.org/04855bv47"}, {"firstName": "Sainbileg", "lastName": "Undrakhbold", "email": "", "affiliation": "National University of Mongolia", "affiliationROR": "https://ror.org/04855bv47"}, {"firstName": "Margaretha", "lastName": "van Rooyen", "email": "", "affiliation": "University of Pretoria", "affiliationROR": "https://ror.org/00g0p6g84"}, {"firstName": "Camilla", "lastName": "Wellstein", "email": "", "affiliation": "Free University of Bozen-Bolzano", "affiliationROR": "https://ror.org/012ajp527"}, {"firstName": "Martin", "lastName": "Zobel", "email": "", "affiliation": "University of Tartu", "affiliationROR": "https://ror.org/03z77qz90"}, {"firstName": "Lauchlan H.", "lastName": "Fraser", "email": "", "affiliation": "Thompson Rivers University", "affiliationROR": "https://ror.org/01v9wj339"}], "abstract": "<p><b>Aim</b>: Plant species continue to be moved outside of their native range by human activities. Here, we aim at determining whether, once introduced, plants assimilate into native communities, or whether they aggregate, thus forming mosaics of native- and alien-rich communities. Alien species may aggregate in their non-native range due to shared habitat preferences, such as their tendency to establish in high-biomass, species-poor areas.</p>\r\n\r\n<p><b>Location</b>: 22 herbaceous grasslands in 14 countries, mainly in the temperate zone.</p>\r\n\r\n<p><b>Time period</b>: 2012 - 2016.</p>\r\n\r\n<p><b>Major taxa studied</b>: Plants.</p>\r\n\r\n<p><b>Methods</b>: We used a globally coordinated survey. Within this survey, we found 46 plant species, predominantly from Eurasia, for which we had co-occurrence data in their native and non-native range. We test for differences in co-occurrence patterns of 46 species, between their native (home) and non-native (away) range. We also tested whether species had similar habitat preferences, by testing for differences in total biomass and species richness of the patches species occupy in their native and non-native range.</p>\r\n\r\n<p><b>Results</b>: We found the same species to show different patterns of association, depending on whether they were in their native or non-native range. Alien species were negatively associated with native species, and aggregated instead with other alien species in species-poor, high-biomass communities in their non-native, compared to their native range.</p>\r\n\r\n<p><b>Main conclusions</b>: The strong differences between the native (home) and non-native (away) range in species co-occurrence patterns are evidence that how species associate with resident communities in their non-native range is not species-dependent, but rather a property of being away from their native range. These results thus highlight that species may undergo important ecological changes when introduced away from their native range. Overall, we show origin-dependent associations that result in novel communities in which alien-rich patches exist within a mosaic of native-dominated communities.</p>\r\n", "keywords": ["alien species", "Biodiversity threats", "Grassland ecology", "biological invasions", "native range", "novel ecosystems"], "versionNumber": 2, "versionStatus": "submitted", "curationStatus": "Embargoed", "publicationDate": "2020-12-04", "lastModificationDate": "2019-12-04", "visibility": "public", "sharingLink": "https://datadryad.org/stash/share/QIZAz1R7ws8eikgr54oLorJ5FtsOIHmNEhjfVhSc_YY", "userId": 49520, "license": "https://creativecommons.org/publicdomain/zero/1.0/"}