{"_links": {"self": {"href": "/api/v2/datasets/doi%3A10.5061%2Fdryad.9s4mw6mc9"}, "stash:versions": {"href": "/api/v2/datasets/doi%3A10.5061%2Fdryad.9s4mw6mc9/versions"}, "stash:version": {"href": "/api/v2/versions/67328"}, "stash:download": {"href": "/api/v2/datasets/doi%3A10.5061%2Fdryad.9s4mw6mc9/download"}, "curies": [{"name": "stash", "href": "https://github.com/CDL-Dryad/stash/blob/main/stash_api/link-relations.md#{rel}", "templated": "true"}]}, "identifier": "doi:10.5061/dryad.9s4mw6mc9", "id": 43167, "storageSize": 425479421, "title": "Data from: Automatic segmentation of multiple cardiovascular structures from cardiac computed tomography angiography images using deep learning", "authors": [{"firstName": "Lohendran", "lastName": "Baskaran", "email": "lob2008@med.cornell.edu", "affiliation": "Weill Cornell Medicine", "affiliationROR": "https://ror.org/02r109517", "orcid": "0000-0003-0565-7151"}, {"firstName": "Subhi J.", "lastName": "Al\u2019Aref", "email": "", "affiliation": "Weill Cornell Medicine", "affiliationROR": "https://ror.org/02r109517"}, {"firstName": "Gabriel", "lastName": "Maliakal", "email": "", "affiliation": ","}, {"firstName": "Benjamin C.", "lastName": "Lee", "email": "", "affiliation": "Weill Cornell Medicine", "affiliationROR": "https://ror.org/02r109517"}, {"firstName": "Zhuoran", "lastName": "Xu", "email": "", "affiliation": "Weill Cornell Medicine", "affiliationROR": "https://ror.org/02r109517"}, {"firstName": "Jeong W.", "lastName": "Choi", "email": "", "affiliation": "Weill Cornell Medicine", "affiliationROR": "https://ror.org/02r109517"}, {"firstName": "Sang-Eun", "lastName": "Lee", "email": "", "affiliation": "Yonsei University", "affiliationROR": "https://ror.org/01wjejq96"}, {"firstName": "Ji Min", "lastName": "Sung", "email": "", "affiliation": "Yonsei University", "affiliationROR": "https://ror.org/01wjejq96"}, {"firstName": "Fay Y.", "lastName": "Lin", "email": "", "affiliation": "Weill Cornell Medicine", "affiliationROR": "https://ror.org/02r109517"}, {"firstName": "Simon", "lastName": "Dunham", "email": "", "affiliation": "Weill Cornell Medicine", "affiliationROR": "https://ror.org/02r109517"}, {"firstName": "Bobak", "lastName": "Mosadegh", "email": "", "affiliation": "Weill Cornell Medicine", "affiliationROR": "https://ror.org/02r109517"}, {"firstName": "Yong-Jin", "lastName": "Kim", "email": "", "affiliation": "Seoul National University", "affiliationROR": "https://ror.org/04h9pn542"}, {"firstName": "Ilan", "lastName": "Gottlieb", "email": "", "affiliation": ","}, {"firstName": "Byoung Kwon", "lastName": "Lee", "email": "", "affiliation": "Yonsei University", "affiliationROR": "https://ror.org/01wjejq96"}, {"firstName": "Eun Ju", "lastName": "Chun", "email": "", "affiliation": "Seoul National University Bundang Hospital", "affiliationROR": "https://ror.org/00cb3km46"}, {"firstName": "Filippo", "lastName": "Cademartiri", "email": "", "affiliation": ","}, {"firstName": "Erica", "lastName": "Maffei", "email": "", "affiliation": ","}, {"firstName": "Hugo", "lastName": "Marques", "email": "", "affiliation": "Hospital da Luz", "affiliationROR": "https://ror.org/03jpm9j23"}, {"firstName": "Sanghoon", "lastName": "Shin", "email": "", "affiliation": "Ewha Womans University", "affiliationROR": "https://ror.org/053fp5c05"}, {"firstName": "Jung Hyun", "lastName": "Choi", "email": "", "affiliation": "Pusan National University Hospital", "affiliationROR": "https://ror.org/027zf7h57"}, {"firstName": "Kavitha", "lastName": "Chinnaiyan", "email": "", "affiliation": "William Beaumont Hospital", "affiliationROR": "https://ror.org/03artm726"}, {"firstName": "Martin", "lastName": "Hadamitzky", "email": "", "affiliation": "German Heart Centre", "affiliationROR": "https://ror.org/04hbwba26"}, {"firstName": "Edoardo", "lastName": "Conte", "email": "", "affiliation": "Centro Cardiologico Monzino", "affiliationROR": "https://ror.org/006pq9r08"}, {"firstName": "Daniele", "lastName": "Andreini", "email": "", "affiliation": "Centro Cardiologico Monzino", "affiliationROR": "https://ror.org/006pq9r08"}, {"firstName": "Gianluca", "lastName": "Pontone", "email": "", "affiliation": "Centro Cardiologico Monzino", "affiliationROR": "https://ror.org/006pq9r08"}, {"firstName": "Matthew J.", "lastName": "Budoff", "email": "", "affiliation": "Los Angeles Biomedical Research Institute", "affiliationROR": "https://ror.org/025j2nd68"}, {"firstName": "Jonathon A.", "lastName": "Leipsic", "email": "", "affiliation": "University of British Columbia", "affiliationROR": "https://ror.org/03rmrcq20"}, {"firstName": "Gilbert L.", "lastName": "Raff", "email": "", "affiliation": "William Beaumont Hospital", "affiliationROR": "https://ror.org/03artm726"}, {"firstName": "Renu", "lastName": "Virmani", "email": "", "affiliation": "CVPath Institute", "affiliationROR": "https://ror.org/03gbzhd34"}, {"firstName": "Habib", "lastName": "Samady", "email": "", "affiliation": "Emory University School of Medicine", "affiliationROR": "https://ror.org/001hz7s79"}, {"firstName": "Peter H.", "lastName": "Stone", "email": "", "affiliation": "Brigham and Women's Hospital", "affiliationROR": "https://ror.org/04b6nzv94"}, {"firstName": "Daniel S.", "lastName": "Berman", "email": "", "affiliation": "Cedars-Sinai Medical Center", "affiliationROR": "https://ror.org/02pammg90"}, {"firstName": "Jagat", "lastName": "Narula", "email": "", "affiliation": "Icahn School of Medicine at Mount Sinai", "affiliationROR": "https://ror.org/04a9tmd77"}, {"firstName": "Jeroen J.", "lastName": "Bax", "email": "", "affiliation": "Leiden University Medical Center", "affiliationROR": "https://ror.org/05xvt9f17"}, {"firstName": "Hyuk-Jae", "lastName": "Chang", "email": "", "affiliation": "Yonsei University", "affiliationROR": "https://ror.org/01wjejq96"}, {"firstName": "James K.", "lastName": "Min", "email": "", "affiliation": "Weill Cornell Medicine", "affiliationROR": "https://ror.org/02r109517"}, {"firstName": "Leslee J.", "lastName": "Shaw", "email": "", "affiliation": "Weill Cornell Medicine", "affiliationROR": "https://ror.org/02r109517", "orcid": "0000-0003-1268-1491"}], "abstract": "<p><b>Objectives:\u00a0</b>To develop, demonstrate and evaluate an automated deep learning method for multiple cardiovascular structure segmentation.</p>\r\n\r\n<p><b>Background:\u00a0</b>Segmentation of cardiovascular images is resource-intensive. We design an automated deep learning method for the segmentation of multiple structures from Coronary Computed Tomography Angiography (CCTA) images.</p>\r\n\r\n<p><b>Methods:\u00a0</b>Images from a multicenter registry of patients that underwent clinically-indicated CCTA were used. The proximal ascending and descending aorta (PAA, DA), superior and inferior vena cavae (SVC, IVC), pulmonary artery (PA), coronary sinus (CS), right ventricular wall (RVW) and left atrial wall (LAW) were annotated as ground truth. The U-net-derived deep learning model was trained, validated and tested in a 70:20:10 split.</p>\r\n\r\n<p><b>Results:\u00a0</b>The dataset comprised 206 patients, with 5.130 billion pixels. Mean age was 59.9 \u00b1 9.4 yrs., and was 42.7% female. An overall median Dice score of 0.820 (0.782, 0.843) was achieved. Median Dice scores for PAA, DA, SVC, IVC, PA, CS, RVW and LAW were 0.969 (0.979, 0.988), 0.953 (0.955, 0.983), 0.937 (0.934, 0.965), 0.903 (0.897, 0.948), 0.775 (0.724, 0.925), 0.720 (0.642, 0.809), 0.685 (0.631, 0.761) and 0.625 (0.596, 0.749) respectively. Apart from the CS, there were no significant differences in performance between sexes or age groups.</p>\r\n\r\n<p><b>Conclusions:\u00a0</b>An automated deep learning model demonstrated segmentation of multiple cardiovascular structures from CCTA images with reasonable overall accuracy when evaluated on a pixel level.</p>\r\n", "keywords": ["Deep learning", "Aorta", "Cardiovascular imaging", "Pulmonary arteries", "Veins", "Computed axial tomography", "Coronary arteries", "Angiography"], "relatedWorks": [{"relationship": "Cites", "identifierType": "DOI", "identifier": "https://doi.org/10.1371/journal.pone.0232573"}], "versionNumber": 5, "versionStatus": "submitted", "curationStatus": "Published", "publicationDate": "2020-05-06", "lastModificationDate": "2020-05-28", "visibility": "public", "sharingLink": "https://datadryad.org/stash/share/m8dHr_yFONWlQoLkRXOXjLs7zh7dzFgynEI3vpzYgfc", "userId": 53489, "license": "https://creativecommons.org/publicdomain/zero/1.0/"}