{"_links": {"self": {"href": "/api/v2/datasets/doi%3A10.5061%2Fdryad.qjq2bvqc3"}, "stash:versions": {"href": "/api/v2/datasets/doi%3A10.5061%2Fdryad.qjq2bvqc3/versions"}, "stash:version": {"href": "/api/v2/versions/47411"}, "stash:download": {"href": "/api/v2/datasets/doi%3A10.5061%2Fdryad.qjq2bvqc3/download"}, "curies": [{"name": "stash", "href": "https://github.com/CDL-Dryad/stash/blob/main/stash_api/link-relations.md#{rel}", "templated": "true"}]}, "identifier": "doi:10.5061/dryad.qjq2bvqc3", "id": 39540, "storageSize": 758774, "title": "Experimental hybridization studies suggest that pleiotropic alleles commonly underlie adaptive divergence between natural populations", "authors": [{"firstName": "Ken", "lastName": "Thompson", "email": "kthomp1063@gmail.com", "affiliation": "University of British Columbia", "affiliationROR": "https://ror.org/03rmrcq20", "orcid": "0000-0002-1487-3254"}], "abstract": "<p>The alleles used for adaptation can pleiotropically affect traits under stabilizing selection. The fixation of alleles with deleterious pleiotropic effects causes compensatory alleles to be favoured by selection. Such compensatory alleles might segregate in interpopulation hybrids, resulting in segregation variance for traits where parents have indistinguishable phenotypes. If adaptation typically involves pleiotropy and compensation, then the segregation variance for traits under stabilizing selection is expected to increase with the magnitude of adaptive phenotypic divergence between parents. This prediction has not been tested empirically, and I gathered data from experimental hybridization studies to evaluate it. I found that pairs of parents which are more phenotypically divergent beget hybrids with more segregation variance in traits for which the parents are statistically indistinguishable. This result suggests that adaptive divergence between pairs of natural populations proceeds via pleiotropy and compensation, and that deleterious transgressive segregation variance accumulates systematically as populations diverge.</p>\r\n", "keywords": ["pleiotropy", "segregation variance", "hybridization", "speciation", "Theory", "Fisher's geometric model"], "methods": "<p>Please see detailed description in appendix of article.\u00a0</p>\r\n", "versionNumber": 1, "versionStatus": "submitted", "curationStatus": "Published", "publicationDate": "2019-12-20", "lastModificationDate": "2019-12-20", "visibility": "public", "sharingLink": "https://datadryad.org/stash/share/zGlSsfU2b0GFDs7fiDBrL3isr79kgg8yQdZjbPGjlY0", "userId": 50632, "license": "https://creativecommons.org/publicdomain/zero/1.0/"}