{"_links": {"self": {"href": "/api/v2/datasets/doi%3A10.5061%2Fdryad.66gc768"}, "stash:versions": {"href": "/api/v2/datasets/doi%3A10.5061%2Fdryad.66gc768/versions"}, "stash:version": {"href": "/api/v2/versions/23937"}, "stash:download": {"href": "/api/v2/datasets/doi%3A10.5061%2Fdryad.66gc768/download"}, "curies": [{"name": "stash", "href": "https://github.com/CDL-Dryad/stash/blob/main/stash_api/link-relations.md#{rel}", "templated": "true"}]}, "identifier": "doi:10.5061/dryad.66gc768", "id": 23873, "storageSize": 64951229, "title": "Data from: Grizzly bear response to fine spatial and temporal scale spring snow cover in Western Alberta", "authors": [{"firstName": "Ethan E.", "lastName": "Berman", "affiliation": "University of British Columbia", "affiliationROR": "https://ror.org/03rmrcq20"}, {"firstName": "Nicholas C.", "lastName": "Coops", "affiliation": "University of British Columbia", "affiliationROR": "https://ror.org/03rmrcq20"}, {"firstName": "Sean P.", "lastName": "Kearney", "affiliation": "University of British Columbia", "affiliationROR": "https://ror.org/03rmrcq20"}, {"firstName": "Gordon B.", "lastName": "Stenhouse", "affiliation": "fRI Research, Hinton, Alberta, Canada"}], "abstract": "Snow dynamics influence seasonal behaviors of wildlife, such as denning patterns and habitat selection related to the availability of food resources. Under a changing climate, characteristics of the temporal and spatial patterns of snow are predicted to change, and as a result, there is a need to better understand how species interact with snow dynamics. This study examines grizzly bear (Ursus arctos) spring habitat selection and use across western Alberta, Canada. Made possible by newly available fine-scale snow cover data, this research tests a hypothesis that grizzly bears select for locations with less snow cover and areas where snow melts sooner during spring (den emergence to May 31st). Using Integrated Step Selection Analysis, a series of models were built to examine whether snow cover information such as fractional snow covered area and date of snow melt improved models constructed based on previous knowledge of grizzly bear selection during the spring. Comparing four different models fit to 62 individual bear-years, we found that the inclusion of fractional snow covered area improved model fit 60% of the time based on Akaike Information Criterion tallies. Probability of use was then used to evaluate grizzly bear habitat use in response to snow and environmental attributes, including fractional snow covered area, date since snow melt, elevation, and distance to road. Results indicate grizzly bears select for lower elevation, snow-free locations during spring, which has important implications for management of threatened grizzly bear populations in consideration of changing climatic conditions. This study is an example of how fine spatial and temporal scale remote sensing data can be used to improve our understanding of wildlife habitat selection and use in relation to key environmental attributes.", "usageNotes": "<div class=\"o-metadata__file-usage-entry\"><h4 class=\"o-heading__level3-file-title\">R code and data</h4><div class=\"o-metadata__file-description\">The zipped file contains an RMD file and corresponding data used in this analysis.</div><div class=\"o-metadata__file-name\">r_data_berman_et_al_2019.zip</br></div></div>", "relatedWorks": [{"relationship": "Cites", "identifierType": "DOI", "identifier": "https://doi.org/10.1371/journal.pone.0215243"}], "versionNumber": 1, "versionStatus": "submitted", "curationStatus": "Published", "publicationDate": "2019-04-12", "lastModificationDate": "2020-06-24", "visibility": "public", "sharingLink": "https://datadryad.org/stash/share/NeVeWE5hdz605so7s888V21YAXaHve3wPDpDBjjSjas", "userId": 33237, "license": "https://creativecommons.org/publicdomain/zero/1.0/"}