{"_links": {"self": {"href": "/api/v2/datasets/doi%3A10.5061%2Fdryad.5hqbzkh3g"}, "stash:versions": {"href": "/api/v2/datasets/doi%3A10.5061%2Fdryad.5hqbzkh3g/versions"}, "stash:version": {"href": "/api/v2/versions/70535"}, "stash:download": {"href": "/api/v2/datasets/doi%3A10.5061%2Fdryad.5hqbzkh3g/download"}, "curies": [{"name": "stash", "href": "https://github.com/CDL-Dryad/stash/blob/main/stash_api/link-relations.md#{rel}", "templated": "true"}]}, "identifier": "doi:10.5061/dryad.5hqbzkh3g", "id": 48172, "storageSize": 59850143, "title": "On the evolutionary epidemiology of SARS-CoV-2", "authors": [{"firstName": "Troy", "lastName": "Day", "email": "day@queensu.ca", "affiliation": "Queen's University", "affiliationROR": "https://ror.org/02y72wh86"}, {"firstName": "Sylvain", "lastName": "Gandon", "email": "Sylvain.GANDON@cefe.cnrs.fr", "affiliation": "Centre d'Ecologie Fonctionnelle et Evolutive", "affiliationROR": "https://ror.org/008rywf59", "orcid": "0000-0003-2624-7856"}, {"firstName": "S\u00e9bastien", "lastName": "Lion", "email": "Sebastien.LION@cefe.cnrs.fr", "affiliation": "Centre d'Ecologie Fonctionnelle et Evolutive", "affiliationROR": "https://ror.org/008rywf59", "orcid": "0000-0002-4081-0038"}, {"firstName": "Sarah P.", "lastName": "Otto", "email": "otto@zoology.ubc.ca", "affiliation": "University of British Columbia", "affiliationROR": "https://ror.org/03rmrcq20", "orcid": "0000-0003-3042-0818"}], "abstract": "<p><span><span style=\"font-style:normal;\"><span><span style=\"font-weight:normal;\"><span style=\"letter-spacing:normal;\"><span><span><span style=\"white-space:normal;\"><span><span><span>There is no doubt that the novel coronavirus SARS-CoV-2 that causes COVID-19 is mutating and thus has the potential to adapt during the current pandemic. Whether this evolution will lead to changes in the transmission, the duration, or the severity of the disease is not clear. This has led to considerable scientific and media debate, from raising alarms about evolutionary change to dismissing it. Here we review what little is currently known about the evolution of SARS-CoV-2 and extend existing evolutionary theory to consider how this disease might evolve during the COVID-19 pandemic. While there is currently no definitive evidence that SARS-CoV-2 is undergoing further adaptation, continued, evidence-based, analysis of evolutionary change is important so that public health measures can be adjusted in response to substantive changes in the infectivity or severity of COVID-19.</span></span></span></span></span></span></span></span></span></span></span></p>\r\n", "funders": [{"organization": "Natural Sciences and Engineering Research Council of Canada", "awardNumber": "RGPIN-2013-217636"}, {"organization": "Agence Nationale de la Recherche", "awardNumber": "ANR-17-CE35-0012"}, {"organization": "Agence Nationale de la Recherche", "awardNumber": "ANR-16-CE35-0012-01"}], "keywords": ["Viral evolution", "Disease epidemiology", "evolutionary model"], "methods": "<p>The dataset is a supplementary <em>Mathematica</em> package that derives the analytical results\u00a0and simulates the dynamics, as illustrated in Figures 3-4. Additional supplementary figures explore the robustness of the results to alternative parameter choices.</p>\r\n", "usageNotes": "<p>The source notebook was written in <em>Mathematica</em> 8 (Wolfram Research Inc.)\u00a0and is provided in .nb (<em>Mathematica</em>) and PDF formats.</p>\r\n", "relatedWorks": [{"relationship": "Cites", "identifierType": "DOI", "identifier": "https://doi.org/10.1016/j.cub.2020.06.031"}], "versionNumber": 5, "versionStatus": "submitted", "curationStatus": "Published", "publicationDate": "2020-06-24", "lastModificationDate": "2020-07-01", "visibility": "public", "sharingLink": "https://datadryad.org/stash/share/ibLW-Sd5crZam-K7HmTL6Qc3B0toVqewyAEUopJ9oNs", "userId": 6894, "license": "https://creativecommons.org/publicdomain/zero/1.0/"}