{"_links": {"self": {"href": "/api/v2/datasets/doi%3A10.5061%2Fdryad.76gp5"}, "stash:versions": {"href": "/api/v2/datasets/doi%3A10.5061%2Fdryad.76gp5/versions"}, "stash:version": {"href": "/api/v2/versions/21991"}, "stash:download": {"href": "/api/v2/datasets/doi%3A10.5061%2Fdryad.76gp5/download"}, "curies": [{"name": "stash", "href": "https://github.com/CDL-Dryad/stash/blob/main/stash_api/link-relations.md#{rel}", "templated": "true"}]}, "identifier": "doi:10.5061/dryad.76gp5", "id": 21927, "storageSize": 9439932, "title": "Data from: Co-occurrence of related asexual, but not sexual, lineages suggests that reproductive interference limits coexistence", "authors": [{"firstName": "Jeannette", "lastName": "Whitton", "affiliation": "University of British Columbia", "affiliationROR": "https://ror.org/03rmrcq20"}, {"firstName": "Christopher J.", "lastName": "Sears", "affiliation": "University of British Columbia", "affiliationROR": "https://ror.org/03rmrcq20"}, {"firstName": "Wayne P.", "lastName": "Maddison", "affiliation": "University of British Columbia", "affiliationROR": "https://ror.org/03rmrcq20"}], "abstract": "We used randomizations to analyse patterns of co-occurrence of sexual and apomictic (asexual) members of the North American Crepis agamic complex (Asteraceae). We expect strong asymmetry in reproductive interactions in Crepis: apomicts produce clonal seeds with no need for pollination and are not subject to reproductive interference from co-occurring relatives. However, because they still produce some viable pollen, apomicts can reduce reproductive success of nearby sexual relatives, potentially leading to eventual local exclusion of sexuals. Consistent with this, randomizations reveal that sexuals are over-represented in isolated sites, while apomicts freely co-occur. Incorporation of taxonomic and phylogenetic evidence indicates that this pattern is not driven by local origins of asexuals. Our evidence that patterns of local co-occurrence are structured by reproductive interference suggests an underappreciated role for these interactions in community assembly, and highlights the need for explicit tests of the relative contributions of ecological and reproductive interactions in generating patterns of limiting similarity.", "keywords": ["Crepis acuminata", "Apomixis", "competitive exclusion", "reproductive exclusion", "Crepis bakeri", "Crepis pleurocarpa", "Crepis modocensis", "Crepis", "Crepis barbigera", "asymmetric gene flow", "polyploidy", "phylogenetic limiting similarity", "Crepis atribarba", "Crepis occidentalis", "Reproductive interference", "Crepis monticola"], "usageNotes": "<div class=\"o-metadata__file-usage-entry\"><h4 class=\"o-heading__level3-file-title\">Whitton et al Table S1</h4><div class=\"o-metadata__file-description\">This file includes details of the cytotype designations at each site, including genome size estimates, inferred ploidy and the details of how we coded each site in our randomizations.</div><div class=\"o-metadata__file-name\"></div><div class=\"o-metadata__file-name\"></div></div>", "locations": [{"place": "Oregon"}, {"place": "Western North America"}, {"place": "California"}, {"place": "Washington"}], "relatedWorks": [{"relationship": "Cites", "identifierType": "DOI", "identifier": "https://doi.org/10.1098/rspb.2017.1579"}], "versionNumber": 1, "versionStatus": "submitted", "curationStatus": "Published", "publicationDate": "2017-12-06", "lastModificationDate": "2020-06-24", "visibility": "public", "sharingLink": "https://datadryad.org/stash/share/QMx2p6-XpkQSOfDecQvjEkR0Q_lCDKHpWE9M00ytnXU", "userId": 29449, "license": "https://creativecommons.org/publicdomain/zero/1.0/"}