{"_links": {"self": {"href": "/api/v2/datasets/doi%3A10.5061%2Fdryad.84g54"}, "stash:versions": {"href": "/api/v2/datasets/doi%3A10.5061%2Fdryad.84g54/versions"}, "stash:version": {"href": "/api/v2/versions/10438"}, "stash:download": {"href": "/api/v2/datasets/doi%3A10.5061%2Fdryad.84g54/download"}, "curies": [{"name": "stash", "href": "https://github.com/CDL-Dryad/stash/blob/main/stash_api/link-relations.md#{rel}", "templated": "true"}]}, "identifier": "doi:10.5061/dryad.84g54", "id": 10395, "storageSize": 122222, "title": "Data from: Dietary stress does not strengthen selection against single deleterious mutations in Drosophila melanogaster", "authors": [{"firstName": "Howard D.", "lastName": "Rundle", "affiliation": "University of Ottawa", "affiliationROR": "https://ror.org/03c4mmv16"}, {"firstName": "Kelsie", "lastName": "MacLellan", "affiliation": "University of Ottawa", "affiliationROR": "https://ror.org/03c4mmv16"}, {"firstName": "Lucia", "lastName": "Kwan", "affiliation": "University of Ottawa", "affiliationROR": "https://ror.org/03c4mmv16"}, {"firstName": "Michael C.", "lastName": "Whitlock", "affiliation": "University of British Columbia", "affiliationROR": "https://ror.org/03rmrcq20"}], "abstract": "Stress is generally thought to increase the strength of selection, although empirical results are mixed and general conclusions are difficult because data are limited. Here we compare the fitness effects of nine independent recessive mutations in Drosophila melanogaster in a high- and low-dietary-stress environment, estimating the strength of selection on these mutations arising from both a competitive measure of male reproductive success and productivity (female fecundity and the subsequent survival to adulthood of her offspring). The effect of stress on male reproductive success has not been addressed previously for individual loci and is of particular interest with respect to the alignment of natural and sexual selection. Our results do not support the hypothesis that stress increases the efficacy of selection arising from either fitness component. Results concerning the alignment of natural and sexual selection were mixed, although data are limited. In the low-stress environment, selection on mating success and productivity were concordant for five of nine mutations (four out of four when restricted to those with significant or near-significant productivity effects), whereas in the high-stress environment, selection aligned for seven of nine mutations (two out of two when restricted to those having significant productivity effects). General conclusions as to the effects of stress on the strength of selection and the alignment of natural and sexual selection await data from additional mutations, fitness components and stressors.", "keywords": ["stress", "laval diet", "mutation load", "mating success", "sexual selection", "deleterious mutations", "food manipulation", "drosophila melanogaster"], "usageNotes": "<div class=\"o-metadata__file-usage-entry\"><h4 class=\"o-heading__level3-file-title\">rundle1_data</h4><div class=\"o-metadata__file-name\"></div><div class=\"o-metadata__file-name\"></div></div><div class=\"o-metadata__file-usage-entry\"><h4 class=\"o-heading__level3-file-title\">rundle2_data</h4><div class=\"o-metadata__file-name\"></div><div class=\"o-metadata__file-name\"></div></div><div class=\"o-metadata__file-usage-entry\"><h4 class=\"o-heading__level3-file-title\">rundle3_data</h4><div class=\"o-metadata__file-name\"></div><div class=\"o-metadata__file-name\"></div></div>", "relatedWorks": [{"relationship": "Cites", "identifierType": "DOI", "identifier": "https://doi.org/10.1038/hdy.2011.60"}], "versionNumber": 1, "versionStatus": "submitted", "curationStatus": "Published", "publicationDate": "2011-06-13", "lastModificationDate": "2020-06-30", "visibility": "public", "sharingLink": "https://datadryad.org/stash/share/ZBOO0aYzqOr0QEvXID7806nMsQBFCV5aGBXwkrnpgWs", "userId": 10658, "license": "https://creativecommons.org/publicdomain/zero/1.0/"}