{"_links": {"self": {"href": "/api/v2/datasets/doi%3A10.5061%2Fdryad.qf6t5"}, "stash:versions": {"href": "/api/v2/datasets/doi%3A10.5061%2Fdryad.qf6t5/versions"}, "stash:version": {"href": "/api/v2/versions/24931"}, "stash:download": {"href": "/api/v2/datasets/doi%3A10.5061%2Fdryad.qf6t5/download"}, "curies": [{"name": "stash", "href": "https://github.com/CDL-Dryad/stash/blob/main/stash_api/link-relations.md#{rel}", "templated": "true"}]}, "identifier": "doi:10.5061/dryad.qf6t5", "id": 24859, "storageSize": 2297593, "title": "Data from: Understanding the spectacular failure of DNA barcoding in willows (Salix): Does this result from a trans-specific selective sweep?", "authors": [{"firstName": "Diana M.", "lastName": "Percy", "affiliation": "University of British Columbia", "affiliationROR": "https://ror.org/03rmrcq20"}, {"firstName": "George W.", "lastName": "Argus", "affiliation": "Canadian Museum of Nature", "affiliationROR": "https://ror.org/029ws6035"}, {"firstName": "Quentin C.", "lastName": "Cronk", "affiliation": "University of British Columbia", "affiliationROR": "https://ror.org/03rmrcq20"}, {"firstName": "Aron J.", "lastName": "Fazekas", "affiliation": "University of Guelph", "affiliationROR": "https://ror.org/01r7awg59"}, {"firstName": "Prasad R.", "lastName": "Kesanakurti", "affiliation": "University of Guelph", "affiliationROR": "https://ror.org/01r7awg59"}, {"firstName": "Kevin S.", "lastName": "Burgess", "affiliation": "Columbus State University", "affiliationROR": "https://ror.org/002nf6z37"}, {"firstName": "Brian C.", "lastName": "Husband", "affiliation": "University of Guelph", "affiliationROR": "https://ror.org/01r7awg59"}, {"firstName": "Steven G.", "lastName": "Newmaster", "affiliation": "University of Guelph", "affiliationROR": "https://ror.org/01r7awg59"}, {"firstName": "Spencer C. H.", "lastName": "Barrett", "affiliation": "University of British Columbia", "affiliationROR": "https://ror.org/03rmrcq20"}, {"firstName": "Sean W.", "lastName": "Graham", "affiliation": "University of British Columbia", "affiliationROR": "https://ror.org/03rmrcq20"}, {"firstName": "Spencer C.H.", "lastName": "Barrett", "affiliation": "University of Toronto", "affiliationROR": "https://ror.org/03dbr7087"}], "abstract": "Willows (Salix: Salicaceae) form a major ecological component of Holarctic floras, and consequently are an obvious target for a DNA-based identification system. We surveyed two to seven plastid genome regions (~3.8 kb; ~3% of the genome) from 71 Salix species across all five subgenera, to assess their performance as DNA barcode markers. Although Salix has a relatively high level of interspecific hybridization, this may not sufficiently explain the near complete failure of barcoding that we observed: only one species had a unique barcode. We recovered 39 unique haplotypes, from more than 500 specimens, that could be partitioned into six major haplotype groups. A unique variant of group I (haplotype 1*) was shared by 53 species in three of five Salix subgenera. This unusual pattern of haplotype sharing across infrageneric taxa is suggestive of either a massive non-random coalescence failure (incomplete lineage sorting), or of repeated plastid capture events, possibly including a historical selective sweep of haplotype 1* across taxonomic sections. The former is unlikely as molecular dating indicates that haplotype 1* originated recently, and is nested in the oldest major haplotype group in the genus. Further, we detected significant non-neutrality in the frequency spectrum of mutations in group I, but not outside group I, and demonstrated a striking absence of geographic structure to the haplotype distributions in this group. The most likely explanation for the patterns we observed involves recent repeated plastid capture events, aided by widespread hybridization and long-range seed dispersal, but primarily propelled by one or more trans-species selective sweeps.", "keywords": ["Salix", "Chloroplast capture", "phylogeography", "specimen records", "Malpighiales"], "usageNotes": "<div class=\"o-metadata__file-usage-entry\"><h4 class=\"o-heading__level3-file-title\">bold salix samples</h4><div class=\"o-metadata__file-description\">species, specimen, location lists</div><div class=\"o-metadata__file-name\"></div></div><div class=\"o-metadata__file-usage-entry\"><h4 class=\"o-heading__level3-file-title\">SALIX_matK</h4><div class=\"o-metadata__file-description\">matK sequence alignment</div><div class=\"o-metadata__file-name\"></div></div><div class=\"o-metadata__file-usage-entry\"><h4 class=\"o-heading__level3-file-title\">SALIX_rbcL</h4><div class=\"o-metadata__file-description\">rbcL sequence alignment</div><div class=\"o-metadata__file-name\"></div></div><div class=\"o-metadata__file-usage-entry\"><h4 class=\"o-heading__level3-file-title\">SALIX_rpoB</h4><div class=\"o-metadata__file-description\">rpoB sequence alignment</div><div class=\"o-metadata__file-name\"></div></div><div class=\"o-metadata__file-usage-entry\"><h4 class=\"o-heading__level3-file-title\">SALIX_rpoC1</h4><div class=\"o-metadata__file-description\">rpoC1 sequence alignment</div><div class=\"o-metadata__file-name\"></div></div><div class=\"o-metadata__file-usage-entry\"><h4 class=\"o-heading__level3-file-title\">SALIX_trnH</h4><div class=\"o-metadata__file-description\">trnH-psbA sequence alignment</div><div class=\"o-metadata__file-name\"></div></div><div class=\"o-metadata__file-usage-entry\"><h4 class=\"o-heading__level3-file-title\">SALIX_psbK</h4><div class=\"o-metadata__file-description\">psbK-psbI sequence alignment</div><div class=\"o-metadata__file-name\"></div></div><div class=\"o-metadata__file-usage-entry\"><h4 class=\"o-heading__level3-file-title\">SALIX_atpF</h4><div class=\"o-metadata__file-description\">atpF-atpH sequence alignment</div><div class=\"o-metadata__file-name\"></div></div><div class=\"o-metadata__file-usage-entry\"><h4 class=\"o-heading__level3-file-title\">SALIX_COI</h4><div class=\"o-metadata__file-description\">COI sequence alignment</div><div class=\"o-metadata__file-name\"></div></div>", "relatedWorks": [{"relationship": "Cites", "identifierType": "DOI", "identifier": "https://doi.org/10.1111/mec.12837"}], "versionNumber": 1, "versionStatus": "submitted", "curationStatus": "Published", "publicationDate": "2014-06-17", "lastModificationDate": "2020-06-24", "visibility": "public", "sharingLink": "https://datadryad.org/stash/share/U5GQQYcGi6_61tl3UPzm1R3N1wNUmWdLz0DvW4cR5w0", "userId": 8399, "license": "https://creativecommons.org/publicdomain/zero/1.0/"}