{"_links": {"self": {"href": "/api/v2/datasets/doi%3A10.5061%2Fdryad.321bv"}, "stash:versions": {"href": "/api/v2/datasets/doi%3A10.5061%2Fdryad.321bv/versions"}, "stash:version": {"href": "/api/v2/versions/3294"}, "stash:download": {"href": "/api/v2/datasets/doi%3A10.5061%2Fdryad.321bv/download"}, "curies": [{"name": "stash", "href": "https://github.com/CDL-Dryad/stash/blob/main/stash_api/link-relations.md#{rel}", "templated": "true"}]}, "identifier": "doi:10.5061/dryad.321bv", "id": 3276, "storageSize": 784167, "title": "Data from: The origin and evolution of phototropins", "authors": [{"firstName": "Fay-Wei", "lastName": "Li", "affiliation": "Duke University", "affiliationROR": "https://ror.org/00py81415"}, {"firstName": "Kathleen M.", "lastName": "Pryer", "affiliation": "Duke University", "affiliationROR": "https://ror.org/00py81415"}, {"firstName": "Gane K.-S.", "lastName": "Wong", "affiliation": "University of Alberta", "affiliationROR": "https://ror.org/0160cpw27"}, {"firstName": "Carl J.", "lastName": "Rothfels", "affiliation": "University of California, Berkeley", "affiliationROR": "https://ror.org/01an7q238"}, {"firstName": "Michael", "lastName": "Melkonian", "affiliation": "University of Cologne", "affiliationROR": "https://ror.org/00rcxh774"}, {"firstName": "Sarah", "lastName": "Mathews", "affiliation": "Centre for Australian National Biodiversity Research", "affiliationROR": "https://ror.org/00n82gt57"}, {"firstName": "Juan C.", "lastName": "Villarreal", "affiliation": "Royal Botanic Gardens", "affiliationROR": "https://ror.org/00ynnr806"}, {"firstName": "Sean W.", "lastName": "Graham", "affiliation": "University of British Columbia", "affiliationROR": "https://ror.org/03rmrcq20"}], "abstract": "Plant phototropism, the ability to bend toward or away from light, is predominantly controlled by blue-light photoreceptors, the phototropins. Although phototropins have been well-characterized in Arabidopsis thaliana, their evolutionary history is largely unknown. In this study, we complete an in-depth survey of phototropin homologs across land plants and algae using newly available transcriptomic and genomic data. We show that phototropins originated in an ancestor of Viridiplantae (land plants + green algae). Phototropins repeatedly underwent independent duplications in most major land-plant lineages (mosses, lycophytes, ferns, and seed plants), but remained single-copy genes in liverworts and hornworts\u2014an evolutionary pattern shared with another family of photoreceptors, the phytochromes. Following each major duplication event, the phototropins differentiated in parallel, resulting in two specialized, yet partially overlapping, functional forms that primarily mediate either low- or high-light responses. Our detailed phylogeny enables us to not only uncover new phototropin lineages, but also link our understanding of phototropin function in Arabidopsis with what is known in Adiantum and Physcomitrella (the major model organisms outside of flowering plants). We propose that the convergent functional divergences of phototropin paralogs likely contributed to the success of plants through time in adapting to habitats with diverse and heterogeneous light conditions.", "keywords": ["photoreceptors", "convergent evolution", "blue-light", "phototropism", "Viridiplantae", "Streptophyta", "land plants"], "usageNotes": "<div class=\"o-metadata__file-usage-entry\"><h4 class=\"o-heading__level3-file-title\">phot_alignment_forPhylogeny</h4><div class=\"o-metadata__file-description\">phototropin alignment trimmed for phylogenetic analyses</div><div class=\"o-metadata__file-name\"></div></div><div class=\"o-metadata__file-usage-entry\"><h4 class=\"o-heading__level3-file-title\">ML_garli</h4><div class=\"o-metadata__file-description\">maximum likelihood tree reconstructed using Garli</div><div class=\"o-metadata__file-name\"></div></div><div class=\"o-metadata__file-usage-entry\"><h4 class=\"o-heading__level3-file-title\">MLBS_raxml</h4><div class=\"o-metadata__file-description\">maximum likelihood bootstrap consensus tree reconstructed using RAxML</div><div class=\"o-metadata__file-name\"></div></div><div class=\"o-metadata__file-usage-entry\"><h4 class=\"o-heading__level3-file-title\">BI_mrbayes_con</h4><div class=\"o-metadata__file-description\">bayesian inference consensus tree reconstructed using MrBayes</div><div class=\"o-metadata__file-name\"></div></div>", "relatedWorks": [{"relationship": "Cites", "identifierType": "DOI", "identifier": "https://doi.org/10.3389/fpls.2015.00637"}], "versionNumber": 1, "versionStatus": "submitted", "curationStatus": "Published", "publicationDate": "2016-07-29", "lastModificationDate": "2020-06-24", "visibility": "public", "sharingLink": "https://datadryad.org/stash/share/hTqbivQgWqhB8p4Hia16hNXJkloieKbP-hkRMIbBUr0", "userId": 500, "license": "https://creativecommons.org/publicdomain/zero/1.0/"}