{"_links": {"self": {"href": "/api/v2/datasets/doi%3A10.5061%2Fdryad.4j0zpc874"}, "stash:versions": {"href": "/api/v2/datasets/doi%3A10.5061%2Fdryad.4j0zpc874/versions"}, "stash:version": {"href": "/api/v2/versions/43164"}, "stash:download": {"href": "/api/v2/datasets/doi%3A10.5061%2Fdryad.4j0zpc874/download"}, "curies": [{"name": "stash", "href": "https://github.com/CDL-Dryad/stash/blob/main/stash_api/link-relations.md#{rel}", "templated": "true"}]}, "identifier": "doi:10.5061/dryad.4j0zpc874", "id": 37689, "storageSize": 218405, "title": "Data from: Habitat size thresholds for predators: why damselflies only occur in large bromeliads", "authors": [{"firstName": "Diane Sheila", "lastName": "Srivastava", "email": "srivast@zoology.ubc.ca", "affiliation": "University of British Columbia", "affiliationROR": "https://ror.org/03rmrcq20", "orcid": "0000-0003-4541-5595"}, {"firstName": "Sarah Louise", "lastName": "Amundrud", "email": "amundrud@zoology.ubc.ca", "affiliation": "University of British Columbia", "affiliationROR": "https://ror.org/03rmrcq20", "orcid": "0000-0002-0457-1551"}, {"firstName": "Jacqueline T.", "lastName": "Ngai", "email": "ngai.jackie@gmail.com", "affiliation": "University of British Columbia", "affiliationROR": "https://ror.org/03rmrcq20"}, {"firstName": "Brian M.", "lastName": "Starzomski", "email": "starzom@uvic.ca", "affiliation": "University of Victoria", "affiliationROR": "https://ror.org/04s5mat29"}, {"firstName": "Jessica Lee", "lastName": "Ware", "email": "jware42@newark.rutgers.edu", "affiliation": "Rutgers, The State University of New Jersey", "affiliationROR": "https://ror.org/05vt9qd57"}], "abstract": "<p>Predators are often more sensitive to habitat size than their prey, and frequently occur in only the largest habitats. Four explanations have been proposed for this pattern: (1) small habitats do not have enough energy to support higher trophic levels; (2) small habitats are less likely to contain particular prey required by specialist predators; (3) small habitats are risky for predators with slow life histories or large body sizes; (4) small habitats are numerically unlikely to be colonized by regionally rare species, such as predators. We critically examine these four hypotheses in relation to the predatory damselfly larva, <i>Mecistogaster modesta</i> Selys. (Pseudostigmatidae), which occurs almost exclusively in bromeliads &gt; 100ml in capacity. We synthesize multiple years of survey data and three manipulative experiments from the \u00c1rea de Conservaci\u00f3n Guanacaste, Costa Rica to conclude that damselflies do not occur in small bromeliads due to their higher risk of desiccation \u2013 not because of energetic limitation, trophic specialization, risk of terrestrial predation, or pure numerical effects. These results suggest that recent and predicted declines in precipitation in northwestern Costa Rica may further restrict bromeliad occupancy by damselflies, with cascading consequences for the rest of the aquatic food web.</p>\r\n", "funders": [{"organization": "Natural Sciences and Engineering Research Council of Canada", "awardNumber": "Discovery GRants to D.S. Srivastava"}], "keywords": ["Mecistogaster modesta", "phytotelmata", "incidence function", "energetic limitation", "drought risk", "cannibalism", "\u00c1rea de Conservaci\u00f3n Guanacaste", "Costa Rica"], "methods": "<p>We have studied, since 1997, the aquatic macroinvertebrates living in bromeliads in the pre-montane rainforest surrounding Estaci\u00f3n Biol\u00f3gica Pitilla (\u00c1rea de Conservaci\u00f3n Guanacaste, 10\u00b059'N, 85\u00b026'W, 700 m a.s.l.).</p>\r\n\r\n<p>(1) INVERTEBRATE SURVEYS We determined abundances of <i>M. modesta</i> larvae in bromeliads from the secondary forest between September and November in 1997, 2000 and 2002 (n=20, 20 and 18 bromeliads, respectively). Prey communities in these bromeliads were also recorded in 1997 and 2002, but not 2000. Bromeliads were selected to represent a wide range of water capacity: 0.4 -1530 ml in 1997, 35 - 4690 ml in 2000 and 18 - 7132 ml in 2002. In 1997 and 2000, both <i>Werauhia sanguinolenta</i> and <i>Guzmania</i> spp bromeliads were included. In 2002, only <i>W. sanguinolenta</i> bromeliads were examined.</p>\r\n\r\n<p>(2) BROMELIAD WATER DEPTHS To examine the effect of bromeliad size on desiccation risk, we measured water depth (<u>\u00b1</u> 1 mm) in three leaves (central and two peripheral) of 30 bromeliads every two days from October 2012 to October 2013. Bromeliads represented a range in capacity (12-33ml; 6 bromeliads, 34-67ml: 6 bromeliads, 68-100ml: 10 bromeliads, 100ml \u2013 580 ml: 8 bromeliads).</p>\r\n\r\n<p>(3) EFFECTS OF BROMELIAD SIZE ON DAMSELFLY SURVIVAL AND GROWTH In October 2002, we collected 29 <i>M. modesta</i> larvae (10 - 12 mm long, excluding caudal lamellae) and marked these insects by amputating the right middle leg. .Each larva was placed in a leaf axil (one larva per bromeliad), near the center of a bromeliad in the secondary forest (14 <i>Guzmania </i>spp., 15 <i>Werauhia</i> spp., 8 - 2636 ml in volume). Twenty days later, we searched for marked larvae by dismantling each bromeliad leaf by leaf to search and measured bromeliad capacity. To measure larval growth, we weighed larvae to the nearest 0.002g before the experiment (but after amputation) and at the end of the experiment, and calculated specific growth rate the change in mass as a proportion of the initial mass.</p>\r\n\r\n<p>(4) EFFECTS OF SPIDERS AND BROMELIAD SIZE ON DAMSELFLY SURVIVAL. We collected twenty bromeliads, suspended them in a comon garden, and placed one spider (Trechaleidae: <i>Cupiennius coccineus </i>F.O. Pickard-Cambridge) in each of twenty of them. After 24 hours, all bromeliads were dismantled leaf by leaf to collect the experimental spiders and damselflies, and damselfly survivorship was recorded.\u00a0</p>\r\n\r\n<p>(5) EFFECT OF DROUGHT ON DAMSELFLY SURVIVAL To examine the effects of drought on damselfly survival and growth, we manipulated drought length (defined as 0 mm water depth) in artificial microcosms, imposing droughts of 10, 15, 20, 25, 30 days in length. We also had an equal number of controls, which were treated identically, except that they were not subjected to drought. Each microcosm consisted of a 50 ml centrifuge tube sitting in a 207 ml plastic cup, and housed a single damselfly larva. Each drought length treatment or matching control was represented by two microcosms, except for the 30-day drought treatment with six microcosms. Microcosms began with 15ml water, but two days later we removed all water from half of the microcosms by emptying the cups to initiate drought. After completion of each drought length treatment, we added water to the cups to return to a volume of 15 ml inside the tube. In the controls (which were never subjected to drought), 50% of water was replaced every two days to prevent hypoxia. Two days after the completion of the drought, we emptied the mesocosms of that drought treatment, as well as their corresponding controls and checked for damselfly survival.</p>\r\n", "usageNotes": "<p>Please see Readme.txt file</p>\r\n", "relatedWorks": [{"relationship": "Cites", "identifierType": "DOI", "identifier": "https://doi.org/10.1111/btp.12734"}], "versionNumber": 3, "versionStatus": "submitted", "curationStatus": "Published", "publicationDate": "2019-11-15", "lastModificationDate": "2019-11-15", "visibility": "public", "sharingLink": "https://datadryad.org/stash/share/9H-ghWQhZIv7Pk7N_n9iLnYqAXhvgyYrzR9PueYkAmo", "userId": 49094, "license": "https://creativecommons.org/publicdomain/zero/1.0/"}