{"_links": {"self": {"href": "/api/v2/datasets/doi%3A10.5061%2Fdryad.26j38"}, "stash:versions": {"href": "/api/v2/datasets/doi%3A10.5061%2Fdryad.26j38/versions"}, "stash:version": {"href": "/api/v2/versions/20769"}, "stash:download": {"href": "/api/v2/datasets/doi%3A10.5061%2Fdryad.26j38/download"}, "curies": [{"name": "stash", "href": "https://github.com/CDL-Dryad/stash/blob/main/stash_api/link-relations.md#{rel}", "templated": "true"}]}, "identifier": "doi:10.5061/dryad.26j38", "id": 20705, "storageSize": 8736762, "title": "Data from: Phylogenomics from whole genome sequences using aTRAM", "authors": [{"firstName": "Julie M.", "lastName": "Allen", "affiliation": "University of Illinois at Urbana Champaign", "affiliationROR": "https://ror.org/047426m28"}, {"firstName": "Bret", "lastName": "Boyd", "affiliation": "University of Illinois at Urbana Champaign", "affiliationROR": "https://ror.org/047426m28"}, {"firstName": "Nam-Phuong", "lastName": "Nguyen", "affiliation": "University of Illinois at Urbana Champaign", "affiliationROR": "https://ror.org/047426m28"}, {"firstName": "Pranjal", "lastName": "Vachaspati", "affiliation": "University of Illinois at Urbana Champaign", "affiliationROR": "https://ror.org/047426m28"}, {"firstName": "Tandy", "lastName": "Warnow", "affiliation": "University of Illinois at Urbana Champaign", "affiliationROR": "https://ror.org/047426m28"}, {"firstName": "Daisie I.", "lastName": "Huang", "affiliation": "University of British Columbia", "affiliationROR": "https://ror.org/03rmrcq20"}, {"firstName": "Patrick G. S.", "lastName": "Grady", "affiliation": "University of Illinois at Urbana Champaign", "affiliationROR": "https://ror.org/047426m28"}, {"firstName": "Kayce C.", "lastName": "Bell", "affiliation": "University of New Mexico", "affiliationROR": "https://ror.org/05fs6jp91"}, {"firstName": "Quentin C.B.", "lastName": "Cronk", "affiliation": "University of British Columbia", "affiliationROR": "https://ror.org/03rmrcq20"}, {"firstName": "Lawrence", "lastName": "Mugisha", "affiliation": "Conservation and Ecosystem Health Alliance", "affiliationROR": "https://ror.org/02q5qpb12"}, {"firstName": "Barry R.", "lastName": "Pittendrigh", "affiliation": "Michigan State University", "affiliationROR": "https://ror.org/05hs6h993"}, {"firstName": "M.", "lastName": "Soledad Leonardi", "affiliation": "Instituto de Biolog\u00eda de Organismos Marinos, Centro Nacional Patag\u00f3nico, Puerto Madryn, Argentina"}, {"firstName": "David L.", "lastName": "Reed", "affiliation": "Florida Museum of Natural History", "affiliationROR": "https://ror.org/02pjdv450"}, {"firstName": "Kevin P.", "lastName": "Johnson", "affiliation": "University of Illinois at Urbana Champaign", "affiliationROR": "https://ror.org/047426m28"}], "abstract": "Novel sequencing technologies are rapidly expanding the size of data sets that can be applied to phylogenetic studies. Currently the most commonly used phylogenomic approaches involve some form of genome reduction. While these approaches make assembling phylogenomic data sets more economical for organisms with large genomes, they reduce the genomic coverage and thereby the long-term utility of the data. Currently, for organisms with moderate to small genomes (<1000 Mbp) it is feasible to sequence the entire genome at modest coverage (10\u221230\u00d7). Computational challenges for handling these large data sets can be alleviated by assembling targeted reads, rather than assembling the entire genome, to produce a phylogenomic data matrix. Here we demonstrate the use of automated Target Restricted Assembly Method (aTRAM) to assemble 1107 single-copy ortholog genes from whole genome sequencing of sucking lice (Anoplura) and out-groups. We developed a pipeline to extract exon sequences from the aTRAM assemblies by annotating them with respect to the original target protein. We aligned these protein sequences with the inferred amino acids and then performed phylogenetic analyses on both the concatenated matrix of genes and on each gene separately in a coalescent analysis. Finally, we tested the limits of successful assembly in aTRAM by assembling 100 genes from close- to distantly related taxa at high to low levels of coverage.", "keywords": ["Bureelia antiqua", "Osborniella crotophagae", "Pedicinus badii", "gene assembly", "Haematopinus eurysternus", "Degeeriella rufa", "Pthirus gorillae", "Neohaematopinus pacificus", "Pedicinus\tbadii", "Genome sequencing", "Linognathus spicatus", "Pthirus pubis", "Pediculus humanus", "Pediculus schaeffi", "Proechinopthirus fluctus", "aTRAM", "Hoplopleura arboricola", "Haematopinus\teurysternus", "Stimulopalpus japonicus", "present day", "Antarctopthirus microchir", "Bothriometopus macrocnemus", "Genome sequencing", "Holocene"], "usageNotes": "<div class=\"o-metadata__file-usage-entry\"><h4 class=\"o-heading__level3-file-title\">Concatenated alignment and tree</h4><div class=\"o-metadata__file-description\">Alignment and phylogenetic tree of the concatenated 1,101 exon DNA alignment from 15 louse taxa.  Genes were assembled from raw genomic DNA with aTRAM and exons extracted and stitched together. Third codon position was removed due to base composition bias, and tree build in RAxML.</div><div class=\"o-metadata__file-name\">Dataset_1.zip</br></div></div><div class=\"o-metadata__file-usage-entry\"><h4 class=\"o-heading__level3-file-title\">Individual Gene Trees and Alignments</h4><div class=\"o-metadata__file-description\">All 1,101 gene trees and alignments for the 15 taxon dataset. Each gene was aligned using PASTA and UPP for fragmentary sequences. Each gene tree was built using ASTRAL.</div><div class=\"o-metadata__file-name\">Dataset_2.zip</br></div></div><div class=\"o-metadata__file-usage-entry\"><h4 class=\"o-heading__level3-file-title\">SupplementaryTable</h4><div class=\"o-metadata__file-description\">DNA extraction, and quality clean up for each dataset. Illumina reads. Alignments of each gene and the tree analysis.</div><div class=\"o-metadata__file-name\"></div></div><div class=\"o-metadata__file-usage-entry\"><h4 class=\"o-heading__level3-file-title\">Supplementary Figure</h4><div class=\"o-metadata__file-description\">Box plot of the standard deviations away from mean for\r\neach codon position for each of the GTR rate parameters. The majorities of the extreme outliers fell above 10 standard deviations from the mean and were removed from the analysis.</div><div class=\"o-metadata__file-name\">SupplementalFigure1.pdf</br></div></div>", "locations": [{"place": "World Wide"}], "relatedWorks": [{"relationship": "Cites", "identifierType": "DOI", "identifier": "https://doi.org/10.1093/sysbio/syw105"}], "versionNumber": 1, "versionStatus": "submitted", "curationStatus": "Published", "publicationDate": "2016-11-08", "lastModificationDate": "2020-06-24", "visibility": "public", "sharingLink": "https://datadryad.org/stash/share/PR_oEYNZ-85sEFxTV9xmFYeC22Nk8_UTs1QalxMiACs", "userId": 6192, "license": "https://creativecommons.org/publicdomain/zero/1.0/"}