{"_links": {"self": {"href": "/api/v2/datasets/doi%3A10.5061%2Fdryad.st350"}, "stash:versions": {"href": "/api/v2/datasets/doi%3A10.5061%2Fdryad.st350/versions"}, "stash:version": {"href": "/api/v2/versions/3962"}, "stash:download": {"href": "/api/v2/datasets/doi%3A10.5061%2Fdryad.st350/download"}, "curies": [{"name": "stash", "href": "https://github.com/CDL-Dryad/stash/blob/main/stash_api/link-relations.md#{rel}", "templated": "true"}]}, "identifier": "doi:10.5061/dryad.st350", "id": 3940, "storageSize": 638182, "title": "Data from: Moving in the Anthropocene: global reductions in terrestrial mammalian movements", "authors": [{"firstName": "Marlee A.", "lastName": "Tucker", "affiliation": "Senckenberg Nature Research Society", "affiliationROR": "https://ror.org/00xmqmx64"}, {"firstName": "Katrin", "lastName": "B\u00f6hning-Gaese", "affiliation": "Senckenberg Nature Research Society", "affiliationROR": "https://ror.org/00xmqmx64"}, {"firstName": "William F.", "lastName": "Fagan", "affiliation": "University of Maryland, College Park", "affiliationROR": "https://ror.org/047s2c258"}, {"firstName": "John M.", "lastName": "Fryxell", "affiliation": "University of Guelph", "affiliationROR": "https://ror.org/01r7awg59"}, {"firstName": "Bram", "lastName": "Van Moorter", "affiliation": "Norwegian Institute for Nature Research", "affiliationROR": "https://ror.org/04aha0598"}, {"firstName": "Susan C.", "lastName": "Alberts", "affiliation": "Duke University", "affiliationROR": "https://ror.org/00py81415"}, {"firstName": "Abdullahi H.", "lastName": "Ali", "affiliation": "Hirola Conservation Programme, Garissa, Kenya."}, {"firstName": "Andrew M.", "lastName": "Allen", "affiliation": "Swedish University of Agricultural Sciences", "affiliationROR": "https://ror.org/02yy8x990"}, {"firstName": "Nina", "lastName": "Attias", "affiliation": "Federal University of Mato Grosso do Sul", "affiliationROR": "https://ror.org/0366d2847"}, {"firstName": "Tal", "lastName": "Avgar", "affiliation": "University of Alberta", "affiliationROR": "https://ror.org/0160cpw27"}, {"firstName": "Hattie", "lastName": "Bartlam-Brooks", "affiliation": "University College London", "affiliationROR": "https://ror.org/02jx3x895"}, {"firstName": "Buuveibaatar", "lastName": "Bayarbaatar", "affiliation": "Wildlife Conservation Society, Mongolia Program, Ulaanbaatar, Mongolia."}, {"firstName": "Jerrold L.", "lastName": "Belant", "affiliation": "Mississippi State University", "affiliationROR": "https://ror.org/0432jq872"}, {"firstName": "Alessandra", "lastName": "Bertassoni", "affiliation": "Sao Paulo State University", "affiliationROR": "https://ror.org/00987cb86"}, {"firstName": "Dean", "lastName": "Beyer", "affiliation": "Michigan Department of Natural Resources", "affiliationROR": "https://ror.org/00t10qd56"}, {"firstName": "Laura", "lastName": "Bidner", "affiliation": "University of California, Davis", "affiliationROR": "https://ror.org/05rrcem69"}, {"firstName": "Floris M.", "lastName": "van Beest", "affiliation": "Aarhus University", "affiliationROR": "https://ror.org/01aj84f44"}, {"firstName": "Stephen", "lastName": "Blake", "affiliation": "Max Planck Institute for Ornithology", "affiliationROR": "https://ror.org/00178eg98"}, {"firstName": "Niels", "lastName": "Blaum", "affiliation": "University of Potsdam", "affiliationROR": "https://ror.org/03bnmw459"}, {"firstName": "Chloe", "lastName": "Bracis", "affiliation": "Senckenberg Nature Research Society", "affiliationROR": "https://ror.org/00xmqmx64"}, {"firstName": "Danielle", "lastName": "Brown", "affiliation": "Tennessee State University", "affiliationROR": "https://ror.org/01fpczx89"}, {"firstName": "P. J. Nico", "lastName": "de Bruyn", "affiliation": "University of Pretoria", "affiliationROR": "https://ror.org/00g0p6g84"}, {"firstName": "Francesca", "lastName": "Cagnacci", "affiliation": "Fondazione Edmund Mach", "affiliationROR": "https://ror.org/0381bab64"}, {"firstName": "Justin M.", "lastName": "Calabrese", "affiliation": "University of Maryland, College Park", "affiliationROR": "https://ror.org/047s2c258"}, {"firstName": "Constan\u00e7a", "lastName": "Camilo-Alves", "affiliation": "University of \u00c9vora", "affiliationROR": "https://ror.org/02gyps716"}, {"firstName": "Simon", "lastName": "Chamaill\u00e9-Jammes", "affiliation": "Universit\u00e9 Paul-Val\u00e9ry Montpellier", "affiliationROR": "https://ror.org/00qhdy563"}, {"firstName": "Andre", "lastName": "Chiaradia", "affiliation": "Phillip Island Nature Parks, Victoria, Australia."}, {"firstName": "Sarah C.", "lastName": "Davidson", "affiliation": "The Ohio State University", "affiliationROR": "https://ror.org/00rs6vg23"}, {"firstName": "Todd", "lastName": "Dennis", "affiliation": "Fiji National University", "affiliationROR": "https://ror.org/00qk2nf71"}, {"firstName": "Stephen", "lastName": "DeStefano", "affiliation": "United States Geological Survey", "affiliationROR": "https://ror.org/035a68863"}, {"firstName": "Duane", "lastName": "Diefenbach", "affiliation": "Park University", "affiliationROR": "https://ror.org/04ngpga37"}, {"firstName": "Iain", "lastName": "Douglas-Hamilton", "affiliation": "Save the Elephants", "affiliationROR": "https://ror.org/019ae2j05"}, {"firstName": "Julian", "lastName": "Fennessy", "affiliation": "Giraffe Conservation Foundation, P.O. Box 86099, Eros, Namibia."}, {"firstName": "Claudia", "lastName": "Fichtel", "affiliation": "German Primate Center", "affiliationROR": "https://ror.org/02f99v835"}, {"firstName": "Wolfgang", "lastName": "Fiedler", "affiliation": "Max Planck Institute for Ornithology", "affiliationROR": "https://ror.org/00178eg98"}, {"firstName": "Christina", "lastName": "Fischer", "affiliation": "Technical University Munich", "affiliationROR": "https://ror.org/02kkvpp62"}, {"firstName": "Ilya", "lastName": "Fischhoff", "affiliation": "Cary Institute of Ecosystem Studies", "affiliationROR": "https://ror.org/01dhcyx48"}, {"firstName": "Christen H.", "lastName": "Fleming", "affiliation": "University of Maryland, College Park", "affiliationROR": "https://ror.org/047s2c258"}, {"firstName": "Adam T.", "lastName": "Ford", "affiliation": "University of British Columbia", "affiliationROR": "https://ror.org/03rmrcq20"}, {"firstName": "Susanne A.", "lastName": "Fritz", "affiliation": "Senckenberg Nature Research Society", "affiliationROR": "https://ror.org/00xmqmx64"}, {"firstName": "Benedikt", "lastName": "Gehr", "affiliation": "University of Zurich", "affiliationROR": "https://ror.org/02crff812"}, {"firstName": "Jacob R.", "lastName": "Goheen", "affiliation": "University of Wyoming", "affiliationROR": "https://ror.org/01485tq96"}, {"firstName": "Eliezer", "lastName": "Gurarie", "affiliation": "University of Maryland, College Park", "affiliationROR": "https://ror.org/047s2c258"}, {"firstName": "Mark", "lastName": "Hebblewhite", "affiliation": "University of Montana", "affiliationROR": "https://ror.org/0078xmk34"}, {"firstName": "Marco", "lastName": "Heurich", "affiliation": "Bavarian Forest National Park", "affiliationROR": "https://ror.org/05b2t8s27"}, {"firstName": "A. J. Mark", "lastName": "Hewison", "affiliation": "University of Toulouse", "affiliationROR": "https://ror.org/017tgbk05"}, {"firstName": "Christian", "lastName": "Hof", "affiliation": "Senckenberg Nature Research Society", "affiliationROR": "https://ror.org/00xmqmx64"}, {"firstName": "Edward", "lastName": "Hurme", "affiliation": "University of Maryland, College Park", "affiliationROR": "https://ror.org/047s2c258"}, {"firstName": "Lynne A.", "lastName": "Isbell", "affiliation": "University of California, Davis", "affiliationROR": "https://ror.org/05rrcem69"}, {"firstName": "Ren\u00e9", "lastName": "Janssen", "affiliation": "Bionet Natuuronderzoek, 6171EL Stein, Netherlands."}, {"firstName": "Florian", "lastName": "Jeltsch", "affiliation": "University of Potsdam", "affiliationROR": "https://ror.org/03bnmw459"}, {"firstName": "Petra", "lastName": "Kaczensky", "affiliation": "Norwegian Institute for Nature Research", "affiliationROR": "https://ror.org/04aha0598"}, {"firstName": "Adam", "lastName": "Kane", "affiliation": "University College Cork", "affiliationROR": "https://ror.org/03265fv13"}, {"firstName": "Peter M.", "lastName": "Kappeler", "affiliation": "German Primate Center", "affiliationROR": "https://ror.org/02f99v835"}, {"firstName": "Matthew", "lastName": "Kauffman", "affiliation": "United States Geological Survey", "affiliationROR": "https://ror.org/035a68863"}, {"firstName": "Roland", "lastName": "Kays", "affiliation": "North Carolina Museum of Natural Sciences", "affiliationROR": "https://ror.org/01bqnjh41"}, {"firstName": "Duncan", "lastName": "Kimuyu", "affiliation": "Karatina University", "affiliationROR": "https://ror.org/04bm15q02"}, {"firstName": "Flavia", "lastName": "Koch", "affiliation": "German Primate Center", "affiliationROR": "https://ror.org/02f99v835"}, {"firstName": "Bart", "lastName": "Kranstauber", "affiliation": "University of Zurich", "affiliationROR": "https://ror.org/02crff812"}, {"firstName": "Scott", "lastName": "LaPoint", "affiliation": "Max Planck Institute for Ornithology", "affiliationROR": "https://ror.org/00178eg98"}, {"firstName": "Peter", "lastName": "Leimgruber", "affiliation": "National Zoological Park", "affiliationROR": "https://ror.org/026etfb20"}, {"firstName": "John D. C.", "lastName": "Linnell", "affiliation": "Norwegian Institute for Nature Research", "affiliationROR": "https://ror.org/04aha0598"}, {"firstName": "Pascual", "lastName": "L\u00f3pez-L\u00f3pez", "affiliation": "University of Valencia", "affiliationROR": "https://ror.org/043nxc105"}, {"firstName": "A. Catherine", "lastName": "Markham", "affiliation": "Stony Brook University", "affiliationROR": "https://ror.org/05qghxh33"}, {"firstName": "Jenny", "lastName": "Mattisson", "affiliation": "Norwegian Institute for Nature Research", "affiliationROR": "https://ror.org/04aha0598"}, {"firstName": "Emilia Patricia", "lastName": "Medici", "affiliation": "International Union for Conservation of Nature (IUCN) Species Survival Commission (SSC) Tapir Specialist Group (TSG), Rua Licuala, 622, Damha 1, Campo Grande, CEP: 79046-150, Mato Grosso do Sul, Brazil."}, {"firstName": "Ugo", "lastName": "Mellone", "affiliation": "University of Alicante", "affiliationROR": "https://ror.org/05t8bcz72"}, {"firstName": "Evelyn", "lastName": "Merrill", "affiliation": "University of Alberta", "affiliationROR": "https://ror.org/0160cpw27"}, {"firstName": "Guilherme", "lastName": "de Miranda Mour\u00e3o", "affiliation": "Embrapa Pantanal, Corumb\u00e1, MS 79320-900, Brazil."}, {"firstName": "Ronaldo G.", "lastName": "Morato", "affiliation": "Instituto Chico Mendes de Conserva\u00e7\u00e3o da Biodiversidade", "affiliationROR": "https://ror.org/04s5p1a35"}, {"firstName": "Nicolas", "lastName": "Morellet", "affiliation": "University of Toulouse", "affiliationROR": "https://ror.org/017tgbk05"}, {"firstName": "Thomas A.", "lastName": "Morrison", "affiliation": "University of Glasgow", "affiliationROR": "https://ror.org/00vtgdb53"}, {"firstName": "Samuel L.", "lastName": "D\u00edaz-Mu\u00f1oz", "affiliation": "New York University", "affiliationROR": "https://ror.org/0190ak572"}, {"firstName": "Atle", "lastName": "Mysterud", "affiliation": "University of Oslo", "affiliationROR": "https://ror.org/01xtthb56"}, {"firstName": "Dejid", "lastName": "Nandintsetseg", "affiliation": "Senckenberg Nature Research Society", "affiliationROR": "https://ror.org/00xmqmx64"}, {"firstName": "Ran", "lastName": "Nathan", "affiliation": "Hebrew University of Jerusalem", "affiliationROR": "https://ror.org/03qxff017"}, {"firstName": "Aidin", "lastName": "Niamir", "affiliation": "Senckenberg Nature Research Society", "affiliationROR": "https://ror.org/00xmqmx64"}, {"firstName": "John", "lastName": "Odden", "affiliation": "Norwegian Institute for Nature Research", "affiliationROR": "https://ror.org/04aha0598"}, {"firstName": "Robert B.", "lastName": "O\u2019Hara", "affiliation": "Senckenberg Nature Research Society", "affiliationROR": "https://ror.org/00xmqmx64"}, {"firstName": "Luiz Gustavo R.", "lastName": "Oliveira-Santos", "affiliation": "Universidade Federal de Mato Grosso", "affiliationROR": "https://ror.org/01mqvjv41"}, {"firstName": "Kirk A.", "lastName": "Olson", "affiliation": "Wildlife Conservation Society, Mongolia Program, Ulaanbaatar, Mongolia."}, {"firstName": "Bruce D.", "lastName": "Patterson", "affiliation": "Field Museum of Natural History", "affiliationROR": "https://ror.org/00mh9zx15"}, {"firstName": "Rogerio", "lastName": "Cunha de Paula", "affiliation": "Instituto Chico Mendes de Conserva\u00e7\u00e3o da Biodiversidade", "affiliationROR": "https://ror.org/04s5p1a35"}, {"firstName": "Luca", "lastName": "Pedrotti", "affiliation": "Consorzio Parco Nazionale dello Stelvio, Bormio (Sondrio), Italy."}, {"firstName": "Bj\u00f6rn", "lastName": "Reineking", "affiliation": "Grenoble Alpes University", "affiliationROR": "https://ror.org/02rx3b187"}, {"firstName": "Martin", "lastName": "Rimmler", "affiliation": "Nationalpark Schwarzwald, 77889 Seebach, Germany."}, {"firstName": "Tracey L.", "lastName": "Rogers", "affiliation": "Environmental Earth Sciences", "affiliationROR": "https://ror.org/04rnwed46"}, {"firstName": "Christer Moe", "lastName": "Rolandsen", "affiliation": "Norwegian Institute for Nature Research", "affiliationROR": "https://ror.org/04aha0598"}, {"firstName": "Christopher S.", "lastName": "Rosenberry", "affiliation": "Pennsylvania Game Commission, Harrisburg, PA 17110, USA."}, {"firstName": "Daniel I.", "lastName": "Rubenstein", "affiliation": "Princeton University", "affiliationROR": "https://ror.org/00hx57361"}, {"firstName": "Kamran", "lastName": "Safi", "affiliation": "Max Planck Institute for Ornithology", "affiliationROR": "https://ror.org/00178eg98"}, {"firstName": "Sonia", "lastName": "Sa\u00efd", "affiliation": "Office National de la Chasse et de la Faune Sauvage", "affiliationROR": "https://ror.org/021tq1e57"}, {"firstName": "Nir", "lastName": "Sapir", "affiliation": "University of Haifa", "affiliationROR": "https://ror.org/02f009v59"}, {"firstName": "Hall", "lastName": "Sawyer", "affiliation": "Western EcoSystems Technology (United States)", "affiliationROR": "https://ror.org/03y5ndk86"}, {"firstName": "Niels Martin", "lastName": "Schmidt", "affiliation": "Aarhus University", "affiliationROR": "https://ror.org/01aj84f44"}, {"firstName": "Nuria", "lastName": "Selva", "affiliation": "Polish Academy of Sciences", "affiliationROR": "https://ror.org/01dr6c206"}, {"firstName": "Agnieszka", "lastName": "Sergiel", "affiliation": "Polish Academy of Sciences", "affiliationROR": "https://ror.org/01dr6c206"}, {"firstName": "Enkhtuvshin", "lastName": "Shiilegdamba", "affiliation": "Wildlife Conservation Society, Mongolia Program, Ulaanbaatar, Mongolia."}, {"firstName": "Jo\u00e3o Paulo", "lastName": "Silva", "affiliation": "University of Porto", "affiliationROR": "https://ror.org/043pwc612"}, {"firstName": "Navinder", "lastName": "Singh", "affiliation": "Swedish University of Agricultural Sciences", "affiliationROR": "https://ror.org/02yy8x990"}, {"firstName": "Erling J.", "lastName": "Solberg", "affiliation": "Norwegian Institute for Nature Research", "affiliationROR": "https://ror.org/04aha0598"}, {"firstName": "Orr", "lastName": "Spiegel", "affiliation": "University of California, Davis", "affiliationROR": "https://ror.org/05rrcem69"}, {"firstName": "Olav", "lastName": "Strand", "affiliation": "Norwegian Institute for Nature Research", "affiliationROR": "https://ror.org/04aha0598"}, {"firstName": "Siva", "lastName": "Sundaresan", "affiliation": "Jackson Memorial Hospital", "affiliationROR": "https://ror.org/02y070a55"}, {"firstName": "Wiebke", "lastName": "Ullmann", "affiliation": "University of Potsdam", "affiliationROR": "https://ror.org/03bnmw459"}, {"firstName": "Ulrich", "lastName": "Voigt", "affiliation": "University of Veterinary Medicine Hanover", "affiliationROR": "https://ror.org/015qjqf64"}, {"firstName": "Jake", "lastName": "Wall", "affiliation": "Save the Elephants", "affiliationROR": "https://ror.org/019ae2j05"}, {"firstName": "David", "lastName": "Wattles", "affiliation": "United States Geological Survey", "affiliationROR": "https://ror.org/035a68863"}, {"firstName": "Martin", "lastName": "Wikelski", "affiliation": "Max Planck Institute for Ornithology", "affiliationROR": "https://ror.org/00178eg98"}, {"firstName": "Christopher C.", "lastName": "Wilmers", "affiliation": "University of California, Santa Cruz", "affiliationROR": "https://ror.org/03s65by71"}, {"firstName": "John W.", "lastName": "Wilson", "affiliation": "University of Pretoria", "affiliationROR": "https://ror.org/00g0p6g84"}, {"firstName": "George", "lastName": "Wittemyer", "affiliation": "Save the Elephants", "affiliationROR": "https://ror.org/019ae2j05"}, {"firstName": "Filip", "lastName": "Zi\u0119ba", "affiliation": "Tatra National Park, 34-500 Zakopane, Poland."}, {"firstName": "Tomasz", "lastName": "Zwijacz-Kozica", "affiliation": "Tatra National Park, 34-500 Zakopane, Poland."}, {"firstName": "Thomas", "lastName": "Mueller", "affiliation": "Senckenberg Nature Research Society", "affiliationROR": "https://ror.org/00xmqmx64"}], "abstract": "Animal movement is fundamental for ecosystem functioning and species survival, yet the effects of the anthropogenic footprint on animal movements have not been estimated across species. Using a unique GPS-tracking database of 803 individuals across 57 species, we found that movements of mammals in areas with a comparatively high human footprint were on average one-half to one-third the extent of their movements in areas with a low human footprint. We attribute this reduction to behavioral changes of individual animals and to the exclusion of species with long-range movements from areas with higher human impact. Global loss of vagility alters a key ecological trait of animals that affects not only population persistence but also ecosystem processes such as predator-prey interactions, nutrient cycling, and disease transmission.", "keywords": ["Eulemur rufifrons", "Chlorocebus pygerythrus", "Panthera leo", "movement ecology", "Madoqua guentheri", "Lynx lynx", "Odocoileus hemionus", "Euphractus sexcinctus", "Panthera onca", "Human Footprint", "Cervus elaphus", "Lepus europaeus", "Chrysocyon brachyurus", "Cerdocyon thous", "Giraffa camelopardalis", "Odocoileus virginianus", "Antilocapra americana", "Tolypeutes matacus", "Martes pennanti", "Odocoileus hemionus columbianus", "Equus hemionus", "Alces alces", "Felis silvestris", "Ovibos moschatus", "Canis aureus", "Canis latrans", "Papio anubis", "Papio cynocephalus", "diet", "Rangifer tarandus", "Elephas maximus", "Canis lupus", "Sus scrofa", "Puma concolor", "Gulo gulo", "Connochaetes taurinus", "Ursus americanus", "Saguinus geoffroyi", "Saiga tatarica", "NDVI", "Capreolus capreolus", "Cercocebus galeritus", "Equus quagga", "Tapirus terrestris", "Lynx rufus", "Myrmecophaga tridactyla", "Vulpes vulpes", "Aepyceros melampus", "Anthropocene", "Beatragus hunteri", "Loxodonta africana", "Dasypus novemcinctus", "Loxodonta africana cyclotis", "Procyon lotor", "Ursus arctos", "Equus grevyi", "Tamandua mexicana", "Syncerus caffer", "Panthera pardus", "Procapra gutturosa", "Trichosurus vulpecula", "Propithecus verreauxi"], "usageNotes": "<div class=\"o-metadata__file-usage-entry\"><h4 class=\"o-heading__level3-file-title\">Terrestrial Mammal Displacement Data</h4><div class=\"o-metadata__file-description\">This data file includes median (0.5 quantile) and long-distance (0.95 quantile) displacement distances for 803 individuals spanning 57 terrestrial mammal species. Also included are mean body mass, trophic guild, mean Normalised Difference Vegetation Index (NDVI) and mean human footprint index values for each individual. Displacement values are in kilometres and body mass values are in grams. The displacement and body mass values are log10 transformed and the NDVI values are scaled. Please note that each row within a time interval represents a different individual. Please see the associated manuscript and supplementary materials for details on the data sources and calculation methods.</div><div class=\"o-metadata__file-name\">MammalDisplacementData.csv</br></div></div>", "relatedWorks": [{"relationship": "Cites", "identifierType": "DOI", "identifier": "https://doi.org/10.1126/science.aam9712"}], "versionNumber": 1, "versionStatus": "submitted", "curationStatus": "Published", "publicationDate": "2019-01-12", "lastModificationDate": "2020-06-24", "visibility": "public", "sharingLink": "https://datadryad.org/stash/share/9f3FIva7OFEnAZb_54OROToKCY9Ivu4g9CfuQnh8Kt8", "userId": 20359, "license": "https://creativecommons.org/publicdomain/zero/1.0/"}