{"_links": {"self": {"href": "/api/v2/datasets/doi%3A10.5061%2Fdryad.4q67s"}, "stash:versions": {"href": "/api/v2/datasets/doi%3A10.5061%2Fdryad.4q67s/versions"}, "stash:version": {"href": "/api/v2/versions/19229"}, "stash:download": {"href": "/api/v2/datasets/doi%3A10.5061%2Fdryad.4q67s/download"}, "curies": [{"name": "stash", "href": "https://github.com/CDL-Dryad/stash/blob/main/stash_api/link-relations.md#{rel}", "templated": "true"}]}, "identifier": "doi:10.5061/dryad.4q67s", "id": 19165, "storageSize": 1338661406, "title": "Data from: The importance (or lack thereof) of niche divergence to the maintenance of a northern species complex: the case of the long-toed salamander (Ambystoma macrodactylum Baird)", "authors": [{"firstName": "A.", "lastName": "Lee-Yaw, Julie", "affiliation": "University of Neuch\u00e2tel", "affiliationROR": "https://ror.org/00vasag41"}, {"firstName": "E.", "lastName": "Irwin, Darren", "affiliation": "University of British Columbia", "affiliationROR": "https://ror.org/03rmrcq20"}, {"firstName": "J. A.", "lastName": "Lee-Yaw", "affiliation": "University of British Columbia", "affiliationROR": "https://ror.org/03rmrcq20"}, {"firstName": "D. E.", "lastName": "Irwin", "affiliation": "University of British Columbia", "affiliationROR": "https://ror.org/03rmrcq20"}], "abstract": "The relative importance of ecological versus non-ecological factors for the origin and maintenance of species is an open question in evolutionary biology. Young lineages\u2014such as the distinct genetic groups that make up the ranges of many northern species\u2014represent an opportunity to study the importance of ecological divergence during the early stages of diversification. Yet, few studies have examined the extent of niche divergence between lineages in previously glaciated regions and the role of ecology in maintaining the contact zones between them. In this study, we used tests of niche overlap in combination with ecological niche models to explore the extent of niche divergence between lineages of the long-toed salamander (Ambystoma macrodactylum Baird) species complex and to determine whether contact zones correspond to (divergent) niche limits. We found limited evidence for niche divergence between the different long-toed salamander lineages, substantial overlap in the predicted distribution of suitable climatic space for all lineages and range limits that are independent of niche limits. These results raise questions as to the importance of ecological divergence to the development of this widespread species complex and highlight the potential for non-ecological factors to play a more important role in the maintenance of northern taxa.", "keywords": ["niche conservatism", "ecological speciation", "Ambystoma macrodactylum", "non-ecological speciation", "niche model", "amphibian", "Pleistocene"], "usageNotes": "<div class=\"o-metadata__file-usage-entry\"><h4 class=\"o-heading__level3-file-title\">Data and scripts for niche models and other analyses</h4><div class=\"o-metadata__file-description\">Zip file with several folders. Please see README file.</div><div class=\"o-metadata__file-name\">JEB_Lee-Yaw_Irwin_2015_new.zip</br></div><div class=\"o-metadata__file-name\"></div></div>", "locations": [{"place": "western North America"}, {"place": "Pacific Northwest"}], "relatedWorks": [{"relationship": "Cites", "identifierType": "DOI", "identifier": "https://doi.org/10.1111/jeb.12619"}], "versionNumber": 1, "versionStatus": "submitted", "curationStatus": "Published", "publicationDate": "2015-03-26", "lastModificationDate": "2020-06-24", "visibility": "public", "sharingLink": "https://datadryad.org/stash/share/5X8N6Y9NiYHzoLXiOnAp-O_ZzWi-GHIpOyR5bjBkZJY", "userId": 12146, "license": "https://creativecommons.org/publicdomain/zero/1.0/"}