{"_links": {"self": {"href": "/api/v2/datasets/doi%3A10.5061%2Fdryad.0pf75"}, "stash:versions": {"href": "/api/v2/datasets/doi%3A10.5061%2Fdryad.0pf75/versions"}, "stash:version": {"href": "/api/v2/versions/16789"}, "stash:download": {"href": "/api/v2/datasets/doi%3A10.5061%2Fdryad.0pf75/download"}, "curies": [{"name": "stash", "href": "https://github.com/CDL-Dryad/stash/blob/main/stash_api/link-relations.md#{rel}", "templated": "true"}]}, "identifier": "doi:10.5061/dryad.0pf75", "id": 16730, "storageSize": 38589, "title": "Data from: Genetic relationships between Atlantic and Pacific populations of the notothenioid fish Eleginops maclovinus: the footprints of Quaternary glaciations in Patagonia", "authors": [{"firstName": "Santiago G.", "lastName": "Ceballos", "affiliation": "Centro Austral de Investigaciones Cient\u00edficas (CADIC), Ushuaia, Argentina"}, {"firstName": "Enrique P.", "lastName": "Lessa", "affiliation": "University of the Republic", "affiliationROR": "https://ror.org/030bbe882"}, {"firstName": "Roberto", "lastName": "Licandeo", "affiliation": "University of British Columbia", "affiliationROR": "https://ror.org/03rmrcq20"}, {"firstName": "Daniel A.", "lastName": "Fernandez", "affiliation": "Centro Austral de Investigaciones Cient\u00edficas (CADIC), Ushuaia, Argentina"}], "abstract": "The genetic relationships between the Pacific and the Atlantic populations of marine costal biota in Southern South America have been analyzed in few studies, most of them relying on a single mitochondrial locus. We analyzed ten polymorphic microsatellite loci, isolated from a dinucleotide-enriched E. maclovinus genomic library, in a total of 240 individuals (48 from each of five sampled sites: two Atlantic, two Pacific and one in Beagle Channel). The results were contrasted against a previous work on the same species with mtDNA. Observed heterozygosity within localities ranged from 0.85 to 0.88 and the highest overall number of alleles was observed at the northernmost locality on the Pacific side (Concepci\u00f3n) but no clear geographic pattern arose from the data. On the other hand, the number of private alleles was negatively correlated with latitude (Spearman's rs test, p = 0.017). Among-population variance was low but significant (1.35 %; p < 0.0001, AMOVA) and low genetic differentiation between populations was observed (pairwise FST values ranged from 0 to 0.021). A Mantel test reveled a significant correlation between geographic distances and FST (r = 0.56, p = 0.047). This could be partially accounted for the Atlantic vs Pacific population differentiation detected in three different analyses (Structure, SAMOVA and a population phylogeny). The observed pattern is compatible with a history of separation into two glacial refugia, which was better captured by the multilocus microsatellite data than by the mtDNA analysis.", "keywords": ["microsatellites", "Quaternary", "notothenioids", "Eleginops maclovinus", "Postglaciation biogeography"], "usageNotes": "<div class=\"o-metadata__file-usage-entry\"><h4 class=\"o-heading__level3-file-title\">Eleginops maclovinus microsatellite dataset</h4><div class=\"o-metadata__file-name\">Microsatellites_dataset.txt</br></div></div>", "locations": [{"place": "Coast of Southern South America"}], "relatedWorks": [{"relationship": "Cites", "identifierType": "DOI", "identifier": "https://doi.org/10.1038/hdy.2015.106"}], "versionNumber": 1, "versionStatus": "submitted", "curationStatus": "Published", "publicationDate": "2015-11-04", "lastModificationDate": "2020-06-24", "visibility": "public", "sharingLink": "https://datadryad.org/stash/share/yiZlQ7DchoYdun6SpxC5Esu-vXHVwGeWvY805g100rc", "userId": 16021, "license": "https://creativecommons.org/publicdomain/zero/1.0/"}