{"_links": {"self": {"href": "/api/v2/datasets/doi%3A10.5061%2Fdryad.1368p"}, "stash:versions": {"href": "/api/v2/datasets/doi%3A10.5061%2Fdryad.1368p/versions"}, "stash:version": {"href": "/api/v2/versions/9467"}, "stash:download": {"href": "/api/v2/datasets/doi%3A10.5061%2Fdryad.1368p/download"}, "curies": [{"name": "stash", "href": "https://github.com/CDL-Dryad/stash/blob/main/stash_api/link-relations.md#{rel}", "templated": "true"}]}, "identifier": "doi:10.5061/dryad.1368p", "id": 9426, "storageSize": 152197, "title": "Data from: Evolution and origin of sympatric shallow-water morphotypes of Lake Trout, Salvelinus namaycush, in Canada's Great Bear Lake", "authors": [{"firstName": "Les N.", "lastName": "Harris", "affiliation": "Fisheries and Oceans Canada", "affiliationROR": "https://ror.org/02qa1x782"}, {"firstName": "Louise", "lastName": "Chavarie", "affiliation": "University of Alberta", "affiliationROR": "https://ror.org/0160cpw27"}, {"firstName": "Robert", "lastName": "Bajno", "affiliation": "Fisheries and Oceans Canada", "affiliationROR": "https://ror.org/02qa1x782"}, {"firstName": "Kimberly L.", "lastName": "Howland", "affiliation": "Fisheries and Oceans Canada", "affiliationROR": "https://ror.org/02qa1x782"}, {"firstName": "Simon H.", "lastName": "Wiley", "affiliation": "Fisheries and Oceans Canada", "affiliationROR": "https://ror.org/02qa1x782"}, {"firstName": "William M.", "lastName": "Tonn", "affiliation": "University of Alberta", "affiliationROR": "https://ror.org/0160cpw27"}, {"firstName": "Eric B.", "lastName": "Taylor", "affiliation": "University of British Columbia", "affiliationROR": "https://ror.org/03rmrcq20"}], "abstract": "Range expansion in north-temperate fishes subsequent to the retreat of the Wisconsinan glaciers has resulted in the rapid colonization of previously unexploited, heterogeneous habitats and, in many situations, secondary contact among conspecific lineages that were once previously isolated. Such ecological opportunity coupled with reduced competition likely promoted morphological and genetic differentiation within and among post-glacial fish populations. Discrete morphological forms existing in sympatry, for example, have now been described in many species, yet few studies have directly assessed the association between morphological and genetic variation. Morphotypes of Lake Trout, Salvelinus namaycush, are found in several large-lake systems including Great Bear Lake (GBL), Northwest Territories, Canada, where several shallow-water forms are known. Here, we assess microsatellite and mitochondrial DNA variation among four morphotypes of Lake Trout from the five distinct arms of GBL, and also from locations outside of this system to evaluate several hypotheses concerning the evolution of morphological variation in this species. Our data indicate that morphotypes of Lake Trout from GBL are genetically differentiated from one another, yet the morphotypes are still genetically more similar to one another compared with populations from outside of this system. Furthermore, our data suggest that Lake Trout colonized GBL following dispersal from a single glacial refugium (the Mississippian) and support an intra-lake model of divergence. Overall, our study provides insights into the origins of morphological and genetic variation in post-glacial populations of fishes and provides benchmarks important for monitoring Lake Trout biodiversity in a region thought to be disproportionately susceptible to impacts from climate change.", "keywords": ["morphotypes", "Salvelinus namaycush", "allopatric", "post-glacial dispersal", "lake trout", "sympatric", "2002-2010"], "usageNotes": "<div class=\"o-metadata__file-usage-entry\"><h4 class=\"o-heading__level3-file-title\">Genepop Data File</h4><div class=\"o-metadata__file-description\">Genepop data file (3 digit format) used for analyses - sample codes are listed in Table 1 of the manuscript.</div><div class=\"o-metadata__file-name\">Genepop 3Dig - All Samples</br></div></div>", "locations": [{"place": "Atlin Lake"}, {"place": "Jayco Lake"}, {"place": "Peter Lake"}, {"place": "Sandy Lake"}, {"place": "Lake Nipigon"}, {"place": "Great Bear Lake"}, {"place": "Nakinlerak Lake"}, {"place": "Great Slave Lake"}], "relatedWorks": [{"relationship": "Cites", "identifierType": "DOI", "identifier": "https://doi.org/10.1038/hdy.2014.74"}], "versionNumber": 1, "versionStatus": "submitted", "curationStatus": "Published", "publicationDate": "2014-07-18", "lastModificationDate": "2020-06-24", "visibility": "public", "sharingLink": "https://datadryad.org/stash/share/WUGHvem2XmVUbNkOKTRLD78qoxgVanMI_nIeZoJ8TzI", "userId": 8532, "license": "https://creativecommons.org/publicdomain/zero/1.0/"}