{"_links": {"self": {"href": "/api/v2/datasets/doi%3A10.5061%2Fdryad.1b90t69"}, "stash:versions": {"href": "/api/v2/datasets/doi%3A10.5061%2Fdryad.1b90t69/versions"}, "stash:version": {"href": "/api/v2/versions/3389"}, "stash:download": {"href": "/api/v2/datasets/doi%3A10.5061%2Fdryad.1b90t69/download"}, "curies": [{"name": "stash", "href": "https://github.com/CDL-Dryad/stash/blob/main/stash_api/link-relations.md#{rel}", "templated": "true"}]}, "identifier": "doi:10.5061/dryad.1b90t69", "id": 3368, "storageSize": 760096, "title": "Data from: Gene flow improves fitness at a range edge under climate change", "authors": [{"firstName": "Megan", "lastName": "Bontrager", "affiliation": "University of British Columbia", "affiliationROR": "https://ror.org/03rmrcq20"}, {"firstName": "Amy L.", "lastName": "Angert", "affiliation": "University of British Columbia", "affiliationROR": "https://ror.org/03rmrcq20"}], "abstract": "Populations at the margins of a species' geographic range are often thought to be poorly adapted to their environment. According to theoretical predictions, gene flow can inhibit these range edge populations if it disrupts adaptation to local conditions. Alternatively, if range edge populations are small or isolated, gene flow can provide beneficial genetic variation, and may facilitate adaptation to environmental change. We tested these competing predictions in the annual wildflower Clarkia pulchella using greenhouse crosses to simulate gene flow from sources across the geographic range into two populations at the northern range margin. We planted these between-population hybrids in common gardens at the range edge, and evaluated how genetic differentiation and climatic differences between edge populations and gene flow sources affected lifetime fitness. During an anomalously warm study year, gene flow from populations occupying historically warm sites improved fitness at the range edge, and plants with one or both parents from warm populations performed best. The effects of the temperature provenance of gene flow sources were most apparent at early life history stages, but precipitation provenance also affected reproduction. We also found benefits of gene flow that were independent of climate: after climate was controlled for, plants with parents from different populations performed better at later lifestages than those with parents from the same population, indicating that gene flow may improve fitness via relieving homozygosity. Further supporting this result, we found that increasing genetic differentiation of parental populations had positive effects on fitness of hybrid seeds.  Gene flow from warmer populations, when it occurs, is likely to contribute adaptive genetic variation to populations at the northern range edge as the climate warms. On heterogeneous landscapes, climate of origin may be a better predictor of gene flow effects than geographic proximity.", "keywords": ["Clarkia pulchella", "gene flow", "Cimate change"], "usageNotes": "<div class=\"o-metadata__file-usage-entry\"><h4 class=\"o-heading__level3-file-title\">Bontrager and Angert - Clarkia pulchella transplant data and code</h4><div class=\"o-metadata__file-name\">Bontrager_transplant_dryad.zip</br></div><div class=\"o-metadata__file-name\"></div></div>", "locations": [{"place": "Oregon"}, {"place": "Montana"}, {"place": "British Columbia"}, {"place": "Washington"}, {"place": "Idaho"}], "relatedWorks": [{"relationship": "Cites", "identifierType": "DOI", "identifier": "https://doi.org/10.1002/evl3.91"}], "versionNumber": 1, "versionStatus": "submitted", "curationStatus": "Published", "publicationDate": "2018-11-02", "lastModificationDate": "2020-06-24", "visibility": "public", "sharingLink": "https://datadryad.org/stash/share/JGck5igZSh7G93vk6QGQiI-kTbj4YTBjzRz1i4k23kk", "userId": 38443, "license": "https://creativecommons.org/publicdomain/zero/1.0/"}