{"_links": {"self": {"href": "/api/v2/datasets/doi%3A10.5061%2Fdryad.mr16q"}, "stash:versions": {"href": "/api/v2/datasets/doi%3A10.5061%2Fdryad.mr16q/versions"}, "stash:version": {"href": "/api/v2/versions/7231"}, "stash:download": {"href": "/api/v2/datasets/doi%3A10.5061%2Fdryad.mr16q/download"}, "curies": [{"name": "stash", "href": "https://github.com/CDL-Dryad/stash/blob/main/stash_api/link-relations.md#{rel}", "templated": "true"}]}, "identifier": "doi:10.5061/dryad.mr16q", "id": 7194, "storageSize": 240405, "title": "Data from: Crossing the (Wallace) line: local abundance and distribution of mammals across biogeographic barriers", "authors": [{"firstName": "Jedediah F.", "lastName": "Brodie", "affiliation": "University of Montana", "affiliationROR": "https://ror.org/0078xmk34"}, {"firstName": "Olga", "lastName": "Helmy", "affiliation": "University of Montana", "affiliationROR": "https://ror.org/0078xmk34"}, {"firstName": "Margaretha", "lastName": "Pangau-Adam", "affiliation": "University of G\u00f6ttingen", "affiliationROR": "https://ror.org/01y9bpm73"}, {"firstName": "Giyarto", "lastName": "Ugiek", "affiliation": "Macaca Nigra Project; Batu Putih North Sulawesi 95535 Indonesia"}, {"firstName": "Graden", "lastName": "Froese", "affiliation": "University of British Columbia", "affiliationROR": "https://ror.org/03rmrcq20"}, {"firstName": "Alys", "lastName": "Granados", "affiliation": "University of British Columbia", "affiliationROR": "https://ror.org/03rmrcq20"}, {"firstName": "Jayasilan", "lastName": "Mohd-Azlan", "affiliation": "Universiti Malaysia Sarawak", "affiliationROR": "https://ror.org/05b307002"}, {"firstName": "Henry", "lastName": "Bernard", "affiliation": "Universiti of Malaysia Sabah", "affiliationROR": "https://ror.org/040v70252"}, {"firstName": "Anthony J.", "lastName": "Giordano", "affiliation": "S.P.E.C.I.E.S.; P.O. Box 7403 Ventura CA 93006 USA"}, {"firstName": "Muhammad", "lastName": "Agil", "affiliation": "Bogor Agricultural University", "affiliationROR": "https://ror.org/05smgpd89"}, {"firstName": "Abdul Haris", "lastName": "Mustari", "affiliation": "Bogor Agricultural University", "affiliationROR": "https://ror.org/05smgpd89"}], "abstract": "Past and ongoing vertebrate introductions threaten to rearrange ecological communities in the Indo-Malay Archipelago, one of Earth's most biodiverse regions. But the consequences of these translocations are difficult to predict. We compared local abundance and distributions in four tropical mammal lineages that have crossed from Asia to Wallacea or New Guinea. The local abundance of macaques (Macaca spp.), which naturally crossed Wallace's Line, was higher in Sulawesi (east of the line; mean = 3.7 individuals per camera station, 95% CI = 2.2: 5.1) than in Borneo (west of the line; mean = 1.1, CI = 0.8: 1.4), but the local abundance of Malay civets (Viverra tangalunga), Rusa deer, and Sus pigs was similar in their native ranges and where they had been introduced by humans east of Wallace's Line. Proximity to rivers increased Malay Civet local abundance and decreased the local abundance of pigs in parts of their introduced ranges (Maluku and New Guinea, respectively), while having no effect on local abundance in their native ranges (Borneo) or other areas where they have been introduced (Sulawesi). That local abundance was higher east of Wallace's Line in just one of four mammal lineages is consistent with findings from plant invasions, where most species have similar abundance in their native and introduced ranges. However, species\u2019 ecology may change as they enter new communities, for example, their patterns of abundance at local scales. This could make it difficult to predict community structure in the face of ongoing species introductions.", "keywords": ["exotic species", "introduced species", "Native range.", "Great Australasian Interchange"], "usageNotes": "<div class=\"o-metadata__file-usage-entry\"><h4 class=\"o-heading__level3-file-title\">civet_wide</h4><div class=\"o-metadata__file-description\">civet detection data</div><div class=\"o-metadata__file-name\"></div></div><div class=\"o-metadata__file-usage-entry\"><h4 class=\"o-heading__level3-file-title\">deer_wide</h4><div class=\"o-metadata__file-description\">deer detection data</div><div class=\"o-metadata__file-name\"></div></div><div class=\"o-metadata__file-usage-entry\"><h4 class=\"o-heading__level3-file-title\">macaque_wide</h4><div class=\"o-metadata__file-description\">Macaque detection data</div><div class=\"o-metadata__file-name\"></div></div><div class=\"o-metadata__file-usage-entry\"><h4 class=\"o-heading__level3-file-title\">pig_wide</h4><div class=\"o-metadata__file-description\">pig detection data</div><div class=\"o-metadata__file-name\"></div></div><div class=\"o-metadata__file-usage-entry\"><h4 class=\"o-heading__level3-file-title\">sampcovs_camhours_wide</h4><div class=\"o-metadata__file-description\">Sampling covariate - camera hours</div><div class=\"o-metadata__file-name\"></div></div><div class=\"o-metadata__file-usage-entry\"><h4 class=\"o-heading__level3-file-title\">site_covs</h4><div class=\"o-metadata__file-description\">Site covariates</div><div class=\"o-metadata__file-name\"></div></div>", "relatedWorks": [{"relationship": "Cites", "identifierType": "DOI", "identifier": "https://doi.org/10.1111/btp.12485"}], "versionNumber": 1, "versionStatus": "submitted", "curationStatus": "Published", "publicationDate": "2017-07-18", "lastModificationDate": "2020-06-30", "visibility": "public", "sharingLink": "https://datadryad.org/stash/share/p4HXGH2a_ZtM0zemod7vxm7xjkHSN8VHPG_jaTyIgCY", "userId": 23304, "license": "https://creativecommons.org/publicdomain/zero/1.0/"}