{"_links": {"self": {"href": "/api/v2/datasets/doi%3A10.5061%2Fdryad.931zcrjhs"}, "stash:versions": {"href": "/api/v2/datasets/doi%3A10.5061%2Fdryad.931zcrjhs/versions"}, "stash:version": {"href": "/api/v2/versions/81295"}, "stash:download": {"href": "/api/v2/datasets/doi%3A10.5061%2Fdryad.931zcrjhs/download"}, "curies": [{"name": "stash", "href": "https://github.com/CDL-Dryad/stash/blob/main/stash_api/link-relations.md#{rel}", "templated": "true"}]}, "identifier": "doi:10.5061/dryad.931zcrjhs", "id": 53668, "storageSize": 119152, "title": "COVID-19 clinician moral injury survey", "authors": [{"firstName": "David", "lastName": "Barbic", "email": "david.barbic@ubc.ca", "affiliation": "University of British Columbia", "affiliationROR": "https://ror.org/03rmrcq20", "orcid": "0000-0002-6998-3151"}], "abstract": "<p><b>Background</b></p>\r\n\r\n<p>Moral injury is an emerging explanation of burnout and suicidality, but remains poorly quantified in at-risk practitioners. We hypothesized that COVID-19 pandemic-related moral injury differs between frontline clinicians, genders, age, and country of practice.<br>\r\n\u00a0</p>\r\n\r\n<p><b>Methods</b></p>\r\n\r\n<p>We conducted an online cross-sectional survey of international physicians, nurses, nurse practitioners, paramedics and respiratory therapists between April and June 2020.\u00a0 We included the adapted version of the Expressions of Moral Injury Scale (EMIS). The primary outcome was differences in moral injury scores between clinician roles.</p>\r\n\r\n<p><b>Results</b></p>\r\n\r\n<p>Three hundred and two clinicians participated, including physicians (61% [n=184]), nurses (28% [n=85]), and nurse practitioners (5% [n=14]). The median age was 39 (IQR 32-76), females comprised 54% of the respondents, and the majority resided in Canada (n =183 [61%]) or the United States (US; n = 106 [35%]). Emergency medicine (88% [n=265]), and intensive care (6% [n=17]) were the main specialties responding. Median moral injury scores across multiple domains were higher for nurses compared to physicians, as well as for younger, and female respondents. Moral injury scores were also significantly higher for respondents from the United States, the United Kingdom and Australia, compared to Canada.</p>\r\n\r\n<p><b>Conclusions</b></p>\r\n\r\n<p>Our research suggests that during COVID-19, measures of moral injury differ across roles, gender and place of work. Future research is warranted to better understand the impact of moral injury on clinicians\u2019 psychological well-being during the COVID-19 pandemic.</p>\r\n", "funders": [{"organization": "None*", "awardNumber": ""}], "keywords": ["moral injury", "physician", "nurse"], "methods": "<p>This dataset was collected through the Qualtrics online survey application.</p>\r\n", "versionNumber": 1, "versionStatus": "submitted", "curationStatus": "Published", "publicationDate": "2020-09-16", "lastModificationDate": "2020-09-16", "visibility": "public", "sharingLink": "https://datadryad.org/stash/share/pMDkTCKt_5iGkms3YC6puk74DzDjeiPYAhwoL4ZDzWU", "userId": 61082, "license": "https://creativecommons.org/publicdomain/zero/1.0/"}