{"_links": {"self": {"href": "/api/v2/datasets/doi%3A10.5061%2Fdryad.7h8q2"}, "stash:versions": {"href": "/api/v2/datasets/doi%3A10.5061%2Fdryad.7h8q2/versions"}, "stash:version": {"href": "/api/v2/versions/9508"}, "stash:download": {"href": "/api/v2/datasets/doi%3A10.5061%2Fdryad.7h8q2/download"}, "curies": [{"name": "stash", "href": "https://github.com/CDL-Dryad/stash/blob/main/stash_api/link-relations.md#{rel}", "templated": "true"}]}, "identifier": "doi:10.5061/dryad.7h8q2", "id": 9467, "storageSize": 152619, "title": "Data from: Naturally rare versus newly rare: demographic inferences on two timescales inform conservation of Gal\u00e1pagos giant tortoises", "authors": [{"firstName": "Ryan C.", "lastName": "Garrick", "affiliation": "University of Mississippi", "affiliationROR": "https://ror.org/02teq1165"}, {"firstName": "Brittney", "lastName": "Kajdacsi", "affiliation": "Yale University", "affiliationROR": "https://ror.org/03v76x132"}, {"firstName": "Michael A.", "lastName": "Russello", "affiliation": "University of British Columbia", "affiliationROR": "https://ror.org/03rmrcq20"}, {"firstName": "Edgar", "lastName": "Benavides", "affiliation": "Yale University", "affiliationROR": "https://ror.org/03v76x132"}, {"firstName": "Chaz", "lastName": "Hyseni", "affiliation": "University of Mississippi", "affiliationROR": "https://ror.org/02teq1165"}, {"firstName": "James P.", "lastName": "Gibbs", "affiliation": "Queens College, CUNY", "affiliationROR": "https://ror.org/03v8adn41"}, {"firstName": "Washington", "lastName": "Tapia", "affiliation": "National Park Service", "affiliationROR": "https://ror.org/044zqqy65"}, {"firstName": "Adalgisa", "lastName": "Caccone", "affiliation": "Yale University", "affiliationROR": "https://ror.org/03v76x132"}], "abstract": "Long-term population history can influence the genetic effects of recent bottlenecks. Therefore, for threatened or endangered species, an understanding of the past is relevant when formulating conservation strategies. Levels of variation at neutral markers have been useful for estimating local effective population sizes (Ne) and inferring whether population sizes increased or decreased over time. Furthermore, analyses of genotypic, allelic frequency, and phylogenetic information can potentially be used to separate historical from recent demographic changes. For 15 populations of Gal\u00e1pagos giant tortoises (Chelonoidis sp.), we used 12 microsatellite loci and DNA sequences from the mitochondrial control region and a nuclear intron, to reconstruct demographic history on shallow (past ~100 generations, ~2500 years) and deep (pre-Holocene, >10 thousand years ago) timescales. At the deep timescale, three populations showed strong signals of growth, but with different magnitudes and timing, indicating different underlying causes. Furthermore, estimated historical Ne of populations across the archipelago showed no correlation with island age or size, underscoring the complexity of predicting demographic history a priori. At the shallow timescale, all populations carried some signature of a genetic bottleneck, and for 12 populations, point estimates of contemporary Ne were very small (i.e., < 50). On the basis of the comparison of these genetic estimates with published census size data, Ne generally represented ~0.16 of the census size. However, the variance in this ratio across populations was considerable. Overall, our data suggest that idiosyncratic and geographically localized forces shaped the demographic history of tortoise populations. Furthermore, from a conservation perspective, the separation of demographic events occurring on shallow versus deep timescales permits the identification of naturally rare versus newly rare populations; this distinction should facilitate prioritization of management action.", "keywords": ["Chelonoidis chathamensis", "genetic diversity", "Gal\u00e1pagos giant tortoise", "population size", "Chelonoidis guntheri", "conservation", "Chelonoidis vandenburghi", "Chelonoidis microphyes", "Chelonoidis vicina", "Chelonoidis ephippium", "Chelonoidis darwini", "Chelonoidis hoodensis", "Chelonoidis porteri", "Chelonoidis becki"], "usageNotes": "<div class=\"o-metadata__file-usage-entry\"><h4 class=\"o-heading__level3-file-title\">Garrick_etal_2014_ECE_Dryad_data</h4><div class=\"o-metadata__file-name\"></div><div class=\"o-metadata__file-name\"></div></div>", "locations": [{"place": "Gal\u00e1pagos Islands"}], "relatedWorks": [{"relationship": "Cites", "identifierType": "DOI", "identifier": "https://doi.org/10.1002/ece3.1388"}], "versionNumber": 1, "versionStatus": "submitted", "curationStatus": "Published", "publicationDate": "2015-01-27", "lastModificationDate": "2020-06-24", "visibility": "public", "sharingLink": "https://datadryad.org/stash/share/nFjMS8KSEosfh4uR-ngw5EV4x9c9xDFfxVHPjZXiN-k", "userId": 9259, "license": "https://creativecommons.org/publicdomain/zero/1.0/"}