{"_links": {"self": {"href": "/api/v2/datasets/doi%3A10.5061%2Fdryad.bp20p"}, "stash:versions": {"href": "/api/v2/datasets/doi%3A10.5061%2Fdryad.bp20p/versions"}, "stash:version": {"href": "/api/v2/versions/21226"}, "stash:download": {"href": "/api/v2/datasets/doi%3A10.5061%2Fdryad.bp20p/download"}, "curies": [{"name": "stash", "href": "https://github.com/CDL-Dryad/stash/blob/main/stash_api/link-relations.md#{rel}", "templated": "true"}]}, "identifier": "doi:10.5061/dryad.bp20p", "id": 21162, "storageSize": 6153218, "title": "Data from: Rates of hypoxia induction alter mechanisms of O2 uptake and the critical O2 tension of goldfish", "authors": [{"firstName": "Matthew D.", "lastName": "Regan", "affiliation": "University of British Columbia", "affiliationROR": "https://ror.org/03rmrcq20"}, {"firstName": "Jeffrey G.", "lastName": "Richards", "affiliation": "University of British Columbia", "affiliationROR": "https://ror.org/03rmrcq20"}], "abstract": "The rate of hypoxia induction (RHI) is an important but overlooked dimension of environmental hypoxia that may affect an organism\u2019s survival. We hypothesized that, compared with rapid RHI, gradual RHI will afford an organism more time to alter plastic phenotypes associated with O2 uptake and subsequently reduce the critical O2 tension (Pcrit) of O2 uptake rate (\u1e40O2). We investigated this by determining Pcrit values for goldfish exposed to short (\u223c24 min), typical (\u223c84 min) and long (\u223c480 min) duration Pcrit trials to represent different RHIs. Consistent with our predictions, long duration Pcrit trials yielded significantly lower Pcrit values (1.0-1.4 kPa) than short and typical duration trials, which did not differ (2.6\u00b10.3 and 2.5\u00b10.2 kPa, respectively). Parallel experiments revealed these time-related shifts in Pcrit were associated with changes in aspects of the O2 transport cascade: gill surface areas and haemoglobin-O2 binding affinities were significantly higher in fish exposed to gradual RHIs over 480 min than fish exposed to rapid RHIs over 60 min. Our results also revealed that the choice of respirometric technique (i.e., closed versus intermittent) does not affect Pcrit or routine \u1e40O2, despite the significantly reduced water pH and elevated CO2 and ammonia levels measured following closed-circuit Pcrit trials of \u223c90 min. Together, our results demonstrate that gradual RHIs result in alterations to physiological parameters that enhance O2 uptake in hypoxic environments. An organism\u2019s innate Pcrit is therefore most accurately determined using rapid RHIs (<90 min) so as to avoid the confounding effects of hypoxic acclimation.", "keywords": ["goldfish", "hypoxia", "environmental change", "metabolic responses", "Plasticity", "critical O2 tension"], "usageNotes": "<div class=\"o-metadata__file-usage-entry\"><h4 class=\"o-heading__level3-file-title\">JEXBIO_154948</h4><div class=\"o-metadata__file-description\">Spreadsheets containing raw data files for Regan and Richards (2016)</div><div class=\"o-metadata__file-name\"></div></div>", "relatedWorks": [{"relationship": "Cites", "identifierType": "DOI", "identifier": "https://doi.org/10.1242/jeb.154948"}], "versionNumber": 1, "versionStatus": "submitted", "curationStatus": "Published", "publicationDate": "2017-05-03", "lastModificationDate": "2020-06-24", "visibility": "public", "sharingLink": "https://datadryad.org/stash/share/H8SIIO1Bbl6HTsl7x0-7GMTQf3e39SP8FESYtYHXbXc", "userId": 20491, "license": "https://creativecommons.org/publicdomain/zero/1.0/"}