{"_links": {"self": {"href": "/api/v2/datasets/doi%3A10.5061%2Fdryad.n4k76"}, "stash:versions": {"href": "/api/v2/datasets/doi%3A10.5061%2Fdryad.n4k76/versions"}, "stash:version": {"href": "/api/v2/versions/21063"}, "stash:download": {"href": "/api/v2/datasets/doi%3A10.5061%2Fdryad.n4k76/download"}, "curies": [{"name": "stash", "href": "https://github.com/CDL-Dryad/stash/blob/main/stash_api/link-relations.md#{rel}", "templated": "true"}]}, "identifier": "doi:10.5061/dryad.n4k76", "id": 20999, "storageSize": 8469561, "title": "Data from: Fixation probability in a haploid-diploid population", "authors": [{"firstName": "Kazuhiro", "lastName": "Bessho", "affiliation": "Japan Society for the Promotion of Science", "affiliationROR": "https://ror.org/00hhkn466"}, {"firstName": "Sarah P.", "lastName": "Otto", "affiliation": "University of British Columbia", "affiliationROR": "https://ror.org/03rmrcq20"}], "abstract": "Classical population genetic theory generally assumes either a fully haploid or fully diploid life cycle. However, many organisms exhibit more complex life cycles, with both free-living haploid and diploid stages. Here we ask what the probability of fixation is for selected alleles in organisms with haploid-diploid life cycles. We develop a genetic model that considers the population dynamics using both the Moran model and Wright-Fisher model. Applying a branching process approximation, we obtain an accurate fixation probability assuming that the population is large and the net effect of the mutation is beneficial. We also find the diffusion approximation for the fixation probability, which is accurate even in small populations and for deleterious alleles, as long as selection is weak. These fixation probabilities from branching process and diffusion approximations are similar when selection is weak for beneficial mutations that are not fully recessive. In many cases, particularly when one phase predominates, the fixation probability differs substantially for haploid-diploid organisms compared to either fully haploid or diploid species.", "keywords": ["effective population size", "fixation probability", "haploid-diploid", "Wright-Fisher model", "Moran model"], "usageNotes": "<div class=\"o-metadata__file-usage-entry\"><h4 class=\"o-heading__level3-file-title\">Supplementary Mathematica File</h4><div class=\"o-metadata__file-description\">Mathematica file deriving key results in the manuscript, including the simulations reported in the figures.</div><div class=\"o-metadata__file-name\">SupplementaryFile.nb</br></div></div><div class=\"o-metadata__file-usage-entry\"><h4 class=\"o-heading__level3-file-title\">Supplementary Mathematica File (PDF)</h4><div class=\"o-metadata__file-description\">PDF version of the Mathematica file deriving key results in the manuscript, including the simulations reported in the figures.</div><div class=\"o-metadata__file-name\">SupplementaryFile.pdf</br></div></div>", "relatedWorks": [{"relationship": "Cites", "identifierType": "DOI", "identifier": "https://doi.org/10.1534/genetics.116.192856"}], "versionNumber": 1, "versionStatus": "submitted", "curationStatus": "Published", "publicationDate": "2017-11-14", "lastModificationDate": "2020-06-24", "visibility": "public", "sharingLink": "https://datadryad.org/stash/share/S3dmGrW_PpU3YpHK1lbs77Y5k0hrsX7RzVeHc5KsIWU", "userId": 6894, "license": "https://creativecommons.org/publicdomain/zero/1.0/"}