{"_links": {"self": {"href": "/api/v2/datasets/doi%3A10.5061%2Fdryad.5p1q0"}, "stash:versions": {"href": "/api/v2/datasets/doi%3A10.5061%2Fdryad.5p1q0/versions"}, "stash:version": {"href": "/api/v2/versions/3241"}, "stash:download": {"href": "/api/v2/datasets/doi%3A10.5061%2Fdryad.5p1q0/download"}, "curies": [{"name": "stash", "href": "https://github.com/CDL-Dryad/stash/blob/main/stash_api/link-relations.md#{rel}", "templated": "true"}]}, "identifier": "doi:10.5061/dryad.5p1q0", "id": 3223, "storageSize": 800658, "title": "Data from: Intraguild predation leads to genetically based character shifts in the threespine stickleback", "authors": [{"firstName": "Sara E.", "lastName": "Miller", "affiliation": "University of British Columbia", "affiliationROR": "https://ror.org/03rmrcq20"}, {"firstName": "Daniel", "lastName": "Metcalf", "affiliation": "University of British Columbia", "affiliationROR": "https://ror.org/03rmrcq20"}, {"firstName": "Dolph", "lastName": "Schluter", "affiliation": "University of British Columbia", "affiliationROR": "https://ror.org/03rmrcq20"}], "abstract": "Intraguild predation is a common ecological interaction that occurs when a species preys upon another species with which it competes. The interaction is potentially a mechanism of divergence between intraguild prey populations, but it is unknown if cases of character shifts in intraguild prey are an environmental or evolutionary response. We investigated the genetic basis and inducibility of character shifts in threespine stickleback from lakes with and without prickly sculpin, a benthic intraguild predator. Wild populations of stickleback sympatric with sculpin repeatedly show greater defensive armor and water column height preference. We lab-raised stickleback from lakes with and without sculpin, as well as marine stickleback, and found that differences between populations in armor, body shape, and behavior persisted in a common garden. Within the common garden, we raised stickleback half-families from multiple populations in the presence and absence of sculpin. Although the presence of sculpin induced trait changes in the marine stickleback, we did not observe an induced response in the freshwater stickleback. Behavioral and morphological trait differences between freshwater populations thus have a genetic basis and suggest an evolutionary response to intraguild predation.", "keywords": ["adaptive radiation", "Phenotypic Plasticity", "Selection - Natural", "Cottus asper", "predation", "Gasterosteus aculeatus"], "usageNotes": "<div class=\"o-metadata__file-usage-entry\"><h4 class=\"o-heading__level3-file-title\">Adult_Spines</h4><div class=\"o-metadata__file-description\">Measurements of armor traits from Adult wild-caught stickleback.  All measurements are made in mm and are not size corrected.  Data from water column assay.</div><div class=\"o-metadata__file-name\">Wild_Data.xlsx</br></div></div><div class=\"o-metadata__file-usage-entry\"><h4 class=\"o-heading__level3-file-title\">Common Garden Data</h4><div class=\"o-metadata__file-description\">Measurements of armor traits from common garden experimental stickleback. All measurements are made in mm and are not size corrected. Position of landmarks for body shape.  Positional information and distance traveled for water column assay and shoaling assay.</div><div class=\"o-metadata__file-name\">Common_Garden_Data.xlsx</br></div></div>", "relatedWorks": [{"relationship": "Cites", "identifierType": "DOI", "identifier": "https://doi.org/10.1111/evo.12811"}], "versionNumber": 1, "versionStatus": "submitted", "curationStatus": "Published", "publicationDate": "2015-10-26", "lastModificationDate": "2020-06-24", "visibility": "public", "sharingLink": "https://datadryad.org/stash/share/8INU2o60x_V1My_Im66DAY0kcVtAo5VRpvN1YN4Pxcc", "userId": 36760, "license": "https://creativecommons.org/publicdomain/zero/1.0/"}