{"_links": {"self": {"href": "/api/v2/datasets/doi%3A10.5061%2Fdryad.q39k3"}, "stash:versions": {"href": "/api/v2/datasets/doi%3A10.5061%2Fdryad.q39k3/versions"}, "stash:version": {"href": "/api/v2/versions/27749"}, "stash:download": {"href": "/api/v2/datasets/doi%3A10.5061%2Fdryad.q39k3/download"}, "curies": [{"name": "stash", "href": "https://github.com/CDL-Dryad/stash/blob/main/stash_api/link-relations.md#{rel}", "templated": "true"}]}, "identifier": "doi:10.5061/dryad.q39k3", "id": 27143, "storageSize": 1159381, "title": "Data from: Multi-speed genome diploidization and diversification after an ancient allopolyploidization", "authors": [{"firstName": "Terezie", "lastName": "Mand\u00e1kov\u00e1", "affiliation": "Masaryk University", "affiliationROR": "https://ror.org/02j46qs45"}, {"firstName": "Milan", "lastName": "Pouch", "affiliation": "Masaryk University", "affiliationROR": "https://ror.org/02j46qs45"}, {"firstName": "Kl\u00e1ra", "lastName": "Harmanov\u00e1", "affiliation": "Masaryk University", "affiliationROR": "https://ror.org/02j46qs45"}, {"firstName": "Shing Hei", "lastName": "Zhan", "affiliation": "University of British Columbia", "affiliationROR": "https://ror.org/03rmrcq20"}, {"firstName": "Itay", "lastName": "Mayrose", "affiliation": "Tel Aviv University", "affiliationROR": "https://ror.org/04mhzgx49"}, {"firstName": "Martin A.", "lastName": "Lysak", "affiliation": "Masaryk University", "affiliationROR": "https://ror.org/02j46qs45"}], "abstract": "Hybridization and genome doubling (allopolyploidy) have led to evolutionary novelties as well as to the origin of new clades and species. Despite the importance of allopolyploidization, the dynamics of post-polyploid diploidization (PPD) at the genome level has been only sparsely studied. The Microlepidieae (MICR) is a crucifer tribe of 17 genera and c. 56 species endemic to Australia and New Zealand. Our phylogenetic and cytogenomic analyses revealed that MICR originated via an inter-tribal hybridization between ancestors of Crucihimalayeae (n = 8; maternal genome) and Smelowskieae (n = 7; paternal genome), both native to the Northern Hemisphere. The reconstructed ancestral allopolyploid genome (n = 15) originated probably in north-eastern Asia or western North America during the Late Miocene (c. 10.6 - 7 million years ago) and reached the Australian mainland via long-distance dispersal. In Australia, the allotetraploid genome diverged into at least three main subclades exhibiting different levels of PPD and diversity: 1.25-fold descending dysploidy (DD) of n = 15 \u2192 n = 12 (autopolyploidy \u2192 24) in perennial Arabidella (3 species), 1.5-fold DD of n = 15 \u2192 n = 10 in the perennial Pachycladon (11 spp.), and 2.1 to 3.75-fold DD of n = 15 \u2192 n = 7 - 4 in the largely annual crown group genera (42 spp. in 15 genera). These results are among the first to demonstrate multi-speed genome evolution in taxa descending from a common allopolyploid ancestor. It is suggested that clade-specific PPD can operate at different rates and efficacies, and can be tentatively linked to life histories and the extent of taxonomic diversity.", "keywords": ["distant hybridization", "long-distance dispersal", "whole-genome duplication", "Brassicaceae", "Comparative genomics"], "usageNotes": "<div class=\"o-metadata__file-usage-entry\"><h4 class=\"o-heading__level3-file-title\">CHS_alignment</h4><div class=\"o-metadata__file-description\">Multiple alignment of CHS gene.</div><div class=\"o-metadata__file-name\"></div></div><div class=\"o-metadata__file-usage-entry\"><h4 class=\"o-heading__level3-file-title\">ndhF_alignment</h4><div class=\"o-metadata__file-description\">Multiple alignment of ndhF gene.</div><div class=\"o-metadata__file-name\"></div></div><div class=\"o-metadata__file-usage-entry\"><h4 class=\"o-heading__level3-file-title\">PHYA_alignment</h4><div class=\"o-metadata__file-description\">Multiple alignment of PHYA gene.</div><div class=\"o-metadata__file-name\"></div></div>", "relatedWorks": [{"relationship": "Cites", "identifierType": "DOI", "identifier": "https://doi.org/10.1111/mec.14379"}], "versionNumber": 2, "versionStatus": "submitted", "curationStatus": "Published", "publicationDate": "2017-10-11", "lastModificationDate": "2020-06-24", "visibility": "public", "sharingLink": "https://datadryad.org/stash/share/ROaqNtzt0IGtXZr95tPQjXm3Z_-XfID5hWZuQrcJOks", "userId": 4395, "license": "https://creativecommons.org/publicdomain/zero/1.0/"}