{"_links": {"self": {"href": "/api/v2/datasets/doi%3A10.5061%2Fdryad.23r11"}, "stash:versions": {"href": "/api/v2/datasets/doi%3A10.5061%2Fdryad.23r11/versions"}, "stash:version": {"href": "/api/v2/versions/10454"}, "stash:download": {"href": "/api/v2/datasets/doi%3A10.5061%2Fdryad.23r11/download"}, "curies": [{"name": "stash", "href": "https://github.com/CDL-Dryad/stash/blob/main/stash_api/link-relations.md#{rel}", "templated": "true"}]}, "identifier": "doi:10.5061/dryad.23r11", "id": 10411, "storageSize": 122183, "title": "Data from: Lineage-specific mapping of quantitative trait loci", "authors": [{"firstName": "Charles", "lastName": "Chen"}, {"firstName": "Kermit", "lastName": "Ritland", "affiliation": "University of British Columbia", "affiliationROR": "https://ror.org/03rmrcq20"}], "abstract": "We present an approach for quantitative trait locus (QTL) mapping, termed \"lineage-specific QTL mapping\", for inferring allelic changes of QTL evolution along branches in a phylogeny. We describe and analyze the simplest case: by adding a third taxon into the normal procedure of QTL mapping between pairs of taxa, such inferences can be made along lineages to a presumed common ancestor. While comparisons of QTL maps among species can identify homology of QTLs by apparent co-location, lineage specific mapping of QTL can classify homology into (1) orthology (shared origin of QTL) versus (2) paralogy (independent origin of QTL within resolution of map distance). In this light, we present a graphical method that identifies six modes of QTL evolution in a three taxon comparison. We then apply our model to map lineage-specific QTLs for inbreeding among three taxa of yellow monkeyflower: Mimulus guttatus and two inbreeders M. platycalyx and M. micranthus, but critically assuming outcrossing was the ancestral state. The two most common modes of homology across traits were orthologous (shared ancestry of mutation for QTL alleles). The outbreeder M. guttatus had the fewest lineage- specific QTL, in accordance with the presumed ancestry of outbreeding. Extensions of lineage-specific QTL mapping to other types of data and crosses, and to inference of ancestral QTL state, are discussed.", "usageNotes": "<div class=\"o-metadata__file-usage-entry\"><h4 class=\"o-heading__level3-file-title\">Chen and Ritland supplementary data</h4><div class=\"o-metadata__file-name\"></div></div>", "relatedWorks": [{"relationship": "Cites", "identifierType": "DOI", "identifier": "https://doi.org/10.1038/hdy.2013.24"}], "versionNumber": 1, "versionStatus": "submitted", "curationStatus": "Published", "publicationDate": "2013-03-13", "lastModificationDate": "2020-06-24", "visibility": "public", "sharingLink": "https://datadryad.org/stash/share/rQ8qC1FQFH33t4f_2OZpAA55gL8EiqzaDD6H3NhJaB8", "userId": 4534, "license": "https://creativecommons.org/publicdomain/zero/1.0/"}