{"_links": {"self": {"href": "/api/v2/datasets/doi%3A10.5061%2Fdryad.3hp02"}, "stash:versions": {"href": "/api/v2/datasets/doi%3A10.5061%2Fdryad.3hp02/versions"}, "stash:version": {"href": "/api/v2/versions/12644"}, "stash:download": {"href": "/api/v2/datasets/doi%3A10.5061%2Fdryad.3hp02/download"}, "curies": [{"name": "stash", "href": "https://github.com/CDL-Dryad/stash/blob/main/stash_api/link-relations.md#{rel}", "templated": "true"}]}, "identifier": "doi:10.5061/dryad.3hp02", "id": 12599, "storageSize": 87809, "title": "Data from: Evolution and plasticity: divergence of song discrimination is faster in birds with innate song than in song learners in Neotropical passerine birds", "authors": [{"firstName": "Benjamin G.", "lastName": "Freeman", "affiliation": "University of British Columbia", "affiliationROR": "https://ror.org/03rmrcq20"}, {"firstName": "Graham A.", "lastName": "Montgomery", "affiliation": "University of British Columbia", "affiliationROR": "https://ror.org/03rmrcq20"}, {"firstName": "Dolph", "lastName": "Schluter", "affiliation": "University of British Columbia", "affiliationROR": "https://ror.org/03rmrcq20"}], "abstract": "Plasticity is often thought to accelerate trait evolution and speciation. For example, plasticity in birdsong may partially explain why clades of song learners are more diverse than related clades with innate song. This \u201csong learning\u201d hypothesis predicts that 1) differences in song traits evolve faster in song learners, and 2) behavioral discrimination against allopatric song (a proxy for premating reproductive isolation) evolves faster in song learners. We tested these predictions by analyzing acoustic traits and conducting playback experiments in allopatric Central American sister pairs of song learning oscines (N = 42) and non-learning suboscines (N = 27). We found that non-learners evolved mean acoustic differences slightly faster than did leaners, and that the mean evolutionary rate of song discrimination was 4.3 times faster in non-learners than in learners. This unexpected result may be a consequence of significantly greater variability in song traits in song learners (by 54\u201379%) that requires song-learning oscines to evolve greater absolute differences in song before achieving the same level of behavioral song discrimination as non-learning suboscines. This points to \u201ca downside of learning\u201d for the evolution of species discrimination, and represents an important example of plasticity reducing the rate of evolution and diversification by increasing variability.", "funders": [{"organization": "National Science Foundation", "awardNumber": "1523695"}], "keywords": ["reproductive isolation", "Phenotypic Plasticity", "song evolution", "Species Recognition", "signal evolution", "Mate choice"], "usageNotes": "<div class=\"o-metadata__file-usage-entry\"><h4 class=\"o-heading__level3-file-title\">TableS1_datatable</h4><div class=\"o-metadata__file-description\">This data table provides the data necessary to recreate the analyses presented in the Freeman et al. paper in Evolution. The unit of analysis in this study is the \"sister pair\". Thus, each row in the file provides information for a phylogenetically independent sister pair. The key columns are: 1) Clade (either suboscine or oscine), 2) Overall_Discrimination (the proportion of territories that discriminated against allopatric song; note that for sister pairs where we conducted reciprocal playbacks (how population A responds to song from population B and also how population B responds to song from population A), this value is the average of each unidirectional comparison), and 3) GeneticDistance (uncorrected p-distance in mtDNA).</div><div class=\"o-metadata__file-name\">TableS1_forDryad.xlsx</br></div></div>", "locations": [{"place": "Neotropics"}], "relatedWorks": [{"relationship": "Cites", "identifierType": "DOI", "identifier": "https://doi.org/10.1111/evo.13311"}], "versionNumber": 1, "versionStatus": "submitted", "curationStatus": "Published", "publicationDate": "2017-07-03", "lastModificationDate": "2020-06-24", "visibility": "public", "sharingLink": "https://datadryad.org/stash/share/39VeIM1HZrq0en2lGNshlT-Y_L0V15SnzHZnpHUp7m0", "userId": 13349, "license": "https://creativecommons.org/publicdomain/zero/1.0/"}