{"_links": {"self": {"href": "/api/v2/datasets/doi%3A10.5061%2Fdryad.7n82c"}, "stash:versions": {"href": "/api/v2/datasets/doi%3A10.5061%2Fdryad.7n82c/versions"}, "stash:version": {"href": "/api/v2/versions/21201"}, "stash:download": {"href": "/api/v2/datasets/doi%3A10.5061%2Fdryad.7n82c/download"}, "curies": [{"name": "stash", "href": "https://github.com/CDL-Dryad/stash/blob/main/stash_api/link-relations.md#{rel}", "templated": "true"}]}, "identifier": "doi:10.5061/dryad.7n82c", "id": 21137, "storageSize": 31060758, "title": "Data from: Macroevolutionary synthesis of flowering plant sexual systems", "authors": [{"firstName": "Emma E.", "lastName": "Goldberg", "affiliation": "University of Minnesota", "affiliationROR": "https://ror.org/017zqws13"}, {"firstName": "Sarah P.", "lastName": "Otto", "affiliation": "University of British Columbia", "affiliationROR": "https://ror.org/03rmrcq20"}, {"firstName": "Jana C.", "lastName": "Vamosi", "affiliation": "University of Calgary", "affiliationROR": "https://ror.org/03yjb2x39"}, {"firstName": "Itay", "lastName": "Mayrose", "affiliation": "Tel Aviv University", "affiliationROR": "https://ror.org/04mhzgx49"}, {"firstName": "Niv", "lastName": "Sabath", "affiliation": "Tel Aviv University", "affiliationROR": "https://ror.org/04mhzgx49"}, {"firstName": "Ray", "lastName": "Ming", "affiliation": "Fujian Agriculture and Forestry University", "affiliationROR": "https://ror.org/04kx2sy84"}, {"firstName": "Tia-Lynn", "lastName": "Ashman", "affiliation": "University of Pittsburgh", "affiliationROR": "https://ror.org/01an3r305"}], "abstract": "Sexual system is a key determinant of genetic variation and reproductive success, affecting evolution within populations and within clades. Much research in plants has focused on evolutionary transitions away from the most common state of hermaphroditism and toward the rare state of dioecy (separate sexes). Rather than transitions predominantly toward greater sexual differentiation, however, evolution may proceed in the direction of lesser sexual differentiation. We analyzed the macroevolutionary dynamics of sexual system in angiosperm genera that contain both dioecious and non-dioecious species. Our phylogenetic analyses encompass a total of 2145 species from 40 genera. Overall, we found little evidence that rates of sexual system transitions are greater in any direction. Counting the number of inferred state changes revealed a mild prevalence of transitions away from hermaphroditism and away from dioecy, toward states of intermediate sexual differentiation. We identify genera in which future studies of sexual system evolution might be especially productive, and we discuss how integrating genetic or population-level studies of sexual system could improve the power of phylogenetic comparative analyses. Our work adds to the evidence that different selective pressures and constraints act in different groups, helping maintain the variety of sexual systems observed among plants.", "funders": [{"organization": "National Science Foundation", "awardNumber": "DEB-1120279"}], "keywords": ["reproductive strategies", "Angiosperms", "Macroevolution"], "usageNotes": "<div class=\"o-metadata__file-usage-entry\"><h4 class=\"o-heading__level3-file-title\">Data and analyses</h4><div class=\"o-metadata__file-description\">Phylogenetic trees.  Sexual system tip states.  Scripts to fit macroevolutionary models.  Scripts to generate figures.  Other visual summaries of data and results.</div><div class=\"o-metadata__file-name\">DioecyDataAnalyses.tar.gz</br></div></div>", "relatedWorks": [{"relationship": "Cites", "identifierType": "DOI", "identifier": "https://doi.org/10.1111/evo.13181"}], "versionNumber": 1, "versionStatus": "submitted", "curationStatus": "Published", "publicationDate": "2017-01-09", "lastModificationDate": "2020-06-24", "visibility": "public", "sharingLink": "https://datadryad.org/stash/share/gepdcs59atcxpxpl3cShQxltrQEEx4ZZcnCmaU5VNyo", "userId": 23639, "license": "https://creativecommons.org/publicdomain/zero/1.0/"}