{"_links": {"self": {"href": "/api/v2/datasets/doi%3A10.5061%2Fdryad.88s50"}, "stash:versions": {"href": "/api/v2/datasets/doi%3A10.5061%2Fdryad.88s50/versions"}, "stash:version": {"href": "/api/v2/versions/22206"}, "stash:download": {"href": "/api/v2/datasets/doi%3A10.5061%2Fdryad.88s50/download"}, "curies": [{"name": "stash", "href": "https://github.com/CDL-Dryad/stash/blob/main/stash_api/link-relations.md#{rel}", "templated": "true"}]}, "identifier": "doi:10.5061/dryad.88s50", "id": 22142, "storageSize": 29965490, "title": "Data from: Acid secretion by the boring organ of the burrowing giant clam, Tridacna crocea", "authors": [{"firstName": "Richard W.", "lastName": "Hill", "affiliation": "Michigan State University", "affiliationROR": "https://ror.org/05hs6h993"}, {"firstName": "Eric J.", "lastName": "Armstrong", "affiliation": "University of California, Berkeley", "affiliationROR": "https://ror.org/01an7q238"}, {"firstName": "Kazuo", "lastName": "Inaba", "affiliation": "University of Tsukuba", "affiliationROR": "https://ror.org/02956yf07"}, {"firstName": "Masaya", "lastName": "Morita", "affiliation": "University of the Ryukyus", "affiliationROR": "https://ror.org/02z1n9q24"}, {"firstName": "Martin", "lastName": "Tresguerres", "affiliation": "University of California, San Diego", "affiliationROR": "https://ror.org/0168r3w48"}, {"firstName": "Jonathon H.", "lastName": "Stillman", "affiliation": "University of California, Berkeley", "affiliationROR": "https://ror.org/01an7q238"}, {"firstName": "Jinae N.", "lastName": "Roa", "affiliation": "University of British Columbia", "affiliationROR": "https://ror.org/03rmrcq20"}, {"firstName": "Garfield T.", "lastName": "Kwan", "affiliation": "University of California, San Diego", "affiliationROR": "https://ror.org/0168r3w48"}], "abstract": "The giant clam Tridacna crocea, native to Indo-Pacific coral reefs, is noted for its unique ability to bore fully into coral rock and is a major agent of reef bioerosion.   However, T. crocea\u2019s mechanism of boring has remained a mystery despite decades of research.  By exploiting a new, two-dimensional pH-sensing technology and manipulating clams to press their presumptive boring tissue (the pedal mantle) against pH-sensing foils, we show that this tissue lowers the pH of surfaces it contacts by more than 2 pH units below seawater pH day and night.  Acid secretion is likely mediated by vacuolar-type H<sup>+</sup>-ATPase, which we demonstrate (by immunofluorescence) is abundant in the pedal mantle outer epithelium. Our discovery of acid secretion solves this decades-old mystery and reveals that, during bioerosion, T. crocea can liberate reef constituents directly to the soluble phase, rather than producing sediment alone as earlier assumed.", "keywords": ["coral reefs", "Vacuolar-type H+ATPase", "Tridacnid clams", "Boring mechanism", "bioerosion", "Acid secretion", "Tridacna crocea"], "usageNotes": "<div class=\"o-metadata__file-usage-entry\"><h4 class=\"o-heading__level3-file-title\">ME_ST_XX_00001</h4><div class=\"o-metadata__file-description\">Individual ID: Clam 1 (Day) ; Time: 10 March 2017 14:40</div><div class=\"o-metadata__file-name\"></div></div><div class=\"o-metadata__file-usage-entry\"><h4 class=\"o-heading__level3-file-title\">ME_ST_XX_00006</h4><div class=\"o-metadata__file-description\">Individual ID: Clam 5 (Day) ; Time: 10 March 2017 14:40</div><div class=\"o-metadata__file-name\"></div></div><div class=\"o-metadata__file-usage-entry\"><h4 class=\"o-heading__level3-file-title\">ME_ST_XX_00011</h4><div class=\"o-metadata__file-description\">Individual ID: Clam 3 (Day) ; Time: 10 March 2017 14:40</div><div class=\"o-metadata__file-name\"></div></div><div class=\"o-metadata__file-usage-entry\"><h4 class=\"o-heading__level3-file-title\">ME_ST_XX_00013</h4><div class=\"o-metadata__file-description\">Individual ID: Clam 6 (Day) ; Time: 10 March 2017 14:40</div><div class=\"o-metadata__file-name\"></div></div><div class=\"o-metadata__file-usage-entry\"><h4 class=\"o-heading__level3-file-title\">ME_ST_XX_00018</h4><div class=\"o-metadata__file-description\">Individual ID: Clam 7 (Day) ; Time: 10 March 2017 14:40</div><div class=\"o-metadata__file-name\"></div></div><div class=\"o-metadata__file-usage-entry\"><h4 class=\"o-heading__level3-file-title\">ME_ST_XX_00021</h4><div class=\"o-metadata__file-description\">Individual ID: Clam 8 (Day) ; Time: 10 March 2017 14:40</div><div class=\"o-metadata__file-name\"></div></div><div class=\"o-metadata__file-usage-entry\"><h4 class=\"o-heading__level3-file-title\">ME_ST_XX_00026</h4><div class=\"o-metadata__file-description\">Individual ID: Clam 1 (Night) ; Time: 10 March 2017 20:45</div><div class=\"o-metadata__file-name\"></div></div><div class=\"o-metadata__file-usage-entry\"><h4 class=\"o-heading__level3-file-title\">ME_ST_XX_00034</h4><div class=\"o-metadata__file-description\">Individual ID: Clam 5 (Night) ; Time: 10 March 2017 20:45</div><div class=\"o-metadata__file-name\"></div></div><div class=\"o-metadata__file-usage-entry\"><h4 class=\"o-heading__level3-file-title\">ME_ST_XX_00040</h4><div class=\"o-metadata__file-description\">Individual ID: Clam 3 (Night) ; Time: 10 March 2017 20:45</div><div class=\"o-metadata__file-name\"></div></div><div class=\"o-metadata__file-usage-entry\"><h4 class=\"o-heading__level3-file-title\">ME_ST_XX_00042</h4><div class=\"o-metadata__file-description\">Individual ID: Clam 6 (Night) ; Time: 10 March 2017 20:45</div><div class=\"o-metadata__file-name\"></div></div><div class=\"o-metadata__file-usage-entry\"><h4 class=\"o-heading__level3-file-title\">ME_ST_XX_00044</h4><div class=\"o-metadata__file-description\">Individual ID: Clam 7 (Night) ; Time: 10 March 2017 20:45</div><div class=\"o-metadata__file-name\"></div></div><div class=\"o-metadata__file-usage-entry\"><h4 class=\"o-heading__level3-file-title\">ME_ST_XX_00049</h4><div class=\"o-metadata__file-description\">Individual ID: Clam 8 (Night) ; Time: 10 March 2017 20:45</div><div class=\"o-metadata__file-name\"></div></div><div class=\"o-metadata__file-usage-entry\"><h4 class=\"o-heading__level3-file-title\">ME_ST_XX_00031</h4><div class=\"o-metadata__file-description\">Individual ID: Clam 4 (Day) ; Time: 10 March 2017 14:40</div><div class=\"o-metadata__file-name\"></div></div><div class=\"o-metadata__file-usage-entry\"><h4 class=\"o-heading__level3-file-title\">ME_ST_XX_00076</h4><div class=\"o-metadata__file-description\">Individual ID: Clam 4 (Night) ; Time: 10 March 2017 20:45</div><div class=\"o-metadata__file-name\"></div></div><div class=\"o-metadata__file-usage-entry\"><h4 class=\"o-heading__level3-file-title\">ME_ST_XX_00059</h4><div class=\"o-metadata__file-description\">Individual ID: Clam 2 (Day) ; Time: 11 March 2017 14:06</div><div class=\"o-metadata__file-name\"></div></div><div class=\"o-metadata__file-usage-entry\"><h4 class=\"o-heading__level3-file-title\">ME_ST_XX_00061</h4><div class=\"o-metadata__file-description\">Individual ID: Clam 9 (Day) ; Time: 11 March 2017 14:06</div><div class=\"o-metadata__file-name\"></div></div><div class=\"o-metadata__file-usage-entry\"><h4 class=\"o-heading__level3-file-title\">ME_ST_XX_00083</h4><div class=\"o-metadata__file-description\">Individual ID: Clam 9 (Night) ; Time: 11 March 2017 22:24</div><div class=\"o-metadata__file-name\"></div></div><div class=\"o-metadata__file-usage-entry\"><h4 class=\"o-heading__level3-file-title\">ME_ST_XX_00088</h4><div class=\"o-metadata__file-description\">Individual ID: Clam 2 (Day) ; Time: 11 March 2017 14:06</div><div class=\"o-metadata__file-name\"></div></div>", "relatedWorks": [{"relationship": "Cites", "identifierType": "DOI", "identifier": "https://doi.org/10.1098/rsbl.2018.0047"}], "versionNumber": 1, "versionStatus": "submitted", "curationStatus": "Published", "publicationDate": "2018-05-18", "lastModificationDate": "2020-06-24", "visibility": "public", "sharingLink": "https://datadryad.org/stash/share/GRq_5HhgWPHiARfysb85gZMtdxPKC9qn41ygs7lJrAM", "userId": 30114, "license": "https://creativecommons.org/publicdomain/zero/1.0/"}