{"_links": {"self": {"href": "/api/v2/datasets/doi%3A10.5061%2Fdryad.d715g"}, "stash:versions": {"href": "/api/v2/datasets/doi%3A10.5061%2Fdryad.d715g/versions"}, "stash:version": {"href": "/api/v2/versions/27898"}, "stash:download": {"href": "/api/v2/datasets/doi%3A10.5061%2Fdryad.d715g/download"}, "curies": [{"name": "stash", "href": "https://github.com/CDL-Dryad/stash/blob/main/stash_api/link-relations.md#{rel}", "templated": "true"}]}, "identifier": "doi:10.5061/dryad.d715g", "id": 27300, "storageSize": 157253, "title": "Data from: Landscape structure and the genetic effects of a population collapse", "authors": [{"firstName": "Serena A.", "lastName": "Caplins", "affiliation": "University of California, Davis", "affiliationROR": "https://ror.org/05rrcem69"}, {"firstName": "Kimberly J.", "lastName": "Gilbert", "affiliation": "University of British Columbia", "affiliationROR": "https://ror.org/03rmrcq20"}, {"firstName": "Claudia", "lastName": "Ciotir", "affiliation": "Trent University", "affiliationROR": "https://ror.org/03ygmq230"}, {"firstName": "Jens", "lastName": "Roland", "affiliation": "University of Alberta", "affiliationROR": "https://ror.org/0160cpw27"}, {"firstName": "Stephen F.", "lastName": "Matter", "affiliation": "University of Cincinnati", "affiliationROR": "https://ror.org/01e3m7079"}, {"firstName": "Nusha", "lastName": "Keyghobadi", "affiliation": "Western University", "affiliationROR": "https://ror.org/02grkyz14"}], "abstract": "Both landscape structure and population size fluctuations influence population genetics. While independent effects of these factors on genetic patterns and processes are well studied, a key challenge is to understand their interaction, as populations are simultaneously exposed to habitat fragmentation and climatic changes that increase variability in population size. In a population network of an alpine butterfly, abundance declined 60\u2013100% in 2003 because of low over-winter survival. Across the network, mean microsatellite genetic diversity did not change. However, patch connectivity and local severity of the collapse interacted to determine allelic richness change within populations, indicating that patch connectivity can mediate genetic response to a demographic collapse. The collapse strongly affected spatial genetic structure, leading to a breakdown of isolation-by-distance and loss of landscape genetic pattern. Our study reveals important interactions between landscape structure and temporal demographic variability on the genetic diversity and genetic differentiation of populations. Projected future changes to both landscape and climate may lead to loss of genetic variability from the studied populations, and selection acting on adaptive variation will likely occur within the context of an increasing influence of genetic drift.", "keywords": ["connectivity", "Lepidoptera", "Landscape Genetics", "Parnassius smintheus", "1995-2005", "demographic collapse", "habitat fragmentation"], "usageNotes": "<div class=\"o-metadata__file-usage-entry\"><h4 class=\"o-heading__level3-file-title\">DryadData_Matrices</h4><div class=\"o-metadata__file-description\">Data matrices containing: 1. pairwise Fst scores for all 13 populations. 2. geographic distances between each population according to whether the distance occurs over forest or meadow habitat, the sum of which is the total distance. 3. movement indices for individuals before the demographic crash and after.</div><div class=\"o-metadata__file-name\"></div></div><div class=\"o-metadata__file-usage-entry\"><h4 class=\"o-heading__level3-file-title\">PreCollapseGENEPOP_Update</h4><div class=\"o-metadata__file-description\">Genotypic data for 7 microsatelite loci from individuals collected prior to the demographic collapse.</div><div class=\"o-metadata__file-name\"></div></div><div class=\"o-metadata__file-usage-entry\"><h4 class=\"o-heading__level3-file-title\">PostCollapseGENEPOP_Update</h4><div class=\"o-metadata__file-description\">Genotypic data from 7 microsatelite loci from individuals collected after the demographic collapse.</div><div class=\"o-metadata__file-name\"></div></div>", "locations": [{"place": "Canada"}, {"place": "Alberta"}, {"place": "Calgary"}], "relatedWorks": [{"relationship": "Cites", "identifierType": "DOI", "identifier": "https://doi.org/10.1098/rspb.2014.1798"}], "versionNumber": 2, "versionStatus": "submitted", "curationStatus": "Published", "publicationDate": "2015-02-08", "lastModificationDate": "2020-06-30", "visibility": "public", "sharingLink": "https://datadryad.org/stash/share/UCDL93seGbVeZ98g7U1IG6MRNsImgF2J66auLqGfaxo", "userId": 4395, "license": "https://creativecommons.org/publicdomain/zero/1.0/"}