{"_links": {"self": {"href": "/api/v2/datasets/doi%3A10.5061%2Fdryad.mh67v"}, "stash:versions": {"href": "/api/v2/datasets/doi%3A10.5061%2Fdryad.mh67v/versions"}, "stash:version": {"href": "/api/v2/versions/119"}, "stash:download": {"href": "/api/v2/datasets/doi%3A10.5061%2Fdryad.mh67v/download"}, "curies": [{"name": "stash", "href": "https://github.com/CDL-Dryad/stash/blob/main/stash_api/link-relations.md#{rel}", "templated": "true"}]}, "identifier": "doi:10.5061/dryad.mh67v", "id": 119, "storageSize": 982634037, "title": "Data from: The relative power of genome scans to detect local adaptation depends on sampling design and statistical method", "authors": [{"firstName": "Katie E.", "lastName": "Lotterhos", "affiliation": "University of British Columbia", "affiliationROR": "https://ror.org/03rmrcq20"}, {"firstName": "Michael C.", "lastName": "Whitlock", "affiliation": "University of British Columbia", "affiliationROR": "https://ror.org/03rmrcq20"}], "abstract": "Although genome scans have become a popular approach towards understanding the genetic basis of local adaptation, the field still does not have a firm grasp on how sampling design and demographic history affect the performance of genome scans on complex landscapes. To explore these issues, we compared 20 different sampling designs in equilibrium (i.e. island model and isolation by distance) and nonequilibrium (i.e. range expansion from one or two refugia) demographic histories in spatially heterogeneous environments. We simulated spatially complex landscapes, which allowed us to exploit local maxima and minima in the environment in \u2018pair\u2019 and \u2018transect\u2019 sampling strategies. We compared FST outlier and genetic\u2013environment association (GEA) methods for each of two approaches that control for population structure: with a covariance matrix or with latent factors. We show that while the relative power of two methods in the same category (FST or GEA) depended largely on the number of individuals sampled, overall GEA tests had higher power in the island model and FST had higher power under isolation by distance. In the refugia models, however, these methods varied in their power to detect local adaptation at weakly selected loci. At weakly selected loci, paired sampling designs had equal or higher power than transect or random designs to detect local adaptation. Our results can inform sampling designs for studies of local adaptation and have important implications for the interpretation of genome scans based on landscape data.", "keywords": ["range expansion", "spatial statistics", "Landscape Genetics", "genome scans", "sampling design"], "usageNotes": "<div class=\"o-metadata__file-usage-entry\"><h4 class=\"o-heading__level3-file-title\">Zip file containing datasets and results</h4><div class=\"o-metadata__file-description\">See the README file.</div><div class=\"o-metadata__file-name\">dryad.zip</br></div><div class=\"o-metadata__file-name\"></div></div>", "relatedWorks": [{"relationship": "Cites", "identifierType": "DOI", "identifier": "https://doi.org/10.1111/mec.13100"}], "versionNumber": 1, "versionStatus": "submitted", "curationStatus": "Published", "publicationDate": "2015-02-03", "lastModificationDate": "2020-06-24", "visibility": "public", "sharingLink": "https://datadryad.org/stash/share/Xlgu9VQ7wLqBtTSREHkQANMa4kUgHRxuyO_qD5V6w1s", "userId": 33212, "license": "https://creativecommons.org/publicdomain/zero/1.0/"}