{"_links": {"self": {"href": "/api/v2/datasets/doi%3A10.5061%2Fdryad.bt739"}, "stash:versions": {"href": "/api/v2/datasets/doi%3A10.5061%2Fdryad.bt739/versions"}, "stash:version": {"href": "/api/v2/versions/8194"}, "stash:download": {"href": "/api/v2/datasets/doi%3A10.5061%2Fdryad.bt739/download"}, "curies": [{"name": "stash", "href": "https://github.com/CDL-Dryad/stash/blob/main/stash_api/link-relations.md#{rel}", "templated": "true"}]}, "identifier": "doi:10.5061/dryad.bt739", "id": 8156, "storageSize": 197929, "title": "Data from: Mandible allometry in extant and fossil Balaenopteridae (Cetacea: Mammalia): the largest vertebrate skeletal element and its role in rorqual lunge-feeding", "authors": [{"firstName": "Nicholas D.", "lastName": "Pyenson", "affiliation": "Smithsonian Institution", "affiliationROR": "https://ror.org/01pp8nd67"}, {"firstName": "Jeremy A.", "lastName": "Goldbogen", "affiliation": "Cascadia Research", "affiliationROR": "https://ror.org/04z1ced74"}, {"firstName": "Robert E.", "lastName": "Shadwick", "affiliation": "University of British Columbia", "affiliationROR": "https://ror.org/03rmrcq20"}], "abstract": "Rorqual whales (crown Balaenopteridae) are unique among aquatic vertebrates in their ability to lunge-feed. During a single lunge, rorquals rapidly engulf a large volume of prey-laden water at high speed, which they then filter to capture suspended prey. Engulfment biomechanics are mostly governed by the coordinated opening and closing of the mandibles at large gape angles, which differentially exposes the floor of the oral cavity to oncoming flow. Mouth area in rorquals is delimited by unfused bony mandibles that form kinetic linkages to each other and with the skull. The relative scale and morphology of these skeletal elements have profound consequences for the energetic efficiency of foraging in these gigantic predators. Here we performed a morphometric study of rorqual mandibles using a dataset derived from a survey of museum specimens. Across adult specimens of extant balaenopterids, mandibles range in size from ~1-6 m in length, and at their upper limit they represent the single largest osteological element of any vertebrate, living or extinct. Our analyses determined that rorqual mandibles exhibit positive allometry, whereby the relative size of these mandibles becomes greater with increasing body size. These robust scaling relationships allowed us to predict mandible length for fragmentary remains (e.g., incomplete and/or fossil specimens), as we demonstrated for two partial mandibles from the latest Miocene of California, U.S.A., and for mandibles from previously described fossil balaenopterids. Furthermore, we showed the allometry of mandible length to body size in extant mysticetes, which hints at fundamental developmental constraints in mysticetes despite their ecomorphologic differences in the feeding styles. Lastly, we outlined how our findings can be used to test hypotheses about the antiquity and evolution of lunge-feeding.", "keywords": ["Allometry", "bone", "Cetacea", "Mysticeti", "Miocene", "fossil", "Balaenopteridae", "Pliocene", "Pleistocene"], "usageNotes": "<div class=\"o-metadata__file-usage-entry\"><h4 class=\"o-heading__level3-file-title\">Fig5AC_mandible</h4><div class=\"o-metadata__file-description\">This file is a nexus file that uses log-transformed museum specimens from the first dataset (mature specimens only) to regress C-C against by Cu and Ch (mandible measurements) using PICs. See main text for details on tree source.</div><div class=\"o-metadata__file-name\"></div></div><div class=\"o-metadata__file-usage-entry\"><h4 class=\"o-heading__level3-file-title\">Supplemental Data</h4><div class=\"o-metadata__file-description\">Word document that provides full institutional abbreviations in the morphometric dataset; results on PICs of extant morphometric data; and predictive equations for estimating complete mandibles and body size in extinct balaenopterids.</div><div class=\"o-metadata__file-name\"></div></div><div class=\"o-metadata__file-usage-entry\"><h4 class=\"o-heading__level3-file-title\">Fig6_CHvTL</h4><div class=\"o-metadata__file-description\">This file is a nexus file that uses log-transformed museum specimens from the second dataset (mature and immature specimens only) to regress Ch (mandible measurements) against TL using PICs for all extant Mysticeti. See main text for details on tree source.</div><div class=\"o-metadata__file-name\"></div></div><div class=\"o-metadata__file-usage-entry\"><h4 class=\"o-heading__level3-file-title\">Mandibles MS dataset_R1_final</h4><div class=\"o-metadata__file-description\">Specimen-based morphometrics for both datasets (first and second) used in the analyses. See main text for details.</div><div class=\"o-metadata__file-name\"></div></div>", "relatedWorks": [{"relationship": "Cites", "identifierType": "DOI", "identifier": "https://doi.org/10.1111/j.1095-8312.2012.02032.x"}], "versionNumber": 1, "versionStatus": "submitted", "curationStatus": "Published", "publicationDate": "2012-09-13", "lastModificationDate": "2020-06-24", "visibility": "public", "sharingLink": "https://datadryad.org/stash/share/QDa-VXvsmhNcJ4GmTINq540Cy8Ony3mWYL-ygtYQcGY", "userId": 13444, "license": "https://creativecommons.org/publicdomain/zero/1.0/"}