{"_links": {"self": {"href": "/api/v2/datasets/doi%3A10.5061%2Fdryad.dh3h417"}, "stash:versions": {"href": "/api/v2/datasets/doi%3A10.5061%2Fdryad.dh3h417/versions"}, "stash:version": {"href": "/api/v2/versions/19420"}, "stash:download": {"href": "/api/v2/datasets/doi%3A10.5061%2Fdryad.dh3h417/download"}, "curies": [{"name": "stash", "href": "https://github.com/CDL-Dryad/stash/blob/main/stash_api/link-relations.md#{rel}", "templated": "true"}]}, "identifier": "doi:10.5061/dryad.dh3h417", "id": 19356, "storageSize": 69947, "title": "Data from: Exposure to predators does not lead to the evolution of larger brains in experimental populations of threespine stickleback", "authors": [{"firstName": "Kieran", "lastName": "Samuk", "affiliation": "Duke University", "affiliationROR": "https://ror.org/00py81415"}, {"firstName": "Jan", "lastName": "Xue", "affiliation": "University of British Columbia", "affiliationROR": "https://ror.org/03rmrcq20"}, {"firstName": "Diana Jessie", "lastName": "Rennison", "affiliation": "University of Bern", "affiliationROR": "https://ror.org/02k7v4d05"}, {"firstName": "Diana J.", "lastName": "Rennision", "affiliation": "University of Bern", "affiliationROR": "https://ror.org/02k7v4d05"}], "abstract": "Natural selection is often invoked to explain differences in brain size among vertebrates. However, the particular agents of selection that shape brain size variation remain obscure. Recent studies suggest that predators may select for larger brains because increased cognitive and sensory abilities allow prey to better elude predators. Yet, there is little direct evidence that exposure to predators causes the evolution of larger brains in prey species. We experimentally tested this prediction by exposing families of 1000-2000 F2 hybrid benthic-limnetic threespine stickleback to predators under naturalistic conditions, along with matched controls. After two generations of selection, we found that fish from the predator addition treatment had significantly smaller brains (specifically smaller telencephalons and optic lobes) than fish from the control treatment. After an additional generation of selection, we reared experimental fish in a common environment and found that this difference in brain size was maintained in the offspring of fish from the predator addition treatment. Our results provide direct experimental evidence that (a) predators can indeed drive the evolution of brain size \u2013 but not in the fashion commonly expected and (b) that the tools of experimental evolution can be used to the study the evolution of the vertebrate brain.", "keywords": ["predation", "Selection - Experimental", "Holocene", "Gasterosteus aculeatus"], "usageNotes": "<div class=\"o-metadata__file-usage-entry\"><h4 class=\"o-heading__level3-file-title\">Experimental pond brain size measurements</h4><div class=\"o-metadata__file-description\">Measurements of the size of four different parts of the brain in threespine sticklebacks collected from experimental ponds. See readme for complete breakdown of columns etc.</div><div class=\"o-metadata__file-name\">experimental_pond_brain_size_samuk_et_al_2018.txt</br></div><div class=\"o-metadata__file-name\"></div></div><div class=\"o-metadata__file-usage-entry\"><h4 class=\"o-heading__level3-file-title\">Common garden brain size measurements</h4><div class=\"o-metadata__file-description\">Measurements of the size of four different parts of the brain in threespine sticklebacks collected from experimental ponds as fry and reared in a common laboratory environment. See readme for complete breakdown of columns etc.</div><div class=\"o-metadata__file-name\">common_garden_brain_size_samuk et_al_2018.txt</br></div><div class=\"o-metadata__file-name\"></div></div>", "locations": [{"place": "Canada"}, {"place": "British Columbia"}], "relatedWorks": [{"relationship": "Cites", "identifierType": "DOI", "identifier": "https://doi.org/10.1111/evo.13444"}], "versionNumber": 1, "versionStatus": "submitted", "curationStatus": "Published", "publicationDate": "2018-02-16", "lastModificationDate": "2020-06-24", "visibility": "public", "sharingLink": "https://datadryad.org/stash/share/TxC_JZ3qVJhMNbfvi5o8xTXSy7ZZLoj3p6J6EyQxMa0", "userId": 32149, "license": "https://creativecommons.org/publicdomain/zero/1.0/"}