{"_links": {"self": {"href": "/api/v2/datasets/doi%3A10.5061%2Fdryad.kg2nd"}, "stash:versions": {"href": "/api/v2/datasets/doi%3A10.5061%2Fdryad.kg2nd/versions"}, "stash:version": {"href": "/api/v2/versions/9598"}, "stash:download": {"href": "/api/v2/datasets/doi%3A10.5061%2Fdryad.kg2nd/download"}, "curies": [{"name": "stash", "href": "https://github.com/CDL-Dryad/stash/blob/main/stash_api/link-relations.md#{rel}", "templated": "true"}]}, "identifier": "doi:10.5061/dryad.kg2nd", "id": 9557, "storageSize": 152577, "title": "Data from: Pedigree error due to extra-pair reproduction substantially biases estimates of inbreeding depression", "authors": [{"firstName": "Jane M.", "lastName": "Reid", "affiliation": "University of Aberdeen", "affiliationROR": "https://ror.org/016476m91"}, {"firstName": "Lukas F.", "lastName": "Keller", "affiliation": "University of Zurich", "affiliationROR": "https://ror.org/02crff812"}, {"firstName": "Amy B.", "lastName": "Marr", "affiliation": "University of British Columbia", "affiliationROR": "https://ror.org/03rmrcq20"}, {"firstName": "Pirmin", "lastName": "Nietlisbach", "affiliation": "University of Zurich", "affiliationROR": "https://ror.org/02crff812"}, {"firstName": "Rebecca J.", "lastName": "Sardell", "affiliation": "University of Aberdeen", "affiliationROR": "https://ror.org/016476m91"}, {"firstName": "Peter", "lastName": "Arcese", "affiliation": "University of British Columbia", "affiliationROR": "https://ror.org/03rmrcq20"}], "abstract": "Understanding the evolutionary dynamics of inbreeding and inbreeding depression requires unbiased estimation of inbreeding depression across diverse mating systems. However, studies estimating inbreeding depression often measure inbreeding with error, for example, based on pedigree data derived from observed parental behavior that ignore paternity error stemming from multiple mating. Such paternity error causes error in estimated coefficients of inbreeding (f) and reproductive success and could bias estimates of inbreeding depression. We used complete \u201capparent\u201d pedigree data compiled from observed parental behavior and analogous \u201cactual\u201d pedigree data comprising genetic parentage to quantify effects of paternity error stemming from extra-pair reproduction on estimates of f, reproductive success, and inbreeding depression in free-living song sparrows (Melospiza melodia). Paternity error caused widespread error in estimates of f and male reproductive success, causing inbreeding depression in male and female annual and lifetime reproductive success and juvenile male survival to be substantially underestimated. Conversely, inbreeding depression in adult male survival tended to be overestimated when paternity error was ignored. Pedigree error stemming from extra-pair reproduction therefore caused substantial and divergent bias in estimates of inbreeding depression that could bias tests of evolutionary theories regarding inbreeding and inbreeding depression and their links to variation in mating system.", "keywords": ["lifetime reproductive success", "Melospiza melodia", "Pedigree error", "extra-pair paternity", "Holocene"], "usageNotes": "<div class=\"o-metadata__file-usage-entry\"><h4 class=\"o-heading__level3-file-title\">Female_ARS_Data_Reid</h4><div class=\"o-metadata__file-description\">Data for analysis of inbreeding depression in female annual reproductive success</div><div class=\"o-metadata__file-name\"></div></div><div class=\"o-metadata__file-usage-entry\"><h4 class=\"o-heading__level3-file-title\">Male_ARS_Data_Reid</h4><div class=\"o-metadata__file-description\">Data for analysis of inbreeding depression in male annual reproductive success</div><div class=\"o-metadata__file-name\"></div></div><div class=\"o-metadata__file-usage-entry\"><h4 class=\"o-heading__level3-file-title\">Female_LRS_Data_Reid</h4><div class=\"o-metadata__file-description\">Data for analysis of inbreeding depression in female lifetime reproductive success</div><div class=\"o-metadata__file-name\"></div></div><div class=\"o-metadata__file-usage-entry\"><h4 class=\"o-heading__level3-file-title\">Male_LRS_Data_Reid</h4><div class=\"o-metadata__file-description\">Data for analysis of inbreeding depression in male lifetime reproductive success</div><div class=\"o-metadata__file-name\"></div></div><div class=\"o-metadata__file-usage-entry\"><h4 class=\"o-heading__level3-file-title\">JuvFemale_Surv_Data_Reid</h4><div class=\"o-metadata__file-description\">Data for analysis of inbreeding depression in juvenile female survival.</div><div class=\"o-metadata__file-name\"></div></div><div class=\"o-metadata__file-usage-entry\"><h4 class=\"o-heading__level3-file-title\">JuvMale_Surv_Data_Reid</h4><div class=\"o-metadata__file-description\">Data for analysis of inbreeding depression in juvenile male survival</div><div class=\"o-metadata__file-name\"></div></div><div class=\"o-metadata__file-usage-entry\"><h4 class=\"o-heading__level3-file-title\">AdFemale_Surv_Data_Reid</h4><div class=\"o-metadata__file-description\">Data for analysis of inbreeding depression in adult female survival</div><div class=\"o-metadata__file-name\"></div></div><div class=\"o-metadata__file-usage-entry\"><h4 class=\"o-heading__level3-file-title\">AdMale_Surv_Data_Reid</h4><div class=\"o-metadata__file-description\">Data for analysis of inbreeding depression in adult male survival</div><div class=\"o-metadata__file-name\"></div></div>", "locations": [{"place": "Canada"}], "relatedWorks": [{"relationship": "Cites", "identifierType": "DOI", "identifier": "https://doi.org/10.1111/evo.12305"}], "versionNumber": 1, "versionStatus": "submitted", "curationStatus": "Published", "publicationDate": "2013-10-23", "lastModificationDate": "2020-06-24", "visibility": "public", "sharingLink": "https://datadryad.org/stash/share/SpbW_7iEGdqPvzB65EEf3p26mrzA80m-gCP7uvhuoE8", "userId": 97, "license": "https://creativecommons.org/publicdomain/zero/1.0/"}