{"_links": {"self": {"href": "/api/v2/datasets/doi%3A10.5061%2Fdryad.n4v3b"}, "stash:versions": {"href": "/api/v2/datasets/doi%3A10.5061%2Fdryad.n4v3b/versions"}, "stash:version": {"href": "/api/v2/versions/25262"}, "stash:download": {"href": "/api/v2/datasets/doi%3A10.5061%2Fdryad.n4v3b/download"}, "curies": [{"name": "stash", "href": "https://github.com/CDL-Dryad/stash/blob/main/stash_api/link-relations.md#{rel}", "templated": "true"}]}, "identifier": "doi:10.5061/dryad.n4v3b", "id": 25189, "storageSize": 1110714, "title": "Data from: The evolution of sex chromosomes in organisms with separate haploid sexes", "authors": [{"firstName": "Simone", "lastName": "Immler", "affiliation": "Uppsala University", "affiliationROR": "https://ror.org/048a87296"}, {"firstName": "Sarah Perin", "lastName": "Otto", "affiliation": "University of British Columbia", "affiliationROR": "https://ror.org/03rmrcq20"}], "abstract": "The evolution of dimorphic sex chromosomes is driven largely by the evolution of reduced recombination and the subsequent accumulation of deleterious mutations. While these processes are increasingly well understood in diploid organisms, the evolution of dimorphic sex chromosomes in haploid organisms (U/V) has been virtually unstudied theoretically. We analyze a model to investigate the evolution of linkage between fitness loci and the sex-determining region in U/V species. In a second step, we test how prone non-recombining regions are to degeneration due to accumulation of deleterious mutations. Our modeling predicts that the decay of recombination on the sex chromosomes and the addition of strata via fusions will be just as much a part of the evolution of haploid sex chromosomes as in diploid sex chromosome systems. Reduced recombination is broadly favored, as long as there is some fitness difference between haploid males and females. The degeneration of the sex-determining region due to the accumulation of deleterious mutations is expected to be slower in haploid organisms because of the absence of masking. Nevertheless, balancing selection often drives greater differentiation between the U/V sex chromosomes than in X/Y and Z/W systems. We summarize empirical evidence for haploid sex chromosome evolution and discuss our predictions in light of these findings.", "keywords": ["recombination", "sexual conflict", "Muller\u2019s ratchet", "mutation load", "UV sex chromosomes"], "usageNotes": "<div class=\"o-metadata__file-usage-entry\"><h4 class=\"o-heading__level3-file-title\">Supplementary Mathematica file_Immler&Otto</h4><div class=\"o-metadata__file-description\">Mathematica file containing full models and approximations referred to in the manuscript.</div><div class=\"o-metadata__file-name\">RecModifierUV_6Dec2014.nb</br></div></div>", "relatedWorks": [{"relationship": "Cites", "identifierType": "DOI", "identifier": "https://doi.org/10.1111/evo.12602"}], "versionNumber": 1, "versionStatus": "submitted", "curationStatus": "Published", "publicationDate": "2015-01-13", "lastModificationDate": "2020-06-24", "visibility": "public", "sharingLink": "https://datadryad.org/stash/share/ENrWz-ejvXsODFVIDdTaLJuExMWcVb0LhhG8WUh7QyY", "userId": 7022, "license": "https://creativecommons.org/publicdomain/zero/1.0/"}