{"_links": {"self": {"href": "/api/v2/datasets/doi%3A10.5061%2Fdryad.4r383"}, "stash:versions": {"href": "/api/v2/datasets/doi%3A10.5061%2Fdryad.4r383/versions"}, "stash:version": {"href": "/api/v2/versions/9091"}, "stash:download": {"href": "/api/v2/datasets/doi%3A10.5061%2Fdryad.4r383/download"}, "curies": [{"name": "stash", "href": "https://github.com/CDL-Dryad/stash/blob/main/stash_api/link-relations.md#{rel}", "templated": "true"}]}, "identifier": "doi:10.5061/dryad.4r383", "id": 9051, "storageSize": 161720, "title": "Data from: Variation in parent-offspring kinship in socially monogamous systems with extra-pair reproduction and inbreeding", "authors": [{"firstName": "Jane M.", "lastName": "Reid", "affiliation": "University of Aberdeen", "affiliationROR": "https://ror.org/016476m91"}, {"firstName": "Greta", "lastName": "Bocedi", "affiliation": "University of Aberdeen", "affiliationROR": "https://ror.org/016476m91"}, {"firstName": "Pirmin", "lastName": "Nietlisbach", "affiliation": "University of Zurich", "affiliationROR": "https://ror.org/02crff812"}, {"firstName": "Alexander Bradley", "lastName": "Duthie", "affiliation": "University of Aberdeen", "affiliationROR": "https://ror.org/016476m91"}, {"firstName": "Matthew Ernest", "lastName": "Wolak", "affiliation": "University of Aberdeen", "affiliationROR": "https://ror.org/016476m91"}, {"firstName": "Elizabeth A.", "lastName": "Gow", "affiliation": "University of British Columbia", "affiliationROR": "https://ror.org/03rmrcq20"}, {"firstName": "Peter", "lastName": "Arcese", "affiliation": "University of British Columbia", "affiliationROR": "https://ror.org/03rmrcq20"}], "abstract": "Female extra-pair reproduction in socially monogamous systems is predicted to cause cuckolded socially-paired males to conditionally reduce paternal care, causing selection against extra-pair reproduction and underlying polyandry. However, existing models and empirical studies have not explicitly considered that cuckolded males might be related to their socially-paired female and/or to her extra-pair mate, and therefore be related to extra-pair offspring that they did not sire but could rear. Selection against paternal care, and hence against extra-pair reproduction, might then be weakened. We derive metrics that quantify allele-sharing between within-pair and extra-pair offspring and their mother and her socially-paired male in terms of coefficients of kinship and inbreeding. We use song sparrow (Melospiza melodia) paternity and pedigree data to quantify these metrics, and thereby quantify the joint effects of extra-pair reproduction and inbreeding on a brood's total allelic value to its socially-paired parents. Cuckolded male song sparrows were almost always detectably related to extra-pair offspring they reared. Consequently, although brood allelic value decreased substantially following female extra-pair reproduction, this decrease was reduced by within-pair and extra-pair reproduction among relatives. Such complex variation in kinship within nuclear families should be incorporated into models considering co-evolutionary dynamics of extra-pair reproduction, parental care and inbreeding.", "keywords": ["pedigree", "parental care", "Melospiza melodia", "mating system", "extra-pair reproduction", "kinship", "Inbreeding", "Holocene"], "usageNotes": "<div class=\"o-metadata__file-usage-entry\"><h4 class=\"o-heading__level3-file-title\">Reid_Parent-Offspring_Kinship_Data</h4><div class=\"o-metadata__file-description\">Data for \"Variation in parent-offspring kinship in socially monogamous systems with extra-pair reproduction and inbreeding\"</div><div class=\"o-metadata__file-name\">Reid_DryadData.txt</br></div></div>", "locations": [{"place": "Vancouver Island"}, {"place": "Canada"}, {"place": "British Columbia"}], "relatedWorks": [{"relationship": "Cites", "identifierType": "DOI", "identifier": "https://doi.org/10.1111/evo.12953"}], "versionNumber": 1, "versionStatus": "submitted", "curationStatus": "Published", "publicationDate": "2016-05-09", "lastModificationDate": "2020-06-30", "visibility": "public", "sharingLink": "https://datadryad.org/stash/share/kV7HWensKhW4_SuePHU6QJGIctdeAFK6F--QWYRSucM", "userId": 97, "license": "https://creativecommons.org/publicdomain/zero/1.0/"}