{"_links": {"self": {"href": "/api/v2/datasets/doi%3A10.5061%2Fdryad.7gg25"}, "stash:versions": {"href": "/api/v2/datasets/doi%3A10.5061%2Fdryad.7gg25/versions"}, "stash:version": {"href": "/api/v2/versions/25281"}, "stash:download": {"href": "/api/v2/datasets/doi%3A10.5061%2Fdryad.7gg25/download"}, "curies": [{"name": "stash", "href": "https://github.com/CDL-Dryad/stash/blob/main/stash_api/link-relations.md#{rel}", "templated": "true"}]}, "identifier": "doi:10.5061/dryad.7gg25", "id": 25208, "storageSize": 969682, "title": "Data from: Previously unknown evolutionary groups dominate the ssDNA gokushoviruses in oxic and anoxic waters of a coastal marine environment", "authors": [{"firstName": "Jessica M.", "lastName": "Labont\u00e9", "affiliation": "University of British Columbia", "affiliationROR": "https://ror.org/03rmrcq20"}, {"firstName": "Steven J.", "lastName": "Hallam", "affiliation": "Canadian Institute for Advanced Research", "affiliationROR": "https://ror.org/01sdtdd95"}, {"firstName": "Curtis A.", "lastName": "Suttle", "affiliation": "University of British Columbia", "affiliationROR": "https://ror.org/03rmrcq20"}], "abstract": "Metagenomic studies have revealed that ssDNA phages from the family Microviridae subfamily Gokushovirinae are widespread in aquatic ecosystems. It is hypothesized that gokushoviruses occupy specialized niches, resulting in differences among genotypes traversing water column gradients. Here, we use degenerate primers that amplify a fragment of the gene encoding the major capsid protein to examine the diversity of gokushoviruses in Saanich Inlet, a seasonally anoxic fjord on the coast of Vancouver Island, British Columbia. Amplicon sequencing of samples from the mixed oxic surface (10 m) and deeper anoxic (200 m) layers indicated a diverse assemblage of gokushoviruses, with greater richness at 10 m than 200 m. A comparison of amplicon sequences with sequences selected on the basis of RFLP patterns from eight surface samples collected over a one-year period revealed that gokushovirus diversity was higher in spring and summer during stratification, and lower in fall and winter after deep-water renewal, consistent with seasonal variability within gokushovirus populations. Phylogenetic analysis of clustered amplicons revealed at least five new phylogenetic clades of previously unknown sequences, with the most abundant group associated with viruses that infect SUP05, a ubiquitous and abundant member of marine oxygen minimum zones. Our results provide persuasive evidence that, while specific gokushovirus genotypes may have a narrow host range, hosts for gokushoviruses in Saanich Inlet consist of a wide range of bacterial taxa, including SUP05, a taxonomic clade of gamma proteobacterial sulfur oxidizers. Members of SUP05 are abundant in Saanich Inlet and involved in carbon, nitrogen, and sulfur cycling along the redoxline; thus, gokushoviruses are likely important mortality agents of these bacteria and have consequent influences on biogeochemical cycling in this system.", "keywords": ["Gokushovirus", "host range", "Deep sequencing", "Microviridae", "Gokushovirinae", "SUP05", "viral diversity"], "usageNotes": "<div class=\"o-metadata__file-usage-entry\"><h4 class=\"o-heading__level3-file-title\">raw_reads</h4><div class=\"o-metadata__file-description\">Raw reads divided by primers of 454 pyrosequencing of gokushovirus degenerate PCR products from Saanich Inlet (raw_reads.zip).</div><div class=\"o-metadata__file-name\"></div></div><div class=\"o-metadata__file-usage-entry\"><h4 class=\"o-heading__level3-file-title\">OTUs</h4><div class=\"o-metadata__file-description\">OTUs at 97% for each of the primer bins (OTUs.zip).</div><div class=\"o-metadata__file-name\"></div></div><div class=\"o-metadata__file-usage-entry\"><h4 class=\"o-heading__level3-file-title\">alignments_and_trees</h4><div class=\"o-metadata__file-description\">Alignment and tree of the major capsid protein phylogeny (alignments_and_trees.zip).</div><div class=\"o-metadata__file-name\"></div></div>", "locations": [{"place": "Canada"}, {"place": "British Columbia"}, {"place": "Saanich Inlet"}], "relatedWorks": [{"relationship": "Cites", "identifierType": "DOI", "identifier": "https://doi.org/10.3389/fmicb.2015.00315"}], "versionNumber": 1, "versionStatus": "submitted", "curationStatus": "Published", "publicationDate": "2016-02-03", "lastModificationDate": "2020-06-24", "visibility": "public", "sharingLink": "https://datadryad.org/stash/share/G5AMuhXnJZH2L8l_6FfkjfOblozkEBTc2gZWDPSocXs", "userId": 3250, "license": "https://creativecommons.org/publicdomain/zero/1.0/"}