{"_links": {"self": {"href": "/api/v2/datasets/doi%3A10.5061%2Fdryad.f660p"}, "stash:versions": {"href": "/api/v2/datasets/doi%3A10.5061%2Fdryad.f660p/versions"}, "stash:version": {"href": "/api/v2/versions/7860"}, "stash:download": {"href": "/api/v2/datasets/doi%3A10.5061%2Fdryad.f660p/download"}, "curies": [{"name": "stash", "href": "https://github.com/CDL-Dryad/stash/blob/main/stash_api/link-relations.md#{rel}", "templated": "true"}]}, "identifier": "doi:10.5061/dryad.f660p", "id": 7822, "storageSize": 208870, "title": "Data from: Early bursts of body size and shape evolution are rare in comparative data", "authors": [{"firstName": "Luke J.", "lastName": "Harmon", "affiliation": "University of Idaho", "affiliationROR": "https://ror.org/03hbp5t65"}, {"firstName": "Jonathan B.", "lastName": "Losos", "affiliation": "Harvard University", "affiliationROR": "https://ror.org/03vek6s52"}, {"firstName": "T. Jonathan", "lastName": "Davies", "affiliation": "National Center for Ecological Analysis and Synthesis", "affiliationROR": "https://ror.org/0146z4r19"}, {"firstName": "Rosemary G.", "lastName": "Gillespie", "affiliation": "University of California, Berkeley", "affiliationROR": "https://ror.org/01an7q238"}, {"firstName": "John L.", "lastName": "Gittleman", "affiliation": "University of Georgia", "affiliationROR": "https://ror.org/00te3t702"}, {"firstName": "W.", "lastName": "Bryan Jennings", "affiliation": "Humboldt State University", "affiliationROR": "https://ror.org/02qt0xs84"}, {"firstName": "Kenneth H.", "lastName": "Kozak", "affiliation": "University of Minnesota", "affiliationROR": "https://ror.org/017zqws13"}, {"firstName": "Mark A.", "lastName": "McPeek", "affiliation": "Dartmouth College", "affiliationROR": "https://ror.org/049s0rh22"}, {"firstName": "Franck", "lastName": "Moreno-Roark", "affiliation": "Clarkson University", "affiliationROR": "https://ror.org/03rwgpn18"}, {"firstName": "Thomas J.", "lastName": "Near", "affiliation": "Yale University", "affiliationROR": "https://ror.org/03v76x132"}, {"firstName": "Andy", "lastName": "Purvis", "affiliation": "Imperial College London", "affiliationROR": "https://ror.org/041kmwe10"}, {"firstName": "Robert E.", "lastName": "Ricklefs", "affiliation": "University of Missouri\u2013St. Louis", "affiliationROR": "https://ror.org/037cnag11"}, {"firstName": "Dolph", "lastName": "Schluter", "affiliation": "University of British Columbia", "affiliationROR": "https://ror.org/03rmrcq20"}, {"firstName": "James A.", "lastName": "Schulte II", "affiliation": "Clarkson University", "affiliationROR": "https://ror.org/03rwgpn18"}, {"firstName": "Ole", "lastName": "Seehausen", "affiliation": "University of Bern", "affiliationROR": "https://ror.org/02k7v4d05"}, {"firstName": "Brian L.", "lastName": "Sidlauskas", "affiliation": "National Evolutionary Synthesis Center", "affiliationROR": "https://ror.org/001ykb961"}, {"firstName": "Omar", "lastName": "Torres-Carvajal", "affiliation": "Pontificia Universidad Cat\u00f3lica del Ecuador", "affiliationROR": "https://ror.org/02qztda51"}, {"firstName": "Jason T.", "lastName": "Weir", "affiliation": "University of British Columbia", "affiliationROR": "https://ror.org/03rmrcq20"}, {"firstName": "Arne \u00d8.", "lastName": "Mooers", "affiliation": "Simon Fraser University", "affiliationROR": "https://ror.org/0213rcc28"}], "abstract": "George Gaylord Simpson famously postulated that much of life's diversity originated as adaptive radiations\u2014more or less simultaneous divergences of numerous lines from a single ancestral adaptive type. However, identifying adaptive radiations has proven difficult due to a lack of broad-scale comparative datasets. Here, we use phylogenetic comparative data on body size and shape in a diversity of animal clades to test a key model of adaptive radiation, in which initially rapid morphological evolution is followed by relative stasis. We compared the fit of this model to both single selective peak and random walk models. We found little support for the early-burst model of adaptive radiation, whereas both other models, particularly that of selective peaks, were commonly supported. In addition, we found that the net rate of morphological evolution varied inversely with clade age. The youngest clades appear to evolve most rapidly because long-term change typically does not attain the amount of divergence predicted from rates measured over short time scales. Across our entire analysis, the dominant pattern was one of constraints shaping evolution continually through time rather than rapid evolution followed by stasis. We suggest that the classical model of adaptive radiation, where morphological evolution is initially rapid and slows through time, may be rare in comparative data.", "usageNotes": "<div class=\"o-metadata__file-usage-entry\"><h4 class=\"o-heading__level3-file-title\">Harmonetal2010</h4><div class=\"o-metadata__file-description\">Data files and r script.</div><div class=\"o-metadata__file-name\"></div></div>", "relatedWorks": [{"relationship": "Cites", "identifierType": "DOI", "identifier": "https://doi.org/10.1111/j.1558-5646.2010.01025.x"}], "versionNumber": 1, "versionStatus": "submitted", "curationStatus": "Published", "publicationDate": "2013-10-03", "lastModificationDate": "2020-06-24", "visibility": "public", "sharingLink": "https://datadryad.org/stash/share/izqKbmLJWqDCFpKfeUoWQC3Ipibj7zaajNh60hDeR4Y", "userId": 5704, "license": "https://creativecommons.org/publicdomain/zero/1.0/"}