{"_links": {"self": {"href": "/api/v2/datasets/doi%3A10.5061%2Fdryad.55t60"}, "stash:versions": {"href": "/api/v2/datasets/doi%3A10.5061%2Fdryad.55t60/versions"}, "stash:version": {"href": "/api/v2/versions/16291"}, "stash:download": {"href": "/api/v2/datasets/doi%3A10.5061%2Fdryad.55t60/download"}, "curies": [{"name": "stash", "href": "https://github.com/CDL-Dryad/stash/blob/main/stash_api/link-relations.md#{rel}", "templated": "true"}]}, "identifier": "doi:10.5061/dryad.55t60", "id": 16234, "storageSize": 53795, "title": "Data from: Host resistance, population structure and the long-term persistence of bubonic plague: contributions of a modelling approach in the Malagasy focus", "authors": [{"firstName": "Fanny", "lastName": "Gascuel", "affiliation": "Institut de Recherche pour le D\u00e9veloppement", "affiliationROR": "https://ror.org/05q3vnk25"}, {"firstName": "Marc", "lastName": "Choisy", "affiliation": "Oxford University Clinical Research Unit", "affiliationROR": "https://ror.org/05rehad94"}, {"firstName": "Jean-Marc", "lastName": "Duplantier", "affiliation": "Institut de Recherche pour le D\u00e9veloppement", "affiliationROR": "https://ror.org/05q3vnk25"}, {"firstName": "Florence", "lastName": "D\u00e9barre", "affiliation": "University of British Columbia", "affiliationROR": "https://ror.org/03rmrcq20"}, {"firstName": "Carine", "lastName": "Brouat", "affiliation": "Institut de Recherche pour le D\u00e9veloppement", "affiliationROR": "https://ror.org/05q3vnk25"}], "abstract": "Although bubonic plague is an endemic zoonosis in many countries around the world, the factors responsible for the persistence of this highly virulent disease remain poorly known. Classically, the endemic persistence of plague is suspected to be due to the coexistence of plague resistant and plague susceptible rodents in natural foci, and/or to a metapopulation structure of reservoirs. Here, we test separately the effect of each of these factors on the long-term persistence of plague. We analyse the dynamics and equilibria of a model of plague propagation, consistent with plague ecology in Madagascar, a major focus where this disease is endemic since the 1920s in central highlands. By combining deterministic and stochastic analyses of this model, and including sensitivity analyses, we show that (i) endemicity is favoured by intermediate host population sizes, (ii) in large host populations, the presence of resistant rats is sufficient to explain long-term persistence of plague, and (iii) the metapopulation structure of susceptible host populations alone can also account for plague endemicity, thanks to both subdivision and the subsequent reduction in the size of subpopulations, and extinction-recolonization dynamics of the disease. In the light of these results, we suggest scenarios to explain the localized presence of plague in Madagascar.", "keywords": ["Xenopsylla cheopis", "Host resistance", "Synopsyllus fonquerniei", "metapopulation structure", "disease persistence", "Rattus rattus", "plague"], "usageNotes": "<div class=\"o-metadata__file-usage-entry\"><h4 class=\"o-heading__level3-file-title\">Figure1</h4><div class=\"o-metadata__file-description\">R script computing and plotting the equilibrium states for a susceptible population, according to the rat's maximal birth rate, r, and the transmission rate, beta. (a) K = 25,000 rats, (b) K = 1,000 rats.</div><div class=\"o-metadata__file-name\">figure1.r</br></div></div><div class=\"o-metadata__file-usage-entry\"><h4 class=\"o-heading__level3-file-title\">Figure 1 - system dynamics</h4><div class=\"o-metadata__file-description\">System dynamics (in C language) used in figure1.r (system (S1.1) in the supporting text S1 of the article).</div><div class=\"o-metadata__file-name\">si_fig1.c</br></div></div><div class=\"o-metadata__file-usage-entry\"><h4 class=\"o-heading__level3-file-title\">Figure 2</h4><div class=\"o-metadata__file-description\">R script computing and plotting the equilibrium states for a rat population including resistant rats, according to the maximal birth rate of rats, r, and the transmission rate, beta. K = 25,000 rats.</div><div class=\"o-metadata__file-name\">figure2.r</br></div></div><div class=\"o-metadata__file-usage-entry\"><h4 class=\"o-heading__level3-file-title\">Figure 2 - system dynamics</h4><div class=\"o-metadata__file-description\">System dynamics (in C language) used in figure2.r (system (1) in the main text of the article).</div><div class=\"o-metadata__file-name\">sir_fig2.c</br></div></div><div class=\"o-metadata__file-usage-entry\"><h4 class=\"o-heading__level3-file-title\">Figure 3</h4><div class=\"o-metadata__file-description\">R script computing the equilibrium states for a susceptible host metapopulation composed of (a) 2 subpopulations, (b) 4 subpopulations and (c) 25 subpopulations (deterministic analysis). Total carrying capacity = 25,000 rats.</div><div class=\"o-metadata__file-name\">figure3.r</br></div></div><div class=\"o-metadata__file-usage-entry\"><h4 class=\"o-heading__level3-file-title\">Figure 3 (a) - system dynamics with 2 subpopulations</h4><div class=\"o-metadata__file-description\">System dynamics (in C language) used in figure3.r to compute the equilibrium states of a host structured susceptible population composed of 2 subpopulations.</div><div class=\"o-metadata__file-name\">sir2P_fig3a.c</br></div></div><div class=\"o-metadata__file-usage-entry\"><h4 class=\"o-heading__level3-file-title\">Figure 3 (b) - system dynamics with 4 subpopulations</h4><div class=\"o-metadata__file-description\">System dynamics (in C language) used in figure3.r to compute the equilibrium states of a host structured susceptible population composed of 4 subpopulations.</div><div class=\"o-metadata__file-name\">sir4P_fig3b.c</br></div></div><div class=\"o-metadata__file-usage-entry\"><h4 class=\"o-heading__level3-file-title\">Figure 3 (c) - system dynamics with 25 subpopulations</h4><div class=\"o-metadata__file-description\">System dynamics (in C language) used in figure3.r to compute the equilibrium states of a host structured susceptible population composed of 25 subpopulations.</div><div class=\"o-metadata__file-name\">sir25P_fig3c.c</br></div></div><div class=\"o-metadata__file-usage-entry\"><h4 class=\"o-heading__level3-file-title\">Figure 4 (a)</h4><div class=\"o-metadata__file-description\">R script computing and plotting the estimated probability of persistence of susceptible rats S and infectious rats I through time, in a non structured population of K=25,000 rats. To get Figures 4(b) and 4(c), only the parameter values need to be modified in this file.</div><div class=\"o-metadata__file-name\">figure4a.r</br></div></div>", "locations": [{"place": "Madagascar"}], "relatedWorks": [{"relationship": "Cites", "identifierType": "DOI", "identifier": "https://doi.org/10.1371/journal.pcbi.1003039"}], "versionNumber": 1, "versionStatus": "submitted", "curationStatus": "Published", "publicationDate": "2013-05-13", "lastModificationDate": "2020-06-24", "visibility": "public", "sharingLink": "https://datadryad.org/stash/share/OBN1oHDEGemSuqSe2o-wQ5gm9NYjmLmbmMeENHFcU38", "userId": 223, "license": "https://creativecommons.org/publicdomain/zero/1.0/"}