{"_links": {"self": {"href": "/api/v2/datasets/doi%3A10.5061%2Fdryad.67n73"}, "stash:versions": {"href": "/api/v2/datasets/doi%3A10.5061%2Fdryad.67n73/versions"}, "stash:version": {"href": "/api/v2/versions/21950"}, "stash:download": {"href": "/api/v2/datasets/doi%3A10.5061%2Fdryad.67n73/download"}, "curies": [{"name": "stash", "href": "https://github.com/CDL-Dryad/stash/blob/main/stash_api/link-relations.md#{rel}", "templated": "true"}]}, "identifier": "doi:10.5061/dryad.67n73", "id": 21886, "storageSize": 23186935, "title": "Data from: Grow with the flow: a latitudinal cline in physiology is associated with more variable precipitation in Erythranthe cardinalis", "authors": [{"firstName": "Christopher D.", "lastName": "Muir", "affiliation": "University of British Columbia", "affiliationROR": "https://ror.org/03rmrcq20"}, {"firstName": "Amy L.", "lastName": "Angert", "affiliation": "University of British Columbia", "affiliationROR": "https://ror.org/03rmrcq20"}], "abstract": "Local adaptation is commonly observed in nature: organisms perform well in their natal environment, but poorly outside it. Correlations between traits and latitude, or latitudinal clines, are among the most common pieces of evidence for local adaptation, but identifying the traits under selection and the selective agents is challenging. Here, we investigated a latitudinal cline in growth and photosynthesis across 16 populations of the perennial herb Erythranthe cardinalis (Phrymaceae). Using machine learning methods, we identify interannual variation in precipitation as a likely selective agent: southern populations from more variable environments had higher photosynthetic rates and grew faster. We hypothesize that selection may favour a more annualized life history \u2013 grow now rather than save for next year \u2013 in environments where severe droughts occur more often. Thus, our study provides insight into how species may adapt if Mediterranean climates become more variable due to climate change.", "keywords": ["Erythranthe cardinalis", "Cline", "photosynthesis", "Mimulus", "growth rate", "monkeyflower", "Mimulus cardinalis"], "usageNotes": "<div class=\"o-metadata__file-usage-entry\"><h4 class=\"o-heading__level3-file-title\">Source code for: Grow with the flow: a latitudinal cline in physiology is associated with more variable precipitation in Erythranthe cardinalis</h4><div class=\"o-metadata__file-description\">Release v1.0 of source code for this manuscript. Download this repository to your machine. Open 'card-cline.Rproj' in RStudio.\r\n Install R packages if necessary. To generate manuscript, simply open ms/ms.Rnw and compile using RStudio.</div><div class=\"o-metadata__file-name\">card-cline.zip</br></div></div>", "locations": [{"place": "Oregon"}, {"place": "California"}], "relatedWorks": [{"relationship": "Cites", "identifierType": "DOI", "identifier": "https://doi.org/10.1111/jeb.13184"}], "versionNumber": 1, "versionStatus": "submitted", "curationStatus": "Published", "publicationDate": "2017-10-23", "lastModificationDate": "2020-06-30", "visibility": "public", "sharingLink": "https://datadryad.org/stash/share/xOu42qUAVNpSD9yxYgnLOxGWJjepdJu7QDhM3DM_myk", "userId": 4409, "license": "https://creativecommons.org/publicdomain/zero/1.0/"}