{"_links": {"self": {"href": "/api/v2/datasets/doi%3A10.5061%2Fdryad.5gp25"}, "stash:versions": {"href": "/api/v2/datasets/doi%3A10.5061%2Fdryad.5gp25/versions"}, "stash:version": {"href": "/api/v2/versions/25246"}, "stash:download": {"href": "/api/v2/datasets/doi%3A10.5061%2Fdryad.5gp25/download"}, "curies": [{"name": "stash", "href": "https://github.com/CDL-Dryad/stash/blob/main/stash_api/link-relations.md#{rel}", "templated": "true"}]}, "identifier": "doi:10.5061/dryad.5gp25", "id": 25173, "storageSize": 6009031, "title": "Data from: Too much of a good thing: The unique and repeated paths toward copper adaptation", "authors": [{"firstName": "Aleeza C.", "lastName": "Gerstein", "affiliation": "University of British Columbia", "affiliationROR": "https://ror.org/03rmrcq20"}, {"firstName": "Jasmine", "lastName": "Ono", "affiliation": "University of British Columbia", "affiliationROR": "https://ror.org/03rmrcq20"}, {"firstName": "Dara S.", "lastName": "Lo", "affiliation": "University of British Columbia", "affiliationROR": "https://ror.org/03rmrcq20"}, {"firstName": "Marcus L.", "lastName": "Campbell", "affiliation": "University of British Columbia", "affiliationROR": "https://ror.org/03rmrcq20"}, {"firstName": "Anastasia", "lastName": "Kuzmin", "affiliation": "University of British Columbia", "affiliationROR": "https://ror.org/03rmrcq20"}, {"firstName": "Sarah P.", "lastName": "Otto", "affiliation": "University of British Columbia", "affiliationROR": "https://ror.org/03rmrcq20"}], "abstract": "Copper is a micronutrient essential for growth due to its role as a co-factor in enzymes involved in respiration, defense against oxidative damage, and iron uptake. Yet too much of a good thing can be lethal, and yeast cells typically do not have tolerance to copper levels much beyond the concentration in their ancestral environment. Here, we report a short-term evolutionary study of Saccharomyces cerevisiae exposed to levels of copper sulfate that are inhibitory to the initial strain. We isolated and identified adaptive mutations soon after they arose, reducing the number of neutral mutations, to determine the first genetic steps that yeast take when adapting to copper. We analyzed 34 such strains through whole-genome sequencing and by assaying fitness within different environments; we also isolated a subset of mutations through tetrad analysis of four lines. We identified a multi-layered evolutionary response. In total, 57 single base-pair mutations were identified across the 34 lines. In addition, gene amplification of the copper metallothionein protein, CUP1, was rampant, as was chromosomal aneuploidy. Four other genes received multiple, independent mutations in different lines (the vacuolar transporter genes VTC1 and VTC4; the plasma membrane H+-ATPase PMA1; and MAM3, a protein required for normal mitochondrial morphology). Analyses indicated that mutations in all four genes, as well as CUP1 copy number, contributed significantly to explaining variation in copper tolerance. Our study thus finds that evolution takes both common and less trodden pathways toward evolving tolerance to an essential, but highly toxic, micronutrient.", "keywords": ["copper tolerance", "genetic basis of adaptation", "aneuploidy", "CUP1", "Saccharomyces cerevisiae", "parallel adaptation", "Yeast"], "usageNotes": "<div class=\"o-metadata__file-usage-entry\"><h4 class=\"o-heading__level3-file-title\">Data package about copper adaptation in yeast</h4><div class=\"o-metadata__file-description\">This package contains files and scripts related to the publication \"Too much of a good thing: The unique and repeated paths toward copper adaptation\". Raw data and analyses are included.</div><div class=\"o-metadata__file-name\">DryadSubmission.zip</br></div><div class=\"o-metadata__file-name\"></div></div>", "relatedWorks": [{"relationship": "Cites", "identifierType": "DOI", "identifier": "https://doi.org/10.1534/genetics.114.171124"}], "versionNumber": 1, "versionStatus": "submitted", "curationStatus": "Published", "publicationDate": "2015-12-16", "lastModificationDate": "2020-06-24", "visibility": "public", "sharingLink": "https://datadryad.org/stash/share/TFzJVuadBvaQ64VnW3swlmPOBSimEcYOVmjFfctaS8w", "userId": 5236, "license": "https://creativecommons.org/publicdomain/zero/1.0/"}