{"_links": {"self": {"href": "/api/v2/datasets/doi%3A10.5061%2Fdryad.b49n840"}, "stash:versions": {"href": "/api/v2/datasets/doi%3A10.5061%2Fdryad.b49n840/versions"}, "stash:version": {"href": "/api/v2/versions/7202"}, "stash:download": {"href": "/api/v2/datasets/doi%3A10.5061%2Fdryad.b49n840/download"}, "curies": [{"name": "stash", "href": "https://github.com/CDL-Dryad/stash/blob/main/stash_api/link-relations.md#{rel}", "templated": "true"}]}, "identifier": "doi:10.5061/dryad.b49n840", "id": 7165, "storageSize": 238859, "title": "Data from: General trust impedes perception of self-reported primary psychopathy in thin slices of social interaction", "authors": [{"firstName": "Joseph H.", "lastName": "Manson", "affiliation": "University of California Los Angeles", "affiliationROR": "https://ror.org/046rm7j60"}, {"firstName": "Matthew M.", "lastName": "Gervais", "affiliation": "University of British Columbia", "affiliationROR": "https://ror.org/03rmrcq20"}, {"firstName": "Gregory A.", "lastName": "Bryant", "affiliation": "University of California Los Angeles", "affiliationROR": "https://ror.org/046rm7j60"}], "abstract": "Little is known about people\u2019s ability to detect subclinical psychopathy from others\u2019 quotidian social behavior, or about the correlates of variation in this ability. This study sought to address these questions using a thin slice personality judgment paradigm. We presented 108 undergraduate judges (70.4% female) with 1.5 minute video thin slices of zero-acquaintance triadic conversations among other undergraduates (targets: n = 105, 57.1% female). Judges completed self-report measures of general trust, caution, and empathy. Target individuals had completed the Levenson Self-Report Psychopathy (LSRP) scale. Judges viewed the videos in one of three conditions: complete audio, silent, or audio from which semantic content had been removed using low-pass filtering. Using a novel other-rating version of the LSRP, judges\u2019 ratings of targets\u2019 primary psychopathy levels were significantly positively associated with targets\u2019 self-reports, but only in the complete audio condition. Judge general trust and target LSRP interacted, such that judges higher in general trust made less accurate judgments with respect to targets higher in primary and total psychopathy. Results are consistent with a scenario in which psychopathic traits are maintained in human populations by negative frequency dependent selection operating through the costs of detecting psychopathy in others.", "keywords": ["psychopathy", "thin slice", "general trust", "personality perception"], "usageNotes": "<div class=\"o-metadata__file-usage-entry\"><h4 class=\"o-heading__level3-file-title\">Example of Stata Do-File running multi-level mixed effects model</h4><div class=\"o-metadata__file-description\">This file contains an example of the Stata Do-Files used to run the multi-level mixed effects regression models used in this paper. More details are found in the file itself. This script is not under any licensing agreement.</div><div class=\"o-metadata__file-name\">Manson_et_al_Stata_Do-file_Example.txt</br></div></div><div class=\"o-metadata__file-usage-entry\"><h4 class=\"o-heading__level3-file-title\">Data from Manson et al, \"General Trust Impedes Perception...\"</h4><div class=\"o-metadata__file-description\">Each row represents one combination of judge, target and psychopathy factor.  Columns represent variables analyzed in this study.</div><div class=\"o-metadata__file-name\">data_from_Manson_et_al_General-Trust-Impedes.csv</br></div><div class=\"o-metadata__file-name\"></div></div>", "relatedWorks": [{"relationship": "Cites", "identifierType": "DOI", "identifier": "https://doi.org/10.1371/journal.pone.0196729"}], "versionNumber": 1, "versionStatus": "submitted", "curationStatus": "Published", "publicationDate": "2018-05-16", "lastModificationDate": "2020-06-24", "visibility": "public", "sharingLink": "https://datadryad.org/stash/share/4oyHHdoOexQqUcXuyFpVVKfUEmb5p8-8rrPqLckPDBs", "userId": 6201, "license": "https://creativecommons.org/publicdomain/zero/1.0/"}