{"_links": {"self": {"href": "/api/v2/datasets/doi%3A10.5061%2Fdryad.95qc4"}, "stash:versions": {"href": "/api/v2/datasets/doi%3A10.5061%2Fdryad.95qc4/versions"}, "stash:version": {"href": "/api/v2/versions/18298"}, "stash:download": {"href": "/api/v2/datasets/doi%3A10.5061%2Fdryad.95qc4/download"}, "curies": [{"name": "stash", "href": "https://github.com/CDL-Dryad/stash/blob/main/stash_api/link-relations.md#{rel}", "templated": "true"}]}, "identifier": "doi:10.5061/dryad.95qc4", "id": 18235, "storageSize": 28675, "title": "Data from: Weak habitat isolation in a threespine stickleback (Gasterosteus spp.) species pair", "authors": [{"firstName": "Laura", "lastName": "Southcott", "affiliation": "University of British Columbia", "affiliationROR": "https://ror.org/03rmrcq20"}, {"firstName": "Laura", "lastName": "Nagel", "affiliation": "Queen's University", "affiliationROR": "https://ror.org/02y72wh86"}, {"firstName": "Todd", "lastName": "Hatfield", "affiliation": "University of British Columbia", "affiliationROR": "https://ror.org/03rmrcq20"}, {"firstName": "Dolph", "lastName": "Schluter", "affiliation": "University of British Columbia", "affiliationROR": "https://ror.org/03rmrcq20"}], "abstract": "Reproductive isolation is central to the study of speciation. Multiple isolating barriers may prevent species from hybridizing, although their individual strength and the interactions between them are rarely measured. We quantified habitat isolation in a recently diverged threespine stickleback species pair (Gasterosteus aculeatus complex) and controlled for any such interactions. Using enclosures in an outdoor pond, we confirm that males of the two species strongly prefer different nesting habitats: limnetic males build nests in open habitats, whereas benthic males nest under vegetation. However, forcing males to nest in their nonpreferred habitat did not reduce the probability of spawning by females. As a result, habitat isolation between the species is estimated to be weak. We compared the strength of habitat isolation estimated in the present study with estimates of other behavioural barriers using previously published data. We discovered that, although total mating isolation between the species is strong, the contributions of differences in body size and male nuptial colour are similarly individually weak. Instead, interactions with other, undetermined species-specific traits were responsible for most of the isolation resulting from differences in body size and, in benthics, colour. This is one of the first attempts to estimate individual isolating barriers at the same time as controlling for interactions.", "keywords": ["gene flow", "behaviour", "reproductive isolation", "hybridization", "Gasterosteus aculeatus", "speciation"], "usageNotes": "<div class=\"o-metadata__file-usage-entry\"><h4 class=\"o-heading__level3-file-title\">Habitat-, body size-, and nuptial colour-based isolation in benthic and limnetic stickleback</h4><div class=\"o-metadata__file-description\">Three .csv files with associated .txt readme files and an R script file for replication of statistical analyses. The .csv files contain data from (1) a test of nesting habitat preference in male benthic and limnetic threespine stickleback, (2) a test of mate choice by female benthic and limnetic stickleback based on male nest habitat, and (3) mate choice trials between benthics and limnetics measuring the effects of size difference and male nuptial colour on hybridization rate.</div><div class=\"o-metadata__file-name\">southcott et al. stickleback habitat isolation data.zip</br></div></div>", "locations": [{"place": "British Columbia"}], "relatedWorks": [{"relationship": "Cites", "identifierType": "DOI", "identifier": "https://doi.org/10.1111/bij.12136"}], "versionNumber": 1, "versionStatus": "submitted", "curationStatus": "Published", "publicationDate": "2013-06-28", "lastModificationDate": "2020-06-24", "visibility": "public", "sharingLink": "https://datadryad.org/stash/share/TG_XkVpnJ-QSdwzsCsW9O1ge-M3yJhLjBSK8SZRQXnU", "userId": 40498, "license": "https://creativecommons.org/publicdomain/zero/1.0/"}