{"_links": {"self": {"href": "/api/v2/datasets/doi%3A10.5061%2Fdryad.66jn7g7"}, "stash:versions": {"href": "/api/v2/datasets/doi%3A10.5061%2Fdryad.66jn7g7/versions"}, "stash:version": {"href": "/api/v2/versions/16478"}, "stash:download": {"href": "/api/v2/datasets/doi%3A10.5061%2Fdryad.66jn7g7/download"}, "curies": [{"name": "stash", "href": "https://github.com/CDL-Dryad/stash/blob/main/stash_api/link-relations.md#{rel}", "templated": "true"}]}, "identifier": "doi:10.5061/dryad.66jn7g7", "id": 16421, "storageSize": 47697, "title": "Data from: Integrating morphological characters, molecular markers, and distribution patterns to assess the identity of Blepharis species from Jordan", "authors": [{"firstName": "Riyadh", "lastName": "Muhaidat", "affiliation": "Yarmouk University", "affiliationROR": "https://ror.org/004mbaj56"}, {"firstName": "Mohammad H.", "lastName": "Brake", "affiliation": "Jerash University", "affiliationROR": "https://ror.org/047mw5m74"}, {"firstName": "Mazhar", "lastName": "Al Zoubi", "affiliation": "Yarmouk University", "affiliationROR": "https://ror.org/004mbaj56"}, {"firstName": "Robert I.", "lastName": "Colautti", "affiliation": "Queen's University", "affiliationROR": "https://ror.org/02y72wh86"}, {"firstName": "Amjad", "lastName": "Al-Nasser", "affiliation": "Yarmouk University", "affiliationROR": "https://ror.org/004mbaj56"}, {"firstName": "Muheeb", "lastName": "Awawdeh", "affiliation": "Yarmouk University", "affiliationROR": "https://ror.org/004mbaj56"}, {"firstName": "Khaled", "lastName": "Al-Batayneh", "affiliation": "Yarmouk University", "affiliationROR": "https://ror.org/004mbaj56"}, {"firstName": "Wesam", "lastName": "Al Khateeb", "affiliation": "Yarmouk University", "affiliationROR": "https://ror.org/004mbaj56"}, {"firstName": "Athena D.", "lastName": "McKown", "affiliation": "University of British Columbia", "affiliationROR": "https://ror.org/03rmrcq20"}, {"firstName": "Jamil", "lastName": "Lahham", "affiliation": "Yarmouk University", "affiliationROR": "https://ror.org/004mbaj56"}, {"firstName": "Ahmad", "lastName": "El-Oqlah", "affiliation": "Yarmouk University", "affiliationROR": "https://ror.org/004mbaj56"}], "abstract": "Background: Blepharis constitutes an important vegetative part of the Jordanian arid and semi-arid regions, yet whether one or more species occurs in this area is debatable. We addressed this question by assessing morphological characters and employing Inter-Simple Sequence Repeat (ISSR) markers on three populations of Blepharis: two Northern (lower slopes of Kufranjah valley and the Dead Sea region) and one Southern (Wadi al Yutm).\r\nResults: Shoots from 19 randomly chosen Blepharis plants per population were harvested for morphological and molecular analyses. Spikes were lax and bract width was considerably shorter than length of the longest lateral spine in the Northern populations compared to the Southern population (P < 0.001). A multivariate linear discriminant analysis (LDA) distinguished the Northern populations from the Southern one largely by internode length, bract width, longest lateral spine length, and bract width to spine length ratio (P < 0.001). The ISSR analysis revealed that 44 markers across eight primers were polymorphic with major allele frequency of 83.6% and an average of 5.5 polymorphic markers per primer. The genetic resemblance among individuals ranged from 0.27 to 0.96. The three Blepharis populations were accordingly clustered into two distinct groups, similar to the analysis of morphological differences. Conclusions: Our results strongly indicate the occurrence of two discrete Blepharis species in Jordan and the hypothesis that the genus is represented by only one species is not supported. The species in Jordan are B. attenutata Napper (represented by the Northern populations) and B. ciliaris [L.] B. L. Burtt (represented by the Southern population). These findings are important for informing floristic work within the region and an updated key has been included in our findings.", "keywords": ["Blepharis attenuata", "inflorescence", "bract", "Blepharis ciliaris", "dimorphic stamens", "Inter-Simple Sequence Repeat (ISSR)", "multivariate analysis", "Holocene"], "usageNotes": "<div class=\"o-metadata__file-usage-entry\"><h4 class=\"o-heading__level3-file-title\">Morphological Data</h4><div class=\"o-metadata__file-description\">Morphological data (see README.md for variable description). All data & analysis files available as an .Rproj project file from GitHub: https://github.com/ColauttiLab/BlepharisMorphData</div><div class=\"o-metadata__file-name\">MuhaidatEtAl_MorphData.csv</br></div><div class=\"o-metadata__file-name\"></div></div><div class=\"o-metadata__file-usage-entry\"><h4 class=\"o-heading__level3-file-title\">LDA.R</h4><div class=\"o-metadata__file-description\">R code for Linear Discriminant Analysis</div><div class=\"o-metadata__file-name\"></div></div><div class=\"o-metadata__file-usage-entry\"><h4 class=\"o-heading__level3-file-title\">LDAvsISSR</h4><div class=\"o-metadata__file-description\">R code for comparing LDA with NMDS from ISSR genotype data</div><div class=\"o-metadata__file-name\"></div></div><div class=\"o-metadata__file-usage-entry\"><h4 class=\"o-heading__level3-file-title\">MuhaidatEtAl_ISSRData</h4><div class=\"o-metadata__file-description\">ISSR genotype data</div><div class=\"o-metadata__file-name\"></div></div>", "locations": [{"place": "Jordan"}], "relatedWorks": [{"relationship": "Cites", "identifierType": "DOI", "identifier": "https://doi.org/10.1186/s40529-018-0234-x"}], "versionNumber": 1, "versionStatus": "submitted", "curationStatus": "Published", "publicationDate": "2019-07-17", "lastModificationDate": "2020-06-24", "visibility": "public", "sharingLink": "https://datadryad.org/stash/share/yb2ygkm2j9FC2wfUB9REC-hx2CmUI2FygcqpwoCIj1w", "userId": 12200, "license": "https://creativecommons.org/publicdomain/zero/1.0/"}