{"_links": {"self": {"href": "/api/v2/datasets/doi%3A10.5061%2Fdryad.v3t23"}, "stash:versions": {"href": "/api/v2/datasets/doi%3A10.5061%2Fdryad.v3t23/versions"}, "stash:version": {"href": "/api/v2/versions/19806"}, "stash:download": {"href": "/api/v2/datasets/doi%3A10.5061%2Fdryad.v3t23/download"}, "curies": [{"name": "stash", "href": "https://github.com/CDL-Dryad/stash/blob/main/stash_api/link-relations.md#{rel}", "templated": "true"}]}, "identifier": "doi:10.5061/dryad.v3t23", "id": 19742, "storageSize": 61822, "title": "Data from: The relationship between parasite fitness and host condition in an insect - virus system", "authors": [{"firstName": "Michelle", "lastName": "Tseng", "affiliation": "University of British Columbia", "affiliationROR": "https://ror.org/03rmrcq20"}, {"firstName": "Judith H.", "lastName": "Myers", "affiliation": "University of British Columbia", "affiliationROR": "https://ror.org/03rmrcq20"}], "abstract": "Research in host-parasite evolutionary ecology has demonstrated that environmental variation plays a large role in mediating the outcome of parasite infection. For example, crowding or low food availability can reduce host condition and make them more vulnerable to parasite infection. This observation that poor-condition hosts often suffer more from parasite infection compared to healthy hosts has led to the assumption that parasite productivity is higher in poor-condition hosts. However, the ubiquity of this negative relationship between host condition and parasite fitness is unknown. Moreover, examining the effect of environmental variation on parasite fitness has been largely overlooked in the host-parasite literature. Here we investigate the relationship between parasite fitness and host condition by using a laboratory experiment with the cabbage looper Trichoplusia ni and its viral pathogen, AcMNPV, and by surveying published host-parasite literature. Our experiments demonstrated that virus productivity was positively correlated with host food availability and the literature survey revealed both positive and negative relationships between host condition and parasite fitness. Together these data demonstrate that contrary to previous assumptions, parasite fitness can be positively or negatively correlated with host fitness. We discuss the significance of these findings for host-parasite population biology.", "keywords": ["Trichoplusia ni", "Environmental variation", "AcMNPV", "host condition", "parasite fitness"], "usageNotes": "<div class=\"o-metadata__file-usage-entry\"><h4 class=\"o-heading__level3-file-title\">Tseng-Myers-data</h4><div class=\"o-metadata__file-description\">This is an excel file of the data used to generate the main findings of the paper Tseng & Myers 2014 PLoS One paper.  5 columns, 156 rows.</div><div class=\"o-metadata__file-name\"></div></div>", "locations": [{"place": "United States"}], "relatedWorks": [{"relationship": "Cites", "identifierType": "DOI", "identifier": "https://doi.org/10.1371/journal.pone.0106401"}], "versionNumber": 1, "versionStatus": "submitted", "curationStatus": "Published", "publicationDate": "2015-08-06", "lastModificationDate": "2020-06-24", "visibility": "public", "sharingLink": "https://datadryad.org/stash/share/Wdy0pACK2xkAw4mRoFrRe0DQ5r1DNVpQZMyKsGbQT64", "userId": 9030, "license": "https://creativecommons.org/publicdomain/zero/1.0/"}