{"_links": {"self": {"href": "/api/v2/datasets/doi%3A10.5061%2Fdryad.863c8sk"}, "stash:versions": {"href": "/api/v2/datasets/doi%3A10.5061%2Fdryad.863c8sk/versions"}, "stash:version": {"href": "/api/v2/versions/23495"}, "stash:download": {"href": "/api/v2/datasets/doi%3A10.5061%2Fdryad.863c8sk/download"}, "curies": [{"name": "stash", "href": "https://github.com/CDL-Dryad/stash/blob/main/stash_api/link-relations.md#{rel}", "templated": "true"}]}, "identifier": "doi:10.5061/dryad.863c8sk", "id": 23431, "storageSize": 1292132, "title": "Data from: Reproductive losses due to climate change-induced earlier flowering are not the primary threat to plant population viability in a perennial herb", "authors": [{"firstName": "Amy M.", "lastName": "Iler", "affiliation": "Chicago Botanic Garden Glencoe Illinois"}, {"firstName": "Aldo", "lastName": "Compagnoni", "affiliation": "Rice University", "affiliationROR": "https://ror.org/008zs3103"}, {"firstName": "David W.", "lastName": "Inouye", "affiliation": "Rocky Mountain Biological Laboratory", "affiliationROR": "https://ror.org/030tcms06"}, {"firstName": "Jennifer L.", "lastName": "Williams", "affiliation": "University of British Columbia", "affiliationROR": "https://ror.org/03rmrcq20"}, {"firstName": "Paul J.", "lastName": "CaraDonna", "affiliation": "Chicago Botanic Garden Glencoe Illinois"}, {"firstName": "Aaron", "lastName": "Anderson", "affiliation": "Rocky Mountain Biological Laboratory", "affiliationROR": "https://ror.org/030tcms06"}, {"firstName": "Tom E.X.", "lastName": "Miller", "affiliation": "Rice University", "affiliationROR": "https://ror.org/008zs3103"}], "abstract": "1. Despite a global footprint of shifts in flowering phenology in response to climate change, the reproductive consequences of these shifts are poorly understood. Furthermore, it is unknown whether altered flowering times affect plant population viability.\r\n2. We examine whether climate change-induced earlier flowering has consequences for population persistence by incorporating reproductive losses from frost damage (a risk of early flowering) in population models of a subalpine sunflower (Helianthella quinquenervis). Using long-term demographic data for three populations that span the species\u2019 elevation range (8\u201315 years, depending on the population), we first examine how snowmelt date affects plant vital rates. To verify vital rate responses to snowmelt date experimentally, we manipulate snowmelt date with a snow removal experiment at one population. Finally, we construct stochastic population projection models and Life Table Response Experiments for each population.\r\n3. We find that populations decline (\u03bbs < 1) as snowmelt dates become earlier. Frost damage to flower buds, a consequence of climate change-induced earlier flowering, does not contribute strongly to population declines. Instead, we find evidence that negative effects on survival, likely due to increased drought risk during longer growing seasons, drive projected population declines under earlier snowmelt dates.\r\n4. Synthesis. Shifts in flowering phenology are a conspicuous and important aspect of biological responses to climate change, but here we show that the phenology of reproductive events can be unreliable measures of threats to population persistence, even when earlier flowering is associated with substantial reproductive losses. Evidence for shifts in reproductive phenology, along with scarcer evidence that these shifts actually influence reproductive success, are valuable but can paint an incomplete and even misleading picture of plant population responses to climate change.", "funders": [{"organization": "National Science Foundation", "awardNumber": "DEB 75-15422, DEB 78-07784, DEB-9408382,DEB-0238331, DEB-0922080, DEB-1145588, DEB-1354104, DEB-1543651"}], "keywords": ["environmental driver", "earlier flowering", "Phenological shift", "Demography", "drought", "matrix model", "Helianthella quinquenervis", "snowmelt"], "usageNotes": "<div class=\"o-metadata__file-usage-entry\"><h4 class=\"o-heading__level3-file-title\">HEQU_demography data</h4><div class=\"o-metadata__file-description\">Long-term demographic vital rates for Helianthella quinquenervis, across three study populations. The csv file was made in Excel. See README.txt file for detailed description of all variables.</div><div class=\"o-metadata__file-name\"></div><div class=\"o-metadata__file-name\"></div></div><div class=\"o-metadata__file-usage-entry\"><h4 class=\"o-heading__level3-file-title\">snowmelt</h4><div class=\"o-metadata__file-description\">Data on first day of bare ground (snowmelt date, shown as day of year; 1 Jan = 1) from a long-term snow monitoring plot monitored by billy barr, near the mid-elevation study population described in the paper (The Rocky Mountain Biological Laboratory). snowmeltT1 refers to the date of melt in year t+1 and snowmeltTm1 refers to the date of melt in year t-1.</div><div class=\"o-metadata__file-name\"></div></div><div class=\"o-metadata__file-usage-entry\"><h4 class=\"o-heading__level3-file-title\">snow.removal.experiment</h4><div class=\"o-metadata__file-description\">Vital responses to experimental snow removal at one study population. The csv file was made in Excel. Variables are described in the associated README.txt file.</div><div class=\"o-metadata__file-name\"></div><div class=\"o-metadata__file-name\"></div></div>", "locations": [{"place": "Western USA"}, {"place": "Montane"}], "relatedWorks": [{"relationship": "Cites", "identifierType": "DOI", "identifier": "https://doi.org/10.1111/1365-2745.13146"}], "versionNumber": 1, "versionStatus": "submitted", "curationStatus": "Published", "publicationDate": "2019-02-28", "lastModificationDate": "2020-06-24", "visibility": "public", "sharingLink": "https://datadryad.org/stash/share/-j7yWMS3EbJhT20nghdqWM-aqEmW6AJCPUVlLjE-Bqk", "userId": 40532, "license": "https://creativecommons.org/publicdomain/zero/1.0/"}