{"_links": {"self": {"href": "/api/v2/datasets/doi%3A10.5061%2Fdryad.pq6p2"}, "stash:versions": {"href": "/api/v2/datasets/doi%3A10.5061%2Fdryad.pq6p2/versions"}, "stash:version": {"href": "/api/v2/versions/21132"}, "stash:download": {"href": "/api/v2/datasets/doi%3A10.5061%2Fdryad.pq6p2/download"}, "curies": [{"name": "stash", "href": "https://github.com/CDL-Dryad/stash/blob/main/stash_api/link-relations.md#{rel}", "templated": "true"}]}, "identifier": "doi:10.5061/dryad.pq6p2", "id": 21068, "storageSize": 1476881, "title": "Data from: Large benefits to marine fisheries of meeting the 1.5\u00b0C global warming target", "authors": [{"firstName": "William W. L.", "lastName": "Cheung", "affiliation": "University of British Columbia", "affiliationROR": "https://ror.org/03rmrcq20"}, {"firstName": "Gabriel", "lastName": "Reygondeau", "affiliation": "University of British Columbia", "affiliationROR": "https://ror.org/03rmrcq20"}, {"firstName": "Thomas L.", "lastName": "Froelicher", "affiliation": "Swiss Federal Institute of Technology in Zurich", "affiliationROR": "https://ror.org/05a28rw58"}], "abstract": "Translating the Paris Agreement to limit global warming to 1.5\u00b0C above preindustrial level into impact-related targets facilitates communication of the benefits of mitigating climate change to policy-makers and stakeholders. Developing ecologically relevant impact-related targets for marine ecosystem services, such as fisheries, is an important step. Here, we use maximum catch potential and species turnover as climate-risk indicators for fisheries. We project that potential catches will decrease by more than 3 million metric tons per degree Celsius of warming. Species turnover is more than halved when warming is lowered from 3.5\u00b0 to 1.5\u00b0C above the preindustrial level. Regionally, changes in maximum catch potential and species turnover vary across ecosystems, with the biggest risk reduction in the Indo-Pacific and Arctic regions when the Paris Agreement target is achieved.", "usageNotes": "<div class=\"o-metadata__file-usage-entry\"><h4 class=\"o-heading__level3-file-title\">Data for fig. 1 - 4</h4><div class=\"o-metadata__file-description\">These are the data used to plot figures 1 - 4 of the paper.</div><div class=\"o-metadata__file-name\">Data.zip</br></div></div>", "relatedWorks": [{"relationship": "Cites", "identifierType": "DOI", "identifier": "https://doi.org/10.1126/science.aag2331"}], "versionNumber": 1, "versionStatus": "submitted", "curationStatus": "Published", "publicationDate": "2017-12-08", "lastModificationDate": "2020-06-24", "visibility": "public", "sharingLink": "https://datadryad.org/stash/share/aniBx9fH2RjDVXcgSObr_MY_gOaFwjxjb7SSUAnSou8", "userId": 21302, "license": "https://creativecommons.org/publicdomain/zero/1.0/"}