{"_links": {"self": {"href": "/api/v2/datasets/doi%3A10.5061%2Fdryad.hg6vs"}, "stash:versions": {"href": "/api/v2/datasets/doi%3A10.5061%2Fdryad.hg6vs/versions"}, "stash:version": {"href": "/api/v2/versions/19633"}, "stash:download": {"href": "/api/v2/datasets/doi%3A10.5061%2Fdryad.hg6vs/download"}, "curies": [{"name": "stash", "href": "https://github.com/CDL-Dryad/stash/blob/main/stash_api/link-relations.md#{rel}", "templated": "true"}]}, "identifier": "doi:10.5061/dryad.hg6vs", "id": 19569, "storageSize": 66367, "title": "Data from: Oceanographic drivers of offspring abundance may increase or decrease variance in reproductive success in a temperate marine fish", "authors": [{"firstName": "Katie E.", "lastName": "Lotterhos", "affiliation": "University of British Columbia", "affiliationROR": "https://ror.org/03rmrcq20"}, {"firstName": "Russell W.", "lastName": "Markel", "affiliation": "University of British Columbia", "affiliationROR": "https://ror.org/03rmrcq20"}], "abstract": "In species that reproduce into uncertain environments, the relationship between mean reproductive success (the abundance of new recruits) and the variance in reproductive success (whether adults contribute disproportionally more offspring) may not be straightforward because of stochastic environmental processes that create high variance in reproductive success among adults. In this study we investigated the relationships between oceanography, reproductive success, and reproductive variance in the black rockfish, Sebastes melanops, a long-lived temperate reef fish with pelagic larvae. We quantified black rockfish recruitment, genetic diversity, and growth rates from otolith microstructure over 5 years (2005-2009) during which oceanographic conditions differed. We used cross-correlations to determine windows of time during which oceanographic variables were significantly correlated with the resulting abundance or genetic diversity of recruits. We found that warmer ocean temperatures were positively correlated with the abundance of recruits, as well as the effective number of breeders. In contrast, the strength of coastal upwelling during settlement was positively correlated with the annual abundance of new recruits, but was negatively correlated with the effective number of breeders. Larval growth rates were explained substantially more by temperature than by upwelling, and suggested that temperature affected survival through growth, while upwelling affected survival through transport. Our results indicated that cold ocean temperatures and intense upwelling caused sweepstakes-like processes to operate on black rockfish populations, despite high abundances of recruits. We propose that a decoupling of the mean and variance in reproductive success may be characteristic of organisms that reproduce into uncertain environments.", "keywords": ["2005-2010", "Fisheries Management", "Recruitment", "Sebastes melanops", "sweepstakes", "pelagic larval duration", "sibships", "parturition", "Population Genetics - Empirical", "settlement"], "usageNotes": "<div class=\"o-metadata__file-usage-entry\"><h4 class=\"o-heading__level3-file-title\">Data_Recruits.Genotypes.ByYear</h4><div class=\"o-metadata__file-description\">Microsatellite genotypes of Sebastes melanops recruits collected from Barkley Sound, British Columbia in GENEPOP format.</div><div class=\"o-metadata__file-name\"></div></div>", "locations": [{"place": "Vancouver Island"}, {"place": "Bamfield"}, {"place": "Pacific Ocean"}, {"place": "British Columbia"}, {"place": "Barkley Sound"}], "relatedWorks": [{"relationship": "Cites", "identifierType": "DOI", "identifier": "https://doi.org/10.1111/j.1365-294X.2012.12002.x"}], "versionNumber": 1, "versionStatus": "submitted", "curationStatus": "Published", "publicationDate": "2012-08-08", "lastModificationDate": "2020-06-24", "visibility": "public", "sharingLink": "https://datadryad.org/stash/share/DRaFbvY0PwvzU32vopTOnv6lelUgnFXHjw8x_qOVfq4", "userId": 33212, "license": "https://creativecommons.org/publicdomain/zero/1.0/"}