{"_links": {"self": {"href": "/api/v2/datasets/doi%3A10.5061%2Fdryad.8tp8n"}, "stash:versions": {"href": "/api/v2/datasets/doi%3A10.5061%2Fdryad.8tp8n/versions"}, "stash:version": {"href": "/api/v2/versions/19611"}, "stash:download": {"href": "/api/v2/datasets/doi%3A10.5061%2Fdryad.8tp8n/download"}, "curies": [{"name": "stash", "href": "https://github.com/CDL-Dryad/stash/blob/main/stash_api/link-relations.md#{rel}", "templated": "true"}]}, "identifier": "doi:10.5061/dryad.8tp8n", "id": 19547, "storageSize": 70998, "title": "Data from: Dispersal barriers and climate determine the geographic distribution of the helicopter damselfly Mecistogaster modesta", "authors": [{"firstName": "Sarah L.", "lastName": "Amundrud", "affiliation": "University of British Columbia", "affiliationROR": "https://ror.org/03rmrcq20"}, {"firstName": "Martin", "lastName": "Videla", "affiliation": "University of British Columbia", "affiliationROR": "https://ror.org/03rmrcq20"}, {"firstName": "Diane S.", "lastName": "Srivastava", "affiliation": "University of British Columbia", "affiliationROR": "https://ror.org/03rmrcq20"}], "abstract": "Species\u2019 ranges are typically constrained by the interplay of physical barriers to dispersal, environmental requirements such as suitable climatic conditions and biotic constraints such as from predation or competition. However, teasing apart the relative importance of these constraints in determining species distributions still represents a major challenge for ecologists.\r\nThe Neotropical damselfly Mecistogaster modesta (Coenagrionidae: Odonata) inhabits wet and moist forests in mainland Central America and north-western South America. This habitat specialist spends its larval development exclusively in tank bromeliads, where it acts as a keystone predator within the aquatic food web. Although tank-forming bromeliads occur from the southern United States throughout most of South America, M. modesta is absent from the Caribbean islands and South America south-east of the Andes mountain chain.\r\nWe employed species distribution models to explore the relative importance of physical barriers (Andes mountain range and oceanic barriers), climate (mean annual temperature and annual precipitation) and biotic interactions (competition from other bromeliad-dwelling odonates) in limiting the geographic distribution of M. modesta.\r\nWe found that dispersal barriers strongly limit the geographic distribution of M. modesta. In addition, its range is restricted by low temperatures and low precipitation. Competition from other bromeliad-dwelling odonates was not important in limiting the damselfly's range. Because of the physical barriers to dispersal, M. modesta does not occupy its full potential geographic range. Specifically, our model predicted suitable habitat on the Caribbean islands and throughout most of South America, where the species is currently absent.\r\nThese findings have important conservation implications, particularly as the aridification of rainforests and subsequent localised extinctions due to climate change continue. On the other hand, the species may respond to warming temperatures by tracking climate to higher elevations, with subsequent effects on na\u00efve high-elevation bromeliad food webs. An upwards migration could also increase the probability of M. modesta overcoming the dispersal barrier presented by the Andes, enabling the damselfly to invade large areas of suitable habitat in South America.", "keywords": ["Bromeliagrion rehni", "dispersal barrier", "bromeliad", "odonata", "Species distribution model", "insects", "Mecistogaster modesta", "Bromeliagrion fernandezianum", "Pseudostigmatidae", "Bromeliagrion bebeanum"], "usageNotes": "<div class=\"o-metadata__file-usage-entry\"><h4 class=\"o-heading__level3-file-title\">Mmodesta_records_FWB</h4><div class=\"o-metadata__file-description\">This file contains a comma-delimited dataset of M. modesta presence and absence records, as well as the physical, climatic, and biotic predictor layers used to model the geographic distribution of M. modesta. In addition, it includes information on the data source and the current land cover.</div><div class=\"o-metadata__file-name\">Mmodesta_FB.csv</br></div><div class=\"o-metadata__file-name\"></div></div><div class=\"o-metadata__file-usage-entry\"><h4 class=\"o-heading__level3-file-title\">Mmodesta_records_FWB_variables</h4><div class=\"o-metadata__file-description\">This comma-delimited file contains metadata regarding all the variables in \"Mmodesta_records_FWB\".</div><div class=\"o-metadata__file-name\">Mmodesta_FB_variables.csv</br></div><div class=\"o-metadata__file-name\"></div></div>", "locations": [{"place": "South America"}, {"place": "Central America"}], "relatedWorks": [{"relationship": "Cites", "identifierType": "DOI", "identifier": "https://doi.org/10.1111/fwb.13054"}], "versionNumber": 1, "versionStatus": "submitted", "curationStatus": "Published", "publicationDate": "2018-11-13", "lastModificationDate": "2020-06-24", "visibility": "public", "sharingLink": "https://datadryad.org/stash/share/fuTdPV78fKtLAYhCv8oFpzNHvxfg-k9me5LwGHc85to", "userId": 29934, "license": "https://creativecommons.org/publicdomain/zero/1.0/"}