{"_links": {"self": {"href": "/api/v2/datasets/doi%3A10.5061%2Fdryad.t9j7g"}, "stash:versions": {"href": "/api/v2/datasets/doi%3A10.5061%2Fdryad.t9j7g/versions"}, "stash:version": {"href": "/api/v2/versions/25052"}, "stash:download": {"href": "/api/v2/datasets/doi%3A10.5061%2Fdryad.t9j7g/download"}, "curies": [{"name": "stash", "href": "https://github.com/CDL-Dryad/stash/blob/main/stash_api/link-relations.md#{rel}", "templated": "true"}]}, "identifier": "doi:10.5061/dryad.t9j7g", "id": 24979, "storageSize": 2224617, "title": "Data from: Ocean circulation model predicts high genetic structure in a long-lived pelagic developer", "authors": [{"firstName": "Jennifer M.", "lastName": "Sunday", "affiliation": "University of British Columbia", "affiliationROR": "https://ror.org/03rmrcq20"}, {"firstName": "Iva", "lastName": "Popovic", "affiliation": "Simon Fraser University", "affiliationROR": "https://ror.org/0213rcc28"}, {"firstName": "Wendy J.", "lastName": "Palen", "affiliation": "Simon Fraser University", "affiliationROR": "https://ror.org/0213rcc28"}, {"firstName": "Michael G. G.", "lastName": "Foreman", "affiliation": "Fisheries and Oceans Canada", "affiliationROR": "https://ror.org/02qa1x782"}, {"firstName": "Michael W.", "lastName": "Hart", "affiliation": "Simon Fraser University", "affiliationROR": "https://ror.org/0213rcc28"}], "abstract": "Understanding the movement of genes and individuals across marine seascapes is a long-standing challenge in marine ecology, and can inform our understanding of local adaptation, the persistence and movement of populations, and the spatial scale of effective management. Patterns of gene flow in the ocean are often inferred based on population genetic analyses coupled with knowledge of species\u2019 dispersive life histories. However, genetic structure is the result of time-integrated processes, and may not capture present-day connectivity between populations. Here we use a high-resolution oceanographic circulation model to predict larval dispersal along the complex coastline of western Canada that includes the transition between two well-studied zoogeographic provinces. We simulate dispersal in a benthic sea star with a 6-10 week pelagic larval phase, and test predictions of this model against previously observed genetic structure including a strong phylogeographic break within the zoogeographical transition zone. We also test predictions with new genetic sampling in a site within the phylogeographic break. We find that the coupled genetic and circulation model predicts the high degree of genetic structure observed in this species, despite its long pelagic duration. High genetic structure on this complex coastline can thus be explained through ocean circulation patterns which tend to retain passive larvae within 20 - 50 km of their parents, suggesting a necessity for close-knit design of Marine Protected Area networks.", "keywords": ["microsatellite", "larval dispersal", "15000 ybp - present", "pseudolarvae", "population genetics", "marine connectivity", "Oceanographic circulation model", "simulated particles", "Patiria miniata", "genotype"], "usageNotes": "<div class=\"o-metadata__file-usage-entry\"><h4 class=\"o-heading__level3-file-title\">drogue locations days 0, 40, 70</h4><div class=\"o-metadata__file-description\">Latitude and longitude of simulated particles at day 0 (seed site), 40 (beginning of simulated competency period) and 70 (end of simulated competency period). Within each of 11 regions (site), particles were released at 40 seed locations (seed), at multiple half-hour intervals (starttime).</div><div class=\"o-metadata__file-name\"></div></div><div class=\"o-metadata__file-usage-entry\"><h4 class=\"o-heading__level3-file-title\">All microsatellite genotypes</h4><div class=\"o-metadata__file-description\">Genotypes for 7 microsatellites for 6 regions in British Columbia, Southeast Alaska, and California, with approximate latitude and longitude of collection site, and date of collection.</div><div class=\"o-metadata__file-name\">Microsatellite genotypes.xlsx</br></div></div>", "locations": [{"place": "SE Alaska"}, {"place": "Alaska"}, {"place": "British Columbia"}, {"place": "California"}], "relatedWorks": [{"relationship": "Cites", "identifierType": "DOI", "identifier": "https://doi.org/10.1111/mec.12924"}], "versionNumber": 1, "versionStatus": "submitted", "curationStatus": "Published", "publicationDate": "2014-09-17", "lastModificationDate": "2020-06-30", "visibility": "public", "sharingLink": "https://datadryad.org/stash/share/b2adkMjENH46Z-uQFTTdpUwl2pEqZCoU-9-WwyD-oSA", "userId": 42757, "license": "https://creativecommons.org/publicdomain/zero/1.0/"}