{"_links": {"self": {"href": "/api/v2/datasets/doi%3A10.5061%2Fdryad.2hb50"}, "stash:versions": {"href": "/api/v2/datasets/doi%3A10.5061%2Fdryad.2hb50/versions"}, "stash:version": {"href": "/api/v2/versions/25418"}, "stash:download": {"href": "/api/v2/datasets/doi%3A10.5061%2Fdryad.2hb50/download"}, "curies": [{"name": "stash", "href": "https://github.com/CDL-Dryad/stash/blob/main/stash_api/link-relations.md#{rel}", "templated": "true"}]}, "identifier": "doi:10.5061/dryad.2hb50", "id": 25345, "storageSize": 3039912, "title": "Data from: Rethinking refugia: tree topology, divergence dates, and demographic history trace the distribution of the endangered Plymouth gentian (Sabatia kennedyana) from the Pleistocene glaciation to present day", "authors": [{"firstName": "Adriana", "lastName": "Suarez-Gonzalez", "affiliation": "University of British Columbia", "affiliationROR": "https://ror.org/03rmrcq20"}, {"firstName": "Jolene T.", "lastName": "Sutton", "affiliation": "Acadia University", "affiliationROR": "https://ror.org/00839we02"}, {"firstName": "Andrew J.", "lastName": "Trant", "affiliation": "University of Victoria", "affiliationROR": "https://ror.org/04s5mat29"}, {"firstName": "Elena", "lastName": "Zamlynny", "affiliation": "Acadia University", "affiliationROR": "https://ror.org/00839we02"}, {"firstName": "Sara V.", "lastName": "Good", "affiliation": "University of British Columbia", "affiliationROR": "https://ror.org/03rmrcq20"}], "abstract": "Premise of study: Molecular population genetics is a powerful tool to infer how species responded to past environmental change. In the northern hemisphere, interest is increasing in how species responded to changes in ice coverage and temperature during the last glaciation maximum (LGM, between 18000\u201321000 yr ago) with a common assumption that glacial refugia were located at the southern edge of a species range. Methods: We reconstructed the glacial and postglacial phylogeography of Sabatia kennedyana, a member of the Atlantic Coastal Plains Flora with a current distribution from Nova Scotia (NS) to South Carolina, using both cpDNA and nuclear markers. We also examined clinal variation in morphological traits, in particular relative investment in asexual vs sexual growth. Key results: We find strong evidence that the species did not reside in southern glacial refugia, but rather in primary glacial refugia off the exposed continental shelf extending from Cape Cod and that this area was responsible for the founding of modern populations across the range from Nova Scotia (NS) to the United States. Additionally, based on the finding of higher cpDNA diversity and older cpDNA lineages in NS, we propose that multiple founder events occurred in NS, while only a single lineage gave rise to current populations in the United States. Conclusions: By understanding how S. kennedyana responded to past shifts in climate and by identifying areas of high genetic diversity in the northern range edge, we discuss the potential response of the species to future climate change scenarios.", "keywords": ["Atlantic Coastal Plain Flora", "Bayesian analyses", "sexual vs asexual investment", "clinal variation", "Extended Bayesian Skyline Plot", "Northern refugia", "ISSR", "cpDNA", "Pleistocene Glaciation", "Pleistocene", "Sabatia kennedyana"], "usageNotes": "<div class=\"o-metadata__file-usage-entry\"><h4 class=\"o-heading__level3-file-title\">Alignment of the spacers between trnS and trnG and rpL20-5\u2019rpS12 in 87 samples from Sabatia kennedyana, representing the northern (NS, Canada), central (MA, USA) and southern (NC, USA) range of the species.</h4><div class=\"o-metadata__file-description\">The spacers between trnS and trnG and rpL20-5\u2019rpS12  were aligned with a consensus length of 1161 bp which was reduced to 812 bp after removing gaps and missing data. Among the 87 samples, 28 cpDNA haplotypes harbouring 38 informative sites were identified in 812 bp. Haplotype sequences were deposited in the GenBank database under accession numbers JX003130 \u2013JX003186 for the rpL20-5\u2019rpS12  intergenic spacer and JX003187 \u2013 JX003245 for the trnS-trnG intergenic spacer.</div><div class=\"o-metadata__file-name\">Appendix S3 - alignment.html</br></div></div>", "locations": [{"place": "North Carolina, USA"}, {"place": "Massachusetts, USA"}, {"place": "Nova Scotia, Canada"}], "relatedWorks": [{"relationship": "Cites", "identifierType": "DOI", "identifier": "https://doi.org/10.3732/ajb.1400254"}], "versionNumber": 1, "versionStatus": "submitted", "curationStatus": "Published", "publicationDate": "2016-03-06", "lastModificationDate": "2020-06-24", "visibility": "public", "sharingLink": "https://datadryad.org/stash/share/r5ve9psWm7zP6tXFd8a7n5vmeXAJGEtAO3qb-gqr7sw", "userId": 11737, "license": "https://creativecommons.org/publicdomain/zero/1.0/"}