{"_links": {"self": {"href": "/api/v2/datasets/doi%3A10.5061%2Fdryad.41pr0"}, "stash:versions": {"href": "/api/v2/datasets/doi%3A10.5061%2Fdryad.41pr0/versions"}, "stash:version": {"href": "/api/v2/versions/14582"}, "stash:download": {"href": "/api/v2/datasets/doi%3A10.5061%2Fdryad.41pr0/download"}, "curies": [{"name": "stash", "href": "https://github.com/CDL-Dryad/stash/blob/main/stash_api/link-relations.md#{rel}", "templated": "true"}]}, "identifier": "doi:10.5061/dryad.41pr0", "id": 14529, "storageSize": 57177, "title": "Data from: Aggressive behaviours, food deprivation and the foraging gene", "authors": [{"firstName": "Silu", "lastName": "Wang", "affiliation": "University of British Columbia", "affiliationROR": "https://ror.org/03rmrcq20"}, {"firstName": "Marla B.", "lastName": "Sokolowski", "affiliation": "University of Toronto", "affiliationROR": "https://ror.org/03dbr7087"}], "abstract": "A pleiotropic gene governs multiple traits, which might constrain the evolution of complexity due to conflicting selection on these traits. However, if the pleiotropic effect is modular, then this can facilitate synergistic responses to selection on functionally related traits, thereby leveraging the evolution of complexity. To understand the evolutionary consequence of pleiotropy, the relation among functionally different traits governed by the same gene is key. We examined a pleiotropic function of the foraging (for) gene with its rover and sitter allelic variants in fruit fly, Drosophila melanogaster. We measured for's effect on adult male aggressive behaviours and whether this effect was shaped by for's known role in food-related traits. Rover exhibited higher levels of offensive behaviour than sitters and s2, a sitter-like mutant on rover genetic background. With a Markov chain model, we estimated the rate of aggression escalation, and found that the rover pattern of aggressive escalation more rapidly intensified fights. Subsequent analysis revealed that this was not caused by for's effect on food-related traits, suggesting that for might directly regulate aggressive behaviours. Food deprivation did not elevate aggression, but reduced intermediate-level aggressive behaviours. Aggression and other foraging-related behaviour might comprise a synergistic trait module underlaid by this pleiotropic gene.", "keywords": ["behaviour", "aggression", "pleiotropy", "drosophila melanogaster"], "usageNotes": "<div class=\"o-metadata__file-usage-entry\"><h4 class=\"o-heading__level3-file-title\">24hours_fooddep_experiment_freq</h4><div class=\"o-metadata__file-description\">Behavior frequency of each treatment and strain.</div><div class=\"o-metadata__file-name\"></div></div><div class=\"o-metadata__file-usage-entry\"><h4 class=\"o-heading__level3-file-title\">24hours_fooddep_weight</h4><div class=\"o-metadata__file-description\">Dry weight of flies in each treatment and strain</div><div class=\"o-metadata__file-name\"></div></div><div class=\"o-metadata__file-usage-entry\"><h4 class=\"o-heading__level3-file-title\">Behavior_transition_networks</h4><div class=\"o-metadata__file-description\">Raw behavior transition matrices used to calculate escalation rate from approach to head-to-head-interaction.</div><div class=\"o-metadata__file-name\"></div></div>", "relatedWorks": [{"relationship": "Cites", "identifierType": "DOI", "identifier": "https://doi.org/10.1098/rsos.170042"}], "versionNumber": 1, "versionStatus": "submitted", "curationStatus": "Published", "publicationDate": "2017-03-23", "lastModificationDate": "2020-06-24", "visibility": "public", "sharingLink": "https://datadryad.org/stash/share/eL0JEportvIUivuDBpzcZyTd8BrViYLRLEM4cl-r9SI", "userId": 10052, "license": "https://creativecommons.org/publicdomain/zero/1.0/"}