{"_links": {"self": {"href": "/api/v2/datasets/doi%3A10.5061%2Fdryad.dc409"}, "stash:versions": {"href": "/api/v2/datasets/doi%3A10.5061%2Fdryad.dc409/versions"}, "stash:version": {"href": "/api/v2/versions/13502"}, "stash:download": {"href": "/api/v2/datasets/doi%3A10.5061%2Fdryad.dc409/download"}, "curies": [{"name": "stash", "href": "https://github.com/CDL-Dryad/stash/blob/main/stash_api/link-relations.md#{rel}", "templated": "true"}]}, "identifier": "doi:10.5061/dryad.dc409", "id": 13450, "storageSize": 77898, "title": "Data from: Induced defences alter the strength and direction of natural selection on reproductive traits in common milkweed", "authors": [{"firstName": "Ken A.", "lastName": "Thompson", "affiliation": "University of British Columbia", "affiliationROR": "https://ror.org/03rmrcq20"}, {"firstName": "Kaitlin A.", "lastName": "Cory", "affiliation": "University of Toronto", "affiliationROR": "https://ror.org/03dbr7087"}, {"firstName": "Marc T.J.", "lastName": "Johnson", "affiliation": "University of Toronto", "affiliationROR": "https://ror.org/03dbr7087"}], "abstract": "Evolutionary biologists have long sought to understand the ecological processes that generate plant reproductive diversity. Recent evidence indicates that constitutive antiherbivore defences can alter natural selection on reproductive traits, but it is unclear whether induced defences will have the same effect and whether reduced foliar damage in defended plants is the cause of this pattern. In a factorial field experiment using common milkweed, Asclepias syriaca L., we induced plant defences using jasmonic acid (JA) and imposed foliar damage using scissors. We found that JA-induced plants experienced selection for more inflorescences that were smaller in size (fewer flowers), whereas control plants only experienced a trend towards selection for larger inflorescences (more flowers); all effects were independent of foliar damage. Our results demonstrate that induced defences can alter both the strength and direction of selection on reproductive traits, and suggest that antiherbivore defences may promote the evolution of plant reproductive diversity.", "keywords": ["Anthropocene", "Display size", "Phenotypic Plasticity", "Herbivory", "floral traits", "quantitative genetics", "induced resistance", "induced response", "Asclepias syriaca L.", "phenotypic selection", "milkweed", "Holocene", "Jasmonic Acid"], "usageNotes": "<div class=\"o-metadata__file-usage-entry\"><h4 class=\"o-heading__level3-file-title\">Master ZIP file containing data, analysis script, and metadata.</h4><div class=\"o-metadata__file-description\">This .ZIP file contains data (.csv) for each milkweed plant included in the experiment, with information about treatments and measurements. It also includes analysis script (.R), and a  readme file (.txt) containing metadata.</div><div class=\"o-metadata__file-name\">Thompson_etal_2017-MasterFile.zip</br></div><div class=\"o-metadata__file-name\"></div></div><div class=\"o-metadata__file-usage-entry\"><h4 class=\"o-heading__level3-file-title\">Dataset only (.csv)</h4><div class=\"o-metadata__file-description\">Download only the data</div><div class=\"o-metadata__file-name\">2016-03-01-DFE_Data_CSV.csv</br></div></div><div class=\"o-metadata__file-usage-entry\"><h4 class=\"o-heading__level3-file-title\">Analysis script only (.R)</h4><div class=\"o-metadata__file-description\">Download only the R script.</div><div class=\"o-metadata__file-name\">2017-01-24-DFE_R-SCRIPT.R</br></div></div>", "locations": [{"place": "Canada"}, {"place": "Mississauga"}, {"place": "Ontario"}, {"place": "Toronto"}], "relatedWorks": [{"relationship": "Cites", "identifierType": "DOI", "identifier": "https://doi.org/10.1111/jeb.13045"}], "versionNumber": 1, "versionStatus": "submitted", "curationStatus": "Published", "publicationDate": "2017-01-25", "lastModificationDate": "2020-06-30", "visibility": "public", "sharingLink": "https://datadryad.org/stash/share/dOw2QqV9_TE7ZHBXTXaZfeitSmZ7N2aepaVn9XE4UiE", "userId": 9838, "license": "https://creativecommons.org/publicdomain/zero/1.0/"}