{"_links": {"self": {"href": "/api/v2/datasets/doi%3A10.5061%2Fdryad.g4f4qrfmm"}, "stash:versions": {"href": "/api/v2/datasets/doi%3A10.5061%2Fdryad.g4f4qrfmm/versions"}, "stash:version": {"href": "/api/v2/versions/62325"}, "stash:download": {"href": "/api/v2/datasets/doi%3A10.5061%2Fdryad.g4f4qrfmm/download"}, "curies": [{"name": "stash", "href": "https://github.com/CDL-Dryad/stash/blob/main/stash_api/link-relations.md#{rel}", "templated": "true"}]}, "identifier": "doi:10.5061/dryad.g4f4qrfmm", "id": 43310, "storageSize": 55583, "title": "Data from: A stochastic model for predicting age and mass at maturity of insects", "authors": [{"firstName": "Geoffrey", "lastName": "Legault", "email": "geoffrey.legault@ubc.ca", "affiliation": "University of British Columbia", "affiliationROR": "https://ror.org/03rmrcq20", "orcid": "0000-0003-2136-587X"}, {"firstName": "Joel", "lastName": "Kingsolver", "email": "", "affiliation": "University of North Carolina", "affiliationROR": "https://ror.org/0130frc33"}], "abstract": "<p>Variation in age and mass at maturity is commonly observed in populations, even among individuals with the same genetic and environmental backgrounds. Accounting for such individual variation with a stochastic model is important for estimating optimal evolutionary strategies and for understanding potential trade-offs among life history traits. However, most studies employ stochastic models that are either phenomenological or account for variation in only one life history trait. We propose a model based on the developmental biology of the moth <em>Manduca sexta</em> that accounts for stochasticity in two key life history traits, age and mass at maturity. The model is mechanistic, describing feeding behavior and common insect developmental processes including the degradation of juvenile hormone prior to molting. We derive a joint probability density function for the model and explore how the distribution of age and mass at maturity is affected by different parameter values. We find that the joint distribution is generally non-normal and highly sensitive to parameter values. In addition, our model predicts previously observed effects of temperature change and nutritional quality on the expected values of insect age and mass. Our results highlight the importance of integrating multiple sources of stochasticity into life history models.</p>\r\n", "funders": [{"organization": "National Science Foundation", "awardNumber": "1555959"}], "keywords": [" Larval development", "insect larvae", "insect pests", "ecological modeling", "Sampling distributions", "maximum likelihood estimation"], "usageNotes": "<p>This ZIP archive contains R files for simulating the stochastic maturation and growth model, and for evaluating the joint probability density function.</p>\r\n", "relatedWorks": [{"relationship": "Cites", "identifierType": "DOI", "identifier": "https://doi.org/10.1086/709503"}], "versionNumber": 3, "versionStatus": "submitted", "curationStatus": "Published", "publicationDate": "2020-04-22", "lastModificationDate": "2020-04-22", "visibility": "public", "sharingLink": "https://datadryad.org/stash/share/N2G5Y2ClsOyv4oe4QcIy01Ku4YaeRK52TGhwZiPkUeI", "userId": 43579, "license": "https://creativecommons.org/publicdomain/zero/1.0/"}