{"_links": {"self": {"href": "/api/v2/datasets/doi%3A10.5061%2Fdryad.g23j32s"}, "stash:versions": {"href": "/api/v2/datasets/doi%3A10.5061%2Fdryad.g23j32s/versions"}, "stash:version": {"href": "/api/v2/versions/8519"}, "stash:download": {"href": "/api/v2/datasets/doi%3A10.5061%2Fdryad.g23j32s/download"}, "curies": [{"name": "stash", "href": "https://github.com/CDL-Dryad/stash/blob/main/stash_api/link-relations.md#{rel}", "templated": "true"}]}, "identifier": "doi:10.5061/dryad.g23j32s", "id": 8480, "storageSize": 182264, "title": "Data from: Large\u2010scale molecular diet analysis in a generalist marine mammal reveals male preference for prey of conservation concern", "authors": [{"firstName": "Dietmar", "lastName": "Schwarz", "affiliation": "Western Washington University", "affiliationROR": "https://ror.org/05wn7r715"}, {"firstName": "Sara M.", "lastName": "Spitzer", "affiliation": "Western Washington University", "affiliationROR": "https://ror.org/05wn7r715"}, {"firstName": "Austen C.", "lastName": "Thomas", "affiliation": "University of British Columbia", "affiliationROR": "https://ror.org/03rmrcq20"}, {"firstName": "Christa M.", "lastName": "Kohnert", "affiliation": "Western Washington University", "affiliationROR": "https://ror.org/05wn7r715"}, {"firstName": "Theresa R.", "lastName": "Keates", "affiliation": "Western Washington University", "affiliationROR": "https://ror.org/05wn7r715"}, {"firstName": "Alejandro", "lastName": "Acevedo-Guti\u00e9rrez", "affiliation": "Western Washington University", "affiliationROR": "https://ror.org/05wn7r715"}], "abstract": "Sex\u2010specific diet information is important in the determination of predator impacts on prey populations. Unfortunately, the diet of males and females can be difficult to describe, particularly when they are marine predators. We combined two molecular techniques to describe haul\u2010out use and prey preferences of male and female harbor seals (Phoca vitulina) from Comox and Cowichan Bay (Canada) during 2012\u20132013. DNA metabarcoding quantified the diet proportions comprised of prey species in harbor seal scat, and qPCR determined the sex of the individual that deposited each scat. Using 287 female and 260 male samples, we compared the monthly sex ratio with GLMs and analyzed prey consumption relative to sex, season, site, and year with PERMANOVA. The sex ratio between monthly samples differed widely in both years (range = 12%\u201379% males) and showed different patterns at each haul\u2010out site. Male and female diet differed across both years and sites: Females consumed a high proportion of demersal fish species while males consumed more salmonid species. Diet composition was related to both sex and season (PERMANOVA: R2 = 27%, p < 0.001; R2 = 24%, p < 0.001, respectively) and their interaction (PERMANOVA: R2 = 11%, p < 0.001). Diet differences between males and females were consistent across site and year, suggesting fundamental foraging differences, including that males may have a larger impact on salmonids than females. Our novel combination of techniques allowed for both prey taxonomic and spatiotemporal resolution unprecedented in marine predators.", "keywords": ["Predator Prey Interactions", "DNA metabarcoding", "Marine mammals", "Sex Identification", "Diet Analysis", "Holocene", "Phoca vitulina"], "usageNotes": "<div class=\"o-metadata__file-usage-entry\"><h4 class=\"o-heading__level3-file-title\">Sex of depositor and diet proportions for individual scat samples</h4><div class=\"o-metadata__file-description\">The file lists the sex of the scat depositor, individual sample ID, sampling month, sampling season, sampling year, and sampling site, as well as the diet proportions of different prey species (in %) for each individual sample used in the study. Salmonid prey species proportions are listed separately for juvenile and adult salmon. The columns with prey species diet proportions are followed by columns showing diet proportions by order (for fish) or higher taxonomic level for invertebrates (Crustacea and Cephalopoda).</div><div class=\"o-metadata__file-name\">Data accessibility file for Dryad.csv</br></div></div>", "locations": [{"place": "Salish Sea"}], "relatedWorks": [{"relationship": "Cites", "identifierType": "DOI", "identifier": "https://doi.org/10.1002/ece3.4474"}], "versionNumber": 1, "versionStatus": "submitted", "curationStatus": "Published", "publicationDate": "2019-07-17", "lastModificationDate": "2020-06-24", "visibility": "public", "sharingLink": "https://datadryad.org/stash/share/-NaRRIGkvWNHZ0138ev0tjj7-7noEp7bxpe2V4I35dE", "userId": 31277, "license": "https://creativecommons.org/publicdomain/zero/1.0/"}