{"_links": {"self": {"href": "/api/v2/datasets/doi%3A10.5061%2Fdryad.stqjq2bzw"}, "stash:versions": {"href": "/api/v2/datasets/doi%3A10.5061%2Fdryad.stqjq2bzw/versions"}, "stash:version": {"href": "/api/v2/versions/76778"}, "stash:download": {"href": "/api/v2/datasets/doi%3A10.5061%2Fdryad.stqjq2bzw/download"}, "curies": [{"name": "stash", "href": "https://github.com/CDL-Dryad/stash/blob/main/stash_api/link-relations.md#{rel}", "templated": "true"}]}, "identifier": "doi:10.5061/dryad.stqjq2bzw", "id": 36114, "storageSize": 1036426, "title": "Five-years of ocrelizumab in relapsing multiple sclerosis: OPERA studies open-label extension", "authors": [{"firstName": "Stephen L", "lastName": "Hauser", "email": "stephen.hauser@ucsf.edu", "affiliation": "University of California, Berkeley", "affiliationROR": "https://ror.org/01an7q238"}, {"firstName": "Ludwig", "lastName": "Kappos", "email": "ludwig.kappos@usb.ch", "affiliation": "University Hospital of Basel", "affiliationROR": "https://ror.org/04k51q396"}, {"firstName": "Douglas L", "lastName": "Arnold", "email": "doug@mrs.mni.mcgill.ca", "affiliation": "McGill University", "affiliationROR": "https://ror.org/01pxwe438"}, {"firstName": "Amit", "lastName": "Bar-Or", "email": "amitbar@upenn.edu", "affiliation": "University of Pennsylvania", "affiliationROR": "https://ror.org/00b30xv10"}, {"firstName": "Bruno", "lastName": "Brochet", "email": "bruno.brochet@chu-bordeaux.fr", "affiliation": "Centre Hospitalier Universitaire de Bordeaux", "affiliationROR": "https://ror.org/01hq89f96"}, {"firstName": "Robert T", "lastName": "Naismith", "email": "naismithr@neuro.wustl.edu", "affiliation": "Washington University in St. Louis School of Medicine", "affiliationROR": "https://ror.org/04cf69335"}, {"firstName": "Anthony", "lastName": "Traboulsee", "email": "t.traboulsee@ubc.ca", "affiliation": "University of British Columbia", "affiliationROR": "https://ror.org/03rmrcq20", "orcid": "0000-0002-0351-9639"}, {"firstName": "Jerry S", "lastName": "Wolinsky", "email": "jerry.s.wolinsky@uth.tmc.edu", "affiliation": "The University of Texas Health Science Center at Houston", "affiliationROR": "https://ror.org/03gds6c39", "orcid": "0000-0002-8197-2762"}, {"firstName": "Shibeshih", "lastName": "Belachew", "email": "belachew@me.com", "affiliation": "Roche (Switzerland)", "affiliationROR": "https://ror.org/00by1q217"}, {"firstName": "Harold", "lastName": "Koendgen", "email": "harold.koendgen@roche.com", "affiliation": "Roche (Switzerland)", "affiliationROR": "https://ror.org/00by1q217"}, {"firstName": "Victoria", "lastName": "Levesque", "email": "levesque.victoria@gene.com", "affiliation": "Genetec (United States)", "affiliationROR": "https://ror.org/017w8ej57"}, {"firstName": "Marianna", "lastName": "Manfrini", "email": "marianna.manfrini@roche.com", "affiliation": "Roche (Switzerland)", "affiliationROR": "https://ror.org/00by1q217"}, {"firstName": "Fabian", "lastName": "Model", "email": "fabian.model@roche.com", "affiliation": "Roche (Switzerland)", "affiliationROR": "https://ror.org/00by1q217"}, {"firstName": "Stanislas", "lastName": "Hubeaux", "email": "stanislas.hubeaux@roche.com", "affiliation": "Roche (Switzerland)", "affiliationROR": "https://ror.org/00by1q217"}, {"firstName": "Lahar", "lastName": "Mehta", "email": "mehta.lahar@gene.com", "affiliation": "Genetec (United States)", "affiliationROR": "https://ror.org/017w8ej57"}, {"firstName": "Xavier", "lastName": "Montalban", "email": "xavier.montalban@cem-cat.org", "affiliation": "University of Toronto", "affiliationROR": "https://ror.org/03dbr7087"}], "abstract": "<p style=\"margin-bottom:4px;\"><b>Objective</b></p>\r\n\r\n<p style=\"margin-bottom:4px;\">To assess over 3 years of follow-up, the effects of maintaining or switching to ocrelizumab (OCR) therapy on clinical and MRI outcomes and safety measures in the open-label extension (OLE) phase of the pooled OPERA studies in relapsing multiple sclerosis.</p>\r\n\r\n<p style=\"margin-bottom:4px;\"><b>Methods</b></p>\r\n\r\n<p style=\"margin-bottom:4px;\">After 2 years of double-blind, controlled treatment, patients continued OCR (600 mg infusions every 24 weeks) or switched from interferon (IFN) \u03b2-1a (44 \u03bcg 3 times weekly) to OCR when entering the OLE phase (3 years). Adjusted annualized relapse rate, time to onset of 24-week confirmed disability progression/improvement (CDP/CDI), brain MRI activity (gadolinium-enhanced and new/enlarging T2 lesions), and percentage brain volume change were analyzed.</p>\r\n\r\n<p style=\"margin-bottom:4px;\"><b>Results</b></p>\r\n\r\n<p style=\"margin-bottom:4px;\">Of patients entering the OLE phase, 88.6% completed Year 5. The cumulative proportion with 24-week CDP was lower in patients who initiated OCR earlier, vs patients initially receiving IFN \u03b2-1a (16.1% vs 21.3% at Year 5; <i>p</i>=0.014). Patients continuing OCR maintained, and those switching from IFN \u03b2-1a to OCR attained near complete and sustained suppression of new brain MRI lesion activity from Year 3 to 5. Over the OLE phase, patients continuing OCR exhibited less whole brain volume loss from double-blind study baseline vs those switching from IFN \u03b2-1a (\u20131.87% vs \u20132.15% at Year 5; <i>p</i>&lt;0.01). Adverse events were consistent with past reports and no new safety signals emerged with prolonged treatment.</p>\r\n\r\n<p style=\"margin-bottom:4px;\"><b>Conclusion</b></p>\r\n\r\n<p style=\"margin-bottom:4px;\">Compared with patients switching from IFN \u03b2-1a, earlier and continuous OCR treatment up to 5 years provided sustained benefit on clinical and MRI measures of disease progression.</p>\r\n", "funders": [{"organization": "F. Hoffmann-La Roche", "awardNumber": ""}], "keywords": ["All Clinical Neurology", "All Clinical trials", "Multiple Sclerosis"], "relatedWorks": [{"relationship": "Cites", "identifierType": "DOI", "identifier": "https://doi.org/10.1056/NEJMoa1601277"}, {"relationship": "Cites", "identifierType": "DOI", "identifier": "https://doi.org/10.1212/WNL.0000000000010376"}], "versionNumber": 4, "versionStatus": "submitted", "curationStatus": "Published", "publicationDate": "2020-08-10", "lastModificationDate": "2020-08-13", "visibility": "public", "sharingLink": "https://datadryad.org/stash/share/G8Ajycvu9FYBISwShOf5PihKvvY6pcXgk5eS-QJdXAU", "userId": 47850, "license": "https://creativecommons.org/publicdomain/zero/1.0/"}