{"_links": {"self": {"href": "/api/v2/datasets/doi%3A10.5061%2Fdryad.gs352"}, "stash:versions": {"href": "/api/v2/datasets/doi%3A10.5061%2Fdryad.gs352/versions"}, "stash:version": {"href": "/api/v2/versions/6259"}, "stash:download": {"href": "/api/v2/datasets/doi%3A10.5061%2Fdryad.gs352/download"}, "curies": [{"name": "stash", "href": "https://github.com/CDL-Dryad/stash/blob/main/stash_api/link-relations.md#{rel}", "templated": "true"}]}, "identifier": "doi:10.5061/dryad.gs352", "id": 6223, "storageSize": 304835, "title": "Data from: Patterns of domestication in the Ethiopian oil-seed crop Noug (Guizotia abyssinica)", "authors": [{"firstName": "Hannes", "lastName": "Dempewolf", "affiliation": "University of British Columbia", "affiliationROR": "https://ror.org/03rmrcq20"}, {"firstName": "Misteru", "lastName": "Tesfaye", "affiliation": "Ethiopian Institute of Agricultural Research", "affiliationROR": "https://ror.org/01mhm6x57"}, {"firstName": "Abel", "lastName": "Teshome", "affiliation": "Swedish University of Agricultural Sciences", "affiliationROR": "https://ror.org/02yy8x990"}, {"firstName": "Anne", "lastName": "Bjorkman", "affiliation": "University of British Columbia", "affiliationROR": "https://ror.org/03rmrcq20"}, {"firstName": "Rose L.", "lastName": "Andrew", "affiliation": "University of British Columbia", "affiliationROR": "https://ror.org/03rmrcq20"}, {"firstName": "Moira", "lastName": "Scascitelli", "affiliation": "University of British Columbia", "affiliationROR": "https://ror.org/03rmrcq20"}, {"firstName": "Scott", "lastName": "Black", "affiliation": "University of British Columbia", "affiliationROR": "https://ror.org/03rmrcq20"}, {"firstName": "Endashaw", "lastName": "Bekele", "affiliation": "Addis Ababa University", "affiliationROR": "https://ror.org/038b8e254"}, {"firstName": "Johannes M. M.", "lastName": "Engels", "affiliation": "University of British Columbia", "affiliationROR": "https://ror.org/03rmrcq20"}, {"firstName": "Quentin C. B.", "lastName": "Cronk", "affiliation": "University of British Columbia", "affiliationROR": "https://ror.org/03rmrcq20"}, {"firstName": "Loren H.", "lastName": "Rieseberg", "affiliation": "University of British Columbia", "affiliationROR": "https://ror.org/03rmrcq20"}, {"firstName": "Anne D.", "lastName": "Bjorkman", "affiliation": "University of British Columbia", "affiliationROR": "https://ror.org/03rmrcq20"}], "abstract": "Noug (Guizotia abyssinica) is a semi-domesticated oil-seed crop, which is primarily cultivated in Ethiopia. Unlike its closest crop relative, sunflower, noug has small seeds, small flowering heads, many branches, many flowering heads, indeterminate flowering, and it shatters in the field. Here we conducted common garden studies and microsatellite analyses of genetic variation to test whether high levels of crop-wild gene flow and/or unfavorable phenotypic correlations have hindered noug domestication. With the exception of one population, analyses of microsatellite variation failed to detect substantial recent admixture between noug and its wild progenitor. Likewise, only very weak correlations were found between seed mass and the number or size of flowering heads. Thus, noug's \u2018atypical\u2019 domestication syndrome does not seem to be a consequence of recent introgression or unfavorable phenotypic correlations. Nonetheless, our data do reveal evidence of local adaptation of noug cultivars to different precipitation regimes, as well as high levels of phenotypic plasticity, which may permit reasonable yields under diverse environmental conditions. Why noug has not been fully domesticated remains a mystery, but perhaps early farmers selected for resilience to episodic drought or untended environments rather than larger seeds. Domestication may also have been slowed by noug's outcrossing mating system.", "keywords": ["Guizotia abyssinica", "phylogeography", "Phenotypic Plasticity", "Plant Mating Systems", "Agriculture", "Contemporary Evolution", "Guizotia scabra ssp. schimperii", "Population Genetics - Empirical"], "usageNotes": "<div class=\"o-metadata__file-usage-entry\"><h4 class=\"o-heading__level3-file-title\">Noug microsatellite data</h4><div class=\"o-metadata__file-description\">This file contains microsatellite scores (allele fragment lengths) for 16 loci and 639 individuals, representing 33 populations of noug (Guizotia abyssinica) and it's wild relative (Guizotia scabra ssp. schimperii).</div><div class=\"o-metadata__file-name\">noug_microsatellitest.txt</br></div><div class=\"o-metadata__file-name\"></div></div><div class=\"o-metadata__file-usage-entry\"><h4 class=\"o-heading__level3-file-title\">Noug phenotypic data</h4><div class=\"o-metadata__file-description\">This file contains phenotypic data collected on the level of individuals (sheet: Noug_Individual_Data), accessions (sheet: Noug_Pooled_Data) and environmental data of the collecting sites (sheet: Environmental_Data).</div><div class=\"o-metadata__file-name\">noug_pheno_data.xlsx</br></div><div class=\"o-metadata__file-name\"></div></div>", "locations": [{"place": "Ethiopia"}], "relatedWorks": [{"relationship": "Cites", "identifierType": "DOI", "identifier": "https://doi.org/10.1111/eva.12256"}], "versionNumber": 1, "versionStatus": "submitted", "curationStatus": "Published", "publicationDate": "2015-02-26", "lastModificationDate": "2020-06-24", "visibility": "public", "sharingLink": "https://datadryad.org/stash/share/Ndrax2RY4Ag8aCmdxtfAISaF-ac68K1sIDmADCm6a0w", "userId": 11601, "license": "https://creativecommons.org/publicdomain/zero/1.0/"}