{"_links": {"self": {"href": "/api/v2/datasets/doi%3A10.5061%2Fdryad.13vk0"}, "stash:versions": {"href": "/api/v2/datasets/doi%3A10.5061%2Fdryad.13vk0/versions"}, "stash:version": {"href": "/api/v2/versions/4016"}, "stash:download": {"href": "/api/v2/datasets/doi%3A10.5061%2Fdryad.13vk0/download"}, "curies": [{"name": "stash", "href": "https://github.com/CDL-Dryad/stash/blob/main/stash_api/link-relations.md#{rel}", "templated": "true"}]}, "identifier": "doi:10.5061/dryad.13vk0", "id": 3994, "storageSize": 593039, "title": "Data from: Lowland biotic attrition revisited: body size and variation among climate change \u2018winners\u2019 and \u2018losers\u2019", "authors": [{"firstName": "Jedediah F.", "lastName": "Brodie", "affiliation": "University of British Columbia", "affiliationROR": "https://ror.org/03rmrcq20"}, {"firstName": "Matthew", "lastName": "Strimas-Mackey", "affiliation": "University of British Columbia", "affiliationROR": "https://ror.org/03rmrcq20"}, {"firstName": "Jayasilan", "lastName": "Mohd-Azlan", "affiliation": "Universiti Malaysia Sarawak", "affiliationROR": "https://ror.org/05b307002"}, {"firstName": "Alys", "lastName": "Granados", "affiliation": "University of British Columbia", "affiliationROR": "https://ror.org/03rmrcq20"}, {"firstName": "Henry", "lastName": "Bernard", "affiliation": "Universiti of Malaysia Sabah", "affiliationROR": "https://ror.org/040v70252"}, {"firstName": "Anthony J.", "lastName": "Giordano", "affiliation": "University of British Columbia", "affiliationROR": "https://ror.org/03rmrcq20"}, {"firstName": "Olga E.", "lastName": "Helmy", "affiliation": "University of British Columbia", "affiliationROR": "https://ror.org/03rmrcq20"}], "abstract": "The responses of lowland tropical communities to climate change will critically influence global biodiversity but remain poorly understood. If species in these systems are unable to tolerate warming, the communities\u2014currently the most diverse on Earth\u2014may become depauperate (\u2018biotic attrition\u2019). In response to temperature changes, animals can adjust their distribution in space or their activity in time, but these two components of the niche are seldom considered together. We assessed the spatio-temporal niches of rainforest mammal species in Borneo across gradients in elevation and temperature. Most species are not predicted to experience changes in spatio-temporal niche availability, even under pessimistic warming scenarios. Responses to temperature are not predictable by phylogeny but do appear to be trait-based, being much more variable in smaller-bodied taxa. General circulation models and weather station data suggest unprecedentedly high midday temperatures later in the century; predicted responses to this warming among small-bodied species range from 9% losses to 6% gains in spatio-temporal niche availability, while larger species have close to 0% predicted change. Body mass may therefore be a key ecological trait influencing the identity of climate change winners and losers. Mammal species composition will probably change in some areas as temperatures rise, but full-scale biotic attrition this century appears unlikely.", "keywords": ["Activity pattern", "species distribution", "Thermal neutral zone", "Temporal niche"], "usageNotes": "<div class=\"o-metadata__file-usage-entry\"><h4 class=\"o-heading__level3-file-title\">Detections</h4><div class=\"o-metadata__file-description\">Detections by location, time, and body mass</div><div class=\"o-metadata__file-name\">Dryad.csv</br></div></div>", "relatedWorks": [{"relationship": "Cites", "identifierType": "DOI", "identifier": "https://doi.org/10.1098/rspb.2016.2335"}], "versionNumber": 1, "versionStatus": "submitted", "curationStatus": "Published", "publicationDate": "2016-12-19", "lastModificationDate": "2020-06-24", "visibility": "public", "sharingLink": "https://datadryad.org/stash/share/kyhLr_AKr7yVjtzVKc9lapPR5gbvuA45Eg51eVhNGNE", "userId": 23304, "license": "https://creativecommons.org/publicdomain/zero/1.0/"}