{"_links": {"self": {"href": "/api/v2/datasets/doi%3A10.5061%2Fdryad.n02v6wwsb"}, "stash:versions": {"href": "/api/v2/datasets/doi%3A10.5061%2Fdryad.n02v6wwsb/versions"}, "stash:version": {"href": "/api/v2/versions/38455"}, "stash:download": {"href": "/api/v2/datasets/doi%3A10.5061%2Fdryad.n02v6wwsb/download"}, "curies": [{"name": "stash", "href": "https://github.com/CDL-Dryad/stash/blob/main/stash_api/link-relations.md#{rel}", "templated": "true"}]}, "identifier": "doi:10.5061/dryad.n02v6wwsb", "id": 33286, "storageSize": 1482027, "title": "Hydroxyacetophenone defenses in white spruce against spruce budworm", "authors": [{"firstName": "Genevieve", "lastName": "Parent", "email": "genevieve.parent@plants.ox.ac.uk", "affiliation": "University of Oxford", "affiliationROR": "https://ror.org/052gg0110", "orcid": "0000-0001-5946-334X"}, {"firstName": "Claudia", "lastName": "M\u00e9ndez-Espinoza", "email": "", "affiliation": "Instituto Nacional de Investigaciones Forestales Agr\u00edcolas y Pecuarias", "affiliationROR": "https://ror.org/00r6gdp61"}, {"firstName": "Isabelle", "lastName": "Gigu\u00e8re", "email": "", "affiliation": "Universit\u00e9 Laval", "affiliationROR": "https://ror.org/04sjchr03"}, {"firstName": "Melissa H.", "lastName": "Mageroy", "email": "", "affiliation": "Norwegian Institute of Bioeconomy Research", "affiliationROR": "https://ror.org/04aah1z61"}, {"firstName": "Martin", "lastName": "Charest", "email": "", "affiliation": "Universit\u00e9 Laval", "affiliationROR": "https://ror.org/04sjchr03"}, {"firstName": "\u00c9ric", "lastName": "Bauce", "email": "", "affiliation": "Universit\u00e9 Laval", "affiliationROR": "https://ror.org/04sjchr03"}, {"firstName": "Joerg", "lastName": "Bohlmann", "email": "", "affiliation": "University of British Columbia", "affiliationROR": "https://ror.org/03rmrcq20"}, {"firstName": "John", "lastName": "MacKay", "email": "", "affiliation": "University of Oxford", "affiliationROR": "https://ror.org/052gg0110"}], "abstract": "<p>We review a recently discovered <span class=\"il\">white</span> <span class=\"il\">spruce</span> (Picea glauca) chemical defense <span class=\"il\">against</span> <span class=\"il\">spruce</span> <span class=\"il\">budworm</span> (Choristoneura fumiferana) involving hydroxyacetophenones. These defense metabolites detected in the foliage accumulate variably as the aglycons, piceol and pungenol, or the corresponding glucosides, picein and pungenin. We summarize current knowledge of the genomic, molecular and biochemical as well as genetic underpinnings of this defense and its effects on C. fumiferana. We present an update with new results on the ontogenic variation and the phenological window of this defense, including analysis of transcript responses in P. glauca to C. fumiferana herbivory. We also discuss this chemical defense from an evolutionary and a breeding context.</p>\r\n", "keywords": ["forestry", "quantitative genetics", "Transcriptomics", "Species Interactions", "chemical defense", "Herbivory"], "methods": "<p>Gene counts and metadata for each library results presented in the \"Induction of hydroxyacetophenone defense in the current year foliage of mature grafts of <i>Picea glauca\" </i>section of the article. Files are in DESeq2 format.</p>\r\n\r\n<p>More details are provided in\u00a0the method section\u00a0within the article and the supplementary material. For more information, please contact genevieve.parent@dfo-mpo.gc.ca.</p>\r\n", "versionNumber": 3, "versionStatus": "submitted", "curationStatus": "Published", "publicationDate": "2019-10-21", "lastModificationDate": "2019-10-21", "visibility": "public", "sharingLink": "https://datadryad.org/stash/share/2OnmEre4BOwoDaFyUEJYZo-a1EREMnKu8UlvY4SEqAU", "userId": 46282, "license": "https://creativecommons.org/publicdomain/zero/1.0/"}