{"_links": {"self": {"href": "/api/v2/datasets/doi%3A10.5061%2Fdryad.8bv8p"}, "stash:versions": {"href": "/api/v2/datasets/doi%3A10.5061%2Fdryad.8bv8p/versions"}, "stash:version": {"href": "/api/v2/versions/11404"}, "stash:download": {"href": "/api/v2/datasets/doi%3A10.5061%2Fdryad.8bv8p/download"}, "curies": [{"name": "stash", "href": "https://github.com/CDL-Dryad/stash/blob/main/stash_api/link-relations.md#{rel}", "templated": "true"}]}, "identifier": "doi:10.5061/dryad.8bv8p", "id": 11361, "storageSize": 108360, "title": "Data from: Complementary and alternative asthma treatments and their association with asthma control: a population-based study", "authors": [{"firstName": "Wenjia", "lastName": "Chen", "affiliation": "University of British Columbia", "affiliationROR": "https://ror.org/03rmrcq20"}, {"firstName": "J. Mark", "lastName": "FitzGerald", "affiliation": "University of British Columbia", "affiliationROR": "https://ror.org/03rmrcq20"}, {"firstName": "Roxanne", "lastName": "Rousseau", "affiliation": "University of British Columbia", "affiliationROR": "https://ror.org/03rmrcq20"}, {"firstName": "Larry D.", "lastName": "Lynd", "affiliation": "University of British Columbia", "affiliationROR": "https://ror.org/03rmrcq20"}, {"firstName": "Wan C.", "lastName": "Tan", "affiliation": "University of British Columbia", "affiliationROR": "https://ror.org/03rmrcq20"}, {"firstName": "Mohsen", "lastName": "Sadatsafavi", "affiliation": "University of British Columbia", "affiliationROR": "https://ror.org/03rmrcq20"}], "abstract": "Objectives: Many patients with asthma spend time and resources consuming complementary and alternative medicines (CAMs). This study explores whether CAM utilization is associated with asthma control and the intake of asthma controller medications. Design: Population-based, prospective cross-sectional study Setting: general population residing in two census areas in the province of British Columbia, Canada. Recruitment was based on random-digit dialing of both landlines and cell phones. Participants: 486 patients with self-reported physician-diagnosis of asthma (mean age 52 years; 67.3% female). Primary and secondary outcome measures: We assessed CAM use over the previous 12 months, level of asthma control as defined by the Global Initiative for Asthma (GINA), and the self-reported intake of controller medications. Multivariate logistic regression was performed to study the relationship between any usage of CAMs (outcome), asthma control and controller medication usage, adjusted for potential confounders. Results: A total of 179 (36.8%) of the sample reported CAM usage in the past 12 months. Breathing exercises (17.7%), herbal medicines (10.1%), and vitamins (9.7%) were the most popular CAMs reported. After adjustment, female sex (OR: 1.66; 95% CI: 1.09-2.52) and uncontrolled asthma( vs. controlled asthma, OR: 2.25, 95% CI: 1.30-3.89) were associated with a higher likelihood of using any CAMs in the past 12 months. Controller medication use was not associated with CAM usage in general and in the subgroups defined by asthma control. Conclusion: Clinicians and policy makers need to be aware of the high prevalence of CAM use in patients with asthma and its association with lack of asthma control.", "keywords": ["THORACIC MEDICINE", "complementary medicine", "asthma"], "usageNotes": "<div class=\"o-metadata__file-usage-entry\"><h4 class=\"o-heading__level3-file-title\">Full dataset for CAM manuscript (bmjopen-2013-003360.R1)</h4><div class=\"o-metadata__file-description\">This dataset contains the complete information for the statistical analysis of this publication. The data were collected in the field. The titles of variables were self-explanary. For binary variables, \"Yes\" was commonly coded as 1 and \"No\" as 0. For the variable of asthma control (\"Control\"), \"controlled\" was coded as 0, \"partially controlled\" as 1 and \"uncontrolled\" as 2. \"CAM_types\" reported all different types of complementary and alternative asthma medicines which the patients received in the past 12 months.</div><div class=\"o-metadata__file-name\">CAMpaper_fulldata.xlsx</br></div></div>", "locations": [{"place": "Canada"}, {"place": "British Columbia"}], "relatedWorks": [{"relationship": "Cites", "identifierType": "DOI", "identifier": "https://doi.org/10.1136/bmjopen-2013-003360"}], "versionNumber": 1, "versionStatus": "submitted", "curationStatus": "Published", "publicationDate": "2013-08-09", "lastModificationDate": "2020-06-24", "visibility": "public", "sharingLink": "https://datadryad.org/stash/share/gnxf86spVNGecpY2qjLWGS4X9Z_xn0LeznlfEENFmd0", "userId": 5541, "license": "https://creativecommons.org/publicdomain/zero/1.0/"}