{"_links": {"self": {"href": "/api/v2/datasets/doi%3A10.5061%2Fdryad.512p5"}, "stash:versions": {"href": "/api/v2/datasets/doi%3A10.5061%2Fdryad.512p5/versions"}, "stash:version": {"href": "/api/v2/versions/5966"}, "stash:download": {"href": "/api/v2/datasets/doi%3A10.5061%2Fdryad.512p5/download"}, "curies": [{"name": "stash", "href": "https://github.com/CDL-Dryad/stash/blob/main/stash_api/link-relations.md#{rel}", "templated": "true"}]}, "identifier": "doi:10.5061/dryad.512p5", "id": 5931, "storageSize": 330901, "title": "Data from: Trait-mediated community assembly: distinguishing the signatures of biotic and abiotic filters", "authors": [{"firstName": "Deirdre", "lastName": "Loughnan", "affiliation": "University of British Columbia", "affiliationROR": "https://ror.org/03rmrcq20"}, {"firstName": "Benjamin", "lastName": "Gilbert", "affiliation": "University of Toronto", "affiliationROR": "https://ror.org/03dbr7087"}], "abstract": "Conflicting hypotheses predict how traits mediate species establishment and community assembly. Traits of newly establishing individuals are predicted to converge, or be more similar to the resident, preexisting community, when the biotic or abiotic environment favors a single best phenotype, but are predicted to diverge when trait differences reduce competitive interactions. We tested these competing hypotheses using transplant seedlings in an old-field environment, and assessed the contribution of inter- and intra-specific transplant trait variation to community-level patterns. Using a soil moisture gradient and resident plant removals, we determined when traits of newly-establishing plants converge or diverge from the resident community by calculating community weighted mean traits for transplant and resident communities. We saw evidence of environmentally- and competitively-driven trait shifts that resulted in both trait convergence and divergence from the resident community, whose traits reflect the combined effects of both drivers. Leaf dry matter content (LDMC) of transplants diverged in the presence of competition, whereas plant height and stem-specific density (SSD) showed the opposite pattern, converging with the resident community in their presence. Specific leaf area (SLA) shifted with competition but did not reflect resident community SLA. All transplant traits were influenced by soil moisture, often in an interaction with competition, indicating that the strength of convergence or divergence is contingent on the abiotic environment. Intraspecific differences in transplant traits among treatments were evident in three of four traits; intraspecific height and SLA trends mirrored transplant community-level trends, whereas intraspecific shifts in SSD were distinct from community-level trends. Our study shows competition between plant species may cause traits of newly establishing plants to converge with the resident community, as frequently as it selects for trait divergence. These opposing effects of competition suggest that it plays a pervasive role in both intraspecific and species-level trait differences among communities.", "keywords": ["Ascelpias syriaca", "Monarda fistulosa", "Conyza canadensis", "Hieracium caespitosum", "Liatris aspera", "Ascelpias tuberosa", "soil moisture", "Tall grass prairies", "Solidago canadensis", "Transplant study", "Rudbeckia hirta", "Panicum virgatum", "Intraspecific trait variation", "Vicia sativa", "Eupatorium maculatum", "Bromus inermis", "Physiological traits", "community assembly"], "usageNotes": "<div class=\"o-metadata__file-usage-entry\"><h4 class=\"o-heading__level3-file-title\">Functional trait data</h4><div class=\"o-metadata__file-description\">Functional trait data for transplants and individuals of the resident community within blocks. Blocks consisted of a \u201cno competition plot\u201d, a \u201ccompetition plot\u201d, and a control plot of the resident community and varied in their soil moisture. The traits measured include specific leaf area, leaf dry matter content, height, stem specific density, and plant biomass. All traits were measured at the end of the growing season. See the README file and description of Methods in the paper for metadata.</div><div class=\"o-metadata__file-name\">16_01_2017_Traitdata.csv</br></div><div class=\"o-metadata__file-name\"></div></div><div class=\"o-metadata__file-usage-entry\"><h4 class=\"o-heading__level3-file-title\">Relative abundance of established community</h4><div class=\"o-metadata__file-description\">Relative abundance of species within the control, resident community plot. Values were used to weight the per-individual biomass in our calculations of community weighted means. See the README file for metadata.</div><div class=\"o-metadata__file-name\">16_01_2017_relative_abundance_of_established_community.csv</br></div><div class=\"o-metadata__file-name\"></div></div>", "locations": [{"place": "Canada"}, {"place": "Koffler Scientific Reserve"}, {"place": "Ontario"}, {"place": "King Township"}], "relatedWorks": [{"relationship": "Cites", "identifierType": "DOI", "identifier": "https://doi.org/10.1111/oik.03945"}], "versionNumber": 1, "versionStatus": "submitted", "curationStatus": "Published", "publicationDate": "2017-01-19", "lastModificationDate": "2020-06-24", "visibility": "public", "sharingLink": "https://datadryad.org/stash/share/1mqKGGD_HNzJ_wIl7gKUJDYnCPsypynmZuVGeAJtZD0", "userId": 23808, "license": "https://creativecommons.org/publicdomain/zero/1.0/"}