{"_links": {"self": {"href": "/api/v2/datasets/doi%3A10.5061%2Fdryad.8rb35rj"}, "stash:versions": {"href": "/api/v2/datasets/doi%3A10.5061%2Fdryad.8rb35rj/versions"}, "stash:version": {"href": "/api/v2/versions/14486"}, "stash:download": {"href": "/api/v2/datasets/doi%3A10.5061%2Fdryad.8rb35rj/download"}, "curies": [{"name": "stash", "href": "https://github.com/CDL-Dryad/stash/blob/main/stash_api/link-relations.md#{rel}", "templated": "true"}]}, "identifier": "doi:10.5061/dryad.8rb35rj", "id": 14433, "storageSize": 61508, "title": "Data from: Disentangling the genetic effects of refugial isolation and range expansion in a trans-continentally distributed species", "authors": [{"firstName": "Brendan N.", "lastName": "Reid", "affiliation": "Michigan State University", "affiliationROR": "https://ror.org/05hs6h993"}, {"firstName": "Jamie M.", "lastName": "Kass", "affiliation": "Queens College, CUNY", "affiliationROR": "https://ror.org/03v8adn41"}, {"firstName": "Seth", "lastName": "Wollney", "affiliation": "Queens College, CUNY", "affiliationROR": "https://ror.org/03v8adn41"}, {"firstName": "Evelyn L.", "lastName": "Jensen", "affiliation": "University of British Columbia", "affiliationROR": "https://ror.org/03rmrcq20"}, {"firstName": "Michael A.", "lastName": "Russello", "affiliation": "University of British Columbia", "affiliationROR": "https://ror.org/03rmrcq20"}, {"firstName": "Ella M.", "lastName": "Viola", "affiliation": "City University of New York", "affiliationROR": "https://ror.org/00453a208"}, {"firstName": "Jenna", "lastName": "Pantophlet", "affiliation": "City University of New York", "affiliationROR": "https://ror.org/00453a208"}, {"firstName": "John B.", "lastName": "Iverson", "affiliation": "Earlham College", "affiliationROR": "https://ror.org/0566sj483"}, {"firstName": "Marcus Z.", "lastName": "Peery", "affiliation": "University of Wisconsin-Madison", "affiliationROR": "https://ror.org/01y2jtd41"}, {"firstName": "Christopher J.", "lastName": "Raxworthy", "affiliation": "American Museum of Natural History", "affiliationROR": "https://ror.org/03thb3e06"}, {"firstName": "Eugenia", "lastName": "Naro-Maciel", "affiliation": "New York University", "affiliationROR": "https://ror.org/0190ak572"}], "abstract": "In wide-ranging taxa with historically dynamic ranges, past allopatric isolation and range expansion can both influence the current structure of genetic diversity. Considering alternate historical scenarios involving expansion from either a single refugium or from multiple refugia can be useful in differentiating the effects of isolation and expansion. Here, we examined patterns of genetic variability in the trans-continentally distributed painted turtle (Chrysemys picta). We utilized an existing phylogeographic dataset for the mitochondrial control region and generated additional data from nine populations for the mitochondrial control region (n = 302) and for eleven nuclear microsatellite loci (n = 247). We created a present-day ecological niche model (ENM) for C. picta and hindcast this model to three reconstructions of historical climate to define three potential scenarios with one, two, or three refugia. Finally, we employed spatially-explicit coalescent simulations and an approximate Bayesian computation (ABC) framework to test which scenario best fit the observed genetic data. Simulations indicated that phylogeographic and multilocus population-level sampling both could differentiate among refugial scenarios, although inferences made using mitochondrial data were less accurate when a longer coalescence time was assumed. Furthermore, all empirical genetic datasets were most consistent with expansion from a single refugium based on ABC. Our results indicate a stronger role for post-glacial range expansion, rather than isolation in allopatric refugia followed by range expansion, in structuring diversity in this species. To distinguish among complex historical scenarios, we recommend explicitly modeling the effects of range expansion and evaluating alternate refugial scenarios for wide-ranging taxa.", "keywords": ["turtles", "Chrysemys picta", "range expansion", "late Pleistocene to Holocene", "refugia", "phylogeography"], "usageNotes": "<div class=\"o-metadata__file-usage-entry\"><h4 class=\"o-heading__level3-file-title\">Chrysemys_allhaplotypes</h4><div class=\"o-metadata__file-description\">Files associated with HDY-17-OR0378RR: Disentangling the effects of refusal isolation and range expansion in a trans-continentally distributed species\" (Reid et al. 2018)</div><div class=\"o-metadata__file-name\">Reid_Chrysemys_datascripts.zip</br></div><div class=\"o-metadata__file-name\"></div></div>", "locations": [{"place": "North America"}], "relatedWorks": [{"relationship": "Cites", "identifierType": "DOI", "identifier": "https://doi.org/10.1038/s41437-018-0135-5"}], "versionNumber": 1, "versionStatus": "submitted", "curationStatus": "Published", "publicationDate": "2018-07-24", "lastModificationDate": "2020-06-24", "visibility": "public", "sharingLink": "https://datadryad.org/stash/share/EMLG1O0yiZI4HVb_AtMueZZFoBlRpCVN8HD1YnAidug", "userId": 15945, "license": "https://creativecommons.org/publicdomain/zero/1.0/"}