{"_links": {"self": {"href": "/api/v2/datasets/doi%3A10.5061%2Fdryad.5164v"}, "stash:versions": {"href": "/api/v2/datasets/doi%3A10.5061%2Fdryad.5164v/versions"}, "stash:version": {"href": "/api/v2/versions/22046"}, "stash:download": {"href": "/api/v2/datasets/doi%3A10.5061%2Fdryad.5164v/download"}, "curies": [{"name": "stash", "href": "https://github.com/CDL-Dryad/stash/blob/main/stash_api/link-relations.md#{rel}", "templated": "true"}]}, "identifier": "doi:10.5061/dryad.5164v", "id": 21982, "storageSize": 1301455, "title": "Data from: Decreases in beetle body size linked to climate change and warming temperatures", "authors": [{"firstName": "Michelle", "lastName": "Tseng", "affiliation": "University of British Columbia", "affiliationROR": "https://ror.org/03rmrcq20"}, {"firstName": "Katrina M.", "lastName": "Kaur", "affiliation": "University of British Columbia", "affiliationROR": "https://ror.org/03rmrcq20"}, {"firstName": "Sina Soleimani", "lastName": "Pari", "affiliation": "University of British Columbia", "affiliationROR": "https://ror.org/03rmrcq20"}, {"firstName": "Karnjit", "lastName": "Sarai", "affiliation": "University of British Columbia", "affiliationROR": "https://ror.org/03rmrcq20"}, {"firstName": "Denessa", "lastName": "Chan", "affiliation": "University of British Columbia", "affiliationROR": "https://ror.org/03rmrcq20"}, {"firstName": "Christine H.", "lastName": "Yao", "affiliation": "University of British Columbia", "affiliationROR": "https://ror.org/03rmrcq20"}, {"firstName": "Paula", "lastName": "Porto", "affiliation": "University of British Columbia", "affiliationROR": "https://ror.org/03rmrcq20"}, {"firstName": "Anmol", "lastName": "Toor", "affiliation": "University of British Columbia", "affiliationROR": "https://ror.org/03rmrcq20"}, {"firstName": "Harpawantaj S.", "lastName": "Toor", "affiliation": "University of British Columbia", "affiliationROR": "https://ror.org/03rmrcq20"}, {"firstName": "Katrina", "lastName": "Fograscher", "affiliation": "University of British Columbia", "affiliationROR": "https://ror.org/03rmrcq20"}], "abstract": "1. Body size is a fundamental ecological trait and is correlated with population dynamics, community structure and function, and ecosystem fluxes.  Laboratory data from broad taxonomic groups suggest that a widespread response to a warming world may be an overall decrease in organism body size.  However, given the myriad of biotic and abiotic factors that can also influence organism body size in the wild, it is unclear whether results from these laboratory assays hold in nature. 2.  Here we use data sets spanning 30 to 100 years to examine whether the body size of wild-caught beetles has changed over time, whether body size changes are correlated with increased temperatures, and we frame these results using predictions derived from a quantitative review of laboratory responses of 22 beetle species to temperature.  3.  We found that 95% of lab-reared beetles decreased in size with increased rearing temperature, with larger-bodied species shrinking disproportionately more than smaller-bodied beetles.  In addition, the museum data sets revealed that larger-bodied beetle species have decreased in size over time, that mean beetle body size explains much of the interspecific variation in beetle responses to temperature, and that long-term beetle size changes are explained by increases in autumn temperature and decreases in spring temperature in this region. 4. Our data demonstrate that the relationship between body size and temperature of wild-caught beetles matches relatively well with results from laboratory studies, and that variation in this relationship is largely explained by interspecific variation in mean beetle body size.  5. This long-term beetle dataset is one of the most comprehensive arthropod body size datasets compiled to date, it improves predictions regarding the shrinking of organisms with global climate change, and together with the meta-analysis data, call for new hypotheses to explain why larger-bodied organisms may be more sensitive to temperature.", "keywords": ["temperature size rule", "Pterostichus", "Amara", "Scaphinotus", "Coleoptera", "Carabus", "Carabidae", "Cymindis", "museum collections", "Harpalus", "Euryderus", "Body Size"], "usageNotes": "<div class=\"o-metadata__file-usage-entry\"><h4 class=\"o-heading__level3-file-title\">Tseng-et-al-JAE-Museum-Data-dryad</h4><div class=\"o-metadata__file-description\">This file contains the data used to generate the main results for the museum beetles portion of the paper.  The data for the meta-analysis portion of the paper is available as supplementary materials on the Journal of Animal Ecology website.</div><div class=\"o-metadata__file-name\"></div></div>", "locations": [{"place": "Canada"}, {"place": "British Columbia"}], "relatedWorks": [{"relationship": "Cites", "identifierType": "DOI", "identifier": "https://doi.org/10.1111/1365-2656.12789"}], "versionNumber": 1, "versionStatus": "submitted", "curationStatus": "Published", "publicationDate": "2018-11-17", "lastModificationDate": "2020-06-30", "visibility": "public", "sharingLink": "https://datadryad.org/stash/share/jiC3R9p4RI2672aJTQzhbV-OaHtAgiq_7WD3a6f1nI0", "userId": 9030, "license": "https://creativecommons.org/publicdomain/zero/1.0/"}