{"_links": {"self": {"href": "/api/v2/datasets/doi%3A10.5061%2Fdryad.s4bt7"}, "stash:versions": {"href": "/api/v2/datasets/doi%3A10.5061%2Fdryad.s4bt7/versions"}, "stash:version": {"href": "/api/v2/versions/13039"}, "stash:download": {"href": "/api/v2/datasets/doi%3A10.5061%2Fdryad.s4bt7/download"}, "curies": [{"name": "stash", "href": "https://github.com/CDL-Dryad/stash/blob/main/stash_api/link-relations.md#{rel}", "templated": "true"}]}, "identifier": "doi:10.5061/dryad.s4bt7", "id": 12989, "storageSize": 80941, "title": "Data from: Adaptation to elevated CO2 in different biodiversity contexts", "authors": [{"firstName": "Elizabeth J.", "lastName": "Kleynhans", "affiliation": "University of British Columbia", "affiliationROR": "https://ror.org/03rmrcq20"}, {"firstName": "Sarah P.", "lastName": "Otto", "affiliation": "University of British Columbia", "affiliationROR": "https://ror.org/03rmrcq20"}, {"firstName": "Peter B.", "lastName": "Reich", "affiliation": "University of Minnesota", "affiliationROR": "https://ror.org/017zqws13"}, {"firstName": "Mark", "lastName": "Vellend", "affiliation": "Universit\u00e9 de Sherbrooke", "affiliationROR": "https://ror.org/00kybxq39"}], "abstract": "In the absence of migration, species persistence depends on adaption to a changing environment, but whether and how adaptation to global change is altered by community diversity is not understood. Community diversity may prevent, enhance or alter how species adapt to changing conditions by influencing population sizes, genetic diversity and/or the fitness landscape experienced by focal species. We tested the impact of community diversity on adaptation by performing a reciprocal transplant experiment on grasses that evolved for 14 years under ambient and elevated CO2, in communities of low or high species-richness. Using biomass as a fitness proxy, we find evidence for local adaptation to elevated CO2, but only for plants assayed in a community of similar diversity to the one experienced during the period of selection. Our results indicate that the biological community shapes the very nature of the fitness landscape within which species evolve in response to elevated CO2.", "keywords": ["community diversity", "Poa pratensis", "fitness landscape", "reciprocal transplant"], "usageNotes": "<div class=\"o-metadata__file-usage-entry\"><h4 class=\"o-heading__level3-file-title\">Survival, Inflorescence production and Biomass Data for Kleynhans et. al.</h4><div class=\"o-metadata__file-description\">This data was collected through a reciprocal transplant experiment conducted on Poa pratensis (Kentucky bluegrass) plants that were selected in communities of low and high species richness in ambient and elevated CO2 concentrations for 14 years. Following selection, seeds were collected from each of these treatments propagated in common garden conditions and then transplanted back into each of these treatments The experiment was conducted in BioCON at the Cedar Creek Ecosystem Science Reserve in Minnesota in 2012 and 2013. This data file contains survival, inflorescence production, aboveground, belowground and total biomass data for the transplanted Poa pratensis plants that survived for longer than the first month of the experiment and were not burned in a run away fire.</div><div class=\"o-metadata__file-name\">Kleynhans.et.al_data.csv</br></div><div class=\"o-metadata__file-name\">Kleynhans et al_README.txt</br></div></div>", "relatedWorks": [{"relationship": "Cites", "identifierType": "DOI", "identifier": "https://doi.org/10.1038/ncomms12358"}], "versionNumber": 1, "versionStatus": "submitted", "curationStatus": "Published", "publicationDate": "2017-06-03", "lastModificationDate": "2020-06-24", "visibility": "public", "sharingLink": "https://datadryad.org/stash/share/JrEgNdCBc02Sy5-xEAMF5x5DAQ10PtJFFgqMlvLfWZ4", "userId": 19447, "license": "https://creativecommons.org/publicdomain/zero/1.0/"}