{"_links": {"self": {"href": "/api/v2/datasets/doi%3A10.5061%2Fdryad.6jk30"}, "stash:versions": {"href": "/api/v2/datasets/doi%3A10.5061%2Fdryad.6jk30/versions"}, "stash:version": {"href": "/api/v2/versions/15290"}, "stash:download": {"href": "/api/v2/datasets/doi%3A10.5061%2Fdryad.6jk30/download"}, "curies": [{"name": "stash", "href": "https://github.com/CDL-Dryad/stash/blob/main/stash_api/link-relations.md#{rel}", "templated": "true"}]}, "identifier": "doi:10.5061/dryad.6jk30", "id": 15236, "storageSize": 55024, "title": "Data from: Offspring fitness varies with parental extra-pair status in song sparrows, Melospiza melodia", "authors": [{"firstName": "Rebecca J.", "lastName": "Sardell", "affiliation": "Florida State University", "affiliationROR": "https://ror.org/05g3dte14"}, {"firstName": "Peter", "lastName": "Arcese", "affiliation": "University of British Columbia", "affiliationROR": "https://ror.org/03rmrcq20"}, {"firstName": "Jane M.", "lastName": "Reid", "affiliation": "University of Aberdeen", "affiliationROR": "https://ror.org/016476m91"}], "abstract": "Numerous studies have tested for indirect selection on female extra-pair reproduction (EPR) by quantifying whether extra-pair young (EPY) are fitter than their within-pair young (WPY) maternal half-siblings.  In contrast, the hypothesis that offspring of EPY and WPY (rather than the EPY and WPY themselves) differ in fitness has not been tested, even though inter-generational effects of parental extra-pair status on offspring fitness could alter the magnitude and direction of indirect selection on EPR.  We tested whether offspring of EPY song sparrows, Melospiza melodia, were more likely to recruit or produce hatched or recruited offspring over their lifetimes than offspring of WPY.  Hatchlings with one or two EPY parents were more likely to recruit and produce hatched offspring than hatchlings with two WPY parents.  Furthermore, these relationships differed between maternal versus paternal extra-pair status.  Hatchlings with EPY fathers were more likely to recruit and produce offspring than hatchlings with WPY fathers.  In contrast, hatchlings with EPY mothers were as likely to recruit as hatchlings with WPY mothers and tended to be less likely to produce recruited offspring.  Depending on the causal genetic and environmental mechanisms, such conflicting inter-generational relationships between parental extra-pair status and offspring fitness could substantially influence the evolutionary dynamics of EPR.", "keywords": ["half-sibling", "extra-pair paternity", "Melospiza melodia", "inter-generational maternal effects", "polyandry"], "usageNotes": "<div class=\"o-metadata__file-usage-entry\"><h4 class=\"o-heading__level3-file-title\">Survival_genetic</h4><div class=\"o-metadata__file-name\"></div><div class=\"o-metadata__file-name\"></div></div><div class=\"o-metadata__file-usage-entry\"><h4 class=\"o-heading__level3-file-title\">Survival_social</h4><div class=\"o-metadata__file-name\"></div><div class=\"o-metadata__file-name\"></div></div><div class=\"o-metadata__file-usage-entry\"><h4 class=\"o-heading__level3-file-title\">LRS_genetic</h4><div class=\"o-metadata__file-name\"></div><div class=\"o-metadata__file-name\"></div></div><div class=\"o-metadata__file-usage-entry\"><h4 class=\"o-heading__level3-file-title\">LRS_social</h4><div class=\"o-metadata__file-name\"></div><div class=\"o-metadata__file-name\"></div></div>", "locations": [{"place": "Canada"}, {"place": "Mandarte Island"}, {"place": "British Columbia"}], "relatedWorks": [{"relationship": "Cites", "identifierType": "DOI", "identifier": "https://doi.org/10.1098/rspb.2012.1139"}], "versionNumber": 1, "versionStatus": "submitted", "curationStatus": "Published", "publicationDate": "2012-10-15", "lastModificationDate": "2020-06-30", "visibility": "public", "sharingLink": "https://datadryad.org/stash/share/goeLkeLHBgLimPEGpJis0KQcr4uAcnSdYK4w1P4saRc", "userId": 6543, "license": "https://creativecommons.org/publicdomain/zero/1.0/"}