{"_links": {"self": {"href": "/api/v2/datasets/doi%3A10.5061%2Fdryad.1r8c2"}, "stash:versions": {"href": "/api/v2/datasets/doi%3A10.5061%2Fdryad.1r8c2/versions"}, "stash:version": {"href": "/api/v2/versions/12515"}, "stash:download": {"href": "/api/v2/datasets/doi%3A10.5061%2Fdryad.1r8c2/download"}, "curies": [{"name": "stash", "href": "https://github.com/CDL-Dryad/stash/blob/main/stash_api/link-relations.md#{rel}", "templated": "true"}]}, "identifier": "doi:10.5061/dryad.1r8c2", "id": 12471, "storageSize": 91449, "title": "Data from: Weak coordination between leaf structure and function among closely related tomato species", "authors": [{"firstName": "Christopher D.", "lastName": "Muir", "affiliation": "University of British Columbia", "affiliationROR": "https://ror.org/03rmrcq20"}, {"firstName": "Miquel \u00c0.", "lastName": "Conesa", "affiliation": "University of the Balearic Islands", "affiliationROR": "https://ror.org/03e10x626"}, {"firstName": "Emilio J.", "lastName": "Rold\u00e1n", "affiliation": "University of the Balearic Islands", "affiliationROR": "https://ror.org/03e10x626"}, {"firstName": "Ar\u00e1ntzazu", "lastName": "Molins", "affiliation": "University of the Balearic Islands", "affiliationROR": "https://ror.org/03e10x626"}, {"firstName": "Jeroni", "lastName": "Galm\u00e9s", "affiliation": "University of the Balearic Islands", "affiliationROR": "https://ror.org/03e10x626"}], "abstract": "Theory predicts that natural selection should favor coordination between leaf physiology, biochemistry and anatomical structure along a functional trait spectrum from fast, resource-acquisitive syndromes to slow, resource-conservative syndromes. However, the coordination hypothesis has rarely been tested at a phylogenetic scale most relevant for understanding rapid adaptation in the recent past or for the prediction of evolutionary trajectories in response to climate change. We used a common garden to examine genetically based coordination between leaf traits across 19 wild and cultivated tomato taxa. We found weak integration between leaf structure (e.g. leaf mass per area) and physiological function (photosynthetic rate, biochemical capacity and CO2 diffusion), even though all were arrayed in the predicted direction along a \u2018fast\u2013slow\u2019 spectrum. This suggests considerable scope for unique trait combinations to evolve in response to new environments or in crop breeding. In particular, we found that partially independent variation in stomatal and mesophyll conductance may allow a plant to improve water-use efficiency without necessarily sacrificing maximum photosynthetic rates. Our study does not imply that functional trait spectra, such as the leaf economics spectrum, are unimportant, but that many important axes of variation within a taxonomic group may be unique and not generalizable to other taxa.", "funders": [{"organization": "National Science Foundation", "awardNumber": "IOS-0955517"}], "keywords": ["Solanum ochranthum", "Solanum pennellii var. puberulum", "Solanum habrochaites", "Solanum peruvianum", "Solanum galapagense", "Solanum lycopersicoides", "Solanum neorickii", "Solanum arcanum", "Solanum sitiens", "Solanum lycopersicum", "Solanum pennellii", "Rubisco", "Evolution", "Solanum juglandifolium", "Solanum chmielewskii", "leaf gas exchange", "Solanum cheesmaniae", "Solanum chilense", "leaf mass per area", "Solanum pimpinellifolium", "photosynthesis", "CO2 diffusion", "leaf economics spectrum", "Solanum"], "usageNotes": "<div class=\"o-metadata__file-usage-entry\"><h4 class=\"o-heading__level3-file-title\">Zip file with trait data, phylogeny, and supplemental tables</h4><div class=\"o-metadata__file-description\">data.*\t \t\t\t\tLeaf anatomical and physiological traits from 19 tomato taxa (in Excel and CSV formats)\r\nglobalGm.R\t\t\t\tR code to make Figure 5 and statistically compare LMA-gm relationship in tomatoes to a global dataset\r\nTomato18cos_ultra.tre\t18-gene ultrametric phylogenetic tree in Newick format\r\nTableS1.csv\t\t\t\tKey to species name abbreviations in data table and tree\r\nTableS3.csv\t\t\t\tGlobal dataset of gm and LMA</div><div class=\"o-metadata__file-name\">Dryad.zip</br></div><div class=\"o-metadata__file-name\"></div></div>", "relatedWorks": [{"relationship": "Cites", "identifierType": "DOI", "identifier": "https://doi.org/10.1111/nph.14285"}], "versionNumber": 1, "versionStatus": "submitted", "curationStatus": "Published", "publicationDate": "2017-09-20", "lastModificationDate": "2020-06-24", "visibility": "public", "sharingLink": "https://datadryad.org/stash/share/yJkexfLym2vZQTX-R3lTEsi0ga7hFs7XBqj2BHpUdXg", "userId": 4409, "license": "https://creativecommons.org/publicdomain/zero/1.0/"}