{"_links": {"self": {"href": "/api/v2/datasets/doi%3A10.5061%2Fdryad.h1j51"}, "stash:versions": {"href": "/api/v2/datasets/doi%3A10.5061%2Fdryad.h1j51/versions"}, "stash:version": {"href": "/api/v2/versions/14405"}, "stash:download": {"href": "/api/v2/datasets/doi%3A10.5061%2Fdryad.h1j51/download"}, "curies": [{"name": "stash", "href": "https://github.com/CDL-Dryad/stash/blob/main/stash_api/link-relations.md#{rel}", "templated": "true"}]}, "identifier": "doi:10.5061/dryad.h1j51", "id": 14352, "storageSize": 59539, "title": "Data from: Isotopic variation ccross the Audubon\u2019s-myrtle warbler hybrid zone", "authors": [{"firstName": "David P. L.", "lastName": "Toews", "affiliation": "University of British Columbia", "affiliationROR": "https://ror.org/03rmrcq20"}, {"firstName": "Alan", "lastName": "Brelsford", "affiliation": "University of Lausanne", "affiliationROR": "https://ror.org/019whta54"}, {"firstName": "Darren E.", "lastName": "Irwin", "affiliation": "University of British Columbia", "affiliationROR": "https://ror.org/03rmrcq20"}], "abstract": "Differences in seasonal migratory behaviours are thought to be an important component of reproductive isolation in many organisms. Stable isotopes have been used with success in estimating the location and qualities of disjunct breeding and wintering areas. However, few studies have used isotopic data to estimate the movements of hybrid offspring in species that form hybrid zones. Here, we use stable hydrogen to estimate the wintering locations and migratory patterns of two common and widespread migratory birds, Audubon's (Setophaga auduboni) and myrtle (S. coronata) warblers, as well as their hybrids. These two species form a narrow hybrid zone with extensive interbreeding in the Rocky Mountains of British Columbia and Alberta, Canada, which has been studied for over four decades. Isotopes in feathers grown on the wintering grounds or early on migration reveal three important patterns: (1) Audubon's and myrtle warblers from allopatric breeding populations winter in isotopically different environments, consistent with band recovery data and suggesting that there is a narrow migratory transition between the two species, (2) most hybrids appear to overwinter in the south-eastern USA, similar to where myrtle warblers are known to winter, and (3) some hybrid individuals, particularly those along the western edge of the hybrid zone, show Audubon's-like isotopic patterns. These data suggest there is a migratory divide between these two species, but that it is not directly coincident with the centre of the hybrid zone in the breeding range. We interpret these findings and discuss them within the context of previous research on hybrid zones, speciation and migratory divides.", "keywords": ["Setophaga auduboni", "isotopes", "migratory divide", "Setophaga coronata", "Hybrid zones", "Migration", "hybridization", "speciation"], "usageNotes": "<div class=\"o-metadata__file-usage-entry\"><h4 class=\"o-heading__level3-file-title\">Isotope data and geographic assignment information</h4><div class=\"o-metadata__file-name\">YRWA_HZ_isotope_data.csv</br></div><div class=\"o-metadata__file-name\"></div></div>", "locations": [{"place": "Alberta"}, {"place": "British Columbia"}], "relatedWorks": [{"relationship": "Cites", "identifierType": "DOI", "identifier": "https://doi.org/10.1111/jeb.12392"}], "versionNumber": 1, "versionStatus": "submitted", "curationStatus": "Published", "publicationDate": "2014-04-18", "lastModificationDate": "2020-06-30", "visibility": "public", "sharingLink": "https://datadryad.org/stash/share/qDYLiPYIDJMdBXrbIIe5AzHz4QYd-Qk2XV0XWGiQuPQ", "userId": 19684, "license": "https://creativecommons.org/publicdomain/zero/1.0/"}