{"_links": {"self": {"href": "/api/v2/datasets/doi%3A10.5061%2Fdryad.8b717"}, "stash:versions": {"href": "/api/v2/datasets/doi%3A10.5061%2Fdryad.8b717/versions"}, "stash:version": {"href": "/api/v2/versions/5905"}, "stash:download": {"href": "/api/v2/datasets/doi%3A10.5061%2Fdryad.8b717/download"}, "curies": [{"name": "stash", "href": "https://github.com/CDL-Dryad/stash/blob/main/stash_api/link-relations.md#{rel}", "templated": "true"}]}, "identifier": "doi:10.5061/dryad.8b717", "id": 5870, "storageSize": 327696, "title": "Data from: Genetic admixture and heterosis may enhance the invasiveness of common ragweed", "authors": [{"firstName": "Min A.", "lastName": "Hahn", "affiliation": "University of British Columbia", "affiliationROR": "https://ror.org/03rmrcq20"}, {"firstName": "Loren H.", "lastName": "Rieseberg", "affiliation": "University of British Columbia", "affiliationROR": "https://ror.org/03rmrcq20"}], "abstract": "Biological invasions are often associated with multiple introductions and genetic admixture of previously isolated populations. In addition to enhanced evolutionary potential through increased genetic variation, admixed genotypes may benefit from heterosis, which could contribute to their increased performance and invasiveness. To deepen our understanding of the mechanisms and management strategies for biological invasions, we experimentally studied whether intraspecific admixture causes heterosis in common ragweed (Ambrosia artemisiifolia) by comparing the performance of crosses (F1) between populations relative to crosses within these populations for each range (native, introduced) under different ecologically relevant conditions (control, drought, competition, simulated herbivory). Performance of admixed genotypes was highly variable, ranging from strong heterotic effects to weak outbreeding depression. Moreover, heterosis was not uniformly observed among between-population crosses, but certain native population crosses showed considerable heterosis, especially under simulated herbivory. In contrast, heterosis was largely absent in crosses from the introduced range, possibly implying that these populations were already admixed and benefit little from further mixing. In conclusion, these results support the hypothesis that heterosis may contribute to biological invasions, and indicate the need to minimize new introductions of exotic species, even if they are already present in the introduced range.", "keywords": ["Genetic admixture", "intraspecific hybridization", "biological invasion", "heterosis", "Outbreeding depression", "Ambrosia artemisiifolia", "common ragweed"], "usageNotes": "<div class=\"o-metadata__file-usage-entry\"><h4 class=\"o-heading__level3-file-title\">Ragweed_heterosis_data_Hahn</h4><div class=\"o-metadata__file-description\">Phenotypic data of plants of common ragweed from a greenhouse experiment using artificial crosses within and between populations from the native and the introduced range. Description of the data variables in README.csv file.</div><div class=\"o-metadata__file-name\"></div><div class=\"o-metadata__file-name\"></div></div>", "locations": [{"place": "Canada"}, {"place": "Europe"}, {"place": "France"}, {"place": "North America"}, {"place": "US"}], "relatedWorks": [{"relationship": "Cites", "identifierType": "DOI", "identifier": "https://doi.org/10.1111/eva.12445"}], "versionNumber": 1, "versionStatus": "submitted", "curationStatus": "Published", "publicationDate": "2016-11-03", "lastModificationDate": "2020-06-24", "visibility": "public", "sharingLink": "https://datadryad.org/stash/share/1fYNA5Toy8i0xacWVktbCF5Pl34RWTFvm0EZjXdUgv0", "userId": 22573, "license": "https://creativecommons.org/publicdomain/zero/1.0/"}