{"_links": {"self": {"href": "/api/v2/datasets/doi%3A10.5061%2Fdryad.1pf8t"}, "stash:versions": {"href": "/api/v2/datasets/doi%3A10.5061%2Fdryad.1pf8t/versions"}, "stash:version": {"href": "/api/v2/versions/7951"}, "stash:download": {"href": "/api/v2/datasets/doi%3A10.5061%2Fdryad.1pf8t/download"}, "curies": [{"name": "stash", "href": "https://github.com/CDL-Dryad/stash/blob/main/stash_api/link-relations.md#{rel}", "templated": "true"}]}, "identifier": "doi:10.5061/dryad.1pf8t", "id": 7913, "storageSize": 203288, "title": "Data from: Parallelism in adaptive radiations of experimental Escherichia coli populations", "authors": [{"firstName": "Gerda", "lastName": "Saxer", "affiliation": "University of British Columbia", "affiliationROR": "https://ror.org/03rmrcq20"}, {"firstName": "Michael", "lastName": "Travisano", "affiliation": "University of Minnesota", "affiliationROR": "https://ror.org/017zqws13"}], "abstract": "Adaptive radiations are major contributors to species diversity. While the underlying mechanisms of adaptive radiations, specialization and trade-offs, are relatively well understood, the tempo and repeatability of adaptive radiations remain elusive. Ecological specialization can occur through the expansion into novel niches or through partitioning of an existing niche. To test how the mode of resource specialization affects the tempo and repeatability of adaptive radiations, we selected replicate bacterial populations in environments that promoted the evolution of diversity either through niche expansion or through niche partitioning, and in a third low-quality single-resource environment, in which diversity was not expected to evolve. Colony size diversity evolved equally fast in environments that provided ecological opportunities regardless of the mode of resource specialization. In the low quality environments, diversity did not consistently evolve. We observed the largest fitness improvement in the low quality environment and the smallest the glucose-limited environment. We did not observe a change in the rate of evolutionary change in either trait or environment, suggesting that the pool of beneficial mutations was not exhausted. Overall, the mode of resource specialization did not affect the tempo or repeatability of adaptive radiations. These results demonstrate the limitations of eco-evolutionary feedbacks to affect evolutionary outcomes.", "keywords": ["repeatability", "divergence", "Escherichia coli", "Niche partitioning", "niche expansion", "diversification", "eco-evolutionary feedbacks"], "usageNotes": "<div class=\"o-metadata__file-usage-entry\"><h4 class=\"o-heading__level3-file-title\">Density_and_colony(H)</h4><div class=\"o-metadata__file-description\">This file contains the colony counts over the course of the selection experiment. This data was used to calculate the population density and the population diversity, calculated as Shannon-Wiener index H.</div><div class=\"o-metadata__file-name\"></div></div><div class=\"o-metadata__file-usage-entry\"><h4 class=\"o-heading__level3-file-title\">Diversity_and_Fitness</h4><div class=\"o-metadata__file-description\">This file contains the relative fitness data and diversity data calculated as CV* for generations 500 and 100.</div><div class=\"o-metadata__file-name\"></div></div>", "relatedWorks": [{"relationship": "Cites", "identifierType": "DOI", "identifier": "https://doi.org/10.1111/evo.12841"}], "versionNumber": 1, "versionStatus": "submitted", "curationStatus": "Published", "publicationDate": "2015-12-04", "lastModificationDate": "2019-09-21", "visibility": "public", "sharingLink": "https://datadryad.org/stash/share/jEFaEXZPuBXVv4Ig1X2WxqhLGxvNnbhg6B7cYVXe4Yw", "userId": 10180, "license": "https://creativecommons.org/publicdomain/zero/1.0/"}