{"_links": {"self": {"href": "/api/v2/datasets/doi%3A10.5061%2Fdryad.4gn47"}, "stash:versions": {"href": "/api/v2/datasets/doi%3A10.5061%2Fdryad.4gn47/versions"}, "stash:version": {"href": "/api/v2/versions/20305"}, "stash:download": {"href": "/api/v2/datasets/doi%3A10.5061%2Fdryad.4gn47/download"}, "curies": [{"name": "stash", "href": "https://github.com/CDL-Dryad/stash/blob/main/stash_api/link-relations.md#{rel}", "templated": "true"}]}, "identifier": "doi:10.5061/dryad.4gn47", "id": 20241, "storageSize": 7803925, "title": "Data from: Evolution of haploid selection in predominantly diploid organisms", "authors": [{"firstName": "Sarah P.", "lastName": "Otto", "affiliation": "University of British Columbia", "affiliationROR": "https://ror.org/03rmrcq20"}, {"firstName": "Michael F.", "lastName": "Scott", "affiliation": "University of British Columbia", "affiliationROR": "https://ror.org/03rmrcq20"}, {"firstName": "Simone", "lastName": "Immler", "affiliation": "Uppsala University", "affiliationROR": "https://ror.org/048a87296"}], "abstract": "Diploid organisms manipulate the extent to which their haploid gametes experience selection. Animals typically produce sperm with a diploid complement of most proteins and RNA, limiting selection on the haploid genotype. Plants, however, exhibit extensive expression in pollen, with actively transcribed haploid genomes. Here we analyze models that track the evolution of genes that modify the strength of haploid selection to predict when evolution intensifies and when it dampens the \u201cselective arena\u201d within which male gametes compete for fertilization. Considering deleterious mutations, evolution leads diploid mothers to strengthen selection among haploid sperm/pollen, because this reduces the mutation load inherited by their diploid offspring. If, however, selection acts in opposite directions in haploids and diploids (\u201cploidally antagonistic selection\u201d), mothers evolve to reduce haploid selection to avoid selectively amplifying alleles harmful to their offspring. Consequently, with maternal control, selection in the haploid phase either is maximized or reaches an intermediate state, depending on the deleterious mutation rate relative to the extent of ploidally antagonistic selection. By contrast, evolution generally leads diploid fathers to mask mutations in their gametes to the maximum extent possible, whenever masking (e.g., through transcript sharing) increases the average fitness of a father\u2019s gametes. We discuss the implications of this maternal\u2013paternal conflict over the extent of haploid selection and describe empirical studies needed to refine our understanding of haploid selection among seemingly diploid organisms.", "keywords": ["antagonistic selection", "sperm competition", "pollen competition", "Evolutionary Theory", "haploid selection"], "usageNotes": "<div class=\"o-metadata__file-usage-entry\"><h4 class=\"o-heading__level3-file-title\">Model analyses</h4><div class=\"o-metadata__file-description\">Mathematica 8.0 file in which we derive and analyze the model equations in the paper.</div><div class=\"o-metadata__file-name\">MaintenanceOfGametophyticSelection2015.nb</br></div></div><div class=\"o-metadata__file-usage-entry\"><h4 class=\"o-heading__level3-file-title\">Model Analyses (PDF format)</h4><div class=\"o-metadata__file-description\">A PDF print-out of the Mathematica 8.0 file.</div><div class=\"o-metadata__file-name\">MaintenanceOfGametophyticSelection2015.pdf</br></div></div>", "relatedWorks": [{"relationship": "Cites", "identifierType": "DOI", "identifier": "https://doi.org/10.1073/pnas.1512004112"}], "versionNumber": 1, "versionStatus": "submitted", "curationStatus": "Published", "publicationDate": "2016-12-01", "lastModificationDate": "2020-06-24", "visibility": "public", "sharingLink": "https://datadryad.org/stash/share/UBBi21BkTOrx_WqdJ-nv8AoofkPAygU_HaDbjAOMg7w", "userId": 6894, "license": "https://creativecommons.org/publicdomain/zero/1.0/"}