{"_links": {"self": {"href": "/api/v2/datasets/doi%3A10.5061%2Fdryad.m27k7"}, "stash:versions": {"href": "/api/v2/datasets/doi%3A10.5061%2Fdryad.m27k7/versions"}, "stash:version": {"href": "/api/v2/versions/12675"}, "stash:download": {"href": "/api/v2/datasets/doi%3A10.5061%2Fdryad.m27k7/download"}, "curies": [{"name": "stash", "href": "https://github.com/CDL-Dryad/stash/blob/main/stash_api/link-relations.md#{rel}", "templated": "true"}]}, "identifier": "doi:10.5061/dryad.m27k7", "id": 12629, "storageSize": 86055, "title": "Data from: Cultural isolation is greater than genetic isolation across an avian hybrid zone", "authors": [{"firstName": "Haley L.", "lastName": "Kenyon", "affiliation": "University of British Columbia", "affiliationROR": "https://ror.org/03rmrcq20"}, {"firstName": "Miguel", "lastName": "Alcaide", "affiliation": "University of British Columbia", "affiliationROR": "https://ror.org/03rmrcq20"}, {"firstName": "David P.L.", "lastName": "Toews", "affiliation": "University of British Columbia", "affiliationROR": "https://ror.org/03rmrcq20"}, {"firstName": "Darren E.", "lastName": "Irwin", "affiliation": "University of British Columbia", "affiliationROR": "https://ror.org/03rmrcq20"}, {"firstName": "D. P. L.", "lastName": "Toews", "affiliation": "University of British Columbia", "affiliationROR": "https://ror.org/03rmrcq20"}], "abstract": "Elucidating the relationship between genetic and cultural evolution is important in understanding speciation, as learned premating barriers might be involved in maintaining species differences. Here we test this relationship by examining a widely recognized premating barrier, bird song, in a hybrid zone between black-throated green (Setophaga virens) and Townsend's warblers (S. townsendi). We use song analysis, genomic techniques and playback experiments to characterize the cultural and genetic backgrounds of individuals in this region, expecting that if song is an important reproductive barrier between these species, there should be a strong relationship between song and genotype. We show that songs in the hybrid zone correspond to the distinctly different songs found in allopatry but that song and genotype are not tightly coupled in sympatry. Allopatric individuals responded only to local songs, indicating that individuals may have learned to respond to songs they commonly hear. We observed discordance between song and genotype clines; a narrower cline suggests that cultural selection on song is stronger than natural selection on genotype. These findings indicate that song is unlikely to play a role in reproductive isolation between these species, and we suggest that spatial variation in song may nonetheless be maintained by frequency-dependent cultural selection. This decoupling of genes and culture may contribute to hybridization in this region.", "keywords": ["Setophaga townsendi", "signalling/courtship", "reproductive isolation", "hybridization", "speciation", "Setophaga virens"], "usageNotes": "<div class=\"o-metadata__file-usage-entry\"><h4 class=\"o-heading__level3-file-title\">Kenyon et al_main data set</h4><div class=\"o-metadata__file-name\"></div><div class=\"o-metadata__file-name\"></div></div><div class=\"o-metadata__file-usage-entry\"><h4 class=\"o-heading__level3-file-title\">Kenyon et al_playback data set</h4><div class=\"o-metadata__file-name\"></div></div>", "relatedWorks": [{"relationship": "Cites", "identifierType": "DOI", "identifier": "https://doi.org/10.1111/jeb.12989"}], "versionNumber": 1, "versionStatus": "submitted", "curationStatus": "Published", "publicationDate": "2016-10-24", "lastModificationDate": "2020-06-30", "visibility": "public", "sharingLink": "https://datadryad.org/stash/share/DrPyOzOHCJRrQ41bZURG2A1uDECGSEBTns-En-VHPoE", "userId": 22277, "license": "https://creativecommons.org/publicdomain/zero/1.0/"}