{"_links": {"self": {"href": "/api/v2/datasets/doi%3A10.5061%2Fdryad.g81h3"}, "stash:versions": {"href": "/api/v2/datasets/doi%3A10.5061%2Fdryad.g81h3/versions"}, "stash:version": {"href": "/api/v2/versions/17403"}, "stash:download": {"href": "/api/v2/datasets/doi%3A10.5061%2Fdryad.g81h3/download"}, "curies": [{"name": "stash", "href": "https://github.com/CDL-Dryad/stash/blob/main/stash_api/link-relations.md#{rel}", "templated": "true"}]}, "identifier": "doi:10.5061/dryad.g81h3", "id": 17342, "storageSize": 31624, "title": "Data from: Memory for lectures: how lecture format impacts the learning experience", "authors": [{"firstName": "Trish L.", "lastName": "Varao-Sousa", "affiliation": "University of British Columbia", "affiliationROR": "https://ror.org/03rmrcq20"}, {"firstName": "Alan", "lastName": "Kingstone", "affiliation": "University of British Columbia", "affiliationROR": "https://ror.org/03rmrcq20"}], "abstract": "The present study investigated what impact the presentation style of a classroom lecture has on memory, mind wandering, and the subjective factors of interest and motivation. We examined if having a professor lecturing live versus on video alters the learning experience of the students in the classroom. During the lectures, students were asked to report mind wandering and later complete a memory test. The lecture format was manipulated such that all the students received two lectures, one live and one a pre-recorded video. Results indicate that lecture format affected memory performance but not mind wandering, with enhanced memory in the live lectures. Additionally, students reported greater interest and motivation in the live lectures. Given that a single change to the classroom environment, professor presence, impacted memory performance, as well as motivation and interest, the present results have several key implications for technology-based integrations into higher education classrooms.", "keywords": ["lecture settings", "interest", "Motivation", "memory performance", "mind wandering"], "usageNotes": "<div class=\"o-metadata__file-usage-entry\"><h4 class=\"o-heading__level3-file-title\">Varao-Sousa & Kingstone - Memory for Lectures data</h4><div class=\"o-metadata__file-name\"></div></div>", "relatedWorks": [{"relationship": "Cites", "identifierType": "DOI", "identifier": "https://doi.org/10.1371/journal.pone.0141587"}], "versionNumber": 1, "versionStatus": "submitted", "curationStatus": "Published", "publicationDate": "2016-01-26", "lastModificationDate": "2020-06-24", "visibility": "public", "sharingLink": "https://datadryad.org/stash/share/Tt1rKvTtuXOME1TDButKpcS5pRFCyXLCGfHlZ5mEkCA", "userId": 14367, "license": "https://creativecommons.org/publicdomain/zero/1.0/"}