{"_links": {"self": {"href": "/api/v2/datasets/doi%3A10.5061%2Fdryad.rm574"}, "stash:versions": {"href": "/api/v2/datasets/doi%3A10.5061%2Fdryad.rm574/versions"}, "stash:version": {"href": "/api/v2/versions/760"}, "stash:download": {"href": "/api/v2/datasets/doi%3A10.5061%2Fdryad.rm574/download"}, "curies": [{"name": "stash", "href": "https://github.com/CDL-Dryad/stash/blob/main/stash_api/link-relations.md#{rel}", "templated": "true"}]}, "identifier": "doi:10.5061/dryad.rm574", "id": 759, "storageSize": 339309172, "title": "Data from: QST FST comparisons with unbalanced half-sib designs", "authors": [{"firstName": "Kimberly J.", "lastName": "Gilbert", "affiliation": "University of British Columbia", "affiliationROR": "https://ror.org/03rmrcq20"}, {"firstName": "Michael C.", "lastName": "Whitlock", "affiliation": "University of British Columbia", "affiliationROR": "https://ror.org/03rmrcq20"}], "abstract": "QST, a measure of quantitative genetic differentiation among populations, is an index that can suggest local adaptation if QST for a trait is sufficiently larger than the mean FST of neutral genetic markers. A previous method by Whitlock and Guillaume derived a simulation resampling approach to statistically test for a difference between QST and FST, but that method is limited to balanced data sets with offspring related as half-sibs through shared fathers. We extend this approach to (1) allow for a model more suitable for some plant populations or breeding designs in which offspring are related through mothers (assuming independent fathers for each offspring; half-sibs by dam), and (2) by explicitly allowing for unbalanced data sets. The resulting approach is made available through the R package QstFstComp.", "keywords": ["outliers"], "usageNotes": "<div class=\"o-metadata__file-usage-entry\"><h4 class=\"o-heading__level3-file-title\">SourceCode_DamModel</h4><div class=\"o-metadata__file-description\">Source code used when doing type I error testing of balanced or unbalanced half-sib dam model</div><div class=\"o-metadata__file-name\">DamModel_WorkingCopy.R</br></div></div><div class=\"o-metadata__file-usage-entry\"><h4 class=\"o-heading__level3-file-title\">SireModel_WorkingCopy</h4><div class=\"o-metadata__file-description\">Source code used when doing type I error testing of unbalanced half-sib sire model</div><div class=\"o-metadata__file-name\"></div></div><div class=\"o-metadata__file-usage-entry\"><h4 class=\"o-heading__level3-file-title\">TypeI_ErrorTest_DamBalanced</h4><div class=\"o-metadata__file-description\">R code to run the error testing of the balanced half-sib dam model over 1000 replicate datasets.</div><div class=\"o-metadata__file-name\"></div></div><div class=\"o-metadata__file-usage-entry\"><h4 class=\"o-heading__level3-file-title\">TypeI_ErrorTest_DamUnbalanced</h4><div class=\"o-metadata__file-description\">R code to run the error testing of the unbalanced half-sib dam model over 1000 replicate datasets.</div><div class=\"o-metadata__file-name\"></div></div><div class=\"o-metadata__file-usage-entry\"><h4 class=\"o-heading__level3-file-title\">TypeI_ErrorTest_SireUnbalanced</h4><div class=\"o-metadata__file-description\">R code to run the error testing of the unbalanced half-sib sire model over 1000 replicate datasets.</div><div class=\"o-metadata__file-name\"></div></div><div class=\"o-metadata__file-usage-entry\"><h4 class=\"o-heading__level3-file-title\">NemoReplicates</h4><div class=\"o-metadata__file-description\">Zipped file containing the 1000 simulated replicate datasets from Nemo used for type I error testing.</div><div class=\"o-metadata__file-name\"></div></div>", "relatedWorks": [{"relationship": "Cites", "identifierType": "DOI", "identifier": "https://doi.org/10.1111/1755-0998.12303"}], "versionNumber": 1, "versionStatus": "submitted", "curationStatus": "Published", "publicationDate": "2014-07-15", "lastModificationDate": "2020-06-24", "visibility": "public", "sharingLink": "https://datadryad.org/stash/share/B-5uTNq7VSWYgsnFYlVG8TXybosi0GCLK_NwgUuU6BM", "userId": 13958, "license": "https://creativecommons.org/publicdomain/zero/1.0/"}