{"_links": {"self": {"href": "/api/v2/datasets/doi%3A10.5061%2Fdryad.5b2k785"}, "stash:versions": {"href": "/api/v2/datasets/doi%3A10.5061%2Fdryad.5b2k785/versions"}, "stash:version": {"href": "/api/v2/versions/27950"}, "stash:download": {"href": "/api/v2/datasets/doi%3A10.5061%2Fdryad.5b2k785/download"}, "curies": [{"name": "stash", "href": "https://github.com/CDL-Dryad/stash/blob/main/stash_api/link-relations.md#{rel}", "templated": "true"}]}, "identifier": "doi:10.5061/dryad.5b2k785", "id": 27429, "storageSize": 65843, "title": "Data from: Reciprocal abundance shifts of the intertidal sea stars, Evasterias troschelii and Pisaster ochraceus, following sea star wasting disease", "authors": [{"firstName": "Sharon", "lastName": "Kay", "affiliation": "University of British Columbia", "affiliationROR": "https://ror.org/03rmrcq20"}, {"firstName": "Alyssa-Lois", "lastName": "Gehman", "affiliation": "University of British Columbia", "affiliationROR": "https://ror.org/03rmrcq20"}, {"firstName": "Christopher", "lastName": "Harley", "affiliation": "University of British Columbia", "affiliationROR": "https://ror.org/03rmrcq20"}], "abstract": "Disease emergence occurs within the context of ecological communities, and disease driven declines in host populations can lead to complex direct and indirect ecological effects. Varying effects of a single disease among multiple susceptible hosts could benefit relatively resistant species. Beginning in 2013, an outbreak of sea star wasting disease (SSWD) led to population declines of many sea star species along the west coast of North America. Through field surveys and laboratory experiments, we investigated how and why the relative abundances of two co-occurring sea star species, Evasterias troschelii and Pisaster ochraceus, shifted during the ongoing wasting epidemic in Burrard Inlet, British Columbia, Canada. We hypothesized that Evasterias is competitively inferior to Pisaster but more resistant to SSWD. Thus, we predicted that SSWD-induced declines of Pisaster could mitigate the negative effects of SSWD on Evasterias, as the latter would experience competitive release. We document shifts in sea star abundance from 2007-2017: Pisaster abundance and mean size declined during the outbreak, while Evasterias abundance increased from relatively rare to numerically dominant within the intertidal. When exposed to symptomatic sea stars, Pisaster and Evasterias both showed signs of SSWD, but transmission and susceptibility was lower in Evasterias. Despite diet overlap documented in our field surveys, Evasterias was not outcompeted by Pisaster in laboratory trails conducted with the relatively small Pisaster available after the outbreak. Interference competition with larger Pisaster, or prey exploitation by Pisaster during summer when Evasterias is primarily subtidal, may explain the rarity of Evasterias prior to Pisaster declines. Our results suggest that indirect effects mediated by competition can mask some of the direct effects of disease outbreaks, and the combination of direct and indirect effects will determine the restructuring of a community after disturbance.", "funders": [{"organization": "National Science Foundation", "awardNumber": "1611651"}], "keywords": ["2016-2017", "2007-2017", "disease outbreak", "susceptibility", "2017", "asteroid idiopathic wasting syndrome", "Pisaster ochraceus", "diet", "population size", "Evasterias troschelii"], "usageNotes": "<div class=\"o-metadata__file-usage-entry\"><h4 class=\"o-heading__level3-file-title\">EvasteriasPisasterSurvey_Table_2_Fig_1_data</h4><div class=\"o-metadata__file-description\">Long term Evasterias and Pisaster population data in Burrard Inlet, British Columbia, Canada. Percent of maximum abundance (denoted as \u201cpercent_max\u201d) for each species and proportion of each species within the sea star community (denoted as \u201cprop_sp\u201d), during winter surveys from 2008 to 2017. Each survey\u2019s percent of maximum abundance was calculated using the maximum abundance recorded for that site during our surveys from 2008 to 2017. Data are split into \u201cpre\u201d and \u201cpost\u201d estimated time of outbreak of wasting disease, n = 9 surveys for years before wasting and n = 40 surveys for years after wasting. Surveys are from 5 sites, and estimates of area surveyed at each site are provided. Salinity is opportunistically reported.</div><div class=\"o-metadata__file-name\">Table_2_Fig_1_data.csv</br></div></div><div class=\"o-metadata__file-usage-entry\"><h4 class=\"o-heading__level3-file-title\">Table3_Fig_2_data</h4><div class=\"o-metadata__file-description\">Breakdown of disease progression in Evasterias and Pisaster over 28 days, in terms of number of asymptomatic (\u201cnum_healthy\u201d) and the number of surviving individuals remaining in a tank \u201c(num_alive\u201d), after experimental exposure to conspecifics with signs of SSWD. \u201cDay\u201d indicates the duration of experiment and \u201ctank\u201d indicates the replicate tanks of initially uninfected sea stars. \u201cCensus_sick\u201d and \u201ccensus_dead\u201d indicates a binary assignment of 0 or 1, where 0 denotes more than half the population of 5 sea stars is healthy/alive and 1 denotes more than half the population is sick/dead. See supplement S1.2 for more details on the methods of the experiments.</div><div class=\"o-metadata__file-name\"></div></div><div class=\"o-metadata__file-usage-entry\"><h4 class=\"o-heading__level3-file-title\">TableS3_FigS3_data</h4><div class=\"o-metadata__file-description\">Mean percent change in wet weight (grams) across competition treatments, from all three experiment rounds. Competition treatments are labeled by the number of sea stars held in a tank, and of what species. Evasterias is abbreviated with \u201cEva\u201d and Pisaster is abbreviated with \u201cPi\u201d. The interspecific treatment for Evasterias response was \u201cEva (2 Eva + 2 Pi)\u201d and for Pisaster response was \u201cPi (2 Eva + 2 Pi)\u201d. Each treatment was replicated three times per experiment (denoted as \u201ctank\u201d number), with the exception of experiment three, where the interspecific treatment was replicated four times, for a total of 9 replications and 10 replications respectively across all three experiments. Sample size varied per treatment as some sea stars developed signs of SSWD and thus were removed and replaced with uninfected sea stars. Replacement sea star weights were not included in the data set or growth analysis. For more details on the methods see supplement section S1.3.</div><div class=\"o-metadata__file-name\"></div></div><div class=\"o-metadata__file-usage-entry\"><h4 class=\"o-heading__level3-file-title\">Fig_S4_data</h4><div class=\"o-metadata__file-description\">Seasonal abundance data for Pisaster and Evasterias for April 2016 to March 2017. Mean percent of maximum abundance (denoted as \u201cpercent_max\u201d) and mean proportion of species in community (denoted as \u201cprop_sp\u201d), over the months of one year. Each survey\u2019s percent of maximum abundance was calculated using the maximum abundance recorded for that site during our surveys in 2016/2017.Surveys are from 5 sites, and estimates of area surveyed at each site are provided. Salinity is opportunistically reported. See supplement section S1.1 for more details on the methods.</div><div class=\"o-metadata__file-name\"></div></div>", "locations": [{"place": "Canada"}, {"place": "British Columbia"}, {"place": "Burrard Inlet"}], "relatedWorks": [{"relationship": "Cites", "identifierType": "DOI", "identifier": "https://doi.org/10.1098/rspb.2018.2766"}], "versionNumber": 1, "versionStatus": "submitted", "curationStatus": "Published", "publicationDate": "2019-04-12", "lastModificationDate": "2020-06-24", "visibility": "public", "sharingLink": "https://datadryad.org/stash/share/SmVDvGLAtqS5M84cePfsV1CBH0L_TQi3OKSua6tyBAQ", "userId": 6947, "license": "https://creativecommons.org/publicdomain/zero/1.0/"}