{"_links": {"self": {"href": "/api/v2/datasets/doi%3A10.5061%2Fdryad.d6f6q7p"}, "stash:versions": {"href": "/api/v2/datasets/doi%3A10.5061%2Fdryad.d6f6q7p/versions"}, "stash:version": {"href": "/api/v2/versions/26285"}, "stash:download": {"href": "/api/v2/datasets/doi%3A10.5061%2Fdryad.d6f6q7p/download"}, "curies": [{"name": "stash", "href": "https://github.com/CDL-Dryad/stash/blob/main/stash_api/link-relations.md#{rel}", "templated": "true"}]}, "identifier": "doi:10.5061/dryad.d6f6q7p", "id": 26212, "storageSize": 47705, "title": "Data from: Species interactions mediate thermal evolution", "authors": [{"firstName": "Michelle", "lastName": "Tseng", "affiliation": "University of British Columbia", "affiliationROR": "https://ror.org/03rmrcq20"}, {"firstName": "Joey R.", "lastName": "Bernhardt", "affiliation": "Swiss Federal Institute of Aquatic Science and Technology", "affiliationROR": "https://ror.org/00pc48d59"}, {"firstName": "Alexander E.", "lastName": "Chila", "affiliation": "University of British Columbia", "affiliationROR": "https://ror.org/03rmrcq20"}], "abstract": "Understanding whether populations and communities can evolve fast enough to keep up with ongoing climate change is one of the most pressing issues in biology today. A growing number of studies have documented rapid evolutionary responses to warming, suggesting that populations may be able to persist despite temperature increases. The challenge now is to better understand how species interactions, which are ubiquitous in nature, mediate these population responses to warming. Here we use laboratory natural selection experiments in a freshwater community to test hypotheses related to how thermal evolution of Daphnia pulex to two selection temperatures (12\u02daC, 18\u02daC) is mediated by rapid thermal evolution of its algal resource (Scenedesmus obliquus), or by the presence of the zooplankton predator Chaoborus americanus. We found that cold-evolved algae (a high-quality resource), facilitated the evolution of increased thermal plasticity in Daphnia populations selected at 12\u02daC, for both body size and per capita growth rates (r). Conversely, warm-evolved algae facilitated the evolution of increased r thermal plasticity for Daphnia at selected at 18\u02daC. Lastly, we found that the effect of selection temperature on evolved Daphnia body size was more pronounced when Daphnia were also reared with predators. These data demonstrate that trait evolution of a focal population to the thermal environment can be affected by both bottom-up and top-down species interactions, and that rapid temperature evolution of a resource can have cascading effects on consumer thermal evolution. Our study highlights the importance of incorporating species interactions when estimating ecological and evolutionary responses of populations and communities to ongoing temperature warming.", "keywords": ["thermal reaction norm", "thermal evolution", "Rapid evolution", "Species Interactions", "Experimental evolution", "Algae"], "usageNotes": "<div class=\"o-metadata__file-usage-entry\"><h4 class=\"o-heading__level3-file-title\">tseng-et-al-algae-evolution-dryad-2019-04-15</h4><div class=\"o-metadata__file-description\">Raw data for the algae evolution component of the paper</div><div class=\"o-metadata__file-name\"></div></div><div class=\"o-metadata__file-usage-entry\"><h4 class=\"o-heading__level3-file-title\">tseng-et-al-daphnia-evolution-dryad-2019-04-15</h4><div class=\"o-metadata__file-description\">Raw data for the Daphnia evolution component of the study</div><div class=\"o-metadata__file-name\"></div></div>", "relatedWorks": [{"relationship": "Cites", "identifierType": "DOI", "identifier": "https://doi.org/10.1111/eva.12805"}], "versionNumber": 1, "versionStatus": "submitted", "curationStatus": "Published", "publicationDate": "2019-04-17", "lastModificationDate": "2020-06-24", "visibility": "public", "sharingLink": "https://datadryad.org/stash/share/EfWRKa7TFszHrciwIMP9SQUjmoONKYq3BoHRnovFnzU", "userId": 41721, "license": "https://creativecommons.org/publicdomain/zero/1.0/"}