{"_links": {"self": {"href": "/api/v2/datasets/doi%3A10.5061%2Fdryad.p12q4"}, "stash:versions": {"href": "/api/v2/datasets/doi%3A10.5061%2Fdryad.p12q4/versions"}, "stash:version": {"href": "/api/v2/versions/21514"}, "stash:download": {"href": "/api/v2/datasets/doi%3A10.5061%2Fdryad.p12q4/download"}, "curies": [{"name": "stash", "href": "https://github.com/CDL-Dryad/stash/blob/main/stash_api/link-relations.md#{rel}", "templated": "true"}]}, "identifier": "doi:10.5061/dryad.p12q4", "id": 21450, "storageSize": 32399509, "title": "Data from: Effects of gene action, marker density, and time since selection on the performance of landscape genomic scans of local adaptation", "authors": [{"firstName": "Jeremy B.", "lastName": "Yoder", "affiliation": "University of British Columbia", "affiliationROR": "https://ror.org/03rmrcq20"}, {"firstName": "Peter", "lastName": "Tiffin", "affiliation": "University of Minnesota", "affiliationROR": "https://ror.org/017zqws13"}], "abstract": "Genomic \u201cscans\u201d to identify loci that contribute to local adaptation are becoming increasingly common. Many methods used for such studies have assumed that local adaptation is created by loci experiencing antagonistic pleiotropy and that the selected locus itself is assayed, and few consider how signals of selection change through time. However, most empirical data sets have marker density too low to assume that a selected locus itself is assayed, researchers seldom know when selection was first imposed, and many locally adapted loci likely experience not antagonistic pleiotropy but conditional neutrality. We simulated data to evaluate how these factors affect the performance of tests for genotype-environment association. We found that three types of regression-based analyses (linear models, mixed linear models, and latent factor mixed models) and an implementation of BayEnv all performed well, with high rates of true positives and low rates of false positives, when the selected locus experienced antagonistic pleiotropy, and when the selected locus was assayed directly. However, all tests had reduced power to detect loci experiencing conditional neutrality, and the probability of detecting associations was sharply reduced when physically linked rather than causative loci were sampled. Antagonistic pleiotropy also maintained detectable genotype-environment associations much longer than conditional neutrality. Our analyses suggest that if local adaptation is often driven by loci experiencing conditional neutrality, genome-scan methods will have limited capacity to find loci responsible for local adaptation.", "funders": [{"organization": "National Science Foundation", "awardNumber": "1237993"}], "keywords": ["Antagonistic pleiotropy", "standing variation Subject area:  Genomics and gene mapping", "genotype-environment association", "selective sweeps", "conditional neutrality", "linkage disequilibrium"], "usageNotes": "<div class=\"o-metadata__file-usage-entry\"><h4 class=\"o-heading__level3-file-title\">Yoder and Tiffin (2017) supporting information</h4><div class=\"o-metadata__file-description\">This archive provides configuration files for forward population genetic simulations of local adaptation, scripts to perform analysis on their results, and a copy of data produced by this pipeline. See README file for detailed description and annotation.</div><div class=\"o-metadata__file-name\">Yoder_and_Tiffin_supporting-information.zip</br></div><div class=\"o-metadata__file-name\"></div></div>", "relatedWorks": [{"relationship": "Cites", "identifierType": "DOI", "identifier": "https://doi.org/10.1093/jhered/esx042"}], "versionNumber": 1, "versionStatus": "submitted", "curationStatus": "Published", "publicationDate": "2017-05-08", "lastModificationDate": "2020-06-24", "visibility": "public", "sharingLink": "https://datadryad.org/stash/share/Npv2qPnygKCuo75EdwKmDOWad3Rm9cvMgnQamMC_ln0", "userId": 26006, "license": "https://creativecommons.org/publicdomain/zero/1.0/"}