{"_links": {"self": {"href": "/api/v2/datasets/doi%3A10.5061%2Fdryad.3b02tb6"}, "stash:versions": {"href": "/api/v2/datasets/doi%3A10.5061%2Fdryad.3b02tb6/versions"}, "stash:version": {"href": "/api/v2/versions/46310"}, "stash:download": {"href": "/api/v2/datasets/doi%3A10.5061%2Fdryad.3b02tb6/download"}, "curies": [{"name": "stash", "href": "https://github.com/CDL-Dryad/stash/blob/main/stash_api/link-relations.md#{rel}", "templated": "true"}]}, "identifier": "doi:10.5061/dryad.3b02tb6", "id": 29580, "storageSize": 21544473, "title": "Data from: Climatic change only stimulated growth for trees under weak competition in central boreal forests", "authors": [{"firstName": "Yong", "lastName": "Luo", "email": "yluo1@lakeheadu.ca", "affiliation": "Lakehead University", "affiliationROR": "https://ror.org/023p7mg82"}, {"firstName": "Eliot J. B.", "lastName": "McIntire", "email": "", "affiliation": "University of British Columbia", "affiliationROR": "https://ror.org/03rmrcq20"}, {"firstName": "Celine", "lastName": "Boivenue", "email": "", "affiliation": "University of British Columbia", "affiliationROR": "https://ror.org/03rmrcq20"}, {"firstName": "Paul P.", "lastName": "Nikiema", "email": "", "affiliation": "Government of Manitoba", "affiliationROR": "https://ror.org/05tvcyg29"}, {"firstName": "Han H. Y.", "lastName": "Chen", "email": "", "affiliation": "Lakehead University", "affiliationROR": "https://ror.org/023p7mg82"}], "abstract": "1. Global change ecologists have often used trees under weak competition (e.g., dominant/codominant trees) to examine relationships between climatic change and tree growth. Scaling up these results to a forest relies on the assumption that the climatic change-tree growth relationship is not affected by tree-level competition.\r\n2. Using permanent sample plot data from the central Canadian boreal region where warming did not result in water deficit, we tested the above-mentioned assumption by looking at whether the relationship between climatic change and tree growth varied with tree-level competition, which was quantified using a modified Hegyi competition index.\r\n3. We found that tree growth increased over time for trees under weak competition, but decreased for those under strong competition. The divergent temporal trends among trees under different levels of competition led to a non-significant change in growth for our study plots. Growth increased with regional warming, atmospheric [CO2] and water availability for trees under weak competition, but not for those under strong competition.\r\n4. Synthesis. Our results suggest that upscaling the growth responses of dominant/codominant trees to climate change to a forest or a region can lead to biased estimates. Tree-level competition should be taken into account when expressing climatic change and tree growth relationships.", "keywords": ["drought", "rising atmospheric CO2", "1986-2011", "boreal forests", "Tree Growth"], "usageNotes": "<div class=\"o-metadata__file-usage-entry\"><h4 class=\"o-heading__level3-file-title\">selected tree data from Manitoba PSPs</h4><div class=\"o-metadata__file-description\">The data contains all the tree-level measurement information, including 1) tree basal area, biomass, measurement time; 2) climate information.</div><div class=\"o-metadata__file-name\">dataforanalyses.csv</br></div></div>", "locations": [{"place": "Canada"}, {"place": "Manitoba"}], "relatedWorks": [{"relationship": "Cites", "identifierType": "DOI", "identifier": "https://doi.org/10.1111/1365-2745.13228"}], "versionNumber": 3, "versionStatus": "submitted", "curationStatus": "Published", "publicationDate": "2019-12-01", "lastModificationDate": "2019-12-10", "visibility": "public", "sharingLink": "https://datadryad.org/stash/share/dP37TmyvHfxQ1MAJvt6zUrSyDJdpVp3im1h7v5jHkO4", "userId": 40785, "license": "https://creativecommons.org/publicdomain/zero/1.0/"}