{"_links": {"self": {"href": "/api/v2/datasets/doi%3A10.5061%2Fdryad.1cv6sf4"}, "stash:versions": {"href": "/api/v2/datasets/doi%3A10.5061%2Fdryad.1cv6sf4/versions"}, "stash:version": {"href": "/api/v2/versions/17117"}, "stash:download": {"href": "/api/v2/datasets/doi%3A10.5061%2Fdryad.1cv6sf4/download"}, "curies": [{"name": "stash", "href": "https://github.com/CDL-Dryad/stash/blob/main/stash_api/link-relations.md#{rel}", "templated": "true"}]}, "identifier": "doi:10.5061/dryad.1cv6sf4", "id": 17057, "storageSize": 38066, "title": "Data from: Past and present resource availability affect mating rate but not choice in Drosophila melanogaster", "authors": [{"firstName": "Erin", "lastName": "Tudor", "affiliation": "University of Washington", "affiliationROR": "https://ror.org/00cvxb145"}, {"firstName": "Daniel E.L.", "lastName": "Promislow", "affiliation": "University of British Columbia", "affiliationROR": "https://ror.org/03rmrcq20"}, {"firstName": "Devin", "lastName": "Arbuthnott", "affiliation": "University of British Columbia", "affiliationROR": "https://ror.org/03rmrcq20"}, {"firstName": "Daniel E L", "lastName": "Promislow", "affiliation": "University of Washington", "affiliationROR": "https://ror.org/00cvxb145"}], "abstract": "The choices of when, where, and with whom to mate represent some of the most important decisions an individual can make to increase their fitness. Several studies have shown that the resources available to an individual during development can dramatically alter their mating rate later in life, and even the choice of mate. However, an individual\u2019s surroundings and available resources can change rapidly, and it is not clear how quickly the redistribution of resources towards reproduction can change. To address this important question, we measured mating rate and mate choice among Drosophila melanogaster males that were manipulated in terms of both past resources (control vs. starvation) and the resources available during mate choice (food vs. no food). We found that males given access to ample resources prior to mate choice showed higher mating rates than those that were starved, in agreement with previous studies. However, we also found that this effect can be reversed quickly, as starved males given the opportunity to mate in a high-quality environment mated at frequencies equivalent to their fed counterparts. While past and present resources affected mating rate, they did not affect mate choice, as males mated with high quality females at high frequencies regardless of their condition and environment. Our results show that both current condition as well as the promise of future resources can dramatically influence individuals\u2019 investment into reproduction, and that such mating decisions are extremely plastic and reliant on environmental cues.", "keywords": ["Phenotypic Plasticity", "Mate choice", "drosophila melanogaster", "Condition dependence", "Mating behavior"], "usageNotes": "<div class=\"o-metadata__file-usage-entry\"><h4 class=\"o-heading__level3-file-title\">Mated</h4><div class=\"o-metadata__file-description\">Data on whether mating occurred at all within mating trials.</div><div class=\"o-metadata__file-name\"></div><div class=\"o-metadata__file-name\"></div></div><div class=\"o-metadata__file-usage-entry\"><h4 class=\"o-heading__level3-file-title\">MateChoice</h4><div class=\"o-metadata__file-description\">Data on whether males mated with attractive females, of mating trials in which mating occurred.</div><div class=\"o-metadata__file-name\"></div><div class=\"o-metadata__file-name\"></div></div>", "relatedWorks": [{"relationship": "Cites", "identifierType": "DOI", "identifier": "https://doi.org/10.1093/beheco/ary114"}], "versionNumber": 1, "versionStatus": "submitted", "curationStatus": "Published", "publicationDate": "2018-07-20", "lastModificationDate": "2020-06-24", "visibility": "public", "sharingLink": "https://datadryad.org/stash/share/Ib091MKGX8mgActzk3NL9xOdMAhnvZwzw-_eUvSbEHM", "userId": 6849, "license": "https://creativecommons.org/publicdomain/zero/1.0/"}