{"_links": {"self": {"href": "/api/v2/datasets/doi%3A10.5061%2Fdryad.7874p"}, "stash:versions": {"href": "/api/v2/datasets/doi%3A10.5061%2Fdryad.7874p/versions"}, "stash:version": {"href": "/api/v2/versions/25092"}, "stash:download": {"href": "/api/v2/datasets/doi%3A10.5061%2Fdryad.7874p/download"}, "curies": [{"name": "stash", "href": "https://github.com/CDL-Dryad/stash/blob/main/stash_api/link-relations.md#{rel}", "templated": "true"}]}, "identifier": "doi:10.5061/dryad.7874p", "id": 25019, "storageSize": 20509513, "title": "Data from: Changes in the bacterial microbiota in gut, blood, and lungs following acute LPS instillation into mice lungs", "authors": [{"firstName": "Marc A.", "lastName": "Sze", "affiliation": "University of British Columbia", "affiliationROR": "https://ror.org/03rmrcq20"}, {"firstName": "Masashi", "lastName": "Tsuruta", "affiliation": "University of British Columbia", "affiliationROR": "https://ror.org/03rmrcq20"}, {"firstName": "Shun-Wei Julia", "lastName": "Yang", "affiliation": "University of British Columbia", "affiliationROR": "https://ror.org/03rmrcq20"}, {"firstName": "Yeni", "lastName": "Oh", "affiliation": "University of British Columbia", "affiliationROR": "https://ror.org/03rmrcq20"}, {"firstName": "S. F. Paul", "lastName": "Man", "affiliation": "University of British Columbia", "affiliationROR": "https://ror.org/03rmrcq20"}, {"firstName": "James C.", "lastName": "Hogg", "affiliation": "University of British Columbia", "affiliationROR": "https://ror.org/03rmrcq20"}, {"firstName": "Don D.", "lastName": "Sin", "affiliation": "University of British Columbia", "affiliationROR": "https://ror.org/03rmrcq20"}], "abstract": "Introduction: Previous reports have shown that the gastrointestinal (GI) bacterial microbiota can have profound effects on the lungs, which has been described as the \u201cgut-lung axis\u201d. However, whether a \u201clung-gut\u201d axis exists wherein acute lung inflammation perturbs the gut and blood microbiota is unknown. Methods: Adult C57/Bl6 mice were exposed to one dose of LPS or PBS instillation (n = 3 for each group) directly into lungs. Bacterial microbiota of the bronchoalveolar lavage fluid, blood, and cecum were determined using 454 pyrotag sequencing and quantitative polymerase chain reaction (qPCR) at 4 through 168 hours post-instillation. We then investigated the effects of oral neomycin and streptomycin (n = 8) on the microbiota at 4 and 24 hours post LPS instillation versus control treatment (n = 5 at baseline and 4 hours, n = 7 at 24 hours). Results: At 24 hours post LPS instillation, the total bacterial count was significantly increased in the cecum (P<0.05); whereas the total bacterial count in blood was increased at 4, 48, and 72 hours (P<0.05). Antibiotic treatment reduced the total bacteria in blood but not in the cecum. The increase in total bacteria in the blood correlated with Phyllobacteriaceae OTU 40 and was significantly reduced in the blood for both antibiotic groups (P<0.05). Conclusion: LPS instillation in lungs leads to acute changes in the bacterial microbiota in the blood and cecum, which can be modulated with antibiotics.", "keywords": ["lungs", "LPS", "microbiome"], "usageNotes": "<div class=\"o-metadata__file-usage-entry\"><h4 class=\"o-heading__level3-file-title\">sequence_data</h4><div class=\"o-metadata__file-description\">454 sequencing files after shhh.flows and trim,seqs commands have been implemented. No chimera removal has been done yet on these files.  Their are also group files and name files associated with each respective fasta file.</div><div class=\"o-metadata__file-name\"></div></div>", "relatedWorks": [{"relationship": "Cites", "identifierType": "DOI", "identifier": "https://doi.org/10.1371/journal.pone.0111228"}], "versionNumber": 1, "versionStatus": "submitted", "curationStatus": "Published", "publicationDate": "2015-09-30", "lastModificationDate": "2020-06-24", "visibility": "public", "sharingLink": "https://datadryad.org/stash/share/gtHeE5784lsNqs6J7m1suo5wdPKEBqQGxcuvYJyQ9FQ", "userId": 9959, "license": "https://creativecommons.org/publicdomain/zero/1.0/"}