{"_links": {"self": {"href": "/api/v2/datasets/doi%3A10.5061%2Fdryad.sh53j"}, "stash:versions": {"href": "/api/v2/datasets/doi%3A10.5061%2Fdryad.sh53j/versions"}, "stash:version": {"href": "/api/v2/versions/14195"}, "stash:download": {"href": "/api/v2/datasets/doi%3A10.5061%2Fdryad.sh53j/download"}, "curies": [{"name": "stash", "href": "https://github.com/CDL-Dryad/stash/blob/main/stash_api/link-relations.md#{rel}", "templated": "true"}]}, "identifier": "doi:10.5061/dryad.sh53j", "id": 14142, "storageSize": 84111, "title": "Data from: Diverse reproductive barriers in hybridising crickets suggests extensive variation in the evolution and maintenance of isolation", "authors": [{"firstName": "Thor", "lastName": "Veen", "affiliation": "University of British Columbia", "affiliationROR": "https://ror.org/03rmrcq20"}, {"firstName": "Joseph", "lastName": "Faulks", "affiliation": "University of Exeter", "affiliationROR": "https://ror.org/03yghzc09"}, {"firstName": "Frances", "lastName": "Tyler", "affiliation": "University of Exeter", "affiliationROR": "https://ror.org/03yghzc09"}, {"firstName": "Jodie", "lastName": "Lloyd", "affiliation": "University of Exeter", "affiliationROR": "https://ror.org/03yghzc09"}, {"firstName": "Tom", "lastName": "Tregenza", "affiliation": "University of Exeter", "affiliationROR": "https://ror.org/03yghzc09"}], "abstract": "Reproductive barriers reduce gene flow between populations and maintain species identities. A diversity of barriers exist, acting before, during and after mating. To understand speciation and coexistence, these barriers need to be quantified and their potential interactions revealed. We use the hybridising field crickets Gryllus bimaculatus and G. campestris as a model to understand the full compliment and relative strength of reproductive barriers. We find that males of both species prefer conspecific females, but the effect is probably too weak to represent a barrier. In contrast, prezygotic barriers caused by females being more attracted to conspecific male song and preferentially mounting and mating with conspecifics are strong and asymmetric. Postzygotic barriers vary in direction; reductions in fecundity and egg viability create selection against hybridisation, but hybrids live longer than pure-bred individuals. Hybrid females show a strong preference for G. bimaculatus songs, which together with a complete lack of hybridisation by G. campestris females, suggests that asymmetric gene flow is likely. For comparison, we review reproductive barriers that have been identified between other Gryllids and conclude that multiple barriers are common. Different species pairs are separated by qualitatively different combinations of barriers, suggesting that reproductive isolation and even the process of speciation itself may vary widely even within closely related groups.", "keywords": ["2009-2010", "Gryllus bimaculatus", "sexual selection", "reinforcement", "Gryllus campestris", "Gryllidae", "Mate choice", "speciation"], "usageNotes": "<div class=\"o-metadata__file-usage-entry\"><h4 class=\"o-heading__level3-file-title\">1_phonotaxis_no_choice</h4><div class=\"o-metadata__file-description\">Data from the no-choice phonotaxis experiment as described in the prezygotic long-range mating behaviour section of the Results and presented in Figure 2.</div><div class=\"o-metadata__file-name\"></div><div class=\"o-metadata__file-name\"></div></div><div class=\"o-metadata__file-usage-entry\"><h4 class=\"o-heading__level3-file-title\">2_phonotaxis_two_choice</h4><div class=\"o-metadata__file-description\">Data from the two-choice phonotaxis experiment as described in the Prezygotic long-range mating behaviour section of the Results and presented in Figure 2.</div><div class=\"o-metadata__file-name\"></div><div class=\"o-metadata__file-name\"></div></div><div class=\"o-metadata__file-usage-entry\"><h4 class=\"o-heading__level3-file-title\">3_close_range_choice</h4><div class=\"o-metadata__file-description\">Data from the short-range mating trials as described in the Prezygotic short-range mating behaviour section of the Results and presented in Figure 3.</div><div class=\"o-metadata__file-name\"></div><div class=\"o-metadata__file-name\"></div></div><div class=\"o-metadata__file-usage-entry\"><h4 class=\"o-heading__level3-file-title\">4_longevity</h4><div class=\"o-metadata__file-description\">Longevity data for male and female crickets as analysed in the section Postzygotic barriers in the Results section and depicted in Figure 4.</div><div class=\"o-metadata__file-name\"></div><div class=\"o-metadata__file-name\"></div></div><div class=\"o-metadata__file-usage-entry\"><h4 class=\"o-heading__level3-file-title\">5_egg_count_and_hatching_success</h4><div class=\"o-metadata__file-description\">The number of eggs laid and the hatching success from pairs of three different pairing types as analysed in the section Postzygotic barriers in the Results section and depicted in Figure 5 and 6.</div><div class=\"o-metadata__file-name\"></div><div class=\"o-metadata__file-name\"></div></div><div class=\"o-metadata__file-usage-entry\"><h4 class=\"o-heading__level3-file-title\">6_reproductive_isolation</h4><div class=\"o-metadata__file-description\">The absolute contribution of sequential reproductive barriers to the total reproductive isolation between between G. bimaculatus and G. campestris for each of the two mixed-species pairing types as depicted in Figure 1B.</div><div class=\"o-metadata__file-name\"></div><div class=\"o-metadata__file-name\"></div></div><div class=\"o-metadata__file-usage-entry\"><h4 class=\"o-heading__level3-file-title\">7_Gryllidae_barrier_overview</h4><div class=\"o-metadata__file-description\">The file '7_Gryllidae_barrier_overview.csv' contains the summary data of the reproductive barriers found in the Gryllidae as depicted in Figure 7. The first column is the genus and the second the species involved in the pairing. Each subsequent column represents a different barrier. The rows should be treated in pairs(2-3, 4-5, etc (including the header as a row)), as they each contain the data of one of two possible mixed-species crosses. The Latin name in each row refers to the female in such cross, the male is the other species in the pair. In the example below, the first row (excluding the header) contains the data on the female Allonemobius fasciatus x male A. socius cross and the second row for the female A. socius x male A. fasciatus cross.</div><div class=\"o-metadata__file-name\"></div><div class=\"o-metadata__file-name\"></div></div>", "locations": [{"place": "Europe"}, {"place": "North America"}], "relatedWorks": [{"relationship": "Cites", "identifierType": "DOI", "identifier": "https://doi.org/10.1007/s10682-012-9610-2"}], "versionNumber": 1, "versionStatus": "submitted", "curationStatus": "Published", "publicationDate": "2013-03-05", "lastModificationDate": "2020-06-24", "visibility": "public", "sharingLink": "https://datadryad.org/stash/share/lzaF8zg-hM4Hs4ZhqOKiaGK1_XS_Fq4Ka3hc4eP0Ci0", "userId": 8099, "license": "https://creativecommons.org/publicdomain/zero/1.0/"}