{"_links": {"self": {"href": "/api/v2/datasets/doi%3A10.5061%2Fdryad.53d8h"}, "stash:versions": {"href": "/api/v2/datasets/doi%3A10.5061%2Fdryad.53d8h/versions"}, "stash:version": {"href": "/api/v2/versions/14242"}, "stash:download": {"href": "/api/v2/datasets/doi%3A10.5061%2Fdryad.53d8h/download"}, "curies": [{"name": "stash", "href": "https://github.com/CDL-Dryad/stash/blob/main/stash_api/link-relations.md#{rel}", "templated": "true"}]}, "identifier": "doi:10.5061/dryad.53d8h", "id": 14189, "storageSize": 57499, "title": "Data from: Estimations of evapotranspiration in an age sequence of Eucalyptus plantations in subtropical China", "authors": [{"firstName": "Wenfei", "lastName": "Liu", "affiliation": "Nanchang Institute of Technology", "affiliationROR": "https://ror.org/00avfj807"}, {"firstName": "Jianping", "lastName": "Wu", "affiliation": "Nanchang Institute of Technology", "affiliationROR": "https://ror.org/00avfj807"}, {"firstName": "Houbao", "lastName": "Fan", "affiliation": "Nanchang Institute of Technology", "affiliationROR": "https://ror.org/00avfj807"}, {"firstName": "Honglang", "lastName": "Duan", "affiliation": "Nanchang Institute of Technology", "affiliationROR": "https://ror.org/00avfj807"}, {"firstName": "Qiang", "lastName": "Li", "affiliation": "University of British Columbia", "affiliationROR": "https://ror.org/03rmrcq20"}, {"firstName": "Yinghong", "lastName": "Yuan", "affiliation": "Nanchang Institute of Technology", "affiliationROR": "https://ror.org/00avfj807"}, {"firstName": "Hao", "lastName": "Zhang", "affiliation": "Nanchang Institute of Technology", "affiliationROR": "https://ror.org/00avfj807"}], "abstract": "Eucalyptus species are widely planted for reforestation in subtropical China. However, the effects of Eucalyptus plantations on the regional water use remain poorly understood. In an age sequence of 2-, 4- and 6-year-old Eucalyptus plantations, the tree water use and soil evaporation were examined by linking model estimations and field observations. Results showed that annual evapotranspiration of each age sequence Eucalyptus plantations was 876.7, 944.1 and 1000.7 mm, respectively, accounting for 49.81%, 53.64% and 56.86% of the annual rainfall. In addition, annual soil evaporations of 2-, 4- and 6-year-old were 318.6, 336.1, and 248.7 mm of the respective Eucalyptus plantations. Our results demonstrated that Eucalyptus plantations would potentially reduce water availability due to high evapotranspiration in subtropical regions. Sustainable management strategies should be implemented to reduce water consumption in Eucalyptus plantations in the context of future climate change scenarios such as drought and warming.", "usageNotes": "<div class=\"o-metadata__file-usage-entry\"><h4 class=\"o-heading__level3-file-title\">Liu-eucalyptus-data</h4><div class=\"o-metadata__file-name\">Data-Liu et al.xls</br></div></div>", "relatedWorks": [{"relationship": "Cites", "identifierType": "DOI", "identifier": "https://doi.org/10.1371/journal.pone.0174208"}], "versionNumber": 1, "versionStatus": "submitted", "curationStatus": "Published", "publicationDate": "2018-03-13", "lastModificationDate": "2020-06-24", "visibility": "public", "sharingLink": "https://datadryad.org/stash/share/vS7FdiVfshsSTri3KfPGvTSuoasbvNigWzHK1v1vIcA", "userId": 23551, "license": "https://creativecommons.org/publicdomain/zero/1.0/"}