{"_links": {"self": {"href": "/api/v2/datasets/doi%3A10.5061%2Fdryad.652vq"}, "stash:versions": {"href": "/api/v2/datasets/doi%3A10.5061%2Fdryad.652vq/versions"}, "stash:version": {"href": "/api/v2/versions/8272"}, "stash:download": {"href": "/api/v2/datasets/doi%3A10.5061%2Fdryad.652vq/download"}, "curies": [{"name": "stash", "href": "https://github.com/CDL-Dryad/stash/blob/main/stash_api/link-relations.md#{rel}", "templated": "true"}]}, "identifier": "doi:10.5061/dryad.652vq", "id": 8234, "storageSize": 191170, "title": "Data from: Life-history characteristics and landscape attributes as drivers of genetic variation, gene flow and fine-scale population structure in Northern Dolly Varden (Salvelinus malma malma) in Canada", "authors": [{"firstName": "Les N.", "lastName": "Harris", "affiliation": "Fisheries and Oceans Canada", "affiliationROR": "https://ror.org/02qa1x782"}, {"firstName": "Robert", "lastName": "Bajno", "affiliation": "University of British Columbia", "affiliationROR": "https://ror.org/03rmrcq20"}, {"firstName": "Colin P.", "lastName": "Gallagher", "affiliation": "Fisheries and Oceans Canada", "affiliationROR": "https://ror.org/02qa1x782"}, {"firstName": "Itsuro", "lastName": "Koizumi", "affiliation": "Hokkaido University", "affiliationROR": "https://ror.org/02e16g702"}, {"firstName": "Lucy K.", "lastName": "Johnson", "affiliation": "International Polar Bear Conservation Centre, Assiniboine Park Zoo, 2595 Roblin Blvd., Winnipeg, MB R3R 0B8, Canada."}, {"firstName": "Kimberly L.", "lastName": "Howland", "affiliation": "Fisheries and Oceans Canada", "affiliationROR": "https://ror.org/02qa1x782"}, {"firstName": "Eric B.", "lastName": "Taylor", "affiliation": "University of British Columbia", "affiliationROR": "https://ror.org/03rmrcq20"}, {"firstName": "James D.", "lastName": "Reist", "affiliation": "Fisheries and Oceans Canada", "affiliationROR": "https://ror.org/02qa1x782"}], "abstract": "The Northern Dolly Varden (Salvelinus malma malma) displays variable life-history types and occupies freshwater habitats with varying levels of connectivity. Here, we assayed microsatellite DNA variation in Northern Dolly Varden from the western Canadian Arctic to resolve landscape and life history variables driving variation in genetic diversity and population structure. Overall, genetic variation was highest in anadromous populations and lowest in those isolated above waterfalls with stream-resident forms intermediate between the two. Anadromous and isolated populations were genetically divergent from each other while no genetic differentiation was detectable between sympatric anadromous and stream-resident forms. Population structure was stable over 25 years, hierarchically organized and conformed to an isolation-by-distance pattern, but stream-isolated forms often deviated from these patterns. Gene flow occurred primarily among Yukon North Slope populations and between sympatric anadromous and resident forms. These results were sex-dependent to some extent, but were influenced more by reproductive status and life history. Our study provides novel insights into the life history, population demographic and habitat variables that shape the distribution of genetic variation and population structure in Arctic fluvial habitats while providing a spatial context for management and conservation.", "keywords": ["gene flow", "genetics", "Salvelinus malma malma", "Northern Dolly Varden"], "usageNotes": "<div class=\"o-metadata__file-usage-entry\"><h4 class=\"o-heading__level3-file-title\">Genepop File</h4><div class=\"o-metadata__file-description\">This file contains all microsatellite data for all samples/individuals. The year the samples were collected is included as well as the life history type (either freshwater resident (res) or freshwater isolated (iso) forms - note that no code is used for anadromous individuals which constitutes the majority of the samples).</div><div class=\"o-metadata__file-name\">Genepop3D-All Samples</br></div></div>", "locations": [{"place": "Mackenzie River"}, {"place": "North Slope Yukon"}], "relatedWorks": [{"relationship": "Cites", "identifierType": "DOI", "identifier": "https://doi.org/10.1139/cjfas-2015-0016"}], "versionNumber": 1, "versionStatus": "submitted", "curationStatus": "Published", "publicationDate": "2016-06-01", "lastModificationDate": "2020-06-24", "visibility": "public", "sharingLink": "https://datadryad.org/stash/share/TBFm7fZQ4Rg_Kzqpw9rtCCpuq8QoxkWNz-XlmM5HfmA", "userId": 8532, "license": "https://creativecommons.org/publicdomain/zero/1.0/"}