{"_links": {"self": {"href": "/api/v2/datasets/doi%3A10.5061%2Fdryad.5j2h4"}, "stash:versions": {"href": "/api/v2/datasets/doi%3A10.5061%2Fdryad.5j2h4/versions"}, "stash:version": {"href": "/api/v2/versions/6182"}, "stash:download": {"href": "/api/v2/datasets/doi%3A10.5061%2Fdryad.5j2h4/download"}, "curies": [{"name": "stash", "href": "https://github.com/CDL-Dryad/stash/blob/main/stash_api/link-relations.md#{rel}", "templated": "true"}]}, "identifier": "doi:10.5061/dryad.5j2h4", "id": 6146, "storageSize": 303229, "title": "Data from: Multiple origins of sex chromosome fusions correlated with chiasma localization in Habronattus jumping spiders (Araneae: Salticidae)", "authors": [{"firstName": "Wayne P.", "lastName": "Maddison", "affiliation": "University of British Columbia", "affiliationROR": "https://ror.org/03rmrcq20"}, {"firstName": "Genevi\u00e8ve", "lastName": "Leduc-Robert", "affiliation": "University of British Columbia", "affiliationROR": "https://ror.org/03rmrcq20"}], "abstract": "Entelegyne spiders rarely show fusions yielding neo-Y chromosomes, which M. J. D. White attributed to a constraint in spiders, namely their proximal chiasma localization acting to upset meiotic segregation in males with fusions. Of the 75 taxa of Habronattus and outgroups studied, 47 have X1X20 sex chromosomes in males, 10 have X1X2Y, 15 have X1X2X3Y, 2 have X0, and one has both X1X20 and X1X2X3Y. Chromosome numbers and behavior suggest neo-Ys formed by an autosome-X fusion to make X1X2Y, with a second fusion to an autosome to make X1X2X3Y. Phylogeny shows at least 8-15 gains (or possibly some losses) of neo-Y (i.e. X-autosome fusions), a remarkable number for such a small clade. In contrast to the many X-autosome fusions, at most one autosome-autosome fusion is indicated. Origins of neo-Y are correlated significantly with distal localization of chiasmata, supporting White\u2019s hypothesis that evolution of neo-Y systems is facilitated by looser pairing (distal chiasmata) at meiosis. However, an alternative (or contributing) explanation for the correlation is that X-autosome fusions were selected to permit isolation of male-favored alleles to the neo-Y chromosome, aided by distal chiasmata limiting recombination. This intralocus sexual conflict hypothesis could explain both the many X-autosome fusions, and the stunning complexity of male Habronattus courtship displays.", "keywords": ["Habronattus", "Chromosomal Evolution", "phylogenetics", "Salticidae"], "usageNotes": "<div class=\"o-metadata__file-usage-entry\"><h4 class=\"o-heading__level3-file-title\">HabronattusChromosomes2013-MaddisonLeducRobert</h4><div class=\"o-metadata__file-description\">DNA sequences from Maddison & Hedin (2003), realigned, plus original observations on sex chromosomes and chiasma localization.  Phylogenies from BEAST analysis and Maddison & Hedin 2003.</div><div class=\"o-metadata__file-name\"></div></div>", "locations": [{"place": "North America"}], "relatedWorks": [{"relationship": "Cites", "identifierType": "DOI", "identifier": "https://doi.org/10.1111/evo.12109"}], "versionNumber": 1, "versionStatus": "submitted", "curationStatus": "Published", "publicationDate": "2013-02-28", "lastModificationDate": "2020-06-24", "visibility": "public", "sharingLink": "https://datadryad.org/stash/share/2w7lK5zg9k-NVPkczQmp2pnuTBX8irh93DOxH15ziw0", "userId": 8726, "license": "https://creativecommons.org/publicdomain/zero/1.0/"}