{"_links": {"self": {"href": "/api/v2/datasets/doi%3A10.5061%2Fdryad.8pk0p2nk4"}, "stash:versions": {"href": "/api/v2/datasets/doi%3A10.5061%2Fdryad.8pk0p2nk4/versions"}, "stash:version": {"href": "/api/v2/versions/75646"}, "stash:download": {"href": "/api/v2/datasets/doi%3A10.5061%2Fdryad.8pk0p2nk4/download"}, "curies": [{"name": "stash", "href": "https://github.com/CDL-Dryad/stash/blob/main/stash_api/link-relations.md#{rel}", "templated": "true"}]}, "identifier": "doi:10.5061/dryad.8pk0p2nk4", "id": 49516, "storageSize": 120670, "title": "Data from: Lythrum salicaria common garden under Neogalerucella herbivory", "authors": [{"firstName": "Michael", "lastName": "Stastny", "email": "michael.stastny@canada.ca", "affiliation": "Atlantic Forestry Centre", "orcid": "0000-0001-6686-5558"}, {"firstName": "Risa", "lastName": "Sargent", "email": "risa.sargent@ubc.ca", "affiliation": "University of British Columbia", "affiliationROR": "https://ror.org/03rmrcq20"}, {"firstName": "Jake", "lastName": "Russell-Mercier", "email": "", "affiliation": "Environment and Climate Change Canada"}], "abstract": "<p>We transplanted1088 seedlings of the invasive perennial plant\u00a0<i>Lythrum salicaria</i> (purple loosestrife), from 136 maternal families sourced from 17 populations in the region around\u00a0Ottawa, Canada,\u00a0into a common garden containing 4 plots. The 17 populations differed in their prior exposure to the biocontrol agent <i>Neogalerucella spp.</i> leaf beetles (na\u00efve = no prior exposure; recent = secondary colonization, ~5-15 years; release = sites of biocontrol release, ~20 years ago). Plants were planted in a wetland containing other <em>Lythrum</em> plants and experienced\u00a0ambient (but significant) herbivory by\u00a0<i>Neogalerucella </i>spp. leaf beetles. We measured\u00a0herbivory, plant size\u00a0and biomass\u00a0over a period of 3.5\u00a0years; see the publication for more details. This experiment used the same seed material as a previously published greenhouse study by Stastny &amp; Sargent 2017 (see below). Additional datasets, such as the proportion and phenology of flowering individuals, leaf size, stem and meristem\u00a0numbers, etc., are available upon request.</p>\r\n\r\n<p>\u00a0</p>\r\n", "funders": [{"organization": "Natural Sciences and Engineering Research Council of Canada*", "awardNumber": ""}, {"organization": "Early Researcher of Ontario Award*", "awardNumber": ""}], "methods": "<p>At the time of transplanting (year 1), we measured plant height, corresponding to the variation in growth under greenhouse conditions. Afterwards, in years 2 and 3, we measured the sum length of all stems (mm); this metric corresponds to the early-season plant size prior to\u00a0<em>Neogalerucella\u00a0</em>herbivory, and gives an indication of the variation in regrowth and phenology early in the season. In year 4, when we terminated the common garden, we measured this metric directly as dry above-ground biomass (g). In the dataset, these three metrics are listed under parameters that include \"size\" in column header. In years 1-3, we visually estimated herbivory (as a reflection of the variation in resistance) for each plant, as\u00a0percent defoliation (parameters that include \u201cdamage\u201d in column header), i.e. the percentage of the leaf area removed by <em>Neogalerucella</em> feeding. This metric represents the main bout of herbivory in the growing season. Finally, at the end of each growing season in\u00a0years 1-3 we measured\u00a0above-ground biomass (parameters that include \u201cbiomass\u201d in column header); this metric integrates the outcome of seasonal herbivory as well as any variation in tolerance to damage.</p>\r\n", "usageNotes": "<p>Each row represents a unique single plant. NAs\u00a0were recorded when a plant was missing during the measurement or, in some cases, when a confounding factor (e.g. sporadic deer herbivory) prevented an accurate estimate of defoliation by <em>Neogalerucella</em>. In many cases, these \"missing\" plants reappeared at another time point, i.e. they were alive but either not actively investing into above-ground biomass, or their regrowth showed a more delayed phenology. In the latter case, depending on the perspective/question, some of these plants could be recorded as 0 (zero) rather than NA\u00a0- this version of the dataset is available upon request, or can be inferred by checking whether the plant was recorded (i.e. alive) at later time points.</p>\r\n\r\n<p>Other notes/column designations:\u00a0pop = population; fam = family within a given population; popfam = concatenation of pop and fam; id = unique identification code for each plant; history = history of exposure of <i>Neogalerucella spp.</i>; plot = plot within common garden, also a blocking factor in the complete\u00a0randomized block design (each family is replicated twice within a plot); x, y = row and position within row for each\u00a0plot, corresponding to the spatial coordinates (in meters)</p>\r\n", "relatedWorks": [{"relationship": "IsSupplementTo", "identifierType": "DOI", "identifier": "https://doi.org/10.5061/dryad.k1mc5"}], "versionNumber": 2, "versionStatus": "submitted", "curationStatus": "Published", "publicationDate": "2020-08-03", "lastModificationDate": "2020-08-03", "visibility": "public", "sharingLink": "https://datadryad.org/stash/share/l1q3PapOCao5Jg7m8RqBE0yofm5pyiu4_kRS4dwBU6E", "userId": 58318, "license": "https://creativecommons.org/publicdomain/zero/1.0/"}