{"_links": {"self": {"href": "/api/v2/datasets/doi%3A10.5061%2Fdryad.73n5tb2vg"}, "stash:versions": {"href": "/api/v2/datasets/doi%3A10.5061%2Fdryad.73n5tb2vg/versions"}, "stash:version": {"href": "/api/v2/versions/82086"}, "stash:download": {"href": "/api/v2/datasets/doi%3A10.5061%2Fdryad.73n5tb2vg/download"}, "curies": [{"name": "stash", "href": "https://github.com/CDL-Dryad/stash/blob/main/stash_api/link-relations.md#{rel}", "templated": "true"}]}, "identifier": "doi:10.5061/dryad.73n5tb2vg", "id": 53864, "storageSize": 298495, "title": "Multivariate phenotypic divergence along an urbanization gradient", "authors": [{"firstName": "James", "lastName": "Santangelo", "email": "james.santangelo37@gmail.com", "affiliation": "University of Toronto", "affiliationROR": "https://ror.org/03dbr7087", "orcid": "0000-0002-5921-2548"}, {"firstName": "L.", "lastName": "Rivkin Ruth", "email": "lr.rivkin@mail.utoronto.ca", "affiliation": "University of Toronto", "affiliationROR": "https://ror.org/03dbr7087"}, {"firstName": "Carole", "lastName": "Advenard", "email": "advenardcarole@gmail.com", "affiliation": "Agrosup Dijon", "affiliationROR": "https://ror.org/03zek0r74"}, {"firstName": "Ken", "lastName": "Thompson", "email": "ken.thompson@zoology.ubc.ca", "affiliation": "University of British Columbia", "affiliationROR": "https://ror.org/03rmrcq20"}], "abstract": "A growing body of evidence suggests that natural populations can evolve to better tolerate the novel environmental conditions associated with urban areas. Invariably, studies of adaptive divergence in urban areas examine only one or a few traits at a time from populations residing only at the most extreme urban and nonurban habitats. Thus, whether urbanization is driving divergence in many traits simultaneously in a manner that varies with the degree of urbanization remains unclear. To address this gap, we generated seed families of white clover (Trifolium repens) collected from 27 populations along an urbanization gradient in Toronto, Canada, and grew them in a common garden to measure 14 phenotypic traits. Overall, families from urban sites had evolved later phenology and germination, larger flowers, thinner stolons, reduced cyanogenesis, greater biomass, and greater seed set. Pollinator observations revealed near complete turnover of pollinator morphological groups between urban and nonurban sites, which may explain some of the observed divergence in floral traits and phenology. Our results suggest that adaptation to urban environments involves multiple organismal traits.", "keywords": ["Anthropocene", "Cline", "urban evolution", "Rapid evolution", "Trifolium repens"], "methods": "<p>We collected\u00a0<em>Trifolium repens\u00a0</em>plants from 27 populations along an urban-rural gradient.</p>\r\n\r\n<p>We grew F1 of these plants in a common garden, measured 14 phenotypic traits, and examined multivariate divergence in these traits across our urbanization transect.</p>\r\n\r\n<p>We additionally conducted pollinator observations in each population.\u00a0</p>\r\n", "usageNotes": "<p>Please See README.md file in the attached .zip folder.</p>\r\n\r\n<p>All datasets and code required to reproducibly generate the manuscript's results are provided in this repository. However, it is recommended that anyone wishing to reproduce this paper's results follow the instructions below using the code provided in the associated <a href=\"https://github.com/James-S-Santangelo/SIC\">GitHub repository</a>, which will additionally allow the code to be run using consistent package versions across platforms and R instances.</p>\r\n", "versionNumber": 2, "versionStatus": "submitted", "curationStatus": "Published", "publicationDate": "2020-09-10", "lastModificationDate": "2020-09-11", "visibility": "public", "sharingLink": "https://datadryad.org/stash/share/coHlRh3qfvDIrFUAgNy2aJAF7o2-Zx5QXV44nIYBCPc", "userId": 11335, "license": "https://creativecommons.org/publicdomain/zero/1.0/"}