{"_links": {"self": {"href": "/api/v2/datasets/doi%3A10.5061%2Fdryad.m64qc"}, "stash:versions": {"href": "/api/v2/datasets/doi%3A10.5061%2Fdryad.m64qc/versions"}, "stash:version": {"href": "/api/v2/versions/11105"}, "stash:download": {"href": "/api/v2/datasets/doi%3A10.5061%2Fdryad.m64qc/download"}, "curies": [{"name": "stash", "href": "https://github.com/CDL-Dryad/stash/blob/main/stash_api/link-relations.md#{rel}", "templated": "true"}]}, "identifier": "doi:10.5061/dryad.m64qc", "id": 11062, "storageSize": 109779, "title": "Data from: Predators modify the evolutionary response of prey to temperature change", "authors": [{"firstName": "Michelle", "lastName": "Tseng", "affiliation": "University of British Columbia", "affiliationROR": "https://ror.org/03rmrcq20"}, {"firstName": "Mary I.", "lastName": "O'Connor", "affiliation": "University of British Columbia", "affiliationROR": "https://ror.org/03rmrcq20"}], "abstract": "As climate regimes shift in many ecosystems worldwide, evolution may be a critical process allowing persistence in rapidly changing environments. Organisms regularly interact with other species, yet whether climate-mediated evolution can occur in the context of species interactions is not well understood. We tested whether a species interaction could modify evolutionary responses to temperature. We demonstrate that predation pressure by Dipteran larvae (Chaoborus americanus) modified the evolutionary response of a freshwater crustacean (Daphnia pulex) to its thermal environment over approximately seven generations in laboratory conditions. Daphnia kept at 21\u00b0C evolved higher population growth rates than those kept at 18\u00b0C, but only in those populations that were also reared with predators. Furthermore, predator-mediated selection resulted in the evolution of elevated Daphnia thermal plasticity. This laboratory natural selection experiment demonstrates that biotic interactions can modify evolutionary adaptation to temperature. Understanding the interplay between multiple selective forces can improve predictions of ecological and evolutionary responses of organisms to rapid environmental change.", "keywords": ["natural selection", "predator", "predator-prey", "Daphnia pulex", "2013", "temperature", "Chaoborus americanus", "Evolution"], "usageNotes": "<div class=\"o-metadata__file-usage-entry\"><h4 class=\"o-heading__level3-file-title\">tseng-oconnor-rawdata_fordryad</h4><div class=\"o-metadata__file-description\">excel data file, 3 data sheets, 1 sheet with file and experiment description</div><div class=\"o-metadata__file-name\"></div></div>", "locations": [{"place": "Canada"}], "relatedWorks": [{"relationship": "Cites", "identifierType": "DOI", "identifier": "https://doi.org/10.1098/rsbl.2015.0798"}], "versionNumber": 1, "versionStatus": "submitted", "curationStatus": "Published", "publicationDate": "2015-11-30", "lastModificationDate": "2020-06-30", "visibility": "public", "sharingLink": "https://datadryad.org/stash/share/eXPOm8BTc8qD4gQz-Dycne-rxWxpfvX5Mu4ppIfC4gM", "userId": 41721, "license": "https://creativecommons.org/publicdomain/zero/1.0/"}