{"_links": {"self": {"href": "/api/v2/datasets/doi%3A10.5061%2Fdryad.6gj64"}, "stash:versions": {"href": "/api/v2/datasets/doi%3A10.5061%2Fdryad.6gj64/versions"}, "stash:version": {"href": "/api/v2/versions/20519"}, "stash:download": {"href": "/api/v2/datasets/doi%3A10.5061%2Fdryad.6gj64/download"}, "curies": [{"name": "stash", "href": "https://github.com/CDL-Dryad/stash/blob/main/stash_api/link-relations.md#{rel}", "templated": "true"}]}, "identifier": "doi:10.5061/dryad.6gj64", "id": 20455, "storageSize": 1349839, "title": "Data from: Piscivore addition causes a trophic cascade within and across ecosystem boundaries", "authors": [{"firstName": "Seth M.", "lastName": "Rudman", "affiliation": "University of British Columbia", "affiliationROR": "https://ror.org/03rmrcq20"}, {"firstName": "Julian", "lastName": "Heavyside", "affiliation": "University of British Columbia", "affiliationROR": "https://ror.org/03rmrcq20"}, {"firstName": "Diana J.", "lastName": "Rennison", "affiliation": "University of British Columbia", "affiliationROR": "https://ror.org/03rmrcq20"}, {"firstName": "Dolph", "lastName": "Schluter", "affiliation": "University of British Columbia", "affiliationROR": "https://ror.org/03rmrcq20"}], "abstract": "The addition of predators can play a key role in structuring ecological communities through both consumptive and non-consumptive effects. Stocking of piscivorous fish in lakes and similar experimental introductions have provided fundamental evidence in support of trophic cascade theory. Yet, the impact of piscivore addition on cross ecosystem subsidies and meso-predator resource use has not been well studied. Here, we use a replicated pond experiment to document the trophic impacts of a piscivore, cutthroat trout Onchorhynchus clarkii, on aquatic communities already containing a meso-predatory fish (threespine stickleback Gasterosteus aculeatus) and neighbouring terrestrial ecosystems. We find that piscivore addition led to a trophic cascade that extended across an ecosystem boundary: trout addition increased the biomass and average size of insects emerging into the terrestrial system. Piscivores caused a diet shift in stickleback, a non-consumptive effect that was likely mainly responsible for the increase in emerging insect biomass. We additionally show that heterogeneity in the strength of the pelagic trophic cascade was more closely correlated with the magnitude of diet shift (reflecting a non-consumptive effect) than decreases in stickleback abundance (a consumptive effect). Taken together, our experiment demonstrates that the addition of a piscivore causes a trophic cascade that can extend beyond the aquatic system and suggests that non-consumptive effects may more strongly influence the strength of a trophic cascade than has been previously recognized.", "keywords": ["cross-ecosystem subsidy", "trophic cascade", "non-consumptive effects", "Gasterosteus aculeatus"], "usageNotes": "<div class=\"o-metadata__file-usage-entry\"><h4 class=\"o-heading__level3-file-title\">Piscivore_addition_zooplanktonData_160323</h4><div class=\"o-metadata__file-description\">Zooplankton data collecting for the study as described in Rudman et al. 2016.</div><div class=\"o-metadata__file-name\"></div></div><div class=\"o-metadata__file-usage-entry\"><h4 class=\"o-heading__level3-file-title\">Piscivore_addition_phytoplanktonData_160323</h4><div class=\"o-metadata__file-description\">Phytoplankton data used collected from experiment described by Rudman et al. 2016.</div><div class=\"o-metadata__file-name\"></div></div><div class=\"o-metadata__file-usage-entry\"><h4 class=\"o-heading__level3-file-title\">Piscivore_addition_EmergingInsects_160323</h4><div class=\"o-metadata__file-description\">Emerging insect data from Rudman et al. 2016.</div><div class=\"o-metadata__file-name\"></div></div><div class=\"o-metadata__file-usage-entry\"><h4 class=\"o-heading__level3-file-title\">Piscivore_addition_CascadeCorrelates_160323</h4><div class=\"o-metadata__file-description\">Data file with calculated strength of trophic cascade, measure of consumptive, and non-consumptive effects from Rudman et al. 2016.</div><div class=\"o-metadata__file-name\"></div></div><div class=\"o-metadata__file-usage-entry\"><h4 class=\"o-heading__level3-file-title\">Piscivore_addition_sticklebackDiet_160323</h4><div class=\"o-metadata__file-description\">Stickleback diet data from Rudman et al. 2016.</div><div class=\"o-metadata__file-name\"></div></div>", "relatedWorks": [{"relationship": "Cites", "identifierType": "DOI", "identifier": "https://doi.org/10.1111/oik.03204"}], "versionNumber": 1, "versionStatus": "submitted", "curationStatus": "Published", "publicationDate": "2016-03-26", "lastModificationDate": "2020-06-24", "visibility": "public", "sharingLink": "https://datadryad.org/stash/share/_UNXS1xiRhkSUjLRdT5O0FlnkFWQ7480EkYcvVxOH2w", "userId": 39117, "license": "https://creativecommons.org/publicdomain/zero/1.0/"}