{"_links": {"self": {"href": "/api/v2/datasets/doi%3A10.5061%2Fdryad.b1m1h"}, "stash:versions": {"href": "/api/v2/datasets/doi%3A10.5061%2Fdryad.b1m1h/versions"}, "stash:version": {"href": "/api/v2/versions/15002"}, "stash:download": {"href": "/api/v2/datasets/doi%3A10.5061%2Fdryad.b1m1h/download"}, "curies": [{"name": "stash", "href": "https://github.com/CDL-Dryad/stash/blob/main/stash_api/link-relations.md#{rel}", "templated": "true"}]}, "identifier": "doi:10.5061/dryad.b1m1h", "id": 14949, "storageSize": 59566, "title": "Data from: Direct and indirect effects of native range expansion on soil microbial community structure and function", "authors": [{"firstName": "Courtney G.", "lastName": "Collins", "affiliation": "University of California, Riverside", "affiliationROR": "https://ror.org/03nawhv43"}, {"firstName": "Chelsea J.", "lastName": "Carey", "affiliation": "University of California, Riverside", "affiliationROR": "https://ror.org/03nawhv43"}, {"firstName": "Emma L.", "lastName": "Aronson", "affiliation": "University of California, Riverside", "affiliationROR": "https://ror.org/03nawhv43"}, {"firstName": "Christopher W.", "lastName": "Kopp", "affiliation": "University of British Columbia", "affiliationROR": "https://ror.org/03rmrcq20"}, {"firstName": "Jeffrey M.", "lastName": "Diez", "affiliation": "University of California, Riverside", "affiliationROR": "https://ror.org/03nawhv43"}], "abstract": "Analogous to the spread of non-native species, shifts in native species\u2019 ranges resulting from climate and land use change are also creating new combinations of species in many ecosystems. These native range shifts may be facilitated by similar mechanisms that provide advantages for non-native species and may also have comparable impacts on the ecosystems they invade.\r\nSoil biota, in particular bacteria and fungi, are important regulators of plant community composition and below-ground ecosystem function. Compared to non-native plant invasions, there have been relatively few studies examining how soil biota influence \u2013 or are influenced by \u2013 native species range shifts.\r\nHere, we examined how a native range-expanding sagebrush species (Artemisia rothrockii) affects below-ground abiotic conditions and microbial community structure and function using next-generation sequencing coupled with other biotic and abiotic soil analyses. We utilized a range-expansion gradient, together with a shrub removal experiment and structural equation models, to determine the direct and indirect drivers of these interconnected processes.\r\nSagebrush colonization increased bacterial and archaeal richness and diversity and altered community composition across the expansion gradient. Soil organic C and N and soil moisture increased with sagebrush presence; however, results varied across the expansion gradient. We found no relationship between sagebrush and soil pH; however, pH strongly influenced microbial richness and diversity. Microbial (substrate-induced) respiration was influenced by soil organic N, as well as microbial diversity and functional group relative abundances, highlighting direct and indirect effects of sagebrush on microbial community structure and function. Microbial community composition of soils after 4 years of sagebrush removal was more similar to communities in shrub interspaces than underneath shrubs, suggesting microbial community resilience.\r\nSynthesis. Our results suggest that native range expansions can have important impacts on soil biological communities, soil chemistry and hydrology which can further impact below-ground ecosystem processes such as nutrient cycling and litter decomposition. The combination of high-throughput sequencing and structural equation modelling used here offers an exciting yet underutilized approach to understanding how both native and non-native species\u2019 range expansions may affect the structure and function of soil ecosystems.", "keywords": ["Plant\u2013soil (below-ground) interactions", "bacteria", "invasion", "woody encroachment", "alpine", "elevation gradient", "sagebrush", "resilience", "structural equation model"], "usageNotes": "<div class=\"o-metadata__file-usage-entry\"><h4 class=\"o-heading__level3-file-title\">Soil biotic and abiotic data</h4><div class=\"o-metadata__file-description\">SIR, microbial biomass C, N, TOC,TON, pH, VWC.</div><div class=\"o-metadata__file-name\">mappingfile_5_9_dryad.xlsx</br></div></div><div class=\"o-metadata__file-usage-entry\"><h4 class=\"o-heading__level3-file-title\">mycorrhizaeData_dryad</h4><div class=\"o-metadata__file-description\">AMF colonization (%)</div><div class=\"o-metadata__file-name\"></div></div><div class=\"o-metadata__file-usage-entry\"><h4 class=\"o-heading__level3-file-title\">baseline C-N_dryad</h4><div class=\"o-metadata__file-description\">total (bulk) soil C, N</div><div class=\"o-metadata__file-name\"></div></div><div class=\"o-metadata__file-usage-entry\"><h4 class=\"o-heading__level3-file-title\">Sequence data</h4><div class=\"o-metadata__file-description\">16S alpha, beta diversity indices, and oligotrophic, copiotrophic group abundances</div><div class=\"o-metadata__file-name\">microbedata_dryad.csv</br></div></div>", "relatedWorks": [{"relationship": "Cites", "identifierType": "DOI", "identifier": "https://doi.org/10.1111/1365-2745.12616"}], "versionNumber": 1, "versionStatus": "submitted", "curationStatus": "Published", "publicationDate": "2017-05-02", "lastModificationDate": "2020-06-24", "visibility": "public", "sharingLink": "https://datadryad.org/stash/share/FRhKNObHVjut0w5-9mcxuAtNPJbQDritl-sf1gqD7PA", "userId": 18814, "license": "https://creativecommons.org/publicdomain/zero/1.0/"}