{"_links": {"self": {"href": "/api/v2/datasets/doi%3A10.5061%2Fdryad.fg189"}, "stash:versions": {"href": "/api/v2/datasets/doi%3A10.5061%2Fdryad.fg189/versions"}, "stash:version": {"href": "/api/v2/versions/22115"}, "stash:download": {"href": "/api/v2/datasets/doi%3A10.5061%2Fdryad.fg189/download"}, "curies": [{"name": "stash", "href": "https://github.com/CDL-Dryad/stash/blob/main/stash_api/link-relations.md#{rel}", "templated": "true"}]}, "identifier": "doi:10.5061/dryad.fg189", "id": 22051, "storageSize": 8760702, "title": "Data from: No evidence of inbreeding depression in sperm performance traits in wild song sparrows", "authors": [{"firstName": "Sylvain", "lastName": "Losdat", "affiliation": "University of Aberdeen", "affiliationROR": "https://ror.org/016476m91"}, {"firstName": "Ryan R.", "lastName": "Germain", "affiliation": "University of Aberdeen", "affiliationROR": "https://ror.org/016476m91"}, {"firstName": "Pirmin", "lastName": "Nietlisbach", "affiliation": "University of British Columbia", "affiliationROR": "https://ror.org/03rmrcq20"}, {"firstName": "Peter", "lastName": "Arcese", "affiliation": "University of British Columbia", "affiliationROR": "https://ror.org/03rmrcq20"}, {"firstName": "Jane M.", "lastName": "Reid", "affiliation": "University of Aberdeen", "affiliationROR": "https://ror.org/016476m91"}], "abstract": "Inbreeding is widely hypothesized to shape mating systems and population persistence, but such effects will depend on which traits show inbreeding depression. Population and evolutionary consequences could be substantial if inbreeding decreases sperm performance and hence decreases male fertilisation success and female fertility. However, the magnitude of inbreeding depression in sperm performance traits has rarely been estimated in wild populations experiencing natural variation in inbreeding. Further, the hypothesis that inbreeding could increase within-ejaculate variation in sperm traits, and thereby further affect male fertilisation success has not been explicitly tested. We used a wild pedigreed song sparrow (Melospiza melodia) population, where frequent extra-pair copulations likely create strong post-copulatory competition for fertilisation success, to quantify effects of male coefficient of inbreeding (f) on key sperm performance traits. We found no evidence of inbreeding depression in sperm motility, longevity or velocity, and the within-ejaculate variance in sperm velocity did not increase with male f. Contrary to inferences from highly inbred captive and experimental populations, our results imply that moderate inbreeding will not necessarily constrain sperm performance in wild populations. Consequently, the widely observed individual-level and population-level inbreeding depression in male and female fitness may not stem from reduced sperm performance in inbred males.", "usageNotes": "<div class=\"o-metadata__file-usage-entry\"><h4 class=\"o-heading__level3-file-title\">Data for inbreeding depression in sperm performance (Losdat et al. 2017)</h4><div class=\"o-metadata__file-name\">Losdat et al_ ID in sperm song sparrows.txt</br></div></div>", "relatedWorks": [{"relationship": "Cites", "identifierType": "DOI", "identifier": "https://doi.org/10.1002/ece3.3721"}], "versionNumber": 1, "versionStatus": "submitted", "curationStatus": "Published", "publicationDate": "2018-12-13", "lastModificationDate": "2020-06-24", "visibility": "public", "sharingLink": "https://datadryad.org/stash/share/x6hNjHgEXW37uN8N7e9Eci9yn1MnN6iymkt8hBanFqY", "userId": 30416, "license": "https://creativecommons.org/publicdomain/zero/1.0/"}