{"_links": {"self": {"href": "/api/v2/datasets/doi%3A10.5061%2Fdryad.723m1"}, "stash:versions": {"href": "/api/v2/datasets/doi%3A10.5061%2Fdryad.723m1/versions"}, "stash:version": {"href": "/api/v2/versions/28020"}, "stash:download": {"href": "/api/v2/datasets/doi%3A10.5061%2Fdryad.723m1/download"}, "curies": [{"name": "stash", "href": "https://github.com/CDL-Dryad/stash/blob/main/stash_api/link-relations.md#{rel}", "templated": "true"}]}, "identifier": "doi:10.5061/dryad.723m1", "id": 27122, "storageSize": 4013468, "title": "Data from: MycoDB, a global database of plant response to mycorrhizal fungi", "authors": [{"firstName": "V. Bala", "lastName": "Chaudhary", "affiliation": "DePaul University", "affiliationROR": "https://ror.org/04xtx5t16"}, {"firstName": "Megan A.", "lastName": "R\u00faa", "affiliation": "National Institute for Mathematical and Biological Synthesis", "affiliationROR": "https://ror.org/04vj69e88"}, {"firstName": "Anita", "lastName": "Antoninka", "affiliation": "University of Arizona", "affiliationROR": "https://ror.org/03m2x1q45"}, {"firstName": "James D.", "lastName": "Bever", "affiliation": "University of Kansas", "affiliationROR": "https://ror.org/001tmjg57"}, {"firstName": "Jeffery", "lastName": "Cannon", "affiliation": "Colorado State University", "affiliationROR": "https://ror.org/03k1gpj17"}, {"firstName": "Ashley", "lastName": "Craig", "affiliation": "University of Arizona", "affiliationROR": "https://ror.org/03m2x1q45"}, {"firstName": "Jessica", "lastName": "Duchicela", "affiliation": "Indiana University Bloomington", "affiliationROR": "https://ror.org/02k40bc56"}, {"firstName": "Alicia", "lastName": "Frame", "affiliation": "Environmental Protection Agency", "affiliationROR": "https://ror.org/03tns0030"}, {"firstName": "Monique", "lastName": "Gardes", "affiliation": "French National Centre for Scientific Research", "affiliationROR": "https://ror.org/02feahw73"}, {"firstName": "Catherine", "lastName": "Gehring", "affiliation": "University of Arizona", "affiliationROR": "https://ror.org/03m2x1q45"}, {"firstName": "Michelle", "lastName": "Ha", "affiliation": "University of Mississippi", "affiliationROR": "https://ror.org/02teq1165"}, {"firstName": "Miranda", "lastName": "Hart", "affiliation": "University of British Columbia", "affiliationROR": "https://ror.org/03rmrcq20"}, {"firstName": "Jacob", "lastName": "Hopkins", "affiliation": "Indiana University Bloomington", "affiliationROR": "https://ror.org/02k40bc56"}, {"firstName": "Baoming", "lastName": "Ji", "affiliation": "Beijing Forestry University", "affiliationROR": "https://ror.org/04xv2pc41"}, {"firstName": "Nancy Collins", "lastName": "Johnson", "affiliation": "University of Arizona", "affiliationROR": "https://ror.org/03m2x1q45"}, {"firstName": "Wittaya", "lastName": "Kaonongbua", "affiliation": "King Mongkut's University of Technology Thonburi", "affiliationROR": "https://ror.org/0057ax056"}, {"firstName": "Justine", "lastName": "Karst", "affiliation": "University of Alberta", "affiliationROR": "https://ror.org/0160cpw27"}, {"firstName": "Roger T.", "lastName": "Koide", "affiliation": "Brigham Young University", "affiliationROR": "https://ror.org/047rhhm47"}, {"firstName": "Louis J.", "lastName": "Lamit", "affiliation": "Michigan Technological University", "affiliationROR": "https://ror.org/0036rpn28"}, {"firstName": "James", "lastName": "Meadow", "affiliation": "University of Oregon", "affiliationROR": "https://ror.org/0293rh119"}, {"firstName": "Brook G.", "lastName": "Milligan", "affiliation": "New Mexico State University", "affiliationROR": "https://ror.org/00hpz7z43"}, {"firstName": "John C.", "lastName": "Moore", "affiliation": "Colorado State University", "affiliationROR": "https://ror.org/03k1gpj17"}, {"firstName": "Thomas H.", "lastName": "Pendergast IV", "affiliation": "University of Georgia", "affiliationROR": "https://ror.org/00te3t702"}, {"firstName": "Bridget", "lastName": "Piculell", "affiliation": "University of Mississippi", "affiliationROR": "https://ror.org/02teq1165"}, {"firstName": "Blake", "lastName": "Ramsby", "affiliation": "University of Mississippi", "affiliationROR": "https://ror.org/02teq1165"}, {"firstName": "Suzanne", "lastName": "Simard", "affiliation": "University of British Columbia", "affiliationROR": "https://ror.org/03rmrcq20"}, {"firstName": "Shubha", "lastName": "Shrestha", "affiliation": "Winston-Salem/Forsyth County Schools", "affiliationROR": "https://ror.org/0340nty70"}, {"firstName": "James", "lastName": "Umbanhowar", "affiliation": "University of North Carolina", "affiliationROR": "https://ror.org/0130frc33"}, {"firstName": "Wolfgang", "lastName": "Viechtbauer", "affiliation": "Maastricht University", "affiliationROR": "https://ror.org/02jz4aj89"}, {"firstName": "Lawrence", "lastName": "Walters", "affiliation": "Safeware Engineering (United States)", "affiliationROR": "https://ror.org/0119k2y25"}, {"firstName": "Gail W. T.", "lastName": "Wilson", "affiliation": "Oklahoma State University", "affiliationROR": "https://ror.org/01g9vbr38"}, {"firstName": "Peter C.", "lastName": "Zee", "affiliation": "California State University, Northridge", "affiliationROR": "https://ror.org/005f5hv41"}, {"firstName": "Jason D.", "lastName": "Hoeksema", "affiliation": "University of Mississippi", "affiliationROR": "https://ror.org/02teq1165"}], "abstract": "Plants form belowground associations with mycorrhizal fungi in one of the most common symbioses on Earth. However, few large-scale generalizations exist for the structure and function of mycorrhizal symbioses, as the nature of this relationship varies from mutualistic to parasitic and is largely context-dependent. We announce the public release of MycoDB, a database of 4,010 studies (from 438 unique publications) to aid in multi-factor meta-analyses elucidating the ecological and evolutionary context in which mycorrhizal fungi alter plant productivity. Over 10 years with nearly 80 collaborators, we compiled data on the response of plant biomass to mycorrhizal fungal inoculation, including meta-analysis metrics and 24 additional explanatory variables that describe the biotic and abiotic context of each study. We also include phylogenetic trees for all plants and fungi in the database. To our knowledge, MycoDB is the largest ecological meta-analysis database. We aim to share these data to highlight significant gaps in mycorrhizal research and encourage synthesis to explore the ecological and evolutionary generalities that govern mycorrhizal functioning in ecosystems.", "keywords": ["Ectomycorrhiza", "Pinus pinaster", "Zea mays", "symbiosis", "Eucalyptus globulus", "mycorrhizal fungi", "meta-analysis", "Rhizoglomus", "arbuscular mycorrhiza", "Pisolithus", "mutualism"], "usageNotes": "<div class=\"o-metadata__file-usage-entry\"><h4 class=\"o-heading__level3-file-title\">README</h4><div class=\"o-metadata__file-name\"></div></div><div class=\"o-metadata__file-usage-entry\"><h4 class=\"o-heading__level3-file-title\">MycoDB_version4</h4><div class=\"o-metadata__file-name\"></div></div><div class=\"o-metadata__file-usage-entry\"><h4 class=\"o-heading__level3-file-title\">FungalTree_version2</h4><div class=\"o-metadata__file-name\"></div></div><div class=\"o-metadata__file-usage-entry\"><h4 class=\"o-heading__level3-file-title\">PlantTree_version2</h4><div class=\"o-metadata__file-name\"></div></div><div class=\"o-metadata__file-usage-entry\"><h4 class=\"o-heading__level3-file-title\">phylometa_2018</h4><div class=\"o-metadata__file-name\"></div></div>", "relatedWorks": [{"relationship": "Cites", "identifierType": "DOI", "identifier": "https://doi.org/10.1038/sdata.2016.28"}], "versionNumber": 2, "versionStatus": "submitted", "curationStatus": "Published", "publicationDate": "2017-04-13", "lastModificationDate": "2020-06-24", "visibility": "public", "sharingLink": "https://datadryad.org/stash/share/MG79WrCUrifXdVvptoYC2O5VWoPFooF7mKXDSLk6QoY", "userId": 4395, "license": "https://creativecommons.org/publicdomain/zero/1.0/"}