{"_links": {"self": {"href": "/api/v2/datasets/doi%3A10.5061%2Fdryad.g1jwstqnr"}, "stash:versions": {"href": "/api/v2/datasets/doi%3A10.5061%2Fdryad.g1jwstqnr/versions"}, "stash:version": {"href": "/api/v2/versions/71660"}, "stash:download": {"href": "/api/v2/datasets/doi%3A10.5061%2Fdryad.g1jwstqnr/download"}, "curies": [{"name": "stash", "href": "https://github.com/CDL-Dryad/stash/blob/main/stash_api/link-relations.md#{rel}", "templated": "true"}]}, "identifier": "doi:10.5061/dryad.g1jwstqnr", "id": 47715, "storageSize": 67345, "title": "Data from: Prey availability and ambient temperature influence carrion persistence in the boreal forest", "authors": [{"firstName": "Michael", "lastName": "Peers", "email": "michaeljlpeers@gmail.com", "affiliation": "University of Alberta", "affiliationROR": "https://ror.org/0160cpw27", "orcid": "0000-0002-3014-2056"}, {"firstName": "Sean", "lastName": "Konkolics", "email": "", "affiliation": "University of Alberta", "affiliationROR": "https://ror.org/0160cpw27"}, {"firstName": "Clayton", "lastName": "Lamb", "email": "", "affiliation": "University of Alberta", "affiliationROR": "https://ror.org/0160cpw27"}, {"firstName": "Yasmine", "lastName": "Majchrzak", "email": "", "affiliation": "University of Alberta", "affiliationROR": "https://ror.org/0160cpw27"}, {"firstName": "Allyson", "lastName": "Menzies", "email": "", "affiliation": "McGill University", "affiliationROR": "https://ror.org/01pxwe438"}, {"firstName": "Emily", "lastName": "Studd", "email": "", "affiliation": "McGill University", "affiliationROR": "https://ror.org/01pxwe438"}, {"firstName": "Rudy", "lastName": "Boonstra", "email": "", "affiliation": "University of Toronto Scarborough"}, {"firstName": "Alice", "lastName": "Kenney", "email": "", "affiliation": "University of British Columbia", "affiliationROR": "https://ror.org/03rmrcq20"}, {"firstName": "Charles", "lastName": "Krebs", "email": "", "affiliation": "University of British Columbia", "affiliationROR": "https://ror.org/03rmrcq20"}, {"firstName": "April Robin", "lastName": "Martinig", "email": "", "affiliation": "University of Alberta", "affiliationROR": "https://ror.org/0160cpw27"}, {"firstName": "Baily", "lastName": "McCulloch", "email": "", "affiliation": "University of Alberta", "affiliationROR": "https://ror.org/0160cpw27"}, {"firstName": "Joseph", "lastName": "Silva", "email": "", "affiliation": "University of Alberta", "affiliationROR": "https://ror.org/0160cpw27"}, {"firstName": "Laura", "lastName": "Garland", "email": "", "affiliation": "University of Alberta", "affiliationROR": "https://ror.org/0160cpw27"}, {"firstName": "Stan", "lastName": "Boutin", "email": "", "affiliation": "University of Alberta", "affiliationROR": "https://ror.org/0160cpw27"}], "abstract": "<p>1. Scavenging by vertebrates can have important impacts on food web stability and persistence, and can alter the distribution of nutrients throughout the landscape. However, scavenging communities have been understudied in most regions around the globe, and we lack understanding of the biotic drivers of vertebrate scavenging dynamics.</p>\r\n\r\n<p>2. In this paper, we examined how changes in prey density and carrion biomass caused by population cycles of a primary prey species, the snowshoe hare (<i>Lepus americanus</i>), influence scavenging communities in the northern boreal forest. We further examined the impact of habitat and temperature on scavenging dynamics.</p>\r\n\r\n<p>3. We monitored the persistence time, time until first scavenger, and number of species scavenging experimentally-placed hare carcasses over four consecutive years in the southwestern Yukon. We simultaneously monitored hare density and carrion biomass to examine their influence relative to temperature, habitat, and seasonal effects. For the primary scavengers, we developed species-specific scavenging models to determine variation on the effects of these factors across species, and determine which species may be driving temporal patterns in the entire community.</p>\r\n\r\n<p>4. We found that the efficiency of the scavenging community was affected by hare density, with carcass persistence decreasing when snowshoe hare densities declined, mainly due to increased scavenging rates by Canada lynx (<i>Lynx canadensis</i>). However, prey density did not influence the number of species scavenging a given carcass, suggesting prey abundance affects carrion recycling but not necessarily the number of connections in the food web. In addition, scavenging rates increased in warmer temperatures, and there were strong seasonal effects on the richness of the vertebrate scavenging community.</p>\r\n\r\n<p>5. Our results demonstrate that vertebrate scavenging communities are sensitive to changes in species\u2019 demography and environmental change, and that future assessments of food web dynamics should consider links established through scavenging.</p>\r\n", "versionNumber": 2, "versionStatus": "submitted", "curationStatus": "Published", "publicationDate": "2020-08-06", "lastModificationDate": "2020-08-07", "visibility": "public", "sharingLink": "https://datadryad.org/stash/share/VOKuhxqVZmIXJMTnktIFUlBqbMQUE0dG0v10uTqOmoo", "userId": 57009, "license": "https://creativecommons.org/publicdomain/zero/1.0/"}