{"_links": {"self": {"href": "/api/v2/datasets/doi%3A10.5061%2Fdryad.1nq6m"}, "stash:versions": {"href": "/api/v2/datasets/doi%3A10.5061%2Fdryad.1nq6m/versions"}, "stash:version": {"href": "/api/v2/versions/11001"}, "stash:download": {"href": "/api/v2/datasets/doi%3A10.5061%2Fdryad.1nq6m/download"}, "curies": [{"name": "stash", "href": "https://github.com/CDL-Dryad/stash/blob/main/stash_api/link-relations.md#{rel}", "templated": "true"}]}, "identifier": "doi:10.5061/dryad.1nq6m", "id": 10958, "storageSize": 118332, "title": "Data from: Testing a \u201cgenes-to-ecosystems\u201d approach to understanding aquatic-terrestrial linkages", "authors": [{"firstName": "Gregory", "lastName": "Crutsinger", "affiliation": "University of British Columbia", "affiliationROR": "https://ror.org/03rmrcq20"}, {"firstName": "Seth", "lastName": "Rudman", "affiliation": "University of British Columbia", "affiliationROR": "https://ror.org/03rmrcq20"}, {"firstName": "Mariano", "lastName": "Rodriguez-Cabal", "affiliation": "University of British Columbia", "affiliationROR": "https://ror.org/03rmrcq20"}, {"firstName": "Athena", "lastName": "Mckown", "affiliation": "University of British Columbia", "affiliationROR": "https://ror.org/03rmrcq20"}, {"firstName": "Takuya", "lastName": "Sato", "affiliation": "Kobe University", "affiliationROR": "https://ror.org/03tgsfw79"}, {"firstName": "Andrew M.", "lastName": "MacDonald", "affiliation": "University of British Columbia", "affiliationROR": "https://ror.org/03rmrcq20"}, {"firstName": "Julian", "lastName": "Heavyside", "affiliation": "University of British Columbia", "affiliationROR": "https://ror.org/03rmrcq20"}, {"firstName": "Armando", "lastName": "Geraldes", "affiliation": "University of British Columbia", "affiliationROR": "https://ror.org/03rmrcq20"}, {"firstName": "Edmund", "lastName": "Hart", "affiliation": "University of British Columbia", "affiliationROR": "https://ror.org/03rmrcq20"}, {"firstName": "Carri", "lastName": "LeRoy", "affiliation": "The Evergreen State College", "affiliationROR": "https://ror.org/043yd1m08"}, {"firstName": "Rana", "lastName": "El-Sabaawi", "affiliation": "University of Victoria", "affiliationROR": "https://ror.org/04s5mat29"}, {"firstName": "Athena D.", "lastName": "McKown", "affiliation": "University of British Columbia", "affiliationROR": "https://ror.org/03rmrcq20"}, {"firstName": "Gregory M.", "lastName": "Crutsinger", "affiliation": "University of British Columbia", "affiliationROR": "https://ror.org/03rmrcq20"}, {"firstName": "Seth M.", "lastName": "Rudman", "affiliation": "University of British Columbia", "affiliationROR": "https://ror.org/03rmrcq20"}, {"firstName": "Mariano A.", "lastName": "Rodriguez-Cabal", "affiliation": "University of British Columbia", "affiliationROR": "https://ror.org/03rmrcq20"}, {"firstName": "Edmund M.", "lastName": "Hart", "affiliation": "University of British Columbia", "affiliationROR": "https://ror.org/03rmrcq20"}, {"firstName": "Carri J.", "lastName": "LeRoy", "affiliation": "The Evergreen State College", "affiliationROR": "https://ror.org/043yd1m08"}, {"firstName": "Rana W.", "lastName": "El-Sabaawi", "affiliation": "University of Victoria", "affiliationROR": "https://ror.org/04s5mat29"}], "abstract": "A \u2018genes-to-ecosystems\u2019 approach has been proposed as a novel avenue for integrating the consequences of intraspecific genetic variation with the underlying genetic architecture of a species in order to shed light on the relationships among hierarchies of ecological organization (genes [RIGHTWARDS ARROW] individuals [RIGHTWARDS ARROW] communities [RIGHTWARDS ARROW] ecosystems). However, attempts to identify genes with major effect on the structure of communities and/or ecosystem processes have been limited and a comprehensive test of this approach has yet to emerge. Here, we present an interdisciplinary field study that integrated a common garden containing different genotypes of a dominant, riparian tree, Populus trichocarpa, and aquatic mesocosms to determine how intraspecific variation in leaf litter alters both terrestrial and aquatic communities and ecosystem functioning. Moreover, we incorporate data from extensive trait screening and genome-wide association studies estimating the heritability and genes associated with litter characteristics. We found that tree genotypes varied considerably in the quality and production of leaf litter, which contributed to variation in phytoplankton abundances, as well as nutrient dynamics and light availability in aquatic mesocosms. These \u2018after-life\u2019 effects of litter from different genotypes were directly comparable to the responses of terrestrial communities associated with the living foliage. We found that multiple litter traits corresponding with aquatic community and ecosystem responses differed in their heritability. Moreover, the underlying genetic architecture of these traits was complex, and many genes contributed only a small portion to phenotypic variation. Our results provide further evidence that genetic variation is a key component of aquatic-terrestrial linkages, but challenges the ability to predict community or ecosystem responses based on the actions of one or a few genes.", "keywords": ["Genomics/Proteomics", "Species Interactions", "Population Ecology", "Populus trichocarpa", "Ecological Genetics"], "usageNotes": "<div class=\"o-metadata__file-usage-entry\"><h4 class=\"o-heading__level3-file-title\">Crutsinger et al.</h4><div class=\"o-metadata__file-description\">Excel format showing individual, community, and ecosystem  data from mesocosm experiment sorted by the identity of the Populus trichocarpa genotype.</div><div class=\"o-metadata__file-name\"></div></div><div class=\"o-metadata__file-usage-entry\"><h4 class=\"o-heading__level3-file-title\">Structural Equation Model R script</h4><div class=\"o-metadata__file-name\">molecolLARS_SEM.r</br></div></div><div class=\"o-metadata__file-usage-entry\"><h4 class=\"o-heading__level3-file-title\">Structural Equation Model data file</h4><div class=\"o-metadata__file-name\">pop_dat.csv</br></div></div>", "locations": [{"place": "Canada"}, {"place": "British Columbia"}], "relatedWorks": [{"relationship": "Cites", "identifierType": "DOI", "identifier": "https://doi.org/10.1111/mec.12931"}], "versionNumber": 1, "versionStatus": "submitted", "curationStatus": "Published", "publicationDate": "2014-09-22", "lastModificationDate": "2020-06-30", "visibility": "public", "sharingLink": "https://datadryad.org/stash/share/62c-wiAmMzCbUc994bsGQhFrI8_QBSRoai_PgVeNZlo", "userId": 9468, "license": "https://creativecommons.org/publicdomain/zero/1.0/"}