{"_links": {"self": {"href": "/api/v2/datasets/doi%3A10.5061%2Fdryad.7pd82"}, "stash:versions": {"href": "/api/v2/datasets/doi%3A10.5061%2Fdryad.7pd82/versions"}, "stash:version": {"href": "/api/v2/versions/7875"}, "stash:download": {"href": "/api/v2/datasets/doi%3A10.5061%2Fdryad.7pd82/download"}, "curies": [{"name": "stash", "href": "https://github.com/CDL-Dryad/stash/blob/main/stash_api/link-relations.md#{rel}", "templated": "true"}]}, "identifier": "doi:10.5061/dryad.7pd82", "id": 7837, "storageSize": 129012, "title": "Data from: Coexistence and origin of trophic ecotypes of pygmy whitefish, Prosopium coulterii, in southwestern Alaskan lake", "authors": [{"firstName": "Tom P.", "lastName": "Quinn", "affiliation": "University of Washington", "affiliationROR": "https://ror.org/00cvxb145"}, {"firstName": "Conrad P.", "lastName": "Gowell", "affiliation": "University of Puget Sound", "affiliationROR": "https://ror.org/042drmv40"}, {"firstName": "Eric B.", "lastName": "Taylor", "affiliation": "University of British Columbia", "affiliationROR": "https://ror.org/03rmrcq20"}], "abstract": "Ecologically, morphologically, and genetically distinct populations within single taxa often co-exist in postglacial lakes and have provided important model systems with which to investigate ecological and evolutionary processes such as niche partitioning and ecological speciation. Within the Salmonidae, these species complexes have been well studied, particularly within the Coregonus clupeaformis-C. laveratus (lake and European whitefish, respectively) group, but the phenomenon has been less well documented in the other whitefish genera, Prosopium and Stenodus. Here, we examined the morphology, feeding biology, and genetic structure of three putative forms of the pygmy whitefish, Prosopium coulterii, that were first reported from Chignik Lake, southwestern Alaska, over 40 years ago. Field collections and morphological analyses resolved a shallow water (< 5 m depth) low gill raker count form (< 15 first arch gill rakers), a deepwater (> 30 m), low gill raker form, and a deepwater, high gill raker count (> 15 gill rakers) form. The two low gill raker count forms fed almost exclusively on benthic invertebrates (mostly chironomids), while the deepwater, high gill raker count form fed almost exclusively on zooplankton, differences in diet that were also reflected in differences both in \u03b413C and \u03b415N stable isotopes. All three forms were characterized by the same major mitochondrial DNA clade that has been associated with persistence in, and postglacial dispersal from, a Beringian glacial refugium. Analysis of variation at nine microsatellite DNA loci indicated low, but significant differentiation amongst forms, especially between the two low gill raker count forms and the high gill raker count form. The extent of differentiation along phenotypic (considerable) and genetic (subtle) axes amongst the Chignik Lake forms is similar to that found amongst distinct taxa of Prosopium found in pre-glacial Bear Lake (Utah-Idaho, USA) which is probably at least ten times older than Chignik Lake. Our analyses illustrate the potential for the postglacial differentiation in traits subject to divergent natural selection across variable environments.", "keywords": ["stable isotopes", "Diet Analysis", "Prosopium coulterii", "phylogeography", "Fish", "population genetics", "Holocene"], "usageNotes": "<div class=\"o-metadata__file-usage-entry\"><h4 class=\"o-heading__level3-file-title\">microsatellite allele frequencies</h4><div class=\"o-metadata__file-description\">Microsatellite DNA allele frequencies in base pairs</div><div class=\"o-metadata__file-name\">April113</br></div></div><div class=\"o-metadata__file-usage-entry\"><h4 class=\"o-heading__level3-file-title\">Stomach contents</h4><div class=\"o-metadata__file-description\">proportional diet contents (range from 0 - 1.0) for pygmy whitefish</div><div class=\"o-metadata__file-name\">dryad.xls</br></div></div><div class=\"o-metadata__file-usage-entry\"><h4 class=\"o-heading__level3-file-title\">Stable isotope data</h4><div class=\"o-metadata__file-description\">Stable isotope (C, N) for Chignik Lake pygmy whitefish collected in 2008, 2009</div><div class=\"o-metadata__file-name\">dryad.xls</br></div></div><div class=\"o-metadata__file-usage-entry\"><h4 class=\"o-heading__level3-file-title\">distancesfromlandmarks_dryad</h4><div class=\"o-metadata__file-description\">linear distances from landmark data for pygmy whitefish collected 2008, 2009 from Chignik Lake</div><div class=\"o-metadata__file-name\"></div></div>", "locations": [{"place": "Southwestern Alaska"}], "relatedWorks": [{"relationship": "Cites", "identifierType": "DOI", "identifier": "https://doi.org/10.1111/jeb.12011"}], "versionNumber": 1, "versionStatus": "submitted", "curationStatus": "Published", "publicationDate": "2012-10-16", "lastModificationDate": "2020-06-30", "visibility": "public", "sharingLink": "https://datadryad.org/stash/share/qFXvY9M-_W-ivAeu60voNrxY_JJAvf7l8duqSPlizRY", "userId": 5534, "license": "https://creativecommons.org/publicdomain/zero/1.0/"}