{"_links": {"self": {"href": "/api/v2/datasets/doi%3A10.5061%2Fdryad.gr732"}, "stash:versions": {"href": "/api/v2/datasets/doi%3A10.5061%2Fdryad.gr732/versions"}, "stash:version": {"href": "/api/v2/versions/733"}, "stash:download": {"href": "/api/v2/datasets/doi%3A10.5061%2Fdryad.gr732/download"}, "curies": [{"name": "stash", "href": "https://github.com/CDL-Dryad/stash/blob/main/stash_api/link-relations.md#{rel}", "templated": "true"}]}, "identifier": "doi:10.5061/dryad.gr732", "id": 732, "storageSize": 354155427, "title": "Data from: Phylogenetic evidence for cladogenetic polyploidization in land plants", "authors": [{"firstName": "Shing Hei", "lastName": "Zhan", "affiliation": "University of British Columbia", "affiliationROR": "https://ror.org/03rmrcq20"}, {"firstName": "Michal", "lastName": "Drori", "affiliation": "Tel Aviv University", "affiliationROR": "https://ror.org/04mhzgx49"}, {"firstName": "Emma E.", "lastName": "Goldberg", "affiliation": "University of Minnesota", "affiliationROR": "https://ror.org/017zqws13"}, {"firstName": "Sarah P.", "lastName": "Otto", "affiliation": "University of British Columbia", "affiliationROR": "https://ror.org/03rmrcq20"}, {"firstName": "Itay", "lastName": "Mayrose", "affiliation": "Tel Aviv University", "affiliationROR": "https://ror.org/04mhzgx49"}], "abstract": "Premise of the study: Polyploidization is a common and recurring phenomenon in plants and is often thought to be a mechanism of \"instant speciation.\"  Whether polyploidization is associated with the formation of new species (\"cladogenesis\") or simply occurs over time within a lineage (\"anagenesis\") has never, however, been assessed systematically.  Methods: Here, we tested this hypothesis using phylogenetic and karyotypic information from 235 plant genera (mostly angiosperms). We first constructed a large database of combined sequence and chromosome number data sets using an automated procedure. We then applied likelihood models (ClaSSE) that estimate the degree of synchronization between polyploidization and speciation events in maximum likelihood and Bayesian frameworks.  Key results: Our maximum likelihood analysis indicated that 35 genera supported a model that includes cladogenetic transitions over a model with only anagenetic transitions, whereas three genera supported a model that incorporates anagenetic transitions over one with only cladogenetic transitions. Furthermore, the Bayesian analysis supported a preponderance of cladogenetic change in four genera but did not support a preponderance of anagenetic change in any genus.  Conclusions: Overall, these phylogenetic analyses provide the first broad confirmation that polyploidization is temporally associated with speciation events, suggesting that it is indeed a major speciation mechanism in plants, at least in some genera.", "keywords": ["anagenesis", "polyploidy", "Cladogenesis", "ClaSSE", "speciation"], "usageNotes": "<div class=\"o-metadata__file-usage-entry\"><h4 class=\"o-heading__level3-file-title\">PloiDB</h4><div class=\"o-metadata__file-description\">Phylogenetic trees inferred using MrBayes, ploidy estimates using ChromEvol, and TPL-based genus species diversity estimates for 223 genera.</div><div class=\"o-metadata__file-name\">ploidb_dryad.tar.gz</br></div></div>", "relatedWorks": [{"relationship": "Cites", "identifierType": "DOI", "identifier": "https://doi.org/10.3732/ajb.1600108"}], "versionNumber": 1, "versionStatus": "submitted", "curationStatus": "Published", "publicationDate": "2017-07-15", "lastModificationDate": "2020-06-30", "visibility": "public", "sharingLink": "https://datadryad.org/stash/share/2EI6QKkwuzmXEqrKsAs6uRHsGuMidyAur3bhdEGLRzU", "userId": 20361, "license": "https://creativecommons.org/publicdomain/zero/1.0/"}