{"_links": {"self": {"href": "/api/v2/datasets/doi%3A10.5061%2Fdryad.b658g"}, "stash:versions": {"href": "/api/v2/datasets/doi%3A10.5061%2Fdryad.b658g/versions"}, "stash:version": {"href": "/api/v2/versions/6145"}, "stash:download": {"href": "/api/v2/datasets/doi%3A10.5061%2Fdryad.b658g/download"}, "curies": [{"name": "stash", "href": "https://github.com/CDL-Dryad/stash/blob/main/stash_api/link-relations.md#{rel}", "templated": "true"}]}, "identifier": "doi:10.5061/dryad.b658g", "id": 6109, "storageSize": 310704, "title": "Data from: The effects of food web structure on ecosystem function exceeds those of precipitation", "authors": [{"firstName": "M. Kurtis", "lastName": "Trzcinski", "affiliation": "University of Toulouse", "affiliationROR": "https://ror.org/017tgbk05"}, {"firstName": "Diane S.", "lastName": "Srivastava", "affiliation": "University of British Columbia", "affiliationROR": "https://ror.org/03rmrcq20"}, {"firstName": "Bruno", "lastName": "Corbara", "affiliation": "University of Clermont Auvergne", "affiliationROR": "https://ror.org/01a8ajp46"}, {"firstName": "Olivier", "lastName": "D\u00e9zerald", "affiliation": "Institut de Physique", "affiliationROR": "https://ror.org/00z54nq84"}, {"firstName": "C\u00e9line", "lastName": "Leroy", "affiliation": "Institut de Recherche pour le D\u00e9veloppement", "affiliationROR": "https://ror.org/05q3vnk25"}, {"firstName": "Jean-Fran\u00e7ois", "lastName": "Carrias", "affiliation": "Institut de Physique", "affiliationROR": "https://ror.org/00z54nq84"}, {"firstName": "Alain", "lastName": "Dejean", "affiliation": "University of Toulouse", "affiliationROR": "https://ror.org/017tgbk05"}, {"firstName": "R\u00e9gis", "lastName": "C\u00e9r\u00e9ghino", "affiliation": "University of Toulouse", "affiliationROR": "https://ror.org/017tgbk05"}], "abstract": "Ecosystems are being stressed by climate change, but few studies have tested food web responses to changes in precipitation patterns and the consequences to ecosystem function. Fewer still have considered whether results from one geographic region can be applied to other regions, given the degree of community change over large biogeographic gradients. We assembled, in one field site, three types of macroinvertebrate communities within water-filled bromeliads. Two represented food webs containing both a fast filter feeder-microbial and slow detritivore energy channels found in Costa Rica and Puerto Rico, and one represented the structurally simpler food webs in French Guiana, which only contained the fast filter feeder-microbial channel. We manipulated the amount and distribution of rain entering bromeliads, and examined how food web structure mediated ecosystem responses to changes in the quantity and temporal distribution of precipitation. \r\nFood web structure affected the survival of functional groups in general, and ecosystem functions such as decomposition and the production of fine particulate organic matter. Ecosystem processes were more affected by decreased precipitation than were the abundance of microorganisms and metazoans. In our experiments, the sensitivity of the ecosystem to precipitation change was primarily revealed in the food web dominated by the single filter feeder-microbial channel because other top-down and bottom-up processes were weak or absent. Our results show stronger effects of food web structure than precipitation change per se on the functioning of bromeliad ecosystems. Consequently, we predict that ecosystem function in bromeliads throughout the Americas will be more sensitive to changes in the distribution of species, rather than to the direct effects caused by changes in precipitation.", "keywords": ["Bromelia", "precipitation", "ecosystem function", "community interactions", "Microorganisms", "drought", "bromeliad", "phytotelmata", "Invertebrates"], "usageNotes": "<div class=\"o-metadata__file-usage-entry\"><h4 class=\"o-heading__level3-file-title\">Trzcinski Dryad data all</h4><div class=\"o-metadata__file-description\">Data collected in field experiment on aquatic communities living within bromeliads in French Guiana.</div><div class=\"o-metadata__file-name\">Dryad data all.xlsx</br></div><div class=\"o-metadata__file-name\"></div></div>", "locations": [{"place": "French Guiana"}], "relatedWorks": [{"relationship": "Cites", "identifierType": "DOI", "identifier": "https://doi.org/10.1111/1365-2656.12538"}], "versionNumber": 1, "versionStatus": "submitted", "curationStatus": "Published", "publicationDate": "2017-04-11", "lastModificationDate": "2020-06-24", "visibility": "public", "sharingLink": "https://datadryad.org/stash/share/DzYfS3CPj8LMgxAcxcuOAv4NVObnLIOL3hiak5vGgOg", "userId": 19351, "license": "https://creativecommons.org/publicdomain/zero/1.0/"}