{"_links": {"self": {"href": "/api/v2/datasets/doi%3A10.5061%2Fdryad.0h4f8"}, "stash:versions": {"href": "/api/v2/datasets/doi%3A10.5061%2Fdryad.0h4f8/versions"}, "stash:version": {"href": "/api/v2/versions/11375"}, "stash:download": {"href": "/api/v2/datasets/doi%3A10.5061%2Fdryad.0h4f8/download"}, "curies": [{"name": "stash", "href": "https://github.com/CDL-Dryad/stash/blob/main/stash_api/link-relations.md#{rel}", "templated": "true"}]}, "identifier": "doi:10.5061/dryad.0h4f8", "id": 11332, "storageSize": 108899, "title": "Data from: Adaptive genetic variation mediates bottom-up and top-down control in an aquatic ecosystem", "authors": [{"firstName": "Seth M.", "lastName": "Rudman", "affiliation": "University of British Columbia", "affiliationROR": "https://ror.org/03rmrcq20"}, {"firstName": "Mariano A.", "lastName": "Rodriguez-Cabal", "affiliation": "National University of Comahue", "affiliationROR": "https://ror.org/02zvkba47"}, {"firstName": "Adrian", "lastName": "Stier", "affiliation": "University of British Columbia", "affiliationROR": "https://ror.org/03rmrcq20"}, {"firstName": "Takuya", "lastName": "Sato", "affiliation": "Nara Women's University", "affiliationROR": "https://ror.org/05kzadn81"}, {"firstName": "Julian", "lastName": "Heavyside", "affiliation": "University of British Columbia", "affiliationROR": "https://ror.org/03rmrcq20"}, {"firstName": "Rana W.", "lastName": "El-Sabaawi", "affiliation": "University of Victoria", "affiliationROR": "https://ror.org/04s5mat29"}, {"firstName": "Gregory M.", "lastName": "Crutsinger", "affiliation": "University of British Columbia", "affiliationROR": "https://ror.org/03rmrcq20"}], "abstract": "Research in eco-evolutionary dynamics and community genetics has demonstrated that variation within a species can have strong impacts on associated communities and ecosystem processes. Yet, these studies have centred around individual focal species and at single trophic levels, ignoring the role of phenotypic variation in multiple taxa within an ecosystem. Given the ubiquitous nature of local adaptation, and thus intraspecific variation, we sought to understand how combinations of intraspecific variation in multiple species within an ecosystem impacts its ecology. Using two species that co-occur and demonstrate adaptation to their natal environments, black cottonwood (Populus trichocarpa) and three-spined stickleback (Gasterosteus aculeatus), we investigated the effects of intraspecific phenotypic variation on both top-down and bottom-up forces using a large-scale aquatic mesocosm experiment. Black cottonwood genotypes exhibit genetic variation in their productivity and consequently their leaf litter subsidies to the aquatic system, which mediates the strength of top-down effects from stickleback on prey abundances. Abundances of four common invertebrate prey species and available phosphorous, the most critically limiting nutrient in freshwater systems, are dictated by the interaction between genetic variation in cottonwood productivity and stickleback morphology. These interactive effects fit with ecological theory on the relationship between productivity and top-down control and are comparable in strength to the effects of predator addition. Our results illustrate that intraspecific variation, which can evolve rapidly, is an under-appreciated driver of community structure and ecosystem function, demonstrating that a multi-trophic perspective is essential to understanding the role of evolution in structuring ecological patterns.", "keywords": ["community genetics", "eco-evolutionary dynamics", "Populus trichocarpa", "Gasterosteus aculeatus"], "usageNotes": "<div class=\"o-metadata__file-usage-entry\"><h4 class=\"o-heading__level3-file-title\">popstick_physical_wide_150622</h4><div class=\"o-metadata__file-description\">Physical response variables from the experiment (i.e. phosphorous, chla, GPP)</div><div class=\"o-metadata__file-name\"></div></div><div class=\"o-metadata__file-usage-entry\"><h4 class=\"o-heading__level3-file-title\">PopStick_communityMatrices_150622</h4><div class=\"o-metadata__file-description\">Zooplankton, benthic invertebrate, and water column invertebrates from the Populus-stickleback experiment.</div><div class=\"o-metadata__file-name\"></div></div>", "relatedWorks": [{"relationship": "Cites", "identifierType": "DOI", "identifier": "https://doi.org/10.1098/rspb.2015.1234"}], "versionNumber": 1, "versionStatus": "submitted", "curationStatus": "Published", "publicationDate": "2015-07-01", "lastModificationDate": "2020-06-24", "visibility": "public", "sharingLink": "https://datadryad.org/stash/share/OL20EPvRNEvC5tnLDBHr8NAT33bWnYMBiJ6h_Mpl6eI", "userId": 39117, "license": "https://creativecommons.org/publicdomain/zero/1.0/"}