{"_links": {"self": {"href": "/api/v2/datasets/doi%3A10.5061%2Fdryad.bf486"}, "stash:versions": {"href": "/api/v2/datasets/doi%3A10.5061%2Fdryad.bf486/versions"}, "stash:version": {"href": "/api/v2/versions/20212"}, "stash:download": {"href": "/api/v2/datasets/doi%3A10.5061%2Fdryad.bf486/download"}, "curies": [{"name": "stash", "href": "https://github.com/CDL-Dryad/stash/blob/main/stash_api/link-relations.md#{rel}", "templated": "true"}]}, "identifier": "doi:10.5061/dryad.bf486", "id": 20148, "storageSize": 1120315, "title": "Data from: The conservation value of high elevation habitats to North American migrant birds", "authors": [{"firstName": "W. Alice", "lastName": "Boyle", "affiliation": "Kansas State University", "affiliationROR": "https://ror.org/05p1j8758"}, {"firstName": "Kathy", "lastName": "Martin", "affiliation": "University of British Columbia", "affiliationROR": "https://ror.org/03rmrcq20"}], "abstract": "The basic patterns of faunal community composition and habitat associations of high elevation mountainous regions are poorly-known. This is true for the avifauna of western North America where our knowledge of high elevation use is primarily restricted to breeding assemblages. Here we report on systematic avian surveys of high elevation habitats over four years in British Columbia conducted during the post-breeding and fall migration periods (Aug\u2013Oct). We detected a remarkable diversity of birds (95 species in 30 families) using alpine, subalpine, and montane forest, many of which used these habitats seasonally. One quarter of the species are on lists of conservation concern. Density, species richness, and community composition varied considerably between habitats and mountain ranges within the study area, especially between the western slope of the Coast range and other ranges. Most species exhibited strong temporal variation in patterns of abundance that were related to migratory behavior. From an extensive literature-based survey, we found that ~ 35% of North America's breeding bird species use high elevations, and that all primary high elevation habitats are important for full life-cycle conservation of this avifauna. Our findings highlight the importance of high elevation habitats to migrating birds from wide-ranging breeding distributions for at least three months of the year, a period equivalent to the length of the breeding season for most species. These results emphasize the need for effective conservation of fragile alpine and other high elevation habitats that are increasingly threatened by local, regional, and global anthropogenic disturbance.", "keywords": ["altitudinal migration", "migratory stop-over", "mountains", "alpine", "full avian life-cycle conservation", "Aves", "migration phenology"], "usageNotes": "<div class=\"o-metadata__file-usage-entry\"><h4 class=\"o-heading__level3-file-title\">British Columbia High Elevation Bird Dataset</h4><div class=\"o-metadata__file-description\">A single flat file in .csv format including all raw field-collected observation data included in the accompanying article</div><div class=\"o-metadata__file-name\">BritishColumbiaHighElevationBirdDataset.csv</br></div><div class=\"o-metadata__file-name\"></div></div>", "locations": [{"place": "British Columbia"}], "relatedWorks": [{"relationship": "Cites", "identifierType": "DOI", "identifier": "https://doi.org/10.1016/j.biocon.2015.10.008"}], "versionNumber": 1, "versionStatus": "submitted", "curationStatus": "Published", "publicationDate": "2016-10-28", "lastModificationDate": "2020-06-24", "visibility": "public", "sharingLink": "https://datadryad.org/stash/share/VwjpjG6mm9TNff7SFftbumInp81OGiLoC19bSlqfZxE", "userId": 11639, "license": "https://creativecommons.org/publicdomain/zero/1.0/"}