{"_links": {"self": {"href": "/api/v2/datasets/doi%3A10.5061%2Fdryad.269qr"}, "stash:versions": {"href": "/api/v2/datasets/doi%3A10.5061%2Fdryad.269qr/versions"}, "stash:version": {"href": "/api/v2/versions/2694"}, "stash:download": {"href": "/api/v2/datasets/doi%3A10.5061%2Fdryad.269qr/download"}, "curies": [{"name": "stash", "href": "https://github.com/CDL-Dryad/stash/blob/main/stash_api/link-relations.md#{rel}", "templated": "true"}]}, "identifier": "doi:10.5061/dryad.269qr", "id": 2683, "storageSize": 54821820, "title": "Data from: Reproductive success is energetically linked to foraging efficiency in Antarctic fur seals", "authors": [{"firstName": "Tiphaine", "lastName": "Jeanniard-du-Dot", "affiliation": "University of British Columbia", "affiliationROR": "https://ror.org/03rmrcq20"}, {"firstName": "Andrew W.", "lastName": "Trites", "affiliation": "University of British Columbia", "affiliationROR": "https://ror.org/03rmrcq20"}, {"firstName": "John P.Y.", "lastName": "Arnould"}, {"firstName": "Christophe", "lastName": "Guinet", "affiliation": "French National Centre for Scientific Research", "affiliationROR": "https://ror.org/02feahw73"}, {"firstName": "John P. Y.", "lastName": "Arnould", "affiliation": "Deakin University", "affiliationROR": "https://ror.org/02czsnj07"}], "abstract": "The efficiency with which individuals extract energy from their environment defines their survival and reproductive success, and thus their selective contribution to the population. Individuals that forage more efficiently (i.e., when energy gained exceeds energy expended) are likely to be more successful at raising viable offspring than individuals that forage less efficiently. Our goal was to test this prediction in large long-lived mammals under free-ranging conditions. To do so, we equipped 20 lactating Antarctic fur seals (Arctocephalus gazella) breeding on the Kerguelen Island in the Southern Ocean with tags that recorded GPS locations, depth and tri-axial acceleration to determine at-sea behaviours and detailed time-activity budgets during their foraging trips. We also simultaneously measured energy spent at sea using the doubly-labeled water (DLW) method, and estimated the energy acquired while foraging from 1) type and energy content of prey species present in scat remains, and 2) numbers of prey capture attempts determined from head acceleration. Finally, we followed the growth of 36 pups from birth until weaning (of which 20 were the offspring of our 20 tracked mothers), and used the relative differences in body mass of pups at weaning as an index of first year survival and thus the reproductive success of their mothers. Our results show that females with greater foraging efficiencies produced relatively bigger pups at weaning. These mothers achieved greater foraging efficiency by extracting more energy per minute of diving rather than by reducing energy expenditure. This strategy also resulted in the females spending less time diving and less time overall at sea, which allowed them to deliver higher quality milk to their pups, or allowed their pups to suckle more frequently, or both. The linkage we demonstrate between reproductive success and the quality of individuals as foragers provides an individual-based quantitative framework to investigate how changes in the availability and accessibility of prey can affect fitness of animals.", "funders": [{"organization": "National Science Foundation", "awardNumber": "no"}], "keywords": ["foraging efficiency", "2012", "behaviour", "diet", "Arctocephalus gazella", "reproduction"], "usageNotes": "<div class=\"o-metadata__file-usage-entry\"><h4 class=\"o-heading__level3-file-title\">AFS females data</h4><div class=\"o-metadata__file-description\">Data collected on Antarctic fur seal colony on Kerguelen Island during the breeding season in 2012. Only females were selected. capt = capture date, massrecap = mass at recapture, lengthrecap = length at recapture, girthrecap = girth at recapture, departure= date of departure at sea, return = date of return to colony, minatsea = foraging trip duration in min, DEEkJd = Daily energy expenditure at sea in kJ/d, pup = ID of the female associated pup, Psex = sex of the pup associated with the tracked female, timeonland = time females spent on land between capture and  departure at sea and between return and recapture, PCA = number of Prey Capture Attempts during foraging trip,</div><div class=\"o-metadata__file-name\"></div></div><div class=\"o-metadata__file-usage-entry\"><h4 class=\"o-heading__level3-file-title\">Scat analyses data</h4><div class=\"o-metadata__file-description\">Scats were collected on the fur seal colony and were analysed for hard part remains. KFS1201 to KFS1214 indicate number of individual scats.</div><div class=\"o-metadata__file-name\">AFSDietScats2012.xlsx</br></div></div><div class=\"o-metadata__file-usage-entry\"><h4 class=\"o-heading__level3-file-title\">Antarctic fur seal Pup data</h4><div class=\"o-metadata__file-description\">Morphometric data collected on Antarctic fur seal pups on Kerguelen island during the breeding period in 2012. Tag# = ID of individual pups, Date = date of morphometric measurements (first date is birth date), mass = mass in kg, length = length in cm, girth = axillary girth in cm, sex = sex of pup.</div><div class=\"o-metadata__file-name\">Pup data T. Jeanniard du Dot.xlsx</br></div></div><div class=\"o-metadata__file-usage-entry\"><h4 class=\"o-heading__level3-file-title\">Telemetry data of female Antarctic fur seals at sea.</h4><div class=\"o-metadata__file-description\">Telemetry data was collected using MK10 tags from Wildlife Computers for one foraging trip of breeding Antarctic fur seal females on Kerguelen during the breeding season 2012. Females are identified with a individual number from 21 to 40. File named Locations provide the latitude and longitude of GPS points collected. File named Archive provide dive depth (in m) of females at sea as well as water temperature (in C) and light levels in water at sampling rate of 1Hz during the foraging trip.</div><div class=\"o-metadata__file-name\">Telemetry data.zip</br></div></div>", "locations": [{"place": "Kerguelen"}], "relatedWorks": [{"relationship": "Cites", "identifierType": "DOI", "identifier": "https://doi.org/10.1371/journal.pone.0174001"}], "versionNumber": 1, "versionStatus": "submitted", "curationStatus": "Published", "publicationDate": "2018-03-15", "lastModificationDate": "2020-06-24", "visibility": "public", "sharingLink": "https://datadryad.org/stash/share/1LztV_o6GasgkEvCkN39-JX_91LjLbpDi_pyt3dM00c", "userId": 24704, "license": "https://creativecommons.org/publicdomain/zero/1.0/"}