{"_links": {"self": {"href": "/api/v2/datasets/doi%3A10.5061%2Fdryad.nj5h5"}, "stash:versions": {"href": "/api/v2/datasets/doi%3A10.5061%2Fdryad.nj5h5/versions"}, "stash:version": {"href": "/api/v2/versions/1005"}, "stash:download": {"href": "/api/v2/datasets/doi%3A10.5061%2Fdryad.nj5h5/download"}, "curies": [{"name": "stash", "href": "https://github.com/CDL-Dryad/stash/blob/main/stash_api/link-relations.md#{rel}", "templated": "true"}]}, "identifier": "doi:10.5061/dryad.nj5h5", "id": 1001, "storageSize": 249104121, "title": "Data from: Whole plastome sequencing reveals deep plastid divergence and cytonuclear discordance between closely related balsam poplars, Populus balsamifera and P. trichocarpa (Salicaceae)", "authors": [{"firstName": "Daisie I.", "lastName": "Huang", "affiliation": "University of British Columbia", "affiliationROR": "https://ror.org/03rmrcq20"}, {"firstName": "Charles A.", "lastName": "Hefer", "affiliation": "University of British Columbia", "affiliationROR": "https://ror.org/03rmrcq20"}, {"firstName": "Natalia", "lastName": "Kolosova", "affiliation": "University of British Columbia", "affiliationROR": "https://ror.org/03rmrcq20"}, {"firstName": "Carl J.", "lastName": "Douglas", "affiliation": "University of British Columbia", "affiliationROR": "https://ror.org/03rmrcq20"}, {"firstName": "Quentin C. B.", "lastName": "Cronk", "affiliation": "University of British Columbia", "affiliationROR": "https://ror.org/03rmrcq20"}], "abstract": "As molecular phylogenetic analyses incorporate ever-greater numbers of loci, cases of cytonuclear discordance \u2013 the phenomenon in which nuclear gene trees deviate significantly from organellar gene trees \u2013 are being reported more frequently. Plant examples of topological discordance, caused by recent hybridization between extant species, are well known. However, examples of branch-length discordance are less reported in plants relative to animals. We use a combination of de novo assembly and reference-based mapping using short-read shotgun sequences to construct a robust phylogeny of the plastome for multiple individuals of all the common Populus species in North America. We demonstrate a case of strikingly high plastome divergence, in contrast to little nuclear genome divergence, in two closely related balsam poplars, Populus balsamifera and Populus trichocarpa (Populus balsamifera ssp. trichocarpa). Previous studies with nuclear loci indicate that the two species (or subspecies) diverged since the late Pleistocene, whereas their plastomes indicate deep divergence, dating to at least the Pliocene (6\u20137 Myr ago). Our finding is in marked contrast to the estimated Pleistocene divergence of the nuclear genomes, previously calculated at 75 000 yr ago, suggesting plastid capture from a \u2018ghost lineage\u2019 of a now-extinct North American poplar.", "keywords": ["Genomics/Proteomics", "Populus deltoides", "Populus angustifolia", "Natural Selection and Contemporary Evolution", "Populus fremontii", "molecular evolution", "Populus trichocarpa", "speciation", "Populus balsamifera"], "usageNotes": "<div class=\"o-metadata__file-usage-entry\"><h4 class=\"o-heading__level3-file-title\">Populus-aligned plastome sequence alignments</h4><div class=\"o-metadata__file-description\">WGS short reads were aligned to the Nisqually-1 chloroplast reference genome (GenBank: EF489041.1) using BWA version 0.6.2. For each position in the reference plastome, bases were called only if the coverage was greater than 1000 reads, as the average read depth for each base pair was 7000 or greater. To improve accuracy, bases were only called if the 1000+ calls agreed for either the reference or alternate base for at least 80% of the reads. Any position not meeting these criteria was called as missing data. Indels were excluded for all analyses.</div><div class=\"o-metadata__file-name\">populus_sal.phy</br></div></div><div class=\"o-metadata__file-usage-entry\"><h4 class=\"o-heading__level3-file-title\">Manihot-aligned plastome sequence alignments</h4><div class=\"o-metadata__file-description\">Using the same protocol as the Populus-aligned dataset, but aligned to the Manihot esculenta reference plastome (NCBI Reference Sequence: NC_010433.1).</div><div class=\"o-metadata__file-name\">manihot.phy</br></div></div><div class=\"o-metadata__file-usage-entry\"><h4 class=\"o-heading__level3-file-title\">pop_to_manihot_beauti.xml</h4><div class=\"o-metadata__file-description\">XML file generated by BEAUTi for use by BEAST for dating analyses.</div><div class=\"o-metadata__file-name\">pop_to_manihot_gtr.xml</br></div></div><div class=\"o-metadata__file-usage-entry\"><h4 class=\"o-heading__level3-file-title\">pop_to_manihot.log</h4><div class=\"o-metadata__file-description\">BEAST log file</div><div class=\"o-metadata__file-name\">pop_to_manihot_4.log</br></div></div><div class=\"o-metadata__file-usage-entry\"><h4 class=\"o-heading__level3-file-title\">pop_to_manihot.trees</h4><div class=\"o-metadata__file-description\">NEXUS tree file containing trees generated by BEAST.</div><div class=\"o-metadata__file-name\">pop_to_manihot_4.trees</br></div></div><div class=\"o-metadata__file-usage-entry\"><h4 class=\"o-heading__level3-file-title\">ns_vs_s</h4><div class=\"o-metadata__file-description\">Divergence statistics for the four species that were de novo assembled (P. trichocarpa, P. balsamifera, P. fremontii, Salix interior). These were calculated using scripts \"parse_fasta_to_genes.pl\" and \"diffs.pl\" from https://github.com/daisieh/phylogenomics/releases/tag/v1.01-nph</div><div class=\"o-metadata__file-name\"></div></div>", "locations": [{"place": "Canada"}], "relatedWorks": [{"relationship": "Cites", "identifierType": "DOI", "identifier": "https://doi.org/10.1111/nph.12956"}], "versionNumber": 1, "versionStatus": "submitted", "curationStatus": "Published", "publicationDate": "2015-05-18", "lastModificationDate": "2020-06-24", "visibility": "public", "sharingLink": "https://datadryad.org/stash/share/9XeusEszjaOYqFBFY1R2yPv06s168nk7CCkP_yb4Ur0", "userId": 31766, "license": "https://creativecommons.org/publicdomain/zero/1.0/"}