{"_links": {"self": {"href": "/api/v2/datasets/doi%3A10.5061%2Fdryad.s22s280"}, "stash:versions": {"href": "/api/v2/datasets/doi%3A10.5061%2Fdryad.s22s280/versions"}, "stash:version": {"href": "/api/v2/versions/22640"}, "stash:download": {"href": "/api/v2/datasets/doi%3A10.5061%2Fdryad.s22s280/download"}, "curies": [{"name": "stash", "href": "https://github.com/CDL-Dryad/stash/blob/main/stash_api/link-relations.md#{rel}", "templated": "true"}]}, "identifier": "doi:10.5061/dryad.s22s280", "id": 22576, "storageSize": 3773327, "title": "Data from: Why less complexity produces better forecasts: an independent data evaluation of kelp habitat models", "authors": [{"firstName": "Edward J.", "lastName": "Gregr", "affiliation": "University of British Columbia", "affiliationROR": "https://ror.org/03rmrcq20"}, {"firstName": "Daniel M.", "lastName": "Palacios", "affiliation": "Oregon State University", "affiliationROR": "https://ror.org/00ysfqy60"}, {"firstName": "Allison", "lastName": "Thompson", "affiliation": "University of British Columbia", "affiliationROR": "https://ror.org/03rmrcq20"}, {"firstName": "Kai M.A.", "lastName": "Chan", "affiliation": "University of British Columbia", "affiliationROR": "https://ror.org/03rmrcq20"}, {"firstName": "Kai M. A.", "lastName": "Chan", "affiliation": "University of British Columbia", "affiliationROR": "https://ror.org/03rmrcq20"}], "abstract": "Understanding how species are distributed in the environment is increasingly important for natural resource management, particularly for keystone and habitat forming species, and those of conservation concern. Habitat suitability models are fundamental to developing this understanding; however their use in management continues to be limited due to often-vague model objectives and inadequate evaluation methods. Along the Northeast Pacific coast, canopy kelps (Macrocystis pyrifera and Nereocystis luetkeana) provide biogenic habitat and considerable primary production to nearshore ecosystems. We investigated the distribution of these species by examining a series of increasingly complex habitat suitability models ranging from process-based models based on species' ecology to complex Generalised Additive Models applied to purpose-collected survey data. Seeking limits on model complexity, we explored the relationship between model complexity and forecast skill, measured using both cross-validation and independent data evaluation. Our analysis confirmed the importance of predictors used in models of coastal kelp distributions developed elsewhere (i.e., depth, bottom type, bottom slope, and exposure); it also identified additional important factors including salinity, and interactions between exposure and salinity, and slope and tidal energy. Comparative results showed that cross-validation can lead to over-fitting, while independent data evaluation clearly identified the appropriate model complexity for generating habitat forecasts. Our results also illustrate that, depending on the evaluation data, predictions from simpler models can out-perform those from more complex models. Collectively, the insights from evaluating multiple models with multiple data sets contribute to the holistic assessment of model forecast skill. The continued development of methods and metrics for evaluating model forecasts with independent data, and the explicit consideration of model objectives and assumptions, promise to increase the utility of model forecasts to decision makers.", "keywords": ["coastal ecosystem", "Macrocystis pyrifera", "forecast skill", "Nereocystis luetkeana", "Holocene", "habitat suitability"], "usageNotes": "<div class=\"o-metadata__file-usage-entry\"><h4 class=\"o-heading__level3-file-title\">dataGregrEcography_2018</h4><div class=\"o-metadata__file-description\">Includes: 1) Kelp survey and remote sensing data as csv files; 2) various processed results in RData format.</div><div class=\"o-metadata__file-name\"></div><div class=\"o-metadata__file-name\"></div></div><div class=\"o-metadata__file-usage-entry\"><h4 class=\"o-heading__level3-file-title\">scriptsGregrEcography_2018</h4><div class=\"o-metadata__file-description\">R scripts for processing and analysing the data.</div><div class=\"o-metadata__file-name\"></div></div>", "locations": [{"place": "Canada"}, {"place": "Pacific coast"}, {"place": "British Columbia"}], "relatedWorks": [{"relationship": "Cites", "identifierType": "DOI", "identifier": "https://doi.org/10.1111/ecog.03470"}], "versionNumber": 1, "versionStatus": "submitted", "curationStatus": "Published", "publicationDate": "2018-08-08", "lastModificationDate": "2020-06-24", "visibility": "public", "sharingLink": "https://datadryad.org/stash/share/UbflnNkzzTDuInhS8AnWRAatCx82xWddJy-QFwQKW24", "userId": 37520, "license": "https://creativecommons.org/publicdomain/zero/1.0/"}