{"_links": {"self": {"href": "/api/v2/datasets/doi%3A10.5061%2Fdryad.2p7qb12"}, "stash:versions": {"href": "/api/v2/datasets/doi%3A10.5061%2Fdryad.2p7qb12/versions"}, "stash:version": {"href": "/api/v2/versions/9745"}, "stash:download": {"href": "/api/v2/datasets/doi%3A10.5061%2Fdryad.2p7qb12/download"}, "curies": [{"name": "stash", "href": "https://github.com/CDL-Dryad/stash/blob/main/stash_api/link-relations.md#{rel}", "templated": "true"}]}, "identifier": "doi:10.5061/dryad.2p7qb12", "id": 9704, "storageSize": 141279, "title": "Data from: An experimental test of the mutation-selection balance model for the maintenance of genetic variance in fitness components", "authors": [{"firstName": "Nathaniel P.", "lastName": "Sharp", "affiliation": "University of British Columbia", "affiliationROR": "https://ror.org/03rmrcq20"}, {"firstName": "Aneil F.", "lastName": "Agrawal", "affiliation": "University of Toronto", "affiliationROR": "https://ror.org/03dbr7087"}], "abstract": "Despite decades of research, the factors that maintain genetic variation for fitness are poorly understood. It is unclear what fraction of the variance in a typical fitness component can be explained by mutation-selection balance and whether fitness components differ in this respect. In theory, the level of standing variance in fitness due to mutation-selection balance can be predicted using the rate of fitness decline under mutation accumulation, and this prediction can be directly compared to the standing variance observed. This approach allows for controlled statistical tests of the sufficiency of the mutation-selection balance model, and could be used to identify traits or populations where genetic variance is maintained by other factors. For example, some traits may be influenced by sexually-antagonistic balancing selection, resulting in an excess of standing variance beyond that generated by deleterious mutations. We describe the underlying theory and use it to test the mutation-selection balance (MSB) model for three traits in Drosophila melanogaster. We find evidence for differences among traits, with MSB being sufficient to explain genetic variance in larval viability but not male mating success or female fecundity. Our results are consistent with balancing selection on sexual fitness components, and demonstrate the feasibility of rigorous statistical tests of the mutation-selection balance model.", "keywords": ["mutation accumulation", "standing variance", "life history traits", "sexual selection", "sexual antagonism"], "usageNotes": "<div class=\"o-metadata__file-usage-entry\"><h4 class=\"o-heading__level3-file-title\">trait_measurements</h4><div class=\"o-metadata__file-description\">Measures of three traits for MA lines and corresponding control lines ('MA_control'), and for lines derived from an outbred population ('standing'). The traits are male mating success ('male') female fecundity ('female') and larval viability ('viability'). Female fecundity measures are egg counts. Male mating success measures are number of females inseminated by focal males relative to competitors (total = focal + competitor). Viability measures are number of focal adults that developed relative to competitors (total = focal + competitor).</div><div class=\"o-metadata__file-name\"></div></div>", "relatedWorks": [{"relationship": "Cites", "identifierType": "DOI", "identifier": "https://doi.org/10.1098/rspb.2018.1864"}], "versionNumber": 1, "versionStatus": "submitted", "curationStatus": "Published", "publicationDate": "2018-10-18", "lastModificationDate": "2020-06-24", "visibility": "public", "sharingLink": "https://datadryad.org/stash/share/iosY0bl1PmSSGgZxdNb2KhAgGtU438IdFUgBJqBnymI", "userId": 10116, "license": "https://creativecommons.org/publicdomain/zero/1.0/"}