{"_links": {"self": {"href": "/api/v2/datasets/doi%3A10.5061%2Fdryad.7dv96"}, "stash:versions": {"href": "/api/v2/datasets/doi%3A10.5061%2Fdryad.7dv96/versions"}, "stash:version": {"href": "/api/v2/versions/263"}, "stash:download": {"href": "/api/v2/datasets/doi%3A10.5061%2Fdryad.7dv96/download"}, "curies": [{"name": "stash", "href": "https://github.com/CDL-Dryad/stash/blob/main/stash_api/link-relations.md#{rel}", "templated": "true"}]}, "identifier": "doi:10.5061/dryad.7dv96", "id": 263, "storageSize": 745061847, "title": "Data from: Quantitative DNA metabarcoding: improved estimates of species proportional biomass using correction factors derived from control material", "authors": [{"firstName": "Austen C.", "lastName": "Thomas", "affiliation": "University of British Columbia", "affiliationROR": "https://ror.org/03rmrcq20"}, {"firstName": "Bruce E.", "lastName": "Deagle", "affiliation": "University of British Columbia", "affiliationROR": "https://ror.org/03rmrcq20"}, {"firstName": "J. Paige", "lastName": "Eveson", "affiliation": "Commonwealth Scientific and Industrial Research Organisation", "affiliationROR": "https://ror.org/03qn8fb07"}, {"firstName": "Corie H.", "lastName": "Harsch", "affiliation": "University of British Columbia", "affiliationROR": "https://ror.org/03rmrcq20"}, {"firstName": "Andrew W.", "lastName": "Trites", "affiliation": "University of British Columbia", "affiliationROR": "https://ror.org/03rmrcq20"}], "abstract": "DNA metabarcoding is a powerful new tool allowing characterization of species assemblages using high-throughput amplicon sequencing. The utility of DNA metabarcoding for quantifying relative species abundances is currently limited by both biological and technical biases which influence sequence read counts. We tested the idea of sequencing 50/50 mixtures of target species and a control species in order to generate relative correction factors (RCFs) that account for multiple sources of bias and are applicable to field studies. RCFs will be most effective if they are not affected by input mass ratio or co-occurring species. In a model experiment involving three target fish species and a fixed control, we found RCFs did vary with input ratio but in a consistent fashion, and that 50/50 RCFs applied to DNA sequence counts from various mixtures of the target species still greatly improved relative abundance estimates (e.g. average per species error of 19 \u00b1 8% for uncorrected vs. 3 \u00b1 1% for corrected estimates). To demonstrate the use of correction factors in a field setting, we calculated 50/50 RCFs for 18 harbour seal (Phoca vitulina) prey species (RCFs ranging from 0.68 to 3.68). Applying these corrections to field-collected seal scats affected species percentages from individual samples (\u0394 6.7 \u00b1 6.6%) more than population-level species estimates (\u0394 1.7 \u00b1 1.2%). Our results indicate that the 50/50 RCF approach is an effective tool for evaluating and correcting biases in DNA metabarcoding studies. The decision to apply correction factors will be influenced by the feasibility of creating tissue mixtures for the target species, and the level of accuracy needed to meet research objectives.", "keywords": ["Environmental DNA", "DNA Barcoding", "Predator Prey Interactions", "Diet Analysis", "quantitative genetics"], "usageNotes": "<div class=\"o-metadata__file-usage-entry\"><h4 class=\"o-heading__level3-file-title\">Model System Data</h4><div class=\"o-metadata__file-description\">Please see ReadMe file</div><div class=\"o-metadata__file-name\"></div><div class=\"o-metadata__file-name\"></div></div><div class=\"o-metadata__file-usage-entry\"><h4 class=\"o-heading__level3-file-title\">Prey_Library_Data</h4><div class=\"o-metadata__file-description\">Please see ReadMe file</div><div class=\"o-metadata__file-name\"></div><div class=\"o-metadata__file-name\"></div></div><div class=\"o-metadata__file-usage-entry\"><h4 class=\"o-heading__level3-file-title\">Supplemental_Files</h4><div class=\"o-metadata__file-description\">Tissue mix sequence counts\r\n\r\nCustom BLAST database\r\n\r\nModel system species sequences</div><div class=\"o-metadata__file-name\"></div><div class=\"o-metadata__file-name\"></div></div>", "relatedWorks": [{"relationship": "Cites", "identifierType": "DOI", "identifier": "https://doi.org/10.1111/1755-0998.12490"}], "versionNumber": 1, "versionStatus": "submitted", "curationStatus": "Published", "publicationDate": "2015-11-18", "lastModificationDate": "2020-06-24", "visibility": "public", "sharingLink": "https://datadryad.org/stash/share/pO28HGR3P868SmT7zbgGs663nfkkogrQfWNeZGF01aw", "userId": 5754, "license": "https://creativecommons.org/publicdomain/zero/1.0/"}