{"_links": {"self": {"href": "/api/v2/datasets/doi%3A10.5061%2Fdryad.km42m"}, "stash:versions": {"href": "/api/v2/datasets/doi%3A10.5061%2Fdryad.km42m/versions"}, "stash:version": {"href": "/api/v2/versions/11005"}, "stash:download": {"href": "/api/v2/datasets/doi%3A10.5061%2Fdryad.km42m/download"}, "curies": [{"name": "stash", "href": "https://github.com/CDL-Dryad/stash/blob/main/stash_api/link-relations.md#{rel}", "templated": "true"}]}, "identifier": "doi:10.5061/dryad.km42m", "id": 10962, "storageSize": 116253, "title": "Data from: A review of riverine ecosystem service quantification: research gaps and recommendations", "authors": [{"firstName": "Dalal E. L.", "lastName": "Hanna", "affiliation": "McGill University", "affiliationROR": "https://ror.org/01pxwe438"}, {"firstName": "Stephanie A.", "lastName": "Tomscha", "affiliation": "University of British Columbia", "affiliationROR": "https://ror.org/03rmrcq20"}, {"firstName": "Camille", "lastName": "Ouellet Dallaire", "affiliation": "McGill University", "affiliationROR": "https://ror.org/01pxwe438"}, {"firstName": "Elena M.", "lastName": "Bennett", "affiliation": "McGill University", "affiliationROR": "https://ror.org/01pxwe438"}], "abstract": "1.Increasing demand for benefits provided by riverine ecosystems threatens their sustainable provision. The ecosystem service concept is a promising avenue to inform riverine ecosystem management, but several challenges have prevented the application of this concept.\r\n\r\n2.We quantitatively assess the field of riverine ecosystem services\u2019 progress in meeting these challenges. We highlight conceptual and methodological gaps, which have impeded integration of the ecosystem service concept into management.\r\n\r\n3.Across 89 relevant studies, 33 unique riverine ecosystem services were evaluated, for a total of 404 ecosystem service quantifications. Studies quantified between one and 23 ecosystem services, although the majority (55%) evaluated three or less. Among studies that quantified more than one service, 58% assessed interactions between services. Most studies (71%) did not include stakeholders in their quantification protocols, and 34% developed future scenarios of ecosystem service provision. Almost half (45%) conducted monetary valuation, using 16 methods. Only 9% did not quantify or discuss uncertainties associated with service quantification. The indicators and methods used to quantify the same type of ecosystem service varied. Only 3% of services used indicators of capacity, flow, and demand in concert.\r\n\r\n4.Our results suggest indicators, data sources, and methods for quantifying riverine ecosystem services should be more clearly defined and accurately represent the service they intend to quantify. Furthermore, more assessments of multiple services across diverse spatial extents and of riverine service interactions are needed, with better inclusion of stakeholders. Addressing these challenges will help riverine ecosystem service science inform river management.\r\n\r\n5.Synthesis and applications. The ecosystem service concept has great potential to inform riverine ecosystem management and decision making processes. However, this review of riverine ecosystem service quantification uncovers several remaining research gaps, impeding effective use of this tool to manage riverine ecosystems. We highlight these gaps and point to studies showcasing methods that can be used to address them.", "keywords": ["Research challenges", "Human impact", "Ecosystem Management", "Aquatic", "sustainability", "river", "ecosystem services", "Riverine", "River management", "land use"], "usageNotes": "<div class=\"o-metadata__file-usage-entry\"><h4 class=\"o-heading__level3-file-title\">Review of riverine ecosystem service quantification studies</h4><div class=\"o-metadata__file-description\">This file contains a database of studies that quantified riverine ecosystem services prior to April 2016, as well as quantitative data on the location of each study, the types and numbers of ecosystem services evaluated, and the methods used to quantify services.</div><div class=\"o-metadata__file-name\">Hanna_Riverine ES Review Database.xlsx</br></div></div>", "relatedWorks": [{"relationship": "Cites", "identifierType": "DOI", "identifier": "https://doi.org/10.1111/1365-2664.13045"}], "versionNumber": 1, "versionStatus": "submitted", "curationStatus": "Published", "publicationDate": "2018-10-17", "lastModificationDate": "2020-06-24", "visibility": "public", "sharingLink": "https://datadryad.org/stash/share/0TQPWMPFXp5HIDRtdTj3OVwUFXD4-b890SLrdmxml2w", "userId": 43293, "license": "https://creativecommons.org/publicdomain/zero/1.0/"}