{"_links": {"self": {"href": "/api/v2/datasets/doi%3A10.5061%2Fdryad.14762"}, "stash:versions": {"href": "/api/v2/datasets/doi%3A10.5061%2Fdryad.14762/versions"}, "stash:version": {"href": "/api/v2/versions/16706"}, "stash:download": {"href": "/api/v2/datasets/doi%3A10.5061%2Fdryad.14762/download"}, "curies": [{"name": "stash", "href": "https://github.com/CDL-Dryad/stash/blob/main/stash_api/link-relations.md#{rel}", "templated": "true"}]}, "identifier": "doi:10.5061/dryad.14762", "id": 16647, "storageSize": 38860, "title": "Data from: Burst muscle performance predicts the speed, acceleration, and turning performance of Anna's hummingbirds", "authors": [{"firstName": "Paolo S.", "lastName": "Segre", "affiliation": "University of British Columbia", "affiliationROR": "https://ror.org/03rmrcq20"}, {"firstName": "Roslyn", "lastName": "Dakin", "affiliation": "University of British Columbia", "affiliationROR": "https://ror.org/03rmrcq20"}, {"firstName": "Victor B.", "lastName": "Zordan", "affiliation": "University of British Columbia", "affiliationROR": "https://ror.org/03rmrcq20"}, {"firstName": "Michael H.", "lastName": "Dickinson", "affiliation": "California Institute of Technology", "affiliationROR": "https://ror.org/05dxps055"}, {"firstName": "Andrew D.", "lastName": "Straw", "affiliation": "California Institute of Technology", "affiliationROR": "https://ror.org/05dxps055"}, {"firstName": "Douglas L.", "lastName": "Altshuler", "affiliation": "University of British Columbia", "affiliationROR": "https://ror.org/03rmrcq20"}], "abstract": "Despite recent advances in the study of animal flight, the biomechanical determinants of maneuverability are poorly understood. It is thought that maneuverability may be influenced by intrinsic body mass and wing morphology, and by physiological muscle capacity, but this hypothesis has not yet been evaluated because it requires tracking a large number of free flight maneuvers from known individuals. We used an automated tracking system to record flight sequences from 20 Anna's hummingbirds flying solo and in competition in a large chamber. We found that burst muscle capacity predicted most performance metrics. Hummingbirds with higher burst capacity flew with faster velocities, accelerations, and rotations, and they used more demanding complex turns. In contrast, body mass did not predict variation in maneuvering performance, and wing morphology predicted only the use of arcing turns and high centripetal accelerations. Collectively, our results indicate that burst muscle capacity is a key predictor of maneuverability.", "keywords": ["Calypte anna", "flight", "Anna's hummingbird", "biomechanics"], "usageNotes": "<div class=\"o-metadata__file-usage-entry\"><h4 class=\"o-heading__level3-file-title\">annasairdata</h4><div class=\"o-metadata__file-description\">trial information, wing morphology, body mass, load lifting performance, and flight maneuvering performance of Anna's hummingbirds</div><div class=\"o-metadata__file-name\"></div><div class=\"o-metadata__file-name\"></div></div>", "locations": [{"place": "Vancouver"}, {"place": "California"}, {"place": "Riverside"}], "relatedWorks": [{"relationship": "Cites", "identifierType": "DOI", "identifier": "https://doi.org/10.7554/eLife.11159"}], "versionNumber": 1, "versionStatus": "submitted", "curationStatus": "Published", "publicationDate": "2016-11-18", "lastModificationDate": "2020-06-30", "visibility": "public", "sharingLink": "https://datadryad.org/stash/share/3WiLZAuHxhT8qK2Pox_gSnS3R7jBU-oSG0FVudsr8gA", "userId": 15138, "license": "https://creativecommons.org/publicdomain/zero/1.0/"}