{"_links": {"self": {"href": "/api/v2/datasets/doi%3A10.5061%2Fdryad.nf2c425n"}, "stash:versions": {"href": "/api/v2/datasets/doi%3A10.5061%2Fdryad.nf2c425n/versions"}, "stash:version": {"href": "/api/v2/versions/1630"}, "stash:download": {"href": "/api/v2/datasets/doi%3A10.5061%2Fdryad.nf2c425n/download"}, "curies": [{"name": "stash", "href": "https://github.com/CDL-Dryad/stash/blob/main/stash_api/link-relations.md#{rel}", "templated": "true"}]}, "identifier": "doi:10.5061/dryad.nf2c425n", "id": 1625, "storageSize": 112720124, "title": "Data from: Multilocus estimation of selfing and its heritability", "authors": [{"firstName": "Nathan S.", "lastName": "McClure", "affiliation": "Queen's University", "affiliationROR": "https://ror.org/02y72wh86"}, {"firstName": "Michael C.", "lastName": "Whitlock", "affiliation": "University of British Columbia", "affiliationROR": "https://ror.org/03rmrcq20"}], "abstract": "We describe a new method of estimating the selfing rate (S) in a mixed mating population based on a population structure approach that accounts for possible intergenerational correlation in selfing rate, giving rise to an estimate of the upper limit for heritability of selfing rate (h^2). A correlation between generations in selfing rate is shown to affect one- and two-locus probabilities of identity by descent. Conventional estimates of selfing rate based on a population structure approach are positively biased by intergenerational correlation in selfing. Multilocus genotypes of individuals are used to give maximum-likelihood estimates of S and h^2 in the presence of scoring artifacts. Our multilocus estimation of selfing rate and its heritability (MESH) method was tested with simulated data for a range of conditions. Selfing rate estimates from MESH have low bias and root mean squared error, while estimates of the heritability of selfing rate have more uncertainty. Increasing the number of individuals in a sample helps to reduce bias and root mean squared error more than increasing the number of loci of sampled individuals. Improved estimates of selfing rate, as well as estimates of its heritability, can be obtained with this method, although a large number of loci and individuals are needed to achieve best results.", "keywords": ["sel\ufb01ng", "bias of selfing rate estimates", "mixed mating system", "descent measures", "heritability"], "usageNotes": "<div class=\"o-metadata__file-usage-entry\"><h4 class=\"o-heading__level3-file-title\">README</h4><div class=\"o-metadata__file-name\"></div></div><div class=\"o-metadata__file-usage-entry\"><h4 class=\"o-heading__level3-file-title\">variableSh2data</h4><div class=\"o-metadata__file-name\"></div><div class=\"o-metadata__file-name\"></div></div><div class=\"o-metadata__file-usage-entry\"><h4 class=\"o-heading__level3-file-title\">variablepopSizenumLocidata</h4><div class=\"o-metadata__file-name\"></div><div class=\"o-metadata__file-name\"></div></div>", "relatedWorks": [{"relationship": "Cites", "identifierType": "DOI", "identifier": "https://doi.org/10.1038/hdy.2012.27"}], "versionNumber": 1, "versionStatus": "submitted", "curationStatus": "Published", "publicationDate": "2012-04-05", "lastModificationDate": "2020-06-30", "visibility": "public", "sharingLink": "https://datadryad.org/stash/share/rmiKIgfFyHex6RuQljn2dg_CWA7kCnfaHWy4smlzJns", "userId": 2087, "license": "https://creativecommons.org/publicdomain/zero/1.0/"}