{"_links": {"self": {"href": "/api/v2/datasets/doi%3A10.5061%2Fdryad.91nd2"}, "stash:versions": {"href": "/api/v2/datasets/doi%3A10.5061%2Fdryad.91nd2/versions"}, "stash:version": {"href": "/api/v2/versions/13658"}, "stash:download": {"href": "/api/v2/datasets/doi%3A10.5061%2Fdryad.91nd2/download"}, "curies": [{"name": "stash", "href": "https://github.com/CDL-Dryad/stash/blob/main/stash_api/link-relations.md#{rel}", "templated": "true"}]}, "identifier": "doi:10.5061/dryad.91nd2", "id": 13606, "storageSize": 82113, "title": "Data from: Nutrient foraging behaviour of four co-occuring perennial grassland plant species alone does not predict behaviour with neighbours", "authors": [{"firstName": "Gordon G.", "lastName": "McNickle", "affiliation": "University of Alberta", "affiliationROR": "https://ror.org/0160cpw27"}, {"firstName": "Michael K.", "lastName": "Deyholos", "affiliation": "University of British Columbia", "affiliationROR": "https://ror.org/03rmrcq20"}, {"firstName": "James F.", "lastName": "Cahill Jr.", "affiliation": "University of Alberta", "affiliationROR": "https://ror.org/0160cpw27"}, {"firstName": "James F.", "lastName": "Cahill", "affiliation": "University of Alberta", "affiliationROR": "https://ror.org/0160cpw27"}], "abstract": "The spatial arrangement of nutrients and neighbours in soil influences plant growth and reproduction. Plants often respond to such stimuli through plasticity in root proliferation (root mass per soil volume), or the breadth of their root system.  Here, we asked how plants adjust nutrient foraging strategies when grown alone or with neighbours. We asked (i) Does root proliferation into nutrient-rich patches when plants are grown alone predict root proliferation when plants are grown with neighbours? (ii) What factors (nutrients or neighbours) best predict the probability of root placement at different soil locations? (iii) How does the spatial distribution of nutrients alter the degree to which neighbours suppress plant growth?  To answer these questions, we grew four grassland species either as individual plants or in competition, in patchy or patch-free soil, in a factorial design. We used genomic DNA to identify the spatial distribution of roots of each species when plants were grown in mixtures.\r\nThe root foraging behaviour of individuals grown alone did not consistently predict behaviour in mixture. Specifically, (i) the behaviour of individually grown plants predicted behaviour of competing plants inside patches, but not in background soil. We observed over-proliferation of roots in background soil relative to what was expected from plants grown alone. (ii) Neighbours were consistently the most important variable for predicting the placement of roots in soil and caused either an increase in root system breadth, or no change relative to alone. (iii) If a species experienced growth suppression when grown in competition, individuals experienced this more severely in patchy soil compared to patch-free soil.  Synthesis. Game theoretic models have predicted that under interspecific competition, over-proliferation of roots in the presence of neighbours might occur for some species but not others. Our data are consistent with these predictions but more work is needed. Nutrient foraging studies have primarily focused on plants grown alone or assumed that plants do not respond separately to neighbours and nutrients. Our data call these practices into question and contribute to a growing understanding that plants integrate information about both nutrients and neighbours when placing roots in soil.", "keywords": ["root foraging precision", "over-proliferation", "plant-plant competition", "Koeleria macrantha", "Achillea millefolium", "resource selection function", "Poa pratensis", "plant behaviour", "Artemisia ludoviciana", "plant foraging", "tragedy of the commons game"], "usageNotes": "<div class=\"o-metadata__file-usage-entry\"><h4 class=\"o-heading__level3-file-title\">Root biomass alone</h4><div class=\"o-metadata__file-description\">This is the root biomass data recorded in patches and background soil for each species grown alone. Methodological details are given in the manuscript.</div><div class=\"o-metadata__file-name\"></div><div class=\"o-metadata__file-name\"></div></div><div class=\"o-metadata__file-usage-entry\"><h4 class=\"o-heading__level3-file-title\">Root biomass with neighbours</h4><div class=\"o-metadata__file-description\">This is the root biomass data recorded in patches and background soil for all four species combined when grown with neighbours. It was not possible to seperate the biomass of each species individually. Methodological details are given in the manuscript.</div><div class=\"o-metadata__file-name\"></div><div class=\"o-metadata__file-name\"></div></div><div class=\"o-metadata__file-usage-entry\"><h4 class=\"o-heading__level3-file-title\">Root Presence with neighbours</h4><div class=\"o-metadata__file-description\">This is the root presence/absence data recorded in patches and background soil for each of the four species when grown with neighbours. Molecular techniques were used to identify the presence of each species individually. Methodological details are given in the manuscript.</div><div class=\"o-metadata__file-name\"></div><div class=\"o-metadata__file-name\"></div></div>", "relatedWorks": [{"relationship": "Cites", "identifierType": "DOI", "identifier": "https://doi.org/10.1111/1365-2435.12508"}], "versionNumber": 1, "versionStatus": "submitted", "curationStatus": "Published", "publicationDate": "2016-06-23", "lastModificationDate": "2020-06-24", "visibility": "public", "sharingLink": "https://datadryad.org/stash/share/9cciTXMVw0ezCW31DHyb9GMvIPm8uydpSBCxLN2in3k", "userId": 13358, "license": "https://creativecommons.org/publicdomain/zero/1.0/"}