{"_links": {"self": {"href": "/api/v2/datasets/doi%3A10.5061%2Fdryad.60p5d"}, "stash:versions": {"href": "/api/v2/datasets/doi%3A10.5061%2Fdryad.60p5d/versions"}, "stash:version": {"href": "/api/v2/versions/4044"}, "stash:download": {"href": "/api/v2/datasets/doi%3A10.5061%2Fdryad.60p5d/download"}, "curies": [{"name": "stash", "href": "https://github.com/CDL-Dryad/stash/blob/main/stash_api/link-relations.md#{rel}", "templated": "true"}]}, "identifier": "doi:10.5061/dryad.60p5d", "id": 4022, "storageSize": 610521, "title": "Data from: Adaptive plasticity and niche expansion in an invasive thistle", "authors": [{"firstName": "Kathryn G.", "lastName": "Turner", "affiliation": "University of British Columbia", "affiliationROR": "https://ror.org/03rmrcq20"}, {"firstName": "H\u00e9l\u00e8ne", "lastName": "Fr\u00e9ville", "affiliation": "French National Centre for Scientific Research", "affiliationROR": "https://ror.org/02feahw73"}, {"firstName": "Loren H.", "lastName": "Rieseberg", "affiliation": "University of British Columbia", "affiliationROR": "https://ror.org/03rmrcq20"}], "abstract": "Phenotypic differentiation in size and fecundity between native and invasive populations of a species has been suggested as a causal driver of invasion in plants. Local adaptation to novel environmental conditions through a micro-evolutionary response to natural selection may lead to phenotypic differentiation and fitness advantages in the invaded range. Local adaptation may occur along a stress tolerance trade-off, favoring individuals that, in benign conditions, shift resource allocation from stress tolerance to increased vigor and fecundity and, therefore, invasiveness. Alternately, the typically disturbed invaded range may select for a plastic, generalist strategy, making phenotypic plasticity the main driver of invasion success. To distinguish between these hypotheses, we performed a field common garden and tested for genetically based phenotypic differentiation, resource allocation shifts in response to water limitation, and local adaptation to the environmental gradient which describes the source locations for native and invasive populations of diffuse knapweed (Centaurea diffusa). Plants were grown in an experimental field in France (naturalized range) under water addition and limitation conditions. After accounting for phenotypic variation arising from environmental differences among collection locations, we found evidence of genetic variation between the invasive and native populations for most morphological and life-history traits under study. Invasive C. diffusa populations produced larger, later maturing, and therefore potentially fitter individuals than native populations. Evidence for local adaptation along a resource allocation trade-off for water limitation tolerance is equivocal. However, native populations do show evidence of local adaptation to an environmental gradient, a relationship which is typically not observed in the invaded range. Broader analysis of the climatic niche inhabited by the species in both ranges suggests that the physiological tolerances of C. diffusa may have expanded in the invaded range. This observation could be due to selection for plastic, \u201cgeneral-purpose\u201d genotypes with broad environmental tolerances.", "keywords": ["climatic niche", "trade-offs", "evolution of invasive species", "20th century", "biological invasions", "Centaurea diffusa", "adaptive plasticity"], "usageNotes": "<div class=\"o-metadata__file-usage-entry\"><h4 class=\"o-heading__level3-file-title\">Bioclimatic data C. diffusa experimental populations</h4><div class=\"o-metadata__file-description\">Geographic and climatic information for 14 sampled populations of native and invasive Centaurea diffusa (diffuse knapweed). Also, first three principal components from an analysis of this data.</div><div class=\"o-metadata__file-name\">FrbioclimPCA_DKdat.txt</br></div><div class=\"o-metadata__file-name\"></div></div><div class=\"o-metadata__file-usage-entry\"><h4 class=\"o-heading__level3-file-title\">Planting information C. diffusa experimental plants</h4><div class=\"o-metadata__file-description\">Planting information for experimental Centaurea diffusa plants</div><div class=\"o-metadata__file-name\">Frdes.txt</br></div><div class=\"o-metadata__file-name\"></div></div><div class=\"o-metadata__file-usage-entry\"><h4 class=\"o-heading__level3-file-title\">Occurrence records C. diffusa</h4><div class=\"o-metadata__file-description\">Records of Centaurea diffusa in Europe and North America, from GBIF.org, downloaded January 9, 2015</div><div class=\"o-metadata__file-name\">Cdif_GBIF_allocc.txt</br></div><div class=\"o-metadata__file-name\"></div></div><div class=\"o-metadata__file-usage-entry\"><h4 class=\"o-heading__level3-file-title\">Location information for collected C. diffusa populations</h4><div class=\"o-metadata__file-description\">Location and collection information for populations of native and invasive Centaurea diffusa (diffuse knapweed) used in the experimental PCA and occurrence PCA.</div><div class=\"o-metadata__file-name\">Popcoord.txt</br></div><div class=\"o-metadata__file-name\"></div></div><div class=\"o-metadata__file-usage-entry\"><h4 class=\"o-heading__level3-file-title\">Adjusted location information for collected C. diffusa populations</h4><div class=\"o-metadata__file-description\">Adjusted location and collection information for populations of native and invasive Centaurea diffusa (diffuse knapweed) used in the experimental PCA and occurrence PCA.</div><div class=\"o-metadata__file-name\">Popcoord_worldclim.txt</br></div><div class=\"o-metadata__file-name\"></div></div><div class=\"o-metadata__file-usage-entry\"><h4 class=\"o-heading__level3-file-title\">Bioclimatic data for C. diffusa occurrences</h4><div class=\"o-metadata__file-description\">Bioclimatic data and PCA values for occurrence records of Centaurea diffusa\r\n\r\nGeographic and climatic information for 662 occurrence records of native and invasive Centaurea diffusa (diffuse knapweed) from North America and Europe. Occurrence records include records from GBIF.org as well as collected populations.</div><div class=\"o-metadata__file-name\">Cdif_allocc_bioclimPCA.txt</br></div><div class=\"o-metadata__file-name\"></div></div><div class=\"o-metadata__file-usage-entry\"><h4 class=\"o-heading__level3-file-title\">Trait data at harvest, from C. diffusa common garden</h4><div class=\"o-metadata__file-description\">Trait data for experimental populations of Centaurea diffusa, measured at harvest.\r\n\r\nTrait values measured in common field experiment in Montpellier, France, 2011. File also include the first three principal components from the experimental PCA of the bioclimatic data for these populations.</div><div class=\"o-metadata__file-name\">FrTraitClimDat_cline.txt</br></div><div class=\"o-metadata__file-name\"></div></div><div class=\"o-metadata__file-usage-entry\"><h4 class=\"o-heading__level3-file-title\">Phenological trait data, from C. diffusa common garden</h4><div class=\"o-metadata__file-description\">Phenological trait data for experimental populations of Centaurea diffusa, measured throughout experiment\r\n\r\nTrait values measured in common field experiment in Montpellier, France, 2011. File also include the first three principal components from the experimental PCA of the bioclimatic data for these populations.</div><div class=\"o-metadata__file-name\">FrEnd_cline.txt</br></div><div class=\"o-metadata__file-name\"></div></div><div class=\"o-metadata__file-usage-entry\"><h4 class=\"o-heading__level3-file-title\">Repeated measures of traits, from C. diffusa common garden</h4><div class=\"o-metadata__file-description\">Trait data for experimental populations of Centaurea diffusa, repeated measures.\r\n\r\nTrait values measured in common field experiment in Montpellier, France, 2011. File also include the first three principal components from the experimental PCA of the bioclimatic data for these populations.</div><div class=\"o-metadata__file-name\">FrTraitClimDat_cline_long.txt</br></div><div class=\"o-metadata__file-name\"></div></div><div class=\"o-metadata__file-usage-entry\"><h4 class=\"o-heading__level3-file-title\">FranceCG - code</h4><div class=\"o-metadata__file-description\">Github repository storing R scripts used in this paper.</div></div>", "locations": [{"place": "Northern Hemisphere"}], "relatedWorks": [{"relationship": "Cites", "identifierType": "DOI", "identifier": "https://doi.org/10.1002/ece3.1599"}, {"relationship": "IsDerivedFrom", "identifierType": "URL", "identifier": "https://github.com/kgturner/FranceCG"}], "versionNumber": 1, "versionStatus": "submitted", "curationStatus": "Published", "publicationDate": "2016-06-18", "lastModificationDate": "2020-06-24", "visibility": "public", "sharingLink": "https://datadryad.org/stash/share/vgY68MKn95fZJYBPLVIsgXECspKwq-MZb513pYI6IXs", "userId": 13800, "license": "https://creativecommons.org/publicdomain/zero/1.0/"}