{"_links": {"self": {"href": "/api/v2/datasets/doi%3A10.5061%2Fdryad.bb46h5s"}, "stash:versions": {"href": "/api/v2/datasets/doi%3A10.5061%2Fdryad.bb46h5s/versions"}, "stash:version": {"href": "/api/v2/versions/2339"}, "stash:download": {"href": "/api/v2/datasets/doi%3A10.5061%2Fdryad.bb46h5s/download"}, "curies": [{"name": "stash", "href": "https://github.com/CDL-Dryad/stash/blob/main/stash_api/link-relations.md#{rel}", "templated": "true"}]}, "identifier": "doi:10.5061/dryad.bb46h5s", "id": 2329, "storageSize": 81790293, "title": "Data from: EFHC1, implicated in juvenile myoclonic epilepsy, functions at the cilium and synapse to modulate dopamine signaling", "authors": [{"firstName": "Catrina M.", "lastName": "Loucks", "affiliation": "Simon Fraser University", "affiliationROR": "https://ror.org/0213rcc28"}, {"firstName": "Kwangjin", "lastName": "Park", "affiliation": "Simon Fraser University", "affiliationROR": "https://ror.org/0213rcc28"}, {"firstName": "Denise S.", "lastName": "Walker", "affiliation": "MRC Laboratory of Molecular Biology", "affiliationROR": "https://ror.org/00tw3jy02"}, {"firstName": "Andrea H.", "lastName": "McEwan", "affiliation": "University of British Columbia", "affiliationROR": "https://ror.org/03rmrcq20"}, {"firstName": "Tiffany A.", "lastName": "Timbers", "affiliation": "Simon Fraser University", "affiliationROR": "https://ror.org/0213rcc28"}, {"firstName": "Evan L.", "lastName": "Ardiel", "affiliation": "University of British Columbia", "affiliationROR": "https://ror.org/03rmrcq20"}, {"firstName": "Laura J.", "lastName": "Grundy", "affiliation": "MRC Laboratory of Molecular Biology", "affiliationROR": "https://ror.org/00tw3jy02"}, {"firstName": "Chunmei", "lastName": "Li", "affiliation": "Simon Fraser University", "affiliationROR": "https://ror.org/0213rcc28"}, {"firstName": "Jacque-Lynne", "lastName": "Johnson", "affiliation": "Simon Fraser University", "affiliationROR": "https://ror.org/0213rcc28"}, {"firstName": "Julie", "lastName": "Kennedy", "affiliation": "University College Dublin", "affiliationROR": "https://ror.org/05m7pjf47"}, {"firstName": "Oliver E.", "lastName": "Blacque", "affiliation": "University College Dublin", "affiliationROR": "https://ror.org/05m7pjf47"}, {"firstName": "William R.", "lastName": "Schafer", "affiliation": "MRC Laboratory of Molecular Biology", "affiliationROR": "https://ror.org/00tw3jy02"}, {"firstName": "Catharine H.", "lastName": "Rankin", "affiliation": "University of British Columbia", "affiliationROR": "https://ror.org/03rmrcq20"}, {"firstName": "Michel R.", "lastName": "Leroux", "affiliation": "Simon Fraser University", "affiliationROR": "https://ror.org/0213rcc28"}], "abstract": "Neurons throughout the mammalian brain possess non-motile cilia, organelles with varied functions in sensory physiology and cellular signaling, yet their roles in these neurons are poorly understood. To shed light into their functions, we studied EFHC1, an evolutionarily conserved protein required for motile cilia function and linked to a common form of inherited epilepsy in humans, juvenile myoclonic epilepsy (JME). We demonstrate that C. elegans EFHC1 functions within specialized non-motile mechanosensory cilia, where it regulates neuronal activation and dopamine signaling. EFHC1 also localizes at the synapse, where it further modulates dopamine signaling in cooperation with the orthologue of an R-type voltage-gated calcium channel. Our findings unveil a previously undescribed dual-regulation of neuronal excitability at sites of neuronal sensory input (cilium) and neuronal output (synapse). Such a distributed regulatory mechanism may be essential for establishing neuronal activation thresholds under physiological conditions, and when impaired, may represent a novel pathomechanism for epilepsy.", "usageNotes": "<div class=\"o-metadata__file-usage-entry\"><h4 class=\"o-heading__level3-file-title\">EFHC1-data_2019-02-04</h4><div class=\"o-metadata__file-description\">The zip file contains all the data used to generate the figures in the associated manuscript. It is organized with folders containing different data types (from different kinds of experiments). It is further divided into folders containing data used to generate specific figures.</div><div class=\"o-metadata__file-name\"></div></div>", "relatedWorks": [{"relationship": "Cites", "identifierType": "DOI", "identifier": "https://doi.org/10.7554/eLife.37271"}], "versionNumber": 1, "versionStatus": "submitted", "curationStatus": "Published", "publicationDate": "2019-02-27", "lastModificationDate": "2020-06-24", "visibility": "public", "sharingLink": "https://datadryad.org/stash/share/ZGy8EkCEDZgqqRJWL2cZOKGq3Qf2pUzanilhKUK73HQ", "userId": 3628, "license": "https://creativecommons.org/publicdomain/zero/1.0/"}