{"_links": {"self": {"href": "/api/v2/datasets/doi%3A10.5061%2Fdryad.6bs31"}, "stash:versions": {"href": "/api/v2/datasets/doi%3A10.5061%2Fdryad.6bs31/versions"}, "stash:version": {"href": "/api/v2/versions/10584"}, "stash:download": {"href": "/api/v2/datasets/doi%3A10.5061%2Fdryad.6bs31/download"}, "curies": [{"name": "stash", "href": "https://github.com/CDL-Dryad/stash/blob/main/stash_api/link-relations.md#{rel}", "templated": "true"}]}, "identifier": "doi:10.5061/dryad.6bs31", "id": 10541, "storageSize": 125755, "title": "Data from: Mandated data archiving greatly improves access to research data", "authors": [{"firstName": "Timothy H.", "lastName": "Vines", "affiliation": "University of British Columbia", "affiliationROR": "https://ror.org/03rmrcq20"}, {"firstName": "Rose L.", "lastName": "Andrew", "affiliation": "University of British Columbia", "affiliationROR": "https://ror.org/03rmrcq20"}, {"firstName": "Dan G.", "lastName": "Bock", "affiliation": "University of British Columbia", "affiliationROR": "https://ror.org/03rmrcq20"}, {"firstName": "Michelle T.", "lastName": "Franklin", "affiliation": "University of British Columbia", "affiliationROR": "https://ror.org/03rmrcq20"}, {"firstName": "Kimberly J.", "lastName": "Gilbert", "affiliation": "University of British Columbia", "affiliationROR": "https://ror.org/03rmrcq20"}, {"firstName": "Nolan C.", "lastName": "Kane", "affiliation": "University of British Columbia", "affiliationROR": "https://ror.org/03rmrcq20"}, {"firstName": "Jean-S\u00e9bastien", "lastName": "Moore", "affiliation": "University of British Columbia", "affiliationROR": "https://ror.org/03rmrcq20"}, {"firstName": "Brook T.", "lastName": "Moyers", "affiliation": "University of British Columbia", "affiliationROR": "https://ror.org/03rmrcq20"}, {"firstName": "S\u00e9bastien", "lastName": "Renaut", "affiliation": "University of British Columbia", "affiliationROR": "https://ror.org/03rmrcq20"}, {"firstName": "Diana J.", "lastName": "Rennison", "affiliation": "University of British Columbia", "affiliationROR": "https://ror.org/03rmrcq20"}, {"firstName": "Thor", "lastName": "Veen", "affiliation": "University of British Columbia", "affiliationROR": "https://ror.org/03rmrcq20"}, {"firstName": "Sam", "lastName": "Yeaman", "affiliation": "University of British Columbia", "affiliationROR": "https://ror.org/03rmrcq20"}], "abstract": "The data underlying scientific papers should be accessible to researchers both now and in the future, but how best can we ensure that these data are available? Here we examine the effectiveness of four approaches to data archiving: no stated archiving policy, recommending (but not requiring) archiving, and two versions of mandating data deposition at acceptance. We control for differences between data types by trying to obtain data from papers that use a single, widespread population genetic analysis, STRUCTURE. At one extreme, we found that mandated data archiving policies that require the inclusion of a data availability statement in the manuscript improve the odds of finding the data online almost 1000-fold compared to having no policy. However, archiving rates at journals with less stringent policies were only very slightly higher than those with no policy at all. We also assessed the effectiveness of asking for data directly from authors and obtained over half of the requested datasets, albeit with \u223c8 d delay and some disagreement with authors. Given the long-term benefits of data accessibility to the academic community, we believe that journal-based mandatory data archiving policies and mandatory data availability statements should be more widely adopted.", "keywords": ["population genetics", "Science Policy", "data archives", "reproducibility", "Joint Data Archiving Policy", "Data sharing"], "usageNotes": "<div class=\"o-metadata__file-usage-entry\"><h4 class=\"o-heading__level3-file-title\">Journal policies</h4><div class=\"o-metadata__file-description\">A file giving the data archiving policies from the journals covered in the study.</div><div class=\"o-metadata__file-name\"></div></div><div class=\"o-metadata__file-usage-entry\"><h4 class=\"o-heading__level3-file-title\">Data request protocol</h4><div class=\"o-metadata__file-description\">The sequence of emails used to request data from authors.</div><div class=\"o-metadata__file-name\"></div></div><div class=\"o-metadata__file-usage-entry\"><h4 class=\"o-heading__level3-file-title\">Vines_et_al_Rcode_4th_Jan</h4><div class=\"o-metadata__file-description\">The R code used in the statistical analyses</div><div class=\"o-metadata__file-name\"></div></div><div class=\"o-metadata__file-usage-entry\"><h4 class=\"o-heading__level3-file-title\">Vinesetal_data_4th Jan</h4><div class=\"o-metadata__file-description\">The data used in the statistical analyses</div><div class=\"o-metadata__file-name\"></div></div>", "relatedWorks": [{"relationship": "Cites", "identifierType": "DOI", "identifier": "https://doi.org/10.1096/fj.12-218164"}], "versionNumber": 1, "versionStatus": "submitted", "curationStatus": "Published", "publicationDate": "2013-01-04", "lastModificationDate": "2020-06-24", "visibility": "public", "sharingLink": "https://datadryad.org/stash/share/m5UlCLUICI7jykMNQAxIxdH-6CbcX6H5AmT1q-MljGQ", "userId": 6161, "license": "https://creativecommons.org/publicdomain/zero/1.0/"}