{"_links": {"self": {"href": "/api/v2/datasets/doi%3A10.5061%2Fdryad.d2547d7z6"}, "stash:versions": {"href": "/api/v2/datasets/doi%3A10.5061%2Fdryad.d2547d7z6/versions"}, "stash:version": {"href": "/api/v2/versions/38217"}, "stash:download": {"href": "/api/v2/datasets/doi%3A10.5061%2Fdryad.d2547d7z6/download"}, "curies": [{"name": "stash", "href": "https://github.com/CDL-Dryad/stash/blob/main/stash_api/link-relations.md#{rel}", "templated": "true"}]}, "identifier": "doi:10.5061/dryad.d2547d7z6", "id": 33575, "storageSize": 11944818, "title": "Data from: Defining isoscapes in the Northeast Pacific as an index of ocean productivity", "authors": [{"firstName": "Boris", "lastName": "Espinasse", "email": "boris.espinasse@laposte.net", "affiliation": "University of British Columbia", "affiliationROR": "https://ror.org/03rmrcq20", "orcid": "0000-0002-7490-5588"}], "abstract": "<p style=\"text-align:justify;margin-bottom:11px;\"><b>Aim: </b>We modeled isoscapes in the Northeast Pacific using satellite-based data with the main objective of testing if isoscapes defined by a few key parameters can be used as a proxy for secondary productivity.</p>\r\n\r\n<p style=\"text-align:justify;margin-bottom:11px;\"><b>Location: </b>Northeast (NE) Pacific; 46 \u2013 60\u2070N and 125 \u2013 165\u2070W.</p>\r\n\r\n<p style=\"text-align:justify;margin-bottom:11px;\"><b>Time period: </b>From 1998 to 2017 (ongoing).</p>\r\n\r\n<p style=\"text-align:justify;margin-bottom:11px;\"><b>Major taxa studied: </b>Zooplankton with a focus on large herbivores.</p>\r\n\r\n<p style=\"text-align:justify;margin-bottom:11px;\"><b>Methods:</b> Approximately 280 summer zooplankton samples were analyzed for Carbon (\u03b4<sup>13</sup>C) and Nitrogen (\u03b4<sup>15</sup>N) stable isotope (SI) ratios. Environmental conditions experienced by zooplankton organisms were extracted from satellite, in situ sensor and model databases. A generalized additive model approach was used to explain the spatial variability of \u03b4<sup>13</sup>C and \u03b4<sup>15</sup>N values and predict isoscapes.</p>\r\n\r\n<p style=\"text-align:justify;margin-bottom:11px;\"><b>Results: </b>Sea surface temperature (SST), sea level anomaly (SLA) and chlorophyll-<i>a</i> concentration emerged as the significant SI predictors. Modelled isoscapes reproduced patterns observed in \u03b4<sup>13</sup>C and \u03b4<sup>15</sup>N value distribution, such as a decrease from the coast to offshore. The contribution of eddies in enhancing local production in the open ocean was also well captured by the models. In the central part of the NE Pacific higher SI values were correlated with higher large copepod biomass measured by the North Pacific Continuous Plankton Recorder (CPR) survey. However, in the area off the coast of British Columbia (BC) high \u03b4<sup>15</sup>N variability appeared to be associated with episodic intrusions of coastal waters demonstrating that caution is needed when interpreting sharp changes in SI ratios.</p>\r\n\r\n<p><b>Main conclusions: </b>While the mechanisms driving SI ratio variability are complex, we demonstrated that a few parameters used as a proxy for some of these major mechanisms are able to successfully produce isoscape models. This approach was proven useful to provide a qualitative estimate of the secondary production, which can be particularly valuable in a region where few data are available.</p>\r\n", "keywords": ["stable isotopes", "trophic baseline", "migration pathways", "secondary productivity", "food web"], "methods": "<p>Approximately 280 summer zooplankton samples were analyzed for Carbon (\u03b4<sup>13</sup>C) and Nitrogen (\u03b4<sup>15</sup>N) stable isotope (SI) ratios. Environmental conditions experienced by zooplankton organisms were extracted from satellite, in situ sensor and model databases. A generalized additive model approach was used to explain the spatial variability of \u03b4<sup>13</sup>C and \u03b4<sup>15</sup>N values and predict isoscapes.</p>\r\n", "usageNotes": "<p>We provide C and N isoscapes at zooplankton level for the NE Pacific for 1998-2017. The uncertainties associated with the predicted values are provided as well and should be considered when using the isoscape value. Please don't hesitate to contact the corresponding author for any questions that you might have about the isoscapes production and uses. See ReadMe file for data structure information.</p>\r\n", "versionNumber": 2, "versionStatus": "submitted", "curationStatus": "Embargoed", "publicationDate": "2020-10-07", "lastModificationDate": "2019-10-07", "visibility": "public", "sharingLink": "https://datadryad.org/stash/share/lv_Axs-ttjfqvUW9TbzWn47aNzsX8aRaeZb-bYVYetg", "userId": 46519, "license": "https://creativecommons.org/publicdomain/zero/1.0/"}