{"_links": {"self": {"href": "/api/v2/datasets/doi%3A10.5061%2Fdryad.n720d"}, "stash:versions": {"href": "/api/v2/datasets/doi%3A10.5061%2Fdryad.n720d/versions"}, "stash:version": {"href": "/api/v2/versions/7129"}, "stash:download": {"href": "/api/v2/datasets/doi%3A10.5061%2Fdryad.n720d/download"}, "curies": [{"name": "stash", "href": "https://github.com/CDL-Dryad/stash/blob/main/stash_api/link-relations.md#{rel}", "templated": "true"}]}, "identifier": "doi:10.5061/dryad.n720d", "id": 7092, "storageSize": 240371, "title": "Data from: Sockeye salmon repatriation leads to population re-establishment and rapid introgression with native kokanee", "authors": [{"firstName": "Andrew J.", "lastName": "Veale", "affiliation": "University of British Columbia", "affiliationROR": "https://ror.org/03rmrcq20"}, {"firstName": "Michael A.", "lastName": "Russello", "affiliation": "University of British Columbia", "affiliationROR": "https://ror.org/03rmrcq20"}], "abstract": "Re-establishing salmonid populations to areas historically occupied has substantial potential for conservation gains, however, such interventions also risk negatively impacting native resident stocks. Here, we assessed the success of the hatchery-assisted reintroduction of anadromous sockeye salmon (Oncorhynchus nerka) into Skaha Lake, British Columbia, Canada, and evaluated the genetic consequences for native kokanee, a freshwater-obligate ecotype, using single nucleotide polymorphism genotypic data collected from reference samples of spawning Okanagan River sockeye and Skaha Lake kokanee pre-sockeye reintroduction, along with annual trawl survey and angler-caught samples obtained over an eight-year period. Significant differentiation was detected between sockeye and kokanee reference samples, with >99% stock assignment. Low proportions of sockeye and hybrids were detected within 2008 and 2010 age-0 trawl samples, however, by 2012, 28% were sockeye, rising to 41% in 2014. The number of hybrids detected rose proportionally with the increase in sockeye, and exhibited an intermediate phenotype. Our results indicate that reintroduction of anadromous sockeye to Skaha Lake is succeeding, with large numbers returning to spawn. However, hybridization with native kokanee is of concern due to the potential for demographic or genetic swamping, with on-going genetic monitoring necessary to assess the long-term effects of introgression and to support interactive fisheries management.", "keywords": ["Oncorhynchus nerka", "Fisheries Management", "single nucleotide polymorphism", "hybridization", "reintroduction"], "usageNotes": "<div class=\"o-metadata__file-usage-entry\"><h4 class=\"o-heading__level3-file-title\">Veale_Russello_EVA_SNPdata</h4><div class=\"o-metadata__file-description\">SNP genotypic data in GENEPOP format.</div><div class=\"o-metadata__file-name\"></div><div class=\"o-metadata__file-name\"></div></div>", "locations": [{"place": "Canada"}, {"place": "British Columbia"}], "relatedWorks": [{"relationship": "Cites", "identifierType": "DOI", "identifier": "https://doi.org/10.1111/eva.12430"}], "versionNumber": 1, "versionStatus": "submitted", "curationStatus": "Published", "publicationDate": "2016-08-30", "lastModificationDate": "2020-06-24", "visibility": "public", "sharingLink": "https://datadryad.org/stash/share/85_mKEIqVjve21S48DNj6mF0Lwph14pFd-wdBK_5I3I", "userId": 21218, "license": "https://creativecommons.org/publicdomain/zero/1.0/"}