{"_links": {"self": {"href": "/api/v2/datasets/doi%3A10.5061%2Fdryad.bzkh1896b"}, "stash:versions": {"href": "/api/v2/datasets/doi%3A10.5061%2Fdryad.bzkh1896b/versions"}, "stash:version": {"href": "/api/v2/versions/79050"}, "stash:download": {"href": "/api/v2/datasets/doi%3A10.5061%2Fdryad.bzkh1896b/download"}, "curies": [{"name": "stash", "href": "https://github.com/CDL-Dryad/stash/blob/main/stash_api/link-relations.md#{rel}", "templated": "true"}]}, "identifier": "doi:10.5061/dryad.bzkh1896b", "id": 49969, "storageSize": 5077674, "title": "Data from: Climate change increases predation risk for a keystone species of the boreal forest", "authors": [{"firstName": "Michael", "lastName": "Peers", "email": "michaeljlpeers@gmail.com", "affiliation": "University of Alberta", "affiliationROR": "https://ror.org/0160cpw27", "orcid": "0000-0002-3014-2056"}, {"firstName": "Yasmine", "lastName": "Majchrzak", "email": "", "affiliation": "University of Alberta", "affiliationROR": "https://ror.org/0160cpw27"}, {"firstName": "Allyson", "lastName": "Menzies", "email": "", "affiliation": "McGill University", "affiliationROR": "https://ror.org/01pxwe438"}, {"firstName": "Emily", "lastName": "Studd", "email": "", "affiliation": "McGill University", "affiliationROR": "https://ror.org/01pxwe438"}, {"firstName": "Guillaume", "lastName": "Bastille-Rousseau", "email": "", "affiliation": "Colorado State University", "affiliationROR": "https://ror.org/03k1gpj17"}, {"firstName": "Rudy", "lastName": "Boonstra", "email": "", "affiliation": "University of Toronto Scarborough"}, {"firstName": "Murray", "lastName": "Humphries", "email": "", "affiliation": "McGill University", "affiliationROR": "https://ror.org/01pxwe438"}, {"firstName": "Thomas", "lastName": "Jung", "email": "", "affiliation": "Government of Yukon"}, {"firstName": "Alice", "lastName": "Kenney", "email": "", "affiliation": "University of British Columbia", "affiliationROR": "https://ror.org/03rmrcq20"}, {"firstName": "Charles", "lastName": "Krebs", "email": "", "affiliation": "University of British Columbia", "affiliationROR": "https://ror.org/03rmrcq20"}, {"firstName": "Dennis", "lastName": "Murray", "email": "", "affiliation": "Trent University", "affiliationROR": "https://ror.org/03ygmq230"}, {"firstName": "Stan", "lastName": "Boutin", "email": "", "affiliation": "University of Alberta", "affiliationROR": "https://ror.org/0160cpw27"}], "abstract": "<p style=\"text-indent:36.0pt;\">Canada lynx (<i>Lynx canadensis</i>) and snowshoe hares (<i>Lepus americanus</i>) form a keystone predator-prey cycle that has large impacts on the North-American boreal forest vertebrate community. Snowshoe hares and lynx are both well-suited for snowy winters, but climate change associated shifts in snow conditions could lower hare survival and alter cyclic dynamics. Using detailed monitoring of snowshoe hare cause-specific mortality, behaviour, and prevailing weather, we demonstrate that hare mortality risk is strongly influenced by variation in snow conditions. Although predation risk from lynx was largely unaffected by snow conditions, coyote (<i>Canis latrans</i>) predation increased in shallow snow. Maximum snow depth in our study area has decreased 33% over the last two decades and predictions based on prolonged shallow snow indicate future hare survival could resemble that seen during population declines. Our results indicate that climate change could disrupt cyclic dynamics in the boreal forest.</p>\r\n", "versionNumber": 7, "versionStatus": "submitted", "curationStatus": "Published", "publicationDate": "2020-08-21", "lastModificationDate": "2020-08-22", "visibility": "public", "sharingLink": "https://datadryad.org/stash/share/t_3eK-YX_vfP1w6XbcsC7J1z4d12O7xwa0PG-FPJfbk", "userId": 57009, "license": "https://creativecommons.org/publicdomain/zero/1.0/"}