{"_links": {"self": {"href": "/api/v2/datasets/doi%3A10.5061%2Fdryad.g23f6"}, "stash:versions": {"href": "/api/v2/datasets/doi%3A10.5061%2Fdryad.g23f6/versions"}, "stash:version": {"href": "/api/v2/versions/15657"}, "stash:download": {"href": "/api/v2/datasets/doi%3A10.5061%2Fdryad.g23f6/download"}, "curies": [{"name": "stash", "href": "https://github.com/CDL-Dryad/stash/blob/main/stash_api/link-relations.md#{rel}", "templated": "true"}]}, "identifier": "doi:10.5061/dryad.g23f6", "id": 15602, "storageSize": 48832, "title": "Data from: Rapid increases in forest understory diversity and productivity following a mountain pine beetle (Dendroctonus ponderosae) outbreak in pine forests", "authors": [{"firstName": "Gregory J.", "lastName": "Pec", "affiliation": "University of Alberta", "affiliationROR": "https://ror.org/0160cpw27"}, {"firstName": "Justine", "lastName": "Karst", "affiliation": "University of Alberta", "affiliationROR": "https://ror.org/0160cpw27"}, {"firstName": "Alexandra N.", "lastName": "Sywenky", "affiliation": "University of Alberta", "affiliationROR": "https://ror.org/0160cpw27"}, {"firstName": "Paul W.", "lastName": "Cigan", "affiliation": "University of Alberta", "affiliationROR": "https://ror.org/0160cpw27"}, {"firstName": "Nadir", "lastName": "Erbilgin", "affiliation": "University of Alberta", "affiliationROR": "https://ror.org/0160cpw27"}, {"firstName": "Suzanne W.", "lastName": "Simard", "affiliation": "University of British Columbia", "affiliationROR": "https://ror.org/03rmrcq20"}, {"firstName": "James F.", "lastName": "Cahill Jr."}, {"firstName": "James F.", "lastName": "Cahill", "affiliation": "University of Alberta", "affiliationROR": "https://ror.org/0160cpw27"}], "abstract": "The current unprecedented outbreak of mountain pine beetle (Dendroctonus ponderosae) in lodgepole pine (Pinus contorta) forests of western Canada has resulted in a landscape consisting of a mosaic of forest stands at different stages of mortality. Within forest stands, understory communities are the reservoir of the majority of plant species diversity and influence the composition of future forests in response to disturbance. Although changes to stand composition following beetle outbreaks are well documented, information on immediate responses of forest understory plant communities is limited. The objective of this study was to examine the effects of D. ponderosae-induced tree mortality on initial changes in diversity and productivity of understory plant communities. We established a total of 110 1-m2 plots across eleven mature lodgepole pine forests to measure changes in understory diversity and productivity as a function of tree mortality and below ground resource availability across multiple years. Overall, understory community diversity and productivity increased across the gradient of increased tree mortality. Richness of herbaceous perennials increased with tree mortality as well as soil moisture and nutrient levels. In contrast, the diversity of woody perennials did not change across the gradient of tree mortality. Understory vegetation, namely herbaceous perennials, showed an immediate response to improved growing conditions caused by increases in tree mortality. How this increased pulse in understory richness and productivity affects future forest trajectories in a novel system is unknown.", "keywords": ["Herbaceous", "species evenness", "Tree mortality", "species richness", "woody perennials", "Pinus contorta", "forest understory community", "Dendroctonus ponderosae"], "usageNotes": "<div class=\"o-metadata__file-usage-entry\"><h4 class=\"o-heading__level3-file-title\">pec_et_al_understory_diversity_environment</h4><div class=\"o-metadata__file-name\"></div></div>", "locations": [{"place": "foothills natural subregion"}, {"place": "Canada"}, {"place": "Alberta"}], "relatedWorks": [{"relationship": "Cites", "identifierType": "DOI", "identifier": "https://doi.org/10.1371/journal.pone.0124691"}], "versionNumber": 1, "versionStatus": "submitted", "curationStatus": "Published", "publicationDate": "2016-03-26", "lastModificationDate": "2020-06-24", "visibility": "public", "sharingLink": "https://datadryad.org/stash/share/8Qv6P59th2l-xQVgz6_W-8u_iKqdpEez6xspPU9MbuQ", "userId": 12061, "license": "https://creativecommons.org/publicdomain/zero/1.0/"}