{"_links": {"self": {"href": "/api/v2/datasets/doi%3A10.5061%2Fdryad.6m761"}, "stash:versions": {"href": "/api/v2/datasets/doi%3A10.5061%2Fdryad.6m761/versions"}, "stash:version": {"href": "/api/v2/versions/25446"}, "stash:download": {"href": "/api/v2/datasets/doi%3A10.5061%2Fdryad.6m761/download"}, "curies": [{"name": "stash", "href": "https://github.com/CDL-Dryad/stash/blob/main/stash_api/link-relations.md#{rel}", "templated": "true"}]}, "identifier": "doi:10.5061/dryad.6m761", "id": 25373, "storageSize": 1054146, "title": "Data from: Fitness costs in spatially structured environments", "authors": [{"firstName": "Florence", "lastName": "D\u00e9barre", "affiliation": "University of British Columbia", "affiliationROR": "https://ror.org/03rmrcq20"}], "abstract": "The clustering of individuals that results from limited dispersal is a double-edged sword: while it allows for local interactions to be mostly among related individuals, it also results in increased local competition. Here I show that, because they mitigate local competition, fitness costs such as reduced fecundity or reduced survival are less costly in spatially structured environments than in non spatial settings. I first present a simple demographic example to illustrate how spatial structure weakens selection against fitness costs. Then, I illustrate the importance of disentangling the evolution of a trait from the evolution of potential associated costs, using an example taken from a recent study investigating the effect of spatial structure on the evolution of host defense. In this example indeed, the differences between spatial and non-spatial selection gradients are due to differences in the fitness costs, thereby undermining interpretations of the results made in terms of the trait only. This illustrates the need to consider fitness costs as proper traits in both theoretical and empirical studies.", "keywords": ["Spatial moment equations", "Viscous population", "host defense", "fitness costs", "kin competition"], "usageNotes": "<div class=\"o-metadata__file-usage-entry\"><h4 class=\"o-heading__level3-file-title\">Debarre_2015_Evolution</h4><div class=\"o-metadata__file-description\">Zipped folder containing the scripts to re-run and plot all the figures presented in the article.</div><div class=\"o-metadata__file-name\"></div></div>", "relatedWorks": [{"relationship": "Cites", "identifierType": "DOI", "identifier": "https://doi.org/10.1111/evo.12646"}], "versionNumber": 1, "versionStatus": "submitted", "curationStatus": "Published", "publicationDate": "2015-03-17", "lastModificationDate": "2019-09-21", "visibility": "public", "sharingLink": "https://datadryad.org/stash/share/lKncvr0klSr0tSj2-19KDaORKWFhqIwT5DdhgUx8KzE", "userId": 14219, "license": "https://creativecommons.org/publicdomain/zero/1.0/"}