{"_links": {"self": {"href": "/api/v2/datasets/doi%3A10.5061%2Fdryad.5rs50"}, "stash:versions": {"href": "/api/v2/datasets/doi%3A10.5061%2Fdryad.5rs50/versions"}, "stash:version": {"href": "/api/v2/versions/25660"}, "stash:download": {"href": "/api/v2/datasets/doi%3A10.5061%2Fdryad.5rs50/download"}, "curies": [{"name": "stash", "href": "https://github.com/CDL-Dryad/stash/blob/main/stash_api/link-relations.md#{rel}", "templated": "true"}]}, "identifier": "doi:10.5061/dryad.5rs50", "id": 25587, "storageSize": 3535626, "title": "Data from: Phytochrome diversity in green plants and the origin of canonical plant phytochromes", "authors": [{"firstName": "Fay-Wei", "lastName": "Li", "affiliation": "Duke University", "affiliationROR": "https://ror.org/00py81415"}, {"firstName": "Michael", "lastName": "Melkonian", "affiliation": "University of Cologne", "affiliationROR": "https://ror.org/00rcxh774"}, {"firstName": "Carl J.", "lastName": "Rothfels", "affiliation": "University of California, Berkeley", "affiliationROR": "https://ror.org/01an7q238"}, {"firstName": "Juan Carlos", "lastName": "Villarreal", "affiliation": "Royal Botanic Garden Edinburgh", "affiliationROR": "https://ror.org/0349vqz63"}, {"firstName": "Dennis W.", "lastName": "Stevenson", "affiliation": "The Bronx Defenders", "affiliationROR": "https://ror.org/0096stf71"}, {"firstName": "Sean W.", "lastName": "Graham", "affiliation": "University of British Columbia", "affiliationROR": "https://ror.org/03rmrcq20"}, {"firstName": "Gane Ka-Shu", "lastName": "Wong", "affiliation": "University of Alberta", "affiliationROR": "https://ror.org/0160cpw27"}, {"firstName": "Kathleen M.", "lastName": "Pryer", "affiliation": "Duke University", "affiliationROR": "https://ror.org/00py81415"}, {"firstName": "Sarah", "lastName": "Mathews", "affiliation": "Harvard University", "affiliationROR": "https://ror.org/03vek6s52"}], "abstract": "Phytochromes are red/far-red photoreceptors that play essential roles in diverse plant morphogenetic and physiological responses to light. Despite their functional significance, phytochrome diversity and evolution across photosynthetic eukaryotes remain poorly understood. Using newly available transcriptomic and genomic data we show that canonical plant phytochromes originated in a common ancestor of streptophytes (charophyte algae and land plants). Phytochromes in charophyte algae are structurally diverse, including canonical and non-canonical forms, whereas in land plants, phytochrome structure is highly conserved. Liverworts, hornworts and Selaginella apparently possess a single phytochrome, whereas independent gene duplications occurred within mosses, lycopods, ferns and seed plants, leading to diverse phytochrome families in these clades. Surprisingly, the phytochrome portions of algal and land plant neochromes, a chimera of phytochrome and phototropin, appear to share a common origin. Our results reveal novel phytochrome clades and establish the basis for understanding phytochrome functional evolution in land plants and their algal relatives.", "keywords": ["streptophytes", "Photoreceptor", "transcriptomes", "phytochromes", "neochromes"], "usageNotes": "<div class=\"o-metadata__file-usage-entry\"><h4 class=\"o-heading__level3-file-title\">alignments_and_trees</h4><div class=\"o-metadata__file-description\">This zip file contains the alignments and trees, as well as a ReadMe file.</div><div class=\"o-metadata__file-name\"></div></div><div class=\"o-metadata__file-usage-entry\"><h4 class=\"o-heading__level3-file-title\">baits-120-60</h4><div class=\"o-metadata__file-description\">The probe sequences to target phytochrome, phototropin and neochrome genes, with a special focus on those of hornworts and ferns.</div><div class=\"o-metadata__file-name\"></div></div>", "relatedWorks": [{"relationship": "Cites", "identifierType": "DOI", "identifier": "https://doi.org/10.1038/ncomms8852"}], "versionNumber": 1, "versionStatus": "submitted", "curationStatus": "Published", "publicationDate": "2016-06-08", "lastModificationDate": "2020-06-24", "visibility": "public", "sharingLink": "https://datadryad.org/stash/share/DvzFXsWfeCU7wb4gYwYNUgoKhJzOnlvA3D6Ijnrwh9g", "userId": 500, "license": "https://creativecommons.org/publicdomain/zero/1.0/"}