{"_links": {"self": {"href": "/api/v2/datasets/doi%3A10.5061%2Fdryad.rn5c0"}, "stash:versions": {"href": "/api/v2/datasets/doi%3A10.5061%2Fdryad.rn5c0/versions"}, "stash:version": {"href": "/api/v2/versions/8570"}, "stash:download": {"href": "/api/v2/datasets/doi%3A10.5061%2Fdryad.rn5c0/download"}, "curies": [{"name": "stash", "href": "https://github.com/CDL-Dryad/stash/blob/main/stash_api/link-relations.md#{rel}", "templated": "true"}]}, "identifier": "doi:10.5061/dryad.rn5c0", "id": 8530, "storageSize": 194456, "title": "Data from: Immune response genes and pathogen presence predict migration survival in wild salmon smolts", "authors": [{"firstName": "Ken M.", "lastName": "Jeffries", "affiliation": "University of British Columbia", "affiliationROR": "https://ror.org/03rmrcq20"}, {"firstName": "Scott G.", "lastName": "Hinch", "affiliation": "University of British Columbia", "affiliationROR": "https://ror.org/03rmrcq20"}, {"firstName": "Marika Kirsten", "lastName": "Gale", "affiliation": "Fisheries and Oceans Canada", "affiliationROR": "https://ror.org/02qa1x782"}, {"firstName": "Timothy D.", "lastName": "Clark", "affiliation": "Australian Institute of Marine Science", "affiliationROR": "https://ror.org/03x57gn41"}, {"firstName": "Andrew G.", "lastName": "Lotto", "affiliation": "University of British Columbia", "affiliationROR": "https://ror.org/03rmrcq20"}, {"firstName": "Matthew T.", "lastName": "Casselman", "affiliation": "University of British Columbia", "affiliationROR": "https://ror.org/03rmrcq20"}, {"firstName": "Shaorong", "lastName": "Li", "affiliation": "Fisheries and Oceans Canada", "affiliationROR": "https://ror.org/02qa1x782"}, {"firstName": "Erin L.", "lastName": "Rechisky", "affiliation": "Kintama Research Services Ltd; Nanaimo BC V9S 3B3 Canada"}, {"firstName": "Aswea D.", "lastName": "Porter", "affiliation": "Fisheries and Oceans Canada", "affiliationROR": "https://ror.org/02qa1x782"}, {"firstName": "David W.", "lastName": "Welch", "affiliation": "Kintama Research Services Ltd; Nanaimo BC V9S 3B3 Canada"}, {"firstName": "Kristina M.", "lastName": "Miller", "affiliation": "Fisheries and Oceans Canada", "affiliationROR": "https://ror.org/02qa1x782"}, {"firstName": "Marika Kirstin", "lastName": "Gale", "affiliation": "University of British Columbia", "affiliationROR": "https://ror.org/03rmrcq20"}], "abstract": "We present the first data to link physiological responses and pathogen presence with subsequent fate during migration of wild salmonid smolts. We tagged and non-lethally sampled gill tissue from sockeye salmon (Oncorhynchus nerka) smolts as they left their nursery lake (Chilko Lake, BC, Canada) to compare gene expression profiles and freshwater pathogen loads with migration success over the first ~1150 km of their migration to the North Pacific Ocean using acoustic telemetry. Fifteen percent of smolts were never detected again after release and these fish had gene expression profiles consistent with an immune response to one or more viral pathogens compared with fish that survived their freshwater migration. Among the significantly up-regulated genes of the fish that were never detected post-release were MX (Interferon-induced GTP-binding Protein Mx) and STAT1 (Signal transducer and activator of transcription 1-alpha/beta), which are characteristic of a type I interferon response to viral pathogens. The most commonly detected pathogen in the smolts leaving the nursery lake was infectious hematopoietic necrosis virus (IHNV). Collectively, these data show that some of the fish assumed to have died after leaving the nursery lake appeared to be responding to one or more viral pathogens and had elevated stress levels that could have contributed to some of the mortality shortly after release. We present the first evidence that changes in gene expression may be predictive of some of the fresh water migration mortality in wild salmonid smolts.", "keywords": ["Oncorhynchus nerka", "CJS model", "survivorship", "metadata", "cumulative survival", "survival estimates", "length", "weight", "variance covariance matrix", "Program MARK", "capture history", "sockeye salmon", "Fisheries Management", "variance", "delta method", "Transcriptomics", "RMark", "survival estimation", "Fish", "data summary", "Conservation Biology"], "usageNotes": "<div class=\"o-metadata__file-usage-entry\"><h4 class=\"o-heading__level3-file-title\">RMark Survival Estimation for Chilko 2012</h4><div class=\"o-metadata__file-description\">This file contains the R script used to estimate survival of Chilko Lake sockeye smolts with a Cormack-Jolly-Seber model using Program MARK via RMark.</div><div class=\"o-metadata__file-name\">Survival_Estimation_for_Chilko2012_compare_clip_status.r</br></div></div><div class=\"o-metadata__file-usage-entry\"><h4 class=\"o-heading__level3-file-title\">CH_RMark Chilko sockeye survival</h4><div class=\"o-metadata__file-description\">This file contains the capture histories (CH), or technically the detection histories, for acoustic tagged Chilko Lake sockeye. This file is called by the accompanying R script to produce survival and detection probabilities.</div><div class=\"o-metadata__file-name\">CH_RMark2013-08-13_V7_NO_FAR_or_MISS.txt</br></div></div><div class=\"o-metadata__file-usage-entry\"><h4 class=\"o-heading__level3-file-title\">Delta_Method_for_Chilko2012</h4><div class=\"o-metadata__file-description\">This file contains the R script used to estimate the variance on the Chilko sockeye cumulative survival estimates using the delta method.</div><div class=\"o-metadata__file-name\"></div></div><div class=\"o-metadata__file-usage-entry\"><h4 class=\"o-heading__level3-file-title\">Chilko Lake sockeye survival estimates</h4><div class=\"o-metadata__file-description\">This file contains the Chilko Lake sockeye CJS survival estimates which are used to calculate cumulative survival. This file is called by the accompanying delta method R script.</div><div class=\"o-metadata__file-name\">Estimates_V7_p67.csv</br></div></div><div class=\"o-metadata__file-usage-entry\"><h4 class=\"o-heading__level3-file-title\">VCV matrix</h4><div class=\"o-metadata__file-description\">This file contains the Chilko Lake sockeye CJS variance-covariance estimates which are used to calculate the variance on cumulative survival estimates. This file is called by the accompanying delta method R script.</div><div class=\"o-metadata__file-name\">realVCmatrix_V7_p67.csv</br></div></div><div class=\"o-metadata__file-usage-entry\"><h4 class=\"o-heading__level3-file-title\">Jeffries et al. Chilko Lake Sockeye Salmon Smolt data summary</h4><div class=\"o-metadata__file-description\">This file summarizes data collected on acoustic tagged Chilko Lake sockeye salmon smolts including tag ID, length, weight, fish IDs for qPRC analysis, survival group and detection history.</div><div class=\"o-metadata__file-name\"></div></div><div class=\"o-metadata__file-usage-entry\"><h4 class=\"o-heading__level3-file-title\">Jeffries et al. Data from laboratory gill sampling validation study</h4><div class=\"o-metadata__file-description\">This file contains the data from a preliminary study on smolt-sized sockeye salmon to validate that gill sampling and tagging fish would have minimal effect on survival.</div><div class=\"o-metadata__file-name\"></div></div><div class=\"o-metadata__file-usage-entry\"><h4 class=\"o-heading__level3-file-title\">Jeffries et al. qPCR results for Pathogen screening</h4><div class=\"o-metadata__file-description\">This file contains the qPCR results from the pathogen screening conducted on gill samples from 2012 2 year old Chilko Lake sockeye salmon smolts, and archived gill samples of fish from the same cohort, a co-migrating cohort, or the parent generation.</div><div class=\"o-metadata__file-name\"></div></div><div class=\"o-metadata__file-usage-entry\"><h4 class=\"o-heading__level3-file-title\">Jeffries et al. qPCR results for 2012 2 yr old smolt gene expression assays</h4><div class=\"o-metadata__file-description\">This file contains the qPCR results from the 50 genes that were assayed in gill tissue collected from 2 year old Chilko Lake sockeye salmon smolts in 2012.</div><div class=\"o-metadata__file-name\"></div></div>", "locations": [{"place": "Canada"}, {"place": "British Columbia"}], "relatedWorks": [{"relationship": "Cites", "identifierType": "DOI", "identifier": "https://doi.org/10.1111/mec.12980"}], "versionNumber": 1, "versionStatus": "submitted", "curationStatus": "Published", "publicationDate": "2014-10-29", "lastModificationDate": "2020-06-24", "visibility": "public", "sharingLink": "https://datadryad.org/stash/share/qo8sy3T1HR2z2L4ISHhViwUKPztkyZgh4rCUodP3CNA", "userId": 9633, "license": "https://creativecommons.org/publicdomain/zero/1.0/"}