{"_links": {"self": {"href": "/api/v2/datasets/doi%3A10.5061%2Fdryad.r86n4"}, "stash:versions": {"href": "/api/v2/datasets/doi%3A10.5061%2Fdryad.r86n4/versions"}, "stash:version": {"href": "/api/v2/versions/14823"}, "stash:download": {"href": "/api/v2/datasets/doi%3A10.5061%2Fdryad.r86n4/download"}, "curies": [{"name": "stash", "href": "https://github.com/CDL-Dryad/stash/blob/main/stash_api/link-relations.md#{rel}", "templated": "true"}]}, "identifier": "doi:10.5061/dryad.r86n4", "id": 14770, "storageSize": 56625, "title": "Data from: Genetic evidence of hybridization between the critically endangered Cuban crocodile and the American crocodile: implications for population history and in situ/ex situ conservation", "authors": [{"firstName": "Yoamel", "lastName": "Mili\u00e1n-Garc\u00eda", "affiliation": "University of Havana", "affiliationROR": "https://ror.org/04204gr61"}, {"firstName": "Roberto", "lastName": "Ramos-Targarona", "affiliation": "Empresa Nacional para la Protecci\u00f3n de la Flora y la Fauna, Ciudad de La Habana, Cuba"}, {"firstName": "Etiam", "lastName": "P\u00e9rez-Fleitas", "affiliation": "Empresa Nacional para la Protecci\u00f3n de la Flora y la Fauna, Ciudad de La Habana, Cuba"}, {"firstName": "Gustavo", "lastName": "Sosa-Rodr\u00edguez", "affiliation": "Empresa Nacional para la Protecci\u00f3n de la Flora y la Fauna, Ciudad de La Habana, Cuba"}, {"firstName": "Leiter", "lastName": "Guerra-Manchena", "affiliation": "Empresa Nacional para la Protecci\u00f3n de la Flora y la Fauna, Ciudad de La Habana, Cuba"}, {"firstName": "Manuel", "lastName": "Alonso-Tabet", "affiliation": "Empresa Nacional para la Protecci\u00f3n de la Flora y la Fauna, Ciudad de La Habana, Cuba"}, {"firstName": "Georgina", "lastName": "Espinosa-L\u00f3pez", "affiliation": "University of Havana", "affiliationROR": "https://ror.org/04204gr61"}, {"firstName": "Michael A.", "lastName": "Russello", "affiliation": "University of British Columbia", "affiliationROR": "https://ror.org/03rmrcq20"}], "abstract": "Inter-specific hybridization may be especially detrimental when one species is extremely rare and the other is abundant owing to the potential for genetic swamping. The Cuban crocodile (Crocodylus rhombifer) is a critically endangered island endemic largely restricted to Zapata Swamp, where it is sympatric with the widespread American crocodile (C. acutus). An on-island, C. rhombifer captive breeding program is underway with the goals of maintaining taxonomic integrity and providing a source of individuals for reintroduction, but its conservation value is limited by lack of genetic information. Here we collected mtDNA haplotypic and nuclear genotypic data from wild and captive C. rhombifer and C. acutus in Cuba to: (1) investigate the degree of inter-specific hybridization in natural (in situ) and captive (ex situ) populations; (2) quantify the extent, distribution and in situ representation of genetic variation ex situ; and (3) reconstruct founder relatedness to inform management. We found high levels of hybridization in the wild (49.1%) and captivity (16.1%), and additional evidence for a cryptic lineage of C. acutus in the Antilles. We detected marginally higher observed heterozygosity and allelic diversity ex situ relative to the wild population, with captive C. rhombifer exhibiting over twice the frequency of private alleles. Although mean relatedness was high in captivity, we identified 37 genetically important individuals that possessed individual mean kinship (MK) values lower than the population MK. Overall, these results will guide long-term conservation management of Cuban crocodiles for maintaining the genetic integrity and viability of this species of high global conservation value.", "keywords": ["Crocodylus rhombifer", "mitochondrial control region", "microsatellite", "Crocodylus acutus", "captive breeding", "hybridization"], "usageNotes": "<div class=\"o-metadata__file-usage-entry\"><h4 class=\"o-heading__level3-file-title\">CubanCroc_Heredity_DRYAD</h4><div class=\"o-metadata__file-name\"></div></div>", "locations": [{"place": "Zapata Swamp"}, {"place": "Birama Swamp"}], "relatedWorks": [{"relationship": "Cites", "identifierType": "DOI", "identifier": "https://doi.org/10.1038/hdy.2014.96"}], "versionNumber": 1, "versionStatus": "submitted", "curationStatus": "Published", "publicationDate": "2014-09-16", "lastModificationDate": "2020-06-24", "visibility": "public", "sharingLink": "https://datadryad.org/stash/share/jPp7W-g6VQW-BY_Ya2-tlU3fV80P6EunoMS5dQJkhHU", "userId": 9567, "license": "https://creativecommons.org/publicdomain/zero/1.0/"}