{"_links": {"self": {"href": "/api/v2/datasets/doi%3A10.5061%2Fdryad.9dc21"}, "stash:versions": {"href": "/api/v2/datasets/doi%3A10.5061%2Fdryad.9dc21/versions"}, "stash:version": {"href": "/api/v2/versions/19412"}, "stash:download": {"href": "/api/v2/datasets/doi%3A10.5061%2Fdryad.9dc21/download"}, "curies": [{"name": "stash", "href": "https://github.com/CDL-Dryad/stash/blob/main/stash_api/link-relations.md#{rel}", "templated": "true"}]}, "identifier": "doi:10.5061/dryad.9dc21", "id": 19348, "storageSize": 67944, "title": "Data from: Using fuzzy logic to determine the vulnerability of marine species to climate change", "authors": [{"firstName": "Miranda C.", "lastName": "Jones", "affiliation": "University of British Columbia", "affiliationROR": "https://ror.org/03rmrcq20"}, {"firstName": "William W. L.", "lastName": "Cheung", "affiliation": "University of British Columbia", "affiliationROR": "https://ror.org/03rmrcq20"}], "abstract": "Marine species are being impacted by climate change and ocean acidification, although their level of vulnerability varies due to differences in species' sensitivity, adaptive capacity and exposure to climate hazards. Due to limited data on the biological and ecological attributes of many marine species, as well as inherent uncertainties in the assessment process, climate change vulnerability assessments in the marine environment frequently focus on a limited number of taxa or geographic ranges. As climate change is already impacting marine biodiversity and fisheries, there is an urgent need to expand vulnerability assessment to cover a large number of species and areas. Here, we develop a modelling approach to synthesize data on species-specific estimates of exposure, and ecological and biological traits to undertake an assessment of vulnerability (sensitivity and adaptive capacity) and risk of impacts (combining exposure to hazards and vulnerability) of climate change (including ocean acidification) for global marine fishes and invertebrates. We use a fuzzy logic approach to accommodate the variability in data availability and uncertainties associated with inferring vulnerability levels from climate projections and species' traits. Applying the approach to estimate the relative vulnerability and risk of impacts of climate change in 1074 exploited marine species globally, we estimated their index of vulnerability and risk of impacts to be on average 52 \u00b1 19 SD and 66 \u00b1 11 SD, scaling from 1 to 100, with 100 being the most vulnerable and highest risk, respectively, under the \u2018business-as-usual' greenhouse gas emission scenario (Representative Concentration Pathway 8.5). We identified 157 species to be highly vulnerable while 294 species are identified as being at high risk of impacts. Species that are most vulnerable tend to be large-bodied endemic species. This study suggests that the fuzzy logic framework can help estimate climate vulnerabilities and risks of exploited marine species using publicly and readily available information.", "keywords": ["Fuzzy logic", "Marine", "Fishes", "Risk of impact", "vulnerability", "Invertebrates", "ocean acidification"], "usageNotes": "<div class=\"o-metadata__file-usage-entry\"><h4 class=\"o-heading__level3-file-title\">Estimated vulnerability and risk of impacts</h4><div class=\"o-metadata__file-description\">Data table that contains species name, the estimated vulnerability index and risk of impact index under the RCP 8.5 scenario.</div><div class=\"o-metadata__file-name\">Jones_Cheung_SDATA.csv</br></div></div>", "locations": [{"place": "Global"}], "relatedWorks": [{"relationship": "Cites", "identifierType": "DOI", "identifier": "https://doi.org/10.1111/gcb.13869"}], "versionNumber": 1, "versionStatus": "submitted", "curationStatus": "Published", "publicationDate": "2018-09-05", "lastModificationDate": "2020-06-24", "visibility": "public", "sharingLink": "https://datadryad.org/stash/share/8t6D89aHWEVNmleQnsSoYfgPfLkJ0FllsA4Nlzwlwx8", "userId": 21302, "license": "https://creativecommons.org/publicdomain/zero/1.0/"}