{"_links": {"self": {"href": "/api/v2/datasets/doi%3A10.5061%2Fdryad.c50sf"}, "stash:versions": {"href": "/api/v2/datasets/doi%3A10.5061%2Fdryad.c50sf/versions"}, "stash:version": {"href": "/api/v2/versions/4018"}, "stash:download": {"href": "/api/v2/datasets/doi%3A10.5061%2Fdryad.c50sf/download"}, "curies": [{"name": "stash", "href": "https://github.com/CDL-Dryad/stash/blob/main/stash_api/link-relations.md#{rel}", "templated": "true"}]}, "identifier": "doi:10.5061/dryad.c50sf", "id": 3996, "storageSize": 592468, "title": "Data from: Fear and lethality in snowshoe hares: the deadly effects of non-consumptive predation risk", "authors": [{"firstName": "Kirsty J.", "lastName": "MacLeod", "affiliation": "Pennsylvania State University", "affiliationROR": "https://ror.org/04p491231"}, {"firstName": "Charles J.", "lastName": "Krebs", "affiliation": "University of British Columbia", "affiliationROR": "https://ror.org/03rmrcq20"}, {"firstName": "Rudy", "lastName": "Boonstra", "affiliation": "University of Toronto", "affiliationROR": "https://ror.org/03dbr7087"}, {"firstName": "Michael J.", "lastName": "Sheriff", "affiliation": "Pennsylvania State University", "affiliationROR": "https://ror.org/04p491231"}], "abstract": "Predators play a critical, top-down role in shaping ecosystems, driving prey population and community dynamics. Traditionally, studies of predator-prey interactions have focused on direct effects of predators, namely the killing of prey. More recently, the non-consumptive effects of predation risk are being appreciated; e.g., the Ecology of Fear. Prey responses to predation risk can be morphological, behavioural, and physiological, and are assumed to come at a cost to prey fitness. However, few studies have examined the relationship between predation risk and survival in wild animals. We tested the hypothesis that predation risk itself could reduce survival in wild-caught snowshoe hares. We exposed female snowshoe hares to a simulated predator (a trained dog) during gestation only, and measured adult survival and, in surviving females, their ability to successfully wean offspring. We show for the first time in a wild mammal that the risk of predation can itself be lethal. Predation risk reduced adult female survival by 30%, and had trans-generational effects, reducing offspring survival to weaning by over 85% - even though the period of risk ended at birth. As a consequence of these effects the predator-exposed group experienced a decrease in number, while the control group substantially increased. Challenges remain in determining the importance of risk-induced mortality in natural field settings; however, our findings show that non-lethal predator encounters can influence survival of both adults and offspring. Future work is needed to test these effects in free-living animals.", "keywords": ["predation risk", "maternal effects"], "usageNotes": "<div class=\"o-metadata__file-usage-entry\"><h4 class=\"o-heading__level3-file-title\">MACLEOD et al. Data on snowshoe hare survival after predator exposure</h4><div class=\"o-metadata__file-description\">Data from a maternal predator-exposure experiment testing effects of exposure on adult survival, and offspring survival to weaning. Metadata is provided in a separate sheet.</div><div class=\"o-metadata__file-name\">MACLEOD_et_al_HARE_DATA.xls</br></div></div>", "relatedWorks": [{"relationship": "Cites", "identifierType": "DOI", "identifier": "https://doi.org/10.1111/oik.04890"}], "versionNumber": 1, "versionStatus": "submitted", "curationStatus": "Published", "publicationDate": "2017-10-18", "lastModificationDate": "2020-06-24", "visibility": "public", "sharingLink": "https://datadryad.org/stash/share/Sna29LukNh2sTvXGRAmiD3raCm83ZpUsfFvNKCMEo68", "userId": 40126, "license": "https://creativecommons.org/publicdomain/zero/1.0/"}