{"_links": {"self": {"href": "/api/v2/datasets/doi%3A10.5061%2Fdryad.517c56h"}, "stash:versions": {"href": "/api/v2/datasets/doi%3A10.5061%2Fdryad.517c56h/versions"}, "stash:version": {"href": "/api/v2/versions/19876"}, "stash:download": {"href": "/api/v2/datasets/doi%3A10.5061%2Fdryad.517c56h/download"}, "curies": [{"name": "stash", "href": "https://github.com/CDL-Dryad/stash/blob/main/stash_api/link-relations.md#{rel}", "templated": "true"}]}, "identifier": "doi:10.5061/dryad.517c56h", "id": 19812, "storageSize": 71586, "title": "Data from: Individual dispersal decisions in a cooperative breeder: ecological constraints, the benefits of philopatry, and the social queue for dominance", "authors": [{"firstName": "Martha J.", "lastName": "Nelson-Flower", "affiliation": "University of British Columbia", "affiliationROR": "https://ror.org/03rmrcq20"}, {"firstName": "Elizabeth M.", "lastName": "Wiley", "affiliation": "University of Western Australia", "affiliationROR": "https://ror.org/047272k79"}, {"firstName": "Thomas P.", "lastName": "Flower", "affiliation": "University of Western Australia", "affiliationROR": "https://ror.org/047272k79"}, {"firstName": "Amanda R.", "lastName": "Ridley", "affiliation": "University of Cape Town", "affiliationROR": "https://ror.org/03p74gp79"}, {"firstName": "Tom P.", "lastName": "Flower", "affiliation": "University of Cape Town", "affiliationROR": "https://ror.org/03p74gp79"}], "abstract": "1. Delayed dispersal is a key step in the evolution of familial animal societies and cooperative breeding. However, no consensus has been reached on the ecological and social circumstances driving delayed dispersal. 2. Here we test predictions from the ecological constraints and benefits of philopatry hypotheses as well as the recently-proposed dual benefits hypothesis to better understand the evolution of group-living and cooperative breeding. Furthermore, we consider how individual social circumstances within groups affect dispersal decisions. 3. We examine 11 years of life-history information on a wild population of cooperatively breeding southern pied babblers (Turdoides bicolor). We investigate the effects of ecological conditions, natal-group membership and individual social context on male and female dispersal delays, disperser survival and acquisition of dominance. 4. Female dispersal decisions are generally unconstrained by ecological or social circumstances. In contrast, males disperse in response to relaxed ecological constraints, decreases in nepotistic tolerance, or when low social rank in the queue for dominance decreases their likelihood of gaining a dominant breeding position. Early dispersal by end-of-queue males often leads to a head-of-queue subordinate position in a non-natal group, thereby increasing access to dominant breeding positions. However, males and females remaining in natal groups gain benefits of philopatry via increased survival and, for head-of-queue males, very high likelihood of acquisition of a breeding position. 5. Overall, predictions from the dual benefits hypothesis best describe these results, while some predictions from each of the ecological constraints and benefits of philopatry hypotheses were supported. The benefits of living and working together (collective action benefits) in large stable groups are of central importance in shaping dispersal delays in southern pied babbler societies. In addition, position in the subordinate social queue for dominance is key in determining access to reproduction, particularly for males. This research highlights the importance of considering the costs and benefits of individual social circumstances in dispersal decisions and illustrates how the dual benefits hypothesis offers new perspectives in understanding delayed dispersal.", "keywords": ["ecological constraints", "cooperative breeding", "delayed dispersal", "family-living", "social queue", "Turdoides bicolor", "southern pied babbler", "Floater", "benefits of philopatry", "dual benefits"], "usageNotes": "<div class=\"o-metadata__file-usage-entry\"><h4 class=\"o-heading__level3-file-title\">age at acquired dominance</h4><div class=\"o-metadata__file-description\">Data used for investigation of age at dominance acquisition from natal and non-natal groups.</div><div class=\"o-metadata__file-name\">age at dominance.csv</br></div></div><div class=\"o-metadata__file-usage-entry\"><h4 class=\"o-heading__level3-file-title\">subordinate breeding</h4><div class=\"o-metadata__file-description\">Data used to investigate if subordinates are more likely to breed in the natal group.</div><div class=\"o-metadata__file-name\"></div></div><div class=\"o-metadata__file-usage-entry\"><h4 class=\"o-heading__level3-file-title\">females</h4><div class=\"o-metadata__file-description\">Data used to investigate likelihood of acquisition of dominance for females in natal and non-natal groups and at the head or end of queues.</div><div class=\"o-metadata__file-name\"></div></div><div class=\"o-metadata__file-usage-entry\"><h4 class=\"o-heading__level3-file-title\">front of queue</h4><div class=\"o-metadata__file-description\">Data used for investigation of the likelihood of acquisition of dominance by males and females at the head of dominance queues in natal and non-natal groups.</div><div class=\"o-metadata__file-name\"></div></div><div class=\"o-metadata__file-usage-entry\"><h4 class=\"o-heading__level3-file-title\">male dispersal</h4><div class=\"o-metadata__file-description\">Data for analysis of factors affecting timing of male dispersal</div><div class=\"o-metadata__file-name\"></div></div><div class=\"o-metadata__file-usage-entry\"><h4 class=\"o-heading__level3-file-title\">female dispersal</h4><div class=\"o-metadata__file-description\">Data for analysis of factors affecting timing of female dispersal.</div><div class=\"o-metadata__file-name\"></div></div><div class=\"o-metadata__file-usage-entry\"><h4 class=\"o-heading__level3-file-title\">sub3</h4><div class=\"o-metadata__file-description\">Data for analysis of subordinate survival according to life history stage and sex using MARK.</div><div class=\"o-metadata__file-name\"></div></div>", "relatedWorks": [{"relationship": "Cites", "identifierType": "DOI", "identifier": "https://doi.org/10.1111/1365-2656.12814"}], "versionNumber": 1, "versionStatus": "submitted", "curationStatus": "Published", "publicationDate": "2019-02-06", "lastModificationDate": "2020-06-24", "visibility": "public", "sharingLink": "https://datadryad.org/stash/share/9wVnDmEssVlvFv9wxFY0xdh-tSOq4dveCOPfiN8DfHU", "userId": 31635, "license": "https://creativecommons.org/publicdomain/zero/1.0/"}