{"_links": {"self": {"href": "/api/v2/datasets/doi%3A10.5061%2Fdryad.cn63cj7"}, "stash:versions": {"href": "/api/v2/datasets/doi%3A10.5061%2Fdryad.cn63cj7/versions"}, "stash:version": {"href": "/api/v2/versions/23230"}, "stash:download": {"href": "/api/v2/datasets/doi%3A10.5061%2Fdryad.cn63cj7/download"}, "curies": [{"name": "stash", "href": "https://github.com/CDL-Dryad/stash/blob/main/stash_api/link-relations.md#{rel}", "templated": "true"}]}, "identifier": "doi:10.5061/dryad.cn63cj7", "id": 23166, "storageSize": 71519, "title": "Data from: Ionome and elemental transport kinetics shaped by parallel evolution in threespine stickleback", "authors": [{"firstName": "Seth M.", "lastName": "Rudman", "affiliation": "University of Pennsylvania", "affiliationROR": "https://ror.org/00b30xv10"}, {"firstName": "Jared M.", "lastName": "Goos", "affiliation": "Oklahoma State University", "affiliationROR": "https://ror.org/01g9vbr38"}, {"firstName": "Joseph B.", "lastName": "Burant", "affiliation": "University of Guelph", "affiliationROR": "https://ror.org/01r7awg59"}, {"firstName": "Kevin V.", "lastName": "Brix", "affiliation": "University of Miami", "affiliationROR": "https://ror.org/02dgjyy92"}, {"firstName": "Taylor C.", "lastName": "Gibbons", "affiliation": "University of British Columbia", "affiliationROR": "https://ror.org/03rmrcq20"}, {"firstName": "Colin J.", "lastName": "Brauner", "affiliation": "University of British Columbia", "affiliationROR": "https://ror.org/03rmrcq20"}, {"firstName": "Punidan D.", "lastName": "Jeyasingh", "affiliation": "Oklahoma State University", "affiliationROR": "https://ror.org/01g9vbr38"}], "abstract": "Evidence that organisms evolve rapidly enough to alter ecological dynamics necessitates investigation of the reciprocal links between ecology and evolution. Data that link genotype to phenotype to ecology are needed to understand both the process and ecological consequences of rapid evolution. Here we quantified the suite of elements in individuals (i.e., ionome) and the fluxes of key nutrients across populations of threespine stickleback. We find that allelic variation associated with freshwater adaptation that controls bony plating is associated with changes in the ionome and nutrient recycling. More broadly, we find that adaptation of marine fish to freshwater conditions shifts the ionomes of natural populations and populations raised in common gardens. In both cases ionomic divergence between populations was primarily driven by differences in trace elements rather than elements typically associated with bone. These findings demonstrate the utility of ecological stoichiometry and the importance of ionome-wide data in understanding eco-evolutionary dynamics.", "funders": [{"organization": "National Science Foundation", "awardNumber": "1256867"}], "usageNotes": "<div class=\"o-metadata__file-usage-entry\"><h4 class=\"o-heading__level3-file-title\">Rudman_SticklebackICPData_171122</h4><div class=\"o-metadata__file-description\">ICP data used to construct figures 1A, 2A, and S1.</div><div class=\"o-metadata__file-name\"></div></div><div class=\"o-metadata__file-usage-entry\"><h4 class=\"o-heading__level3-file-title\">Rudman_SticklebackExcretionData_171124</h4><div class=\"o-metadata__file-description\">Data on nutrient excretion by stickleback plate phenotype.</div><div class=\"o-metadata__file-name\"></div></div><div class=\"o-metadata__file-usage-entry\"><h4 class=\"o-heading__level3-file-title\">RudmanSticklebackCAFluxData_180219</h4><div class=\"o-metadata__file-description\">Data on calcium uptake rates from individuals collected from different stickleback populations.</div><div class=\"o-metadata__file-name\"></div></div><div class=\"o-metadata__file-usage-entry\"><h4 class=\"o-heading__level3-file-title\">Rudman_StickleabckPhosAssimData_180219</h4><div class=\"o-metadata__file-description\">Data on P assimilation efficiency of stickleback individuals.</div><div class=\"o-metadata__file-name\"></div></div>", "relatedWorks": [{"relationship": "Cites", "identifierType": "DOI", "identifier": "https://doi.org/10.1111/ele.13225"}], "versionNumber": 1, "versionStatus": "submitted", "curationStatus": "Published", "publicationDate": "2019-02-11", "lastModificationDate": "2020-06-24", "visibility": "public", "sharingLink": "https://datadryad.org/stash/share/7Y3vl3Wql6S-aDSzT2wilhfKu5Bg1BJSnPu63Uikr9g", "userId": 39117, "license": "https://creativecommons.org/publicdomain/zero/1.0/"}