{"_links": {"self": {"href": "/api/v2/datasets/doi%3A10.5061%2Fdryad.1cv08"}, "stash:versions": {"href": "/api/v2/datasets/doi%3A10.5061%2Fdryad.1cv08/versions"}, "stash:version": {"href": "/api/v2/versions/2939"}, "stash:download": {"href": "/api/v2/datasets/doi%3A10.5061%2Fdryad.1cv08/download"}, "curies": [{"name": "stash", "href": "https://github.com/CDL-Dryad/stash/blob/main/stash_api/link-relations.md#{rel}", "templated": "true"}]}, "identifier": "doi:10.5061/dryad.1cv08", "id": 2924, "storageSize": 777213, "title": "Data from: GlobTherm, a global database on thermal tolerances for aquatic and terrestrial organisms", "authors": [{"firstName": "Joanne M.", "lastName": "Bennett", "affiliation": "German Center for Integrative Biodiversity Research", "affiliationROR": "https://ror.org/01jty7g66"}, {"firstName": "Piero", "lastName": "Calosi", "affiliation": "Universit\u00e9 du Qu\u00e9bec \u00e0 Rimouski", "affiliationROR": "https://ror.org/049jtt335"}, {"firstName": "Susana", "lastName": "Clusella-Trullas", "affiliation": "Stellenbosch University", "affiliationROR": "https://ror.org/05bk57929"}, {"firstName": "Brezo", "lastName": "Mart\u00ednez", "affiliation": "King Juan Carlos University", "affiliationROR": "https://ror.org/01v5cv687"}, {"firstName": "Jennifer", "lastName": "Sunday", "affiliation": "University of British Columbia", "affiliationROR": "https://ror.org/03rmrcq20"}, {"firstName": "Adam C.", "lastName": "Algar", "affiliation": "University of Nottingham", "affiliationROR": "https://ror.org/01ee9ar58"}, {"firstName": "Miguel B.", "lastName": "Ara\u00fajo", "affiliation": "Spanish National Research Council", "affiliationROR": "https://ror.org/02gfc7t72"}, {"firstName": "Bradford A.", "lastName": "Hawkins", "affiliation": "University of California, Irvine", "affiliationROR": "https://ror.org/04gyf1771"}, {"firstName": "Sally", "lastName": "Keith", "affiliation": "Natural History Museum", "affiliationROR": "https://ror.org/0166x0j30"}, {"firstName": "Ingolf", "lastName": "K\u00fchn", "affiliation": "German Center for Integrative Biodiversity Research", "affiliationROR": "https://ror.org/01jty7g66"}, {"firstName": "Carsten", "lastName": "Rahbek", "affiliation": "Natural History Museum", "affiliationROR": "https://ror.org/0166x0j30"}, {"firstName": "Laura", "lastName": "Rodr\u00edguez", "affiliation": "King Juan Carlos University", "affiliationROR": "https://ror.org/01v5cv687"}, {"firstName": "Alexander", "lastName": "Singer", "affiliation": "Swedish Species Information Centre", "affiliationROR": "https://ror.org/03dv9mn33"}, {"firstName": "Fabricio", "lastName": "Villalobos", "affiliation": "Universidade Federal de Goi\u00e1s", "affiliationROR": "https://ror.org/0039d5757"}, {"firstName": "Miguel \u00c1ngel", "lastName": "Olalla-T\u00e1rraga", "affiliation": "King Juan Carlos University", "affiliationROR": "https://ror.org/01v5cv687"}, {"firstName": "Ignacio", "lastName": "Morales-Castilla", "affiliation": "Harvard University", "affiliationROR": "https://ror.org/03vek6s52"}], "abstract": "How climate affects species distributions is a longstanding question receiving renewed interest owing to the need to predict the impacts of global warming on biodiversity. Is climate change forcing species to live near their critical thermal limits? Are these limits likely to change through natural selection? These and other important questions can be addressed with models relating geographical distributions of species with climate data, but inferences made with these models are highly contingent on non-climatic factors such as biotic interactions. Improved understanding of climate change effects on species will require extensive analysis of thermal physiological traits, but such data are scarce and scattered. To overcome current limitations, we created the GlobTherm database. The database contains experimentally derived species\u2019 thermal tolerance data currently comprising over 2,000 species of terrestrial, freshwater, intertidal and marine multicellular algae, pl\r\nants, fungi, and animals. The GlobTherm database will be maintained and curated by iDiv with the aim of expanding it, and enable further investigations on the effects of climate on the distribution of life on Earth.", "keywords": ["thermal tolerance", "thermal limits"], "usageNotes": "<div class=\"o-metadata__file-usage-entry\"><h4 class=\"o-heading__level3-file-title\">GlobTherm, a global database on thermal tolerances for aquatic and terrestrial organisms, Excel format</h4><div class=\"o-metadata__file-description\">This database includes thermal tolerance metrics for 2,133 species of multicellular algae, plants, fungi, and animals in 43 classes, 203 orders and 525 families from both aquatic, and terrestrial realms, extracted from published studies. Abbreviated citations are included in the 'REF_min' and 'REF_max' variable in the data file. For full citations, please see the attached workbook, \"References_1_09_2017.xlsx\". \r\n\r\nThe data are available in both Excel and CSV formats in the Dryad Digital Repository (doi:10.5061/dryad.1cv08). Updates to the data and metadata will be curated through the iDiv data portal (https://idata.idiv.de/). For example, in the future we plan to include interspecific variation in the dataset, to provide multiple estimates of thermal tolerance limits for a given species where estimates determined using the best possible methods will be more highly ranked.</div><div class=\"o-metadata__file-name\">GlobalTherm_upload_10_11_17.xlsx</br></div><div class=\"o-metadata__file-name\">References_1_09_2017.xlsx</br></div></div><div class=\"o-metadata__file-usage-entry\"><h4 class=\"o-heading__level3-file-title\">GlobTherm, a global database on thermal tolerances for aquatic and terrestrial organisms, CSV format</h4><div class=\"o-metadata__file-description\">This database includes thermal tolerance metrics for 2,133 species of multicellular algae, plants, fungi, and animals in 43 classes, 203 orders and 525 families from both aquatic, and terrestrial realms, extracted from published studies. Abbreviated citations are included in the 'REF_min' and 'REF_max' variable in the data file. For full citations, please see the attached workbook, \"References_1_09_2017.xlsx\". \r\n\r\nThe data are available in both Excel and CSV formats in the Dryad Digital Repository (doi:10.5061/dryad.1cv08). Updates to the data and metadata will be curated through the iDiv data portal (https://idata.idiv.de/). For example, in the future we plan to include interspecific variation in the dataset, to provide multiple estimates of thermal tolerance limits for a given species where estimates determined using the best possible methods will be more highly ranked.</div><div class=\"o-metadata__file-name\">GlobalTherm_upload_02_11_17.csv</br></div><div class=\"o-metadata__file-name\">References_1_09_2017.xlsx</br></div></div>", "locations": [{"place": "Global"}], "relatedWorks": [{"relationship": "Cites", "identifierType": "DOI", "identifier": "https://doi.org/10.1038/sdata.2018.22"}], "versionNumber": 1, "versionStatus": "submitted", "curationStatus": "Published", "publicationDate": "2019-01-26", "lastModificationDate": "2020-06-24", "visibility": "public", "sharingLink": "https://datadryad.org/stash/share/HMHF2bvULs5IXpZFe0spRU_nlLOOqMT2oz5b5NUL2CQ", "userId": 24520, "license": "https://creativecommons.org/publicdomain/zero/1.0/"}