{"_links": {"self": {"href": "/api/v2/datasets/doi%3A10.5061%2Fdryad.bzkh1896v"}, "stash:versions": {"href": "/api/v2/datasets/doi%3A10.5061%2Fdryad.bzkh1896v/versions"}, "stash:version": {"href": "/api/v2/versions/83646"}, "stash:download": {"href": "/api/v2/datasets/doi%3A10.5061%2Fdryad.bzkh1896v/download"}, "curies": [{"name": "stash", "href": "https://github.com/CDL-Dryad/stash/blob/main/stash_api/link-relations.md#{rel}", "templated": "true"}]}, "identifier": "doi:10.5061/dryad.bzkh1896v", "id": 54447, "storageSize": 499193301, "title": "The sunflower (Helianthus annuusL.) genome reflects a recent history of biased accumulation of transposable elements", "authors": [{"firstName": "S. Evan", "lastName": "Staton", "email": "statonse@biodiversity.ubc.ca", "affiliation": "University of Georgia", "affiliationROR": "https://ror.org/00te3t702"}, {"firstName": "Bradley H.", "lastName": "Bakken", "email": "", "affiliation": "Kansas State University", "affiliationROR": "https://ror.org/05p1j8758"}, {"firstName": "Benjamin K.", "lastName": "Blackman", "email": "", "affiliation": "Indiana University", "affiliationROR": "https://ror.org/01kg8sb98"}, {"firstName": "Mark A.", "lastName": "Chapman", "email": "", "affiliation": "University of Georgia", "affiliationROR": "https://ror.org/00te3t702"}, {"firstName": "Nolan C.", "lastName": "Kane", "email": "", "affiliation": "University of British Columbia", "affiliationROR": "https://ror.org/03rmrcq20"}, {"firstName": "Shunxue", "lastName": "Tang", "email": "", "affiliation": "University of Georgia", "affiliationROR": "https://ror.org/00te3t702"}, {"firstName": "Mark C.", "lastName": "Ungerer", "email": "", "affiliation": "Kansas State University", "affiliationROR": "https://ror.org/05p1j8758"}, {"firstName": "Steven J.", "lastName": "Knapp", "email": "", "affiliation": "University of Georgia", "affiliationROR": "https://ror.org/00te3t702"}, {"firstName": "Loren H.", "lastName": "Rieseberg", "email": "", "affiliation": "University of British Columbia", "affiliationROR": "https://ror.org/03rmrcq20"}, {"firstName": "John M.", "lastName": "Burke", "email": "jmburke@uga.edu", "affiliation": "University of Georgia", "affiliationROR": "https://ror.org/00te3t702", "orcid": "0000-0002-1412-5539"}], "abstract": "<section data-lang=\"en\" id=\"section-1-en\" lang=\"en\">\r\n<p>Aside from polyploidy, transposable elements are the major drivers of genome size increases in plants. Thus, understanding the diversity and evolutionary dynamics of transposable elements in sunflower (<i>Helianthus annuus</i>\u00a0L.), especially given its large genome size (\u223c3.5\u2003Gb) and the well\u2010documented cases of amplification of certain transposons within the genus, is of considerable importance for understanding the evolutionary history of this emerging model species. By analyzing approximately 25% of the sunflower genome from random sequence reads and assembled bacterial artificial chromosome (BAC) clones, we show that it is composed of over 81% transposable elements, 77% of which are long terminal repeat (LTR) retrotransposons. Moreover, the LTR retrotransposon fraction in BAC clones harboring genes is disproportionately composed of chromodomain\u2010containing\u00a0<i>Gypsy</i>\u00a0LTR retrotransposons (\u2018chromoviruses\u2019), and the majority of the intact chromoviruses contain tandem chromodomain duplications. We show that there is a bias in the efficacy of homologous recombination in removing LTR retrotransposon DNA, thereby providing insight into the mechanisms associated with transposable element (TE) composition in the sunflower genome. We also show that the vast majority of observed LTR retrotransposon insertions have likely occurred since the origin of this species, providing further evidence that biased LTR retrotransposon activity has played a major role in shaping the chromatin and DNA landscape of the sunflower genome. Although our findings on LTR retrotransposon age and structure could be influenced by the selection of the BAC clones analyzed, a global analysis of random sequence reads indicates that the evolutionary patterns described herein apply to the sunflower genome as a whole.</p>\r\n</section>\r\n", "funders": [{"organization": "National Science Foundation*", "awardNumber": "DBI\u20100820451"}, {"organization": "National Science Foundation*", "awardNumber": "DEB\u20100742993"}, {"organization": "National Institute of Food and Agriculture", "awardNumber": "2008\u201035300\u201019263"}], "relatedWorks": [{"relationship": "Cites", "identifierType": "DOI", "identifier": "https://doi.org/10.1111/j.1365-313X.2012.05072.x"}], "versionNumber": 4, "versionStatus": "submitted", "curationStatus": "Published", "publicationDate": "2020-09-21", "lastModificationDate": "2020-09-21", "visibility": "public", "sharingLink": "https://datadryad.org/stash/share/T-jofQQCw8lfXR8Ou6Fm4VjgNazMOxaxYjPfKXWa9gw", "userId": 61561, "license": "https://creativecommons.org/publicdomain/zero/1.0/"}