{"_links": {"self": {"href": "/api/v2/datasets/doi%3A10.5061%2Fdryad.rj74424"}, "stash:versions": {"href": "/api/v2/datasets/doi%3A10.5061%2Fdryad.rj74424/versions"}, "stash:version": {"href": "/api/v2/versions/4390"}, "stash:download": {"href": "/api/v2/datasets/doi%3A10.5061%2Fdryad.rj74424/download"}, "curies": [{"name": "stash", "href": "https://github.com/CDL-Dryad/stash/blob/main/stash_api/link-relations.md#{rel}", "templated": "true"}]}, "identifier": "doi:10.5061/dryad.rj74424", "id": 4364, "storageSize": 526650, "title": "Data from: Cognitive function after spinal cord injury: a systematic review", "authors": [{"firstName": "Rahul", "lastName": "Sachdeva", "affiliation": "University of British Columbia", "affiliationROR": "https://ror.org/03rmrcq20"}, {"firstName": "Feng", "lastName": "Gao", "affiliation": "Capital Medical University", "affiliationROR": "https://ror.org/013xs5b60"}, {"firstName": "Chetwyn C. H.", "lastName": "Chan", "affiliation": "Hong Kong Polytechnic University", "affiliationROR": "https://ror.org/0030zas98"}, {"firstName": "Andrei V.", "lastName": "Krassioukov", "affiliation": "University of British Columbia", "affiliationROR": "https://ror.org/03rmrcq20"}], "abstract": "Objective: To systematically examine the incidence of cognitive impairment in individuals with spinal cord injury (SCI), as well as identify potential contributing and confounding factors.\r\n\r\nMethods: Studies quantitatively reporting cognitive ability after spinal cord injury were searched electronically via Medline, CINAHL, Embase, and PsycINFO. Manual screening for references within articles was also performed. A total of 2,481 studies were screened and a total of 70 were included in this review, 21 reporting cognitive function after SCI compared to an able-bodied control group and 49 with no able-bodied controls. Studies were analyzed for the incidence of impairment and the interactions with concomitant traumatic brain injury, psychological or somatic complaints, decentralized cardiovascular control, sleep apnea, neurologic level of injury, and age.\r\n\r\nResults: There is a high volume of evidence reporting substantial cognitive impairment in individuals with SCI. Potential co-contributors include concomitant brain injury, psychological or somatic comorbidities, decentralized cardiovascular control, and sleep apnea. Cognitive functioning was negatively correlated with age. No clear agreement was found for the incidence of cognitive impairment or its association with level of injury.\r\n\r\nConclusion: Current evidence suggests that individuals with SCI should be examined and addressed for cognitive impairment. Future studies aimed at identifying potential secondary causative factors should employ stringent controls for co-occurring brain trauma since it appears to be a major contributor and confounder to impaired cognition.", "usageNotes": "<div class=\"o-metadata__file-usage-entry\"><h4 class=\"o-heading__level3-file-title\">Supplementary figure e-1 ppt</h4><div class=\"o-metadata__file-description\">Literature search flowchart and study selection criteria</div><div class=\"o-metadata__file-name\"></div></div><div class=\"o-metadata__file-usage-entry\"><h4 class=\"o-heading__level3-file-title\">Table e-1- Example of a search strategy</h4><div class=\"o-metadata__file-description\">Example of a keyword literature search conducted in MEDLINE</div><div class=\"o-metadata__file-name\"></div></div><div class=\"o-metadata__file-usage-entry\"><h4 class=\"o-heading__level3-file-title\">Table e-2- Studies comparing SCI subjects to able-bodied controls</h4><div class=\"o-metadata__file-description\">List of studies comparing cognitive function between individuals with spinal cord injury and able-bodied controls.</div><div class=\"o-metadata__file-name\"></div></div><div class=\"o-metadata__file-usage-entry\"><h4 class=\"o-heading__level3-file-title\">Table e-3- studies reporting cognitive ability after SCI with no able-bodied controls</h4><div class=\"o-metadata__file-description\">List of studies reporting cognitive function after spinal cord injury without able-bodied controls.</div><div class=\"o-metadata__file-name\"></div></div><div class=\"o-metadata__file-usage-entry\"><h4 class=\"o-heading__level3-file-title\">Supplementary references 61-123_Sachdeva et al</h4><div class=\"o-metadata__file-name\"></div></div>", "locations": [{"place": "Canada"}], "relatedWorks": [{"relationship": "Cites", "identifierType": "DOI", "identifier": "https://doi.org/10.1212/WNL.0000000000006244"}], "versionNumber": 1, "versionStatus": "submitted", "curationStatus": "Published", "publicationDate": "2019-06-06", "lastModificationDate": "2020-06-24", "visibility": "public", "sharingLink": "https://datadryad.org/stash/share/UDeOTcMhtS7NvEuxEhygtASjjuDFrp4mrSgYMOaYxOk", "userId": 37629, "license": "https://creativecommons.org/publicdomain/zero/1.0/"}