{"_links": {"self": {"href": "/api/v2/datasets/doi%3A10.5061%2Fdryad.8k55h"}, "stash:versions": {"href": "/api/v2/datasets/doi%3A10.5061%2Fdryad.8k55h/versions"}, "stash:version": {"href": "/api/v2/versions/8156"}, "stash:download": {"href": "/api/v2/datasets/doi%3A10.5061%2Fdryad.8k55h/download"}, "curies": [{"name": "stash", "href": "https://github.com/CDL-Dryad/stash/blob/main/stash_api/link-relations.md#{rel}", "templated": "true"}]}, "identifier": "doi:10.5061/dryad.8k55h", "id": 8118, "storageSize": 201204, "title": "Data from: Resources alter the structure and increase stochasticity in bromeliad microfauna communities", "authors": [{"firstName": "Jana S.", "lastName": "Petermann", "affiliation": "Freie Universit\u00e4t Berlin", "affiliationROR": "https://ror.org/046ak2485"}, {"firstName": "Pavel", "lastName": "Kratina", "affiliation": "Queen Mary University of London", "affiliationROR": "https://ror.org/026zzn846"}, {"firstName": "Nicolas A. C.", "lastName": "Marino"}, {"firstName": "A. Andrew M.", "lastName": "MacDonald", "affiliation": "University of British Columbia", "affiliationROR": "https://ror.org/03rmrcq20"}, {"firstName": "Diane S.", "lastName": "Srivastava", "affiliation": "University of British Columbia", "affiliationROR": "https://ror.org/03rmrcq20"}, {"firstName": "Nicholas A. C.", "lastName": "Marino", "affiliation": "Federal University of Rio de Janeiro", "affiliationROR": "https://ror.org/03490as77"}], "abstract": "Although stochastic and deterministic processes have been found to jointly shape structure of natural communities, the relative importance of both forces may vary across different environmental conditions and across levels of biological organization. We tested the effects of abiotic environmental conditions, altered trophic interactions and dispersal limitation on the structure of aquatic microfauna communities in Costa Rican tank bromeliads. Our approach combined natural gradients in environmental conditions with experimental manipulations of bottom-up interactions (resources), top-down interactions (predators) and dispersal at two spatial scales in the field. We found that resource addition strongly increased the abundance and reduced the richness of microfauna communities. Community composition shifted in a predictable way towards assemblages dominated by flagellates and ciliates but with lower abundance and richness of algae and amoebae. While all functional groups responded strongly and predictably to resource addition, similarity among communities at the species level decreased, suggesting a role of stochasticity in species-level assembly processes. Dispersal limitation did not affect the communities. Since our design excluded potential priority effects we can attribute the differences in community similarity to increased demographic stochasticity of resource-enriched communities related to erratic changes in population sizes of some species. In contrast to resources, predators and environmental conditions had negligible effects on community structure. Our results demonstrate that bromeliad microfauna communities are strongly controlled by bottom-up forces. They further suggest that the relative importance of stochasticity may change with productivity and with the organizational level at which communities are examined.", "keywords": ["ciliata", "rotifera", "Copepoda", "Nematoda", "flagellates", "Algae", "amoebae"], "usageNotes": "<div class=\"o-metadata__file-usage-entry\"><h4 class=\"o-heading__level3-file-title\">protozoa_data.tsv</h4><div class=\"o-metadata__file-description\">This file contains a tab-delimited dataset of all protozoa morphospecies counts, as well as sample and treatment information.</div><div class=\"o-metadata__file-name\"></div><div class=\"o-metadata__file-name\"></div></div><div class=\"o-metadata__file-usage-entry\"><h4 class=\"o-heading__level3-file-title\">protozoa_enviro_data</h4><div class=\"o-metadata__file-description\">This file contains a tab-delimited dataset of all environtmental data taken for all samples, including treatment and sampling identification information. This dataset can be merged with protozoa_data.tsv to reproduce the analyses in Petermann et al.</div><div class=\"o-metadata__file-name\"></div><div class=\"o-metadata__file-name\"></div></div><div class=\"o-metadata__file-usage-entry\"><h4 class=\"o-heading__level3-file-title\">protozoa_variables_explanation.rtf</h4><div class=\"o-metadata__file-description\">This is a text document (rich text format) which contains metadata regarding all the variables in both .tsv files.</div><div class=\"o-metadata__file-name\"></div><div class=\"o-metadata__file-name\"></div></div>", "locations": [{"place": "Central America"}, {"place": "10.986376N"}, {"place": "Costa Rica"}, {"place": "85.426603W"}], "relatedWorks": [{"relationship": "Cites", "identifierType": "DOI", "identifier": "https://doi.org/10.1371/journal.pone.0118952"}], "versionNumber": 1, "versionStatus": "submitted", "curationStatus": "Published", "publicationDate": "2016-01-30", "lastModificationDate": "2020-06-24", "visibility": "public", "sharingLink": "https://datadryad.org/stash/share/rMbebT9HjhsePUD9cbl1sT7-KVzYvhaQuo1ddkqX0vg", "userId": 11311, "license": "https://creativecommons.org/publicdomain/zero/1.0/"}