{"_links": {"self": {"href": "/api/v2/datasets/doi%3A10.5061%2Fdryad.kkwh70s25"}, "stash:versions": {"href": "/api/v2/datasets/doi%3A10.5061%2Fdryad.kkwh70s25/versions"}, "stash:version": {"href": "/api/v2/versions/60587"}, "stash:download": {"href": "/api/v2/datasets/doi%3A10.5061%2Fdryad.kkwh70s25/download"}, "curies": [{"name": "stash", "href": "https://github.com/CDL-Dryad/stash/blob/main/stash_api/link-relations.md#{rel}", "templated": "true"}]}, "identifier": "doi:10.5061/dryad.kkwh70s25", "id": 41373, "storageSize": 6922204, "title": "Supplemental material for: The dynamics of bird diversity in the new world", "authors": [{"firstName": "Antonin", "lastName": "Machac", "email": "a.machac@email.cz", "affiliation": "University of British Columbia", "affiliationROR": "https://ror.org/03rmrcq20", "orcid": "0000-0001-6754-5038"}], "abstract": "<p>Three prominent explanations have been proposed to explain the dramatic differences in species richness across regions and elevations, (1) time for speciation, (2) diversification rates, and (3) ecological limits. But the relative importance of these explanations and, especially, their interplay and possible synthesis remain largely elusive. Integrating diversification analyses, null models, and GIS, I study avian richness across regions and elevations of the New World. My results reveal that even though the three explanations are differentially important (with ecological limits playing the dominant role), each contributes uniquely to the formation of richness gradients. Further, my results reveal the likely interplay between the explanations. They indicate that ecological limits hinder the diversification process, such that the accumulation of species within a region gradually slows down over time. Yet, it does not seem to converge toward a hard ceiling on regional richness. Instead, species-rich regions show suppressed, but continued, diversification, coupled with signatures of possible competition (esp. Neotropical lowlands). Conversely, species-poor, newly-colonized regions show fast diversification and weak to no signs of competition (esp. Nearctic highlands). These results held across five families of birds, across grid cells, biomes, and elevations. Together, my findings begin to illuminate the rich, yet highly consistent, interplay of the mechanisms that together shape richness gradients in the New World, including the most species-rich biodiversity hotspots on the planet, the Andes and the Amazon.</p>\r\n", "usageNotes": "<p>The Supplementary Material includes 80 pages (Supplementary Methods and Results, 10 tables and 54 figures)</p>\r\n", "versionNumber": 3, "versionStatus": "submitted", "curationStatus": "Published", "publicationDate": "2020-04-09", "lastModificationDate": "2020-04-09", "visibility": "public", "sharingLink": "https://datadryad.org/stash/share/zfk7bLuYrASFLS1vh4xm7Ap_fYlASyU-rhk99B3VwAs", "userId": 52083, "license": "https://creativecommons.org/publicdomain/zero/1.0/"}