{"_links": {"self": {"href": "/api/v2/datasets/doi%3A10.5061%2Fdryad.pt80482"}, "stash:versions": {"href": "/api/v2/datasets/doi%3A10.5061%2Fdryad.pt80482/versions"}, "stash:version": {"href": "/api/v2/versions/26464"}, "stash:download": {"href": "/api/v2/datasets/doi%3A10.5061%2Fdryad.pt80482/download"}, "curies": [{"name": "stash", "href": "https://github.com/CDL-Dryad/stash/blob/main/stash_api/link-relations.md#{rel}", "templated": "true"}]}, "identifier": "doi:10.5061/dryad.pt80482", "id": 26391, "storageSize": 51751212, "title": "Data from: A metadata approach to evaluate the state of ocean knowledge: strengths, limitations, and application to Mexico", "authors": [{"firstName": "Juliano", "lastName": "Palacios-Abrantes", "affiliation": "University of British Columbia", "affiliationROR": "https://ror.org/03rmrcq20"}, {"firstName": "Andr\u00e9s M.", "lastName": "Cisneros-Montemayor", "affiliation": "University of British Columbia", "affiliationROR": "https://ror.org/03rmrcq20"}, {"firstName": "Miguel A.", "lastName": "Cisneros-Mata", "affiliation": "Instituto Nacional de Pesca y Acuacultura, Guaymas, Sonora, M\u00e9xico"}, {"firstName": "Laura", "lastName": "Rodr\u00edguez", "affiliation": "Environmental Defense Fund de M\u00e9xico, La Paz, Baja California Sur, M\u00e9xico"}, {"firstName": "Francisco", "lastName": "Arregu\u00edn-S\u00e1nchez", "affiliation": "Instituto Polit\u00e9cnico Nacional", "affiliationROR": "https://ror.org/059sp8j34"}, {"firstName": "Veronica", "lastName": "Aguilar", "affiliation": "National Commission for the Knowledge and Use of Biodiversity", "affiliationROR": "https://ror.org/01g53pj53"}, {"firstName": "Santiago", "lastName": "Dom\u00ednguez-S\u00e1nchez", "affiliation": "Scripps Institution of Oceanography", "affiliationROR": "https://ror.org/04v7hvq31"}, {"firstName": "Stuart", "lastName": "Fulton", "affiliation": "Comunidad y Biodiversidad, Canc\u00fan, Quintana Roo, M\u00e9xico"}, {"firstName": "Raquel", "lastName": "L\u00f3pez-Sag\u00e1stegui", "affiliation": "Scripps Institution of Oceanography", "affiliationROR": "https://ror.org/04v7hvq31"}, {"firstName": "Hector", "lastName": "Reyes-Bonilla", "affiliation": "Autonomous University of Baja California", "affiliationROR": "https://ror.org/05xwcq167"}, {"firstName": "Rocio", "lastName": "Rivera-Campos", "affiliation": "SmartFish Rescate de Valor, A.C., La Paz, Baja California Sur, M\u00e9xico"}, {"firstName": "Silvia", "lastName": "Salas", "affiliation": "Instituto Polit\u00e9cnico Nacional", "affiliationROR": "https://ror.org/059sp8j34"}, {"firstName": "Nuno", "lastName": "Simoes", "affiliation": "National Autonomous University of Mexico", "affiliationROR": "https://ror.org/01tmp8f25"}, {"firstName": "William W. L.", "lastName": "Cheung", "affiliation": "University of British Columbia", "affiliationROR": "https://ror.org/03rmrcq20"}], "abstract": "Climate change, mismanaged resource extraction, and pollution are reshaping global marine ecosystems with direct consequences on human societies. Sustainable ocean development requires knowledge and data across disciplines, scales and knowledge types. Although several disciplines are generating large amounts of data on marine socio-ecological systems, such information is often underutilized due to fragmentation across institutions or stakeholders, limited standardization across scale, time or disciplines, and the fact that information is often not searchable within existing databases. Compiling metadata, the information which describes existing sets of data, is an effective tool that can address these challenges, particularly when metadata corresponding to multiple datasets can be combined to integrate, organize and classify multidisciplinary data. Here, using Mexico as a case study, we describe the compilation and analysis of a metadatabase of ocean knowledge that aims to improve access to information, facilitate multidisciplinary data sharing and integration, and foster collaboration among stakeholders. We also evaluate the knowledge trends and gaps for informing ocean management. Analysis of the metadatabase highlights that past and current research in Mexico focuses strongly on ecology and fisheries, with biological data more consistent over time and space compared to data on human dimensions. Regional imbalances in available information were also evident, with most available information corresponding to the Gulf of California, Campeche Bank and Caribbean and less available for the central and south Pacific and the western Gulf of Mexico. Despite existing knowledge gaps in Mexico and elsewhere, we argue that systematic efforts such as this can often reveal an abundance of information for decision-makers to develop policies that meet key commitments on ocean sustainability. Surmounting current cross-scale social and ecological challenges for sustainability requires transdisciplinary approaches. Metadatabases are critical tools to make efficient use of existing data, highlight and address strengths and deficiencies, and develop scenarios to inform policies for managing complex marine social-ecological systems.", "keywords": ["social-ecological", "Ocean data", "Ocean economy", "collaborative research"], "usageNotes": "<div class=\"o-metadata__file-usage-entry\"><h4 class=\"o-heading__level3-file-title\">Mexico Marine Research Metadata Database</h4><div class=\"o-metadata__file-description\">This project compiled metadata on available datasets produced by marine research in Mexico. The data is categorized by region, theme, species (when applicable), and research fields. This dataset corresponds to the associated peer-reviewed paper, the living database can be accessed at http://infoceanos.conabio.gob.mx.</div><div class=\"o-metadata__file-name\">Mexico Metadata Database DataDryad.csv</br></div></div>", "locations": [{"place": "Gulf of California"}, {"place": "Eastern Tropical Pacific"}, {"place": "Mexico"}, {"place": "Yucatan Peninsula"}, {"place": "Gulf of Mexico"}, {"place": "Baja California Peninsula"}], "relatedWorks": [{"relationship": "Cites", "identifierType": "DOI", "identifier": "https://doi.org/10.1371/journal.pone.0216723"}], "versionNumber": 1, "versionStatus": "submitted", "curationStatus": "Published", "publicationDate": "2019-06-14", "lastModificationDate": "2020-06-24", "visibility": "public", "sharingLink": "https://datadryad.org/stash/share/gdugXPWKunmJs2ic8QTWGccXmQE8EecfczqiA9HqxkA", "userId": 24076, "license": "https://creativecommons.org/publicdomain/zero/1.0/"}