{"_links": {"self": {"href": "/api/v2/datasets/doi%3A10.5061%2Fdryad.92q55"}, "stash:versions": {"href": "/api/v2/datasets/doi%3A10.5061%2Fdryad.92q55/versions"}, "stash:version": {"href": "/api/v2/versions/18703"}, "stash:download": {"href": "/api/v2/datasets/doi%3A10.5061%2Fdryad.92q55/download"}, "curies": [{"name": "stash", "href": "https://github.com/CDL-Dryad/stash/blob/main/stash_api/link-relations.md#{rel}", "templated": "true"}]}, "identifier": "doi:10.5061/dryad.92q55", "id": 18640, "storageSize": 26809, "title": "Data from: Intruder colour and light environment jointly determine how nesting male stickleback respond to simulated territorial intrusions", "authors": [{"firstName": "Daniel I.", "lastName": "Bolnick", "affiliation": "University of Connecticut", "affiliationROR": "https://ror.org/02der9h97"}, {"firstName": "Kimberly", "lastName": "Hendrix", "affiliation": "Northwest High School, 2301 Texan Drive, Justin, TX 76247, USA"}, {"firstName": "Lyndon Alexander", "lastName": "Jordan", "affiliation": "The University of Texas at Austin", "affiliationROR": "https://ror.org/00hj54h04"}, {"firstName": "Thor", "lastName": "Veen", "affiliation": "University of British Columbia", "affiliationROR": "https://ror.org/03rmrcq20"}, {"firstName": "Chad D.", "lastName": "Brock", "affiliation": "The University of Texas at Austin", "affiliationROR": "https://ror.org/00hj54h04"}], "abstract": "Variation in male nuptial colour signals might be maintained by negative frequency-dependent selection. This can occur if males are more aggressive towards rivals with locally common colour phenotypes. To test this hypothesis, we introduced red or melanic three-dimensional printed-model males into the territories of nesting male stickleback from two optically distinct lakes with different coloured residents. Red-throated models were attacked more in the population with red males, while melanic models were attacked more in the melanic male lake. Aggression against red versus melanic models also varied across a depth gradient within each lake, implying that the local light environment also modulated the strength of negative frequency dependence acting on male nuptial colour.", "keywords": ["negative frequency-dependence", "nuptial color", "Intrasexual competition", "Holocene", "Gasterosteus aculeatus"], "usageNotes": "<div class=\"o-metadata__file-usage-entry\"><h4 class=\"o-heading__level3-file-title\">Attack counts</h4><div class=\"o-metadata__file-description\">ReadMe details for \u201cBolnick_data.csv\u201d for Bolnick et al. Biology Letters 2016\r\n\r\nThe file Bolnick_data.csv is a comma-delimited ..csv text file. This file contains columns necessary to recreate analyses presented in the Biology Letters paper. The data in this table is a synthesis of a raw data file containing the exact time of each interaction, obtained from the original videos that are available upon request from the author (large files).\r\n\r\nEach column is distinct information regarding individual fish (rows). These columns are:\r\n\r\nA) Lake: Blackwater Lake or Gosling Lake\r\nB) Fish: an ID number corresponding to the camera used to uniquely video tape each interaction\r\nC) Model_color: Red, Blue, or Control_object (a cylinder the same size as our models)\r\nD) depth: Resident males\u2019 nest depth (cm)\r\nE) N_bites: Number of bites directed at the model over a 1 hour video\r\nF) N_inspects: Number of inspections of the model (focal fish approaching the model to within one body length while facing the model)\r\nG) Aggressive_interactions: Sum of bites and inspections\r\nH) Date: date of experiment\r\nI) Mean.interval.between.bites: the mean duration of time between successive bites. Not calculated for Blackwater Lake because too few fish conducted more than 2 bites. Measured in seconds.\r\nJ) Median.interval.between.bites: the median duration of time between successive bites. Not calculated for Blackwater Lake because too few fish conducted more than 2 bites. Measured in seconds.\r\nK) SD.interval: the standard deviation of the duration of time between successive bites. Not calculated for Blackwater Lake because too few fish conducted more than 2 bites. Measured in seconds.</div><div class=\"o-metadata__file-name\">Bolnick_data.csv</br></div><div class=\"o-metadata__file-name\"></div></div>", "locations": [{"place": "Vancouver Island"}], "relatedWorks": [{"relationship": "Cites", "identifierType": "DOI", "identifier": "https://doi.org/10.1098/rsbl.2016.0467"}], "versionNumber": 1, "versionStatus": "submitted", "curationStatus": "Published", "publicationDate": "2016-07-14", "lastModificationDate": "2020-06-24", "visibility": "public", "sharingLink": "https://datadryad.org/stash/share/Ben9aA3W762D911xw4BXPtdzSEga8cx8CmjE1__leRg", "userId": 5751, "license": "https://creativecommons.org/publicdomain/zero/1.0/"}