{"_links": {"self": {"href": "/api/v2/datasets/doi%3A10.5061%2Fdryad.tg80g"}, "stash:versions": {"href": "/api/v2/datasets/doi%3A10.5061%2Fdryad.tg80g/versions"}, "stash:version": {"href": "/api/v2/versions/4033"}, "stash:download": {"href": "/api/v2/datasets/doi%3A10.5061%2Fdryad.tg80g/download"}, "curies": [{"name": "stash", "href": "https://github.com/CDL-Dryad/stash/blob/main/stash_api/link-relations.md#{rel}", "templated": "true"}]}, "identifier": "doi:10.5061/dryad.tg80g", "id": 4011, "storageSize": 597070, "title": "Data from: The effect of leaf shape on the thermoregulation and frost tolerance of an annual vine, Ipomoea hederacea (Convolvulaceae)", "authors": [{"firstName": "Brandon E.", "lastName": "Campitelli", "affiliation": "University of Toronto", "affiliationROR": "https://ror.org/03dbr7087"}, {"firstName": "Amanda J.", "lastName": "Gorton", "affiliation": "University of Toronto", "affiliationROR": "https://ror.org/03dbr7087"}, {"firstName": "Katherine L.", "lastName": "Ostevik", "affiliation": "University of British Columbia", "affiliationROR": "https://ror.org/03rmrcq20"}, {"firstName": "John R.", "lastName": "Stinchcombe", "affiliation": "University of Toronto", "affiliationROR": "https://ror.org/03dbr7087"}], "abstract": "Premise of study: Leaf shape is predicted to have important ecophysiological consequences; for example, theory predicts that lobed leaves should track air temperature more closely than their entire-margined counterparts. Hence, leaf-lobing may be advantageous during cold nights (\u223c0\u00b0C) when there is the risk of damage by radiation frost (a phenomenon whereby leaves fall below air temperature because of an imbalance between radiational heat loss and convective heat gain). Methods: Here, we test whether radiation frost can lead to differential damage between leaf shapes by examining a leaf-shape polymorphism in Ipomoea hederacea, where leaves are either lobed or heart-shaped depending on a single Mendelian locus. We logged leaf temperature during midautumn, and measured chlorophyll fluorescence and survival as proxies of performance. Furthermore, we tested if the leaf-shape locus confers freezing tolerance using freezing assays on leaf tissue from different leaf shapes. Key results: We found that lobed leaves consistently remain warmer than heart-shaped leaves during the night, but that no pattern emerged during the day, and that temperature differences between leaf shapes were typically small. Furthermore, we found that leaf types did not differ in frost tolerance, but that a 1\u00b0C decrease leads to a transition from moderate to complete damage. Conclusions: Our results demonstrate that Ipomoea hederacea leaf shapes do experience different nighttime temperatures, and that only minor temperature differences can lead to disparate levels of freezing damage, suggesting that the differential thermoregulation could result in different levels of frost damage.", "keywords": ["Cline", "boundary layer", "leaf shape", "energy budgets", "Ipomoea hederacea", "freezing tolerance", "Thermoregulation", "radiational cooling"], "usageNotes": "<div class=\"o-metadata__file-usage-entry\"><h4 class=\"o-heading__level3-file-title\">Campitelli et al 2013 - Rooftop Leaf temperature</h4><div class=\"o-metadata__file-description\">Raw leaf temperature data for the rooftop experiment. The column headers (Lobe, Heart, Hetero) refer to the three leaf shape genotypes outlined in the paper.</div><div class=\"o-metadata__file-name\"></div></div><div class=\"o-metadata__file-usage-entry\"><h4 class=\"o-heading__level3-file-title\">Campitelli et al 2013 - Rooftop Fv_Fm & Survival</h4><div class=\"o-metadata__file-description\">Raw data for photosynthetic efficiency (FV/FM) for each plant in the rooftop experiment, as described in the paper. For any given plant, if FV/FM is missing (\".\"), this indicates that plant has died; hence, this data can also be used to estimate the time length of survival for each plant.</div><div class=\"o-metadata__file-name\"></div></div><div class=\"o-metadata__file-usage-entry\"><h4 class=\"o-heading__level3-file-title\">Campitelli et al 2013 - Relative Conductivity Non-acclimated plants</h4><div class=\"o-metadata__file-description\">Relative conductivity values (estimated as described in the paper) for non-acclimated plant tissue. These data correspond to the \"Freezing tolerance of non-acclimated tissue\" experiment, described in the paper.</div><div class=\"o-metadata__file-name\"></div></div><div class=\"o-metadata__file-usage-entry\"><h4 class=\"o-heading__level3-file-title\">Campitelli et al 2013 - Relative Conductivity Acclimated plants</h4><div class=\"o-metadata__file-description\">Relative conductivity values of acclimated plant tissue, calculated as described in the paper. These data correspond to the \"Freezing tolerance of cold-hardened tissue\" experiment described in the paper</div><div class=\"o-metadata__file-name\"></div></div>", "relatedWorks": [{"relationship": "Cites", "identifierType": "DOI", "identifier": "https://doi.org/10.3732/ajb.1300136"}], "versionNumber": 1, "versionStatus": "submitted", "curationStatus": "Published", "publicationDate": "2016-01-07", "lastModificationDate": "2020-06-24", "visibility": "public", "sharingLink": "https://datadryad.org/stash/share/aVHIhx2-MH9cDs_wpsf8RpV3jkoCU6ipei_osE8ITmo", "userId": 8544, "license": "https://creativecommons.org/publicdomain/zero/1.0/"}