{"_links": {"self": {"href": "/api/v2/datasets/doi%3A10.5061%2Fdryad.wh70rxwjk"}, "stash:versions": {"href": "/api/v2/datasets/doi%3A10.5061%2Fdryad.wh70rxwjk/versions"}, "stash:version": {"href": "/api/v2/versions/54110"}, "stash:download": {"href": "/api/v2/datasets/doi%3A10.5061%2Fdryad.wh70rxwjk/download"}, "curies": [{"name": "stash", "href": "https://github.com/CDL-Dryad/stash/blob/main/stash_api/link-relations.md#{rel}", "templated": "true"}]}, "identifier": "doi:10.5061/dryad.wh70rxwjk", "id": 42154, "storageSize": 76185, "title": "Scientific shortcomings in environmental impact statements internationally", "authors": [{"firstName": "Gerald", "lastName": "Singh", "email": "geralds@mun.ca", "affiliation": "Memorial University of Newfoundland", "affiliationROR": "https://ror.org/04haebc03", "orcid": "0000-0003-4333-1988"}, {"firstName": "Jackie", "lastName": "Lerner", "email": "", "affiliation": "University of British Columbia", "affiliationROR": "https://ror.org/03rmrcq20"}, {"firstName": "Megan", "lastName": "Mach", "email": "", "affiliation": "Center for Ocean Solutions"}, {"firstName": "Cathryn", "lastName": "Clarke Murray", "email": "", "affiliation": "Fisheries and Oceans Canada", "affiliationROR": "https://ror.org/02qa1x782"}, {"firstName": "Bernardo", "lastName": "Ranieri", "email": "", "affiliation": "University of British Columbia", "affiliationROR": "https://ror.org/03rmrcq20"}, {"firstName": "Guillaume", "lastName": "Peterson St-Laurent", "email": "", "affiliation": "University of British Columbia", "affiliationROR": "https://ror.org/03rmrcq20"}, {"firstName": "Janson", "lastName": "Wong", "email": "", "affiliation": "World Wildlife Fund Canada", "affiliationROR": "https://ror.org/020tdv696"}, {"firstName": "Alice", "lastName": "Guimaraes", "email": "", "affiliation": "University of British Columbia", "affiliationROR": "https://ror.org/03rmrcq20"}, {"firstName": "Gustavo", "lastName": "Yunda-Guarin", "email": "", "affiliation": "University of British Columbia", "affiliationROR": "https://ror.org/03rmrcq20"}, {"firstName": "Terre", "lastName": "Satterfield", "email": "", "affiliation": "University of British Columbia", "affiliationROR": "https://ror.org/03rmrcq20"}, {"firstName": "Kai", "lastName": "Chan", "email": "", "affiliation": "University of British Columbia", "affiliationROR": "https://ror.org/03rmrcq20"}], "abstract": "1.\tGovernments around the world rely on environmental impact assessment to understand the environmental risks of proposed developments.\n2.\tTo examine the basis for these appraisals, we examine the output of environmental impact assessment processes in jurisdictions within seven countries, focusing on scope (spatial and temporal), mitigation actions, and whether impacts were identified as \u2018significant\u2019.\n3.\tWe find that the number of impacts characterized as significant is generally low. While this finding may indicate that environmental impact assessment is successful at promoting environmentally sustainable development, it may also indicate that the methods used to assess impact are biased against findings of significance. To explore the methods used, we investigate the environmental impact assessment process leading to significance determination.\n4.\tWe find that environmental Impact assessment reports could be more transparent with regards to the spatial scale they use to assess impacts to wildlife. We also find that few reports on mining projects consider temporal scales that are precautionary with regards to the effects of mines on water resources. Across our sample of reports, we find that few environmental impact assessments meaningfully consider the different ways that cumulative impacts can interact.\n5.\tAcross countries, we find that proposed mitigation measures are often characterized as effective without transparent justification, and sometimes are described in ways that render the mitigation measure proposal ambiguous.\n6.\tAcross the reports in our sample, professional judgement is overwhelmingly the determinant of impact significance, with little transparency around the reasoning process involved or input by stakeholders.\n7.\tWe argue that the credibility and accuracy of the environmental impact assessment process could be improved by adopting more rigorous assessment methodologies and empowering regulators to enforce their use.", "keywords": ["environmental impact assessment", "impact significance", "mitigation", "environmental impact statement", "assessment evidence", "transparency"], "methods": "<p>Data was collected from Environmental Impact Statements</p>\r\n", "versionNumber": 2, "versionStatus": "submitted", "curationStatus": "Published", "publicationDate": "2020-02-19", "lastModificationDate": "2020-02-19", "visibility": "public", "sharingLink": "https://datadryad.org/stash/share/hINsglAzT9-9rOETWwof2K754WvVx4XVGF5wunErWjM", "userId": 52712, "license": "https://creativecommons.org/publicdomain/zero/1.0/"}