{"_links": {"self": {"href": "/api/v2/datasets/doi%3A10.5061%2Fdryad.v7m14"}, "stash:versions": {"href": "/api/v2/datasets/doi%3A10.5061%2Fdryad.v7m14/versions"}, "stash:version": {"href": "/api/v2/versions/27729"}, "stash:download": {"href": "/api/v2/datasets/doi%3A10.5061%2Fdryad.v7m14/download"}, "curies": [{"name": "stash", "href": "https://github.com/CDL-Dryad/stash/blob/main/stash_api/link-relations.md#{rel}", "templated": "true"}]}, "identifier": "doi:10.5061/dryad.v7m14", "id": 27124, "storageSize": 3187527, "title": "Data from: How much of the world is woody?", "authors": [{"firstName": "Richard G.", "lastName": "FitzJohn", "affiliation": "University of British Columbia", "affiliationROR": "https://ror.org/03rmrcq20"}, {"firstName": "Matt W.", "lastName": "Pennell", "affiliation": "VU University Amsterdam", "affiliationROR": "https://ror.org/008xxew50"}, {"firstName": "Amy E.", "lastName": "Zanne", "affiliation": "George Washington University", "affiliationROR": "https://ror.org/00y4zzh67"}, {"firstName": "Peter F.", "lastName": "Stevens", "affiliation": "University of Missouri", "affiliationROR": "https://ror.org/02ymw8z06"}, {"firstName": "David C.", "lastName": "Tank", "affiliation": "University of Idaho", "affiliationROR": "https://ror.org/03hbp5t65"}, {"firstName": "William K.", "lastName": "Cornwell", "affiliation": "VU University Amsterdam", "affiliationROR": "https://ror.org/008xxew50"}, {"firstName": "Matthew W.", "lastName": "Pennell", "affiliation": "University of Idaho", "affiliationROR": "https://ror.org/03hbp5t65"}], "abstract": "1.The question posed by the title of this paper is a basic one, and it is surprising that the answer is not known. Recently assembled trait datasets provide an opportunity to address this, but scaling these datasets to the global scale is challenging because of sampling bias. Although we currently know the growth form of tens of thousands of species, these data are not a random sample of global diversity; some clades are exhaustively characterised, while others we know little\u2013to\u2013nothing about. 2.Starting with a database of woodiness for 39,313 species of vascular plants (12% of taxonomically resolved species, 59% of which were woody), we estimated the status of the remaining taxonomically resolved species by randomisation. To compare the results of our method to conventional wisdom, we informally surveyed a broad community of biologists. No consensus answer to the question existed, with estimates ranging from 1% to 90% (mean: 31.7%). 3.After accounting for sampling bias, we estimated the proportion of woodiness among the world's vascular plants to be between 45% and 48%. This was much lower than a simple mean of our dataset and much higher than the conventional wisdom. 4.Synthesis: Alongside an understanding of global taxonomic diversity (i.e., number of species globally), building a functional understanding of global diversity is an important emerging research direction. This approach represents a novel way to account for sampling bias in functional trait datasets and to answer basic questions about functional diversity at a global scale", "keywords": ["Herbaceousness", "Determinants of plant community diversity and structure", "databases", "woodiness", "Macroecology", "sampling bias", "functional diversity"], "usageNotes": "<div class=\"o-metadata__file-usage-entry\"><h4 class=\"o-heading__level3-file-title\">Results-woodiness</h4><div class=\"o-metadata__file-description\">All results from the analyses conducted in the paper and results from our survey of researchers</div><div class=\"o-metadata__file-name\">wood-supporting.tar.gz</br></div><div class=\"o-metadata__file-name\"></div></div>", "relatedWorks": [{"relationship": "Cites", "identifierType": "DOI", "identifier": "https://doi.org/10.1111/1365-2745.12260"}], "versionNumber": 2, "versionStatus": "submitted", "curationStatus": "Published", "publicationDate": "2015-04-08", "lastModificationDate": "2020-06-24", "visibility": "public", "sharingLink": "https://datadryad.org/stash/share/XeljCzel4uGdlK5P6nd81CwFXIOev1i_C9H-gjkdrXw", "userId": 4395, "license": "https://creativecommons.org/publicdomain/zero/1.0/"}