{"_links": {"self": {"href": "/api/v2/datasets/doi%3A10.5061%2Fdryad.4j0zpc87k"}, "stash:versions": {"href": "/api/v2/datasets/doi%3A10.5061%2Fdryad.4j0zpc87k/versions"}, "stash:version": {"href": "/api/v2/versions/53980"}, "stash:download": {"href": "/api/v2/datasets/doi%3A10.5061%2Fdryad.4j0zpc87k/download"}, "curies": [{"name": "stash", "href": "https://github.com/CDL-Dryad/stash/blob/main/stash_api/link-relations.md#{rel}", "templated": "true"}]}, "identifier": "doi:10.5061/dryad.4j0zpc87k", "id": 42284, "storageSize": 484621316, "title": "Predicting the strength of urban-rural clines in a Mendelian polymorphism along a latitudinal gradient", "authors": [{"firstName": "James", "lastName": "Santangelo", "email": "james.santangelo37@gmail.com", "affiliation": "University of Toronto", "affiliationROR": "https://ror.org/03dbr7087", "orcid": "0000-0002-5921-2548"}, {"firstName": "Ken", "lastName": "Thompson", "email": "ken.thompson@zoology.ubc.ca", "affiliation": "University of British Columbia", "affiliationROR": "https://ror.org/03rmrcq20"}, {"firstName": "Beata", "lastName": "Cohan", "email": "beata.cohan@utoronto.ca", "affiliation": "University of Toronto", "affiliationROR": "https://ror.org/03dbr7087"}, {"firstName": "Jibran", "lastName": "Syed", "email": "jibran.syed@utoronto.ca", "affiliation": "University of Toronto", "affiliationROR": "https://ror.org/03dbr7087"}, {"firstName": "Rob", "lastName": "Ness", "email": "rob.ness@utoronto.ca", "affiliation": "University of Toronto", "affiliationROR": "https://ror.org/03dbr7087"}, {"firstName": "Marc", "lastName": "Johnson", "email": "marc.johnson@utoronto.ca", "affiliation": "University of Toronto", "affiliationROR": "https://ror.org/03dbr7087"}], "abstract": "Cities are emerging as models for addressing the fundamental question of whether populations evolve in parallel to similar\r\n\r\nenvironments. Here, we examine the environmental factors that drive the evolution of parallel urban-rural clines in a Mendelian\r\n\r\ntrait\u2014the cyanogenic antiherbivore defense of white clover (Trifolium repens). Previous work suggested urban-rural gradients in\r\n\r\nfrost and snow depth could drive the evolution of reduced hydrogen cyanide (HCN) frequencies in urban populations. Here, we\r\n\r\nsampled over 700 urban and rural clover populations across 16 cities along a latitudinal transect in eastern North America. In each\r\n\r\npopulation, we quantified changes in the frequency of genotypes that produce HCN, and in a subset of the cities we estimated\r\n\r\nthe frequency of the alleles at the two genes (CYP79D15 and Li) that epistatically interact to produce HCN. We then tested the\r\n\r\nhypothesis that cold climatic conditions are necessary for the evolution of cyanogenesis clines by comparing the strength of clines\r\n\r\namong cities located along a gradient of winter temperatures and frost exposure. Overall, half of the cities exhibited urban-rural\r\n\r\nclines in the frequency of HCN, whereby urban populations evolved lower HCN frequencies. Clines did not evolve in cities with the\r\n\r\nlowest temperatures and greatest snowfall, supporting the hypothesis that snow buffers plants against winter frost and constrains\r\n\r\nthe formation of clines. By contrast, the strongest clines occurred in the warmest cities where snow and frost are rare, suggesting\r\n\r\nthat alternative selective agents are maintaining clines in warmer cities. Some clines were driven by evolution at only CYP79D15,\r\n\r\nconsistent with stronger and more consistent selection on this locus than on Li. Together, our results demonstrate that urban\r\n\r\nenvironments often select for similar phenotypes, but different selective agents and targets underlie the evolutionary response in\r\n\r\ndifferent cities.", "keywords": ["plants", "genetic drift", "natural selection", "urban-rural clines", "urban-rural gradient"], "methods": "<p>Plants were collected in the field and brought back to the lab for phenotyping.\u00a0</p>\r\n\r\n<p>Environmental data was collected from publically available datasets.\u00a0</p>\r\n\r\n<p>Phenotype and environmental data were processed in R v3.6.1. All scripts used for data processing and analyses are contained in the ZIP file associated with this repository.\u00a0</p>\r\n\r\n<p>Code and data are similarly available in this <a href=\"https://github.com/James-S-Santangelo/uac\">Github repository</a></p>\r\n", "usageNotes": "<p>See README files in atached ZIP folder.\u00a0</p>\r\n", "relatedWorks": [{"relationship": "IsSupplementTo", "identifierType": "DOI", "identifier": "https://doi.org/10.5061/dryad.15d2p"}], "versionNumber": 2, "versionStatus": "submitted", "curationStatus": "Published", "publicationDate": "2020-02-21", "lastModificationDate": "2020-02-21", "visibility": "public", "sharingLink": "https://datadryad.org/stash/share/3mtTKeLMyrqGJzMbTj2342_oz7ulBBW4kLwlyq-ujwo", "userId": 11335, "license": "https://creativecommons.org/publicdomain/zero/1.0/"}