{"_links": {"self": {"href": "/api/v2/datasets/doi%3A10.5061%2Fdryad.9q2v7c4"}, "stash:versions": {"href": "/api/v2/datasets/doi%3A10.5061%2Fdryad.9q2v7c4/versions"}, "stash:version": {"href": "/api/v2/versions/4771"}, "stash:download": {"href": "/api/v2/datasets/doi%3A10.5061%2Fdryad.9q2v7c4/download"}, "curies": [{"name": "stash", "href": "https://github.com/CDL-Dryad/stash/blob/main/stash_api/link-relations.md#{rel}", "templated": "true"}]}, "identifier": "doi:10.5061/dryad.9q2v7c4", "id": 4741, "storageSize": 460609, "title": "Data from: The effect of range overlap on ecological niche divergence depends on spatial scale in monkeyflowers", "authors": [{"firstName": "Qin", "lastName": "Li", "affiliation": "University of British Columbia", "affiliationROR": "https://ror.org/03rmrcq20"}, {"firstName": "Dena L.", "lastName": "Grossenbacher", "affiliation": "California Polytechnic State University", "affiliationROR": "https://ror.org/001gpfp45"}, {"firstName": "Amy L.", "lastName": "Angert", "affiliation": "University of British Columbia", "affiliationROR": "https://ror.org/03rmrcq20"}], "abstract": "Patterns of niche divergence and geographical range overlap of closely related species provide insights into the evolutionary dynamics of ecological niches. When ranges overlap, shared selective pressures may preserve niche similarity along coarse\u2010scale macrohabitat axes (e.g., bioclimates). Alternatively, competitive interactions may drive greater divergence along local\u2010scale microhabitat axes (e.g., micro\u2010topographical features). We tested these hypotheses in 16 species pairs of western North American monkeyflowers (Erythranthe and Diplacus, formerly Mimulus) with species\u2019 niches, geographic ranges and a robust phylogeny. We found that macrohabitat niche divergence decreased with increasing range overlap, consistent with convergent selection operating at a coarse scale. No significant relationship was detected for microhabitat niches. Additionally, niche divergence was greater for young pairs along all macrohabitat niche axes, but greater for old pairs along one microhabitat axis related to vegetation cover. For a subset of species pairs with partially overlapping ranges, greater microhabitat divergence was detected in sympatry than in allopatry for at least one niche axis for three pairs, consistent with character displacement in sympatry. Thus, coarse\u2010 and local\u2010scale niche divergence show dissimilar patterns in relation to range overlap and evolutionary time, perhaps because the relative importance of convergent versus divergent selection depends on spatial scale.", "keywords": ["niche divergence", "Mimulus", "range overlap", "phylogenetic distance", "monkeyflower"], "usageNotes": "<div class=\"o-metadata__file-usage-entry\"><h4 class=\"o-heading__level3-file-title\">Phylogeny, macrohabitat and microhabitat data of Mimulus</h4><div class=\"o-metadata__file-description\">Three files: 1) the pruned phylogeny of Mimulus (in nexus format); 2) macrohabitat niche data for occurrences of 32 species with corresponding latitude/longitude and projected coordinates, including five bioclimatic variables, eight edaphic variables, and four topographic variables; 3) microhabitat niche data from plot-level measurements for each population of 32 species, including five variables and corresponding site types.</div><div class=\"o-metadata__file-name\">Mimulus_Niche_Phylogeny.zip</br></div></div>", "locations": [{"place": "Western North America"}], "relatedWorks": [{"relationship": "Cites", "identifierType": "DOI", "identifier": "https://doi.org/10.1111/evo.13567"}], "versionNumber": 1, "versionStatus": "submitted", "curationStatus": "Published", "publicationDate": "2018-08-17", "lastModificationDate": "2020-06-24", "visibility": "public", "sharingLink": "https://datadryad.org/stash/share/4e24C1VpDYIRKwhHPwVGFRz0DN_sU-vHN7tK69xNx4E", "userId": 23736, "license": "https://creativecommons.org/publicdomain/zero/1.0/"}