{"_links": {"self": {"href": "/api/v2/datasets/doi%3A10.5061%2Fdryad.05510"}, "stash:versions": {"href": "/api/v2/datasets/doi%3A10.5061%2Fdryad.05510/versions"}, "stash:version": {"href": "/api/v2/versions/17590"}, "stash:download": {"href": "/api/v2/datasets/doi%3A10.5061%2Fdryad.05510/download"}, "curies": [{"name": "stash", "href": "https://github.com/CDL-Dryad/stash/blob/main/stash_api/link-relations.md#{rel}", "templated": "true"}]}, "identifier": "doi:10.5061/dryad.05510", "id": 17529, "storageSize": 32118, "title": "Data from: Rat aversion to isoflurane versus carbon dioxide", "authors": [{"firstName": "Devina", "lastName": "Wong", "affiliation": "University of British Columbia", "affiliationROR": "https://ror.org/03rmrcq20"}, {"firstName": "I. Joanna", "lastName": "Makowska", "affiliation": "University of British Columbia", "affiliationROR": "https://ror.org/03rmrcq20"}, {"firstName": "Weary M.", "lastName": "Weary"}, {"firstName": "D. M.", "lastName": "Weary", "affiliation": "University of British Columbia", "affiliationROR": "https://ror.org/03rmrcq20"}], "abstract": "Some experts suggest that sedation of laboratory rodents with isoflurane before euthanasia with carbon dioxide (CO2) is a humane alternative to euthanasia with CO2 alone, but little research has compared aversion to these agents. Albino rats were tested in a light/dark box where they had the choice between remaining in a dark compartment filling with isoflurane or CO2, or escaping to a lit compartment. Experiment 1 validated the procedure by confirming that rats responded to agent and light intensity. In Experiment 2, 9/16 and 0/16 rats remained in the dark compartment until recumbent when initially exposed to isoflurane and CO2, respectively. In Experiment 3, more rats remained in the dark compartment until recumbent during initial (10/16) versus re-exposure (1/16) to isoflurane. These results indicate that initial exposure to CO2 is more aversive than isoflurane, and that re-exposure to isoflurane is more aversive than initial exposure. We conclude that sedation with isoflurane is a refinement over euthanasia with CO2 alone for rats that have not been previously exposed to inhalant anaesthetics.", "keywords": ["approach-avoidance", "Rattus norvegicus", "euthanasia", "light/dark box"], "usageNotes": "<div class=\"o-metadata__file-usage-entry\"><h4 class=\"o-heading__level3-file-title\">Time spent in dark compartment during gas exposure</h4><div class=\"o-metadata__file-description\">This data was collected in the UBC Centre for Disease Modelling from 2010-2011. Three experiments were carried out separately, with each tab in the excel file representing one experiment. There are two abbreviations: \"ISO\" represents isoflurane and \"CO2\" represents carbon dioxide.</div><div class=\"o-metadata__file-name\">Data Deposit.xlsx</br></div></div>", "locations": [{"place": "Canada"}, {"place": "Vancouver"}, {"place": "British Columbia"}], "relatedWorks": [{"relationship": "Cites", "identifierType": "DOI", "identifier": "https://doi.org/10.1098/rsbl.2012.1000"}], "versionNumber": 1, "versionStatus": "submitted", "curationStatus": "Published", "publicationDate": "2013-05-08", "lastModificationDate": "2020-06-30", "visibility": "public", "sharingLink": "https://datadryad.org/stash/share/RvmDLqSYLEu7hhdBdJ6XXZV2ST9x_9OfGRw7AdYp3fI", "userId": 6072, "license": "https://creativecommons.org/publicdomain/zero/1.0/"}