{"_links": {"self": {"href": "/api/v2/datasets/doi%3A10.5061%2Fdryad.zgmsbcc70"}, "stash:versions": {"href": "/api/v2/datasets/doi%3A10.5061%2Fdryad.zgmsbcc70/versions"}, "stash:version": {"href": "/api/v2/versions/50506"}, "stash:download": {"href": "/api/v2/datasets/doi%3A10.5061%2Fdryad.zgmsbcc70/download"}, "curies": [{"name": "stash", "href": "https://github.com/CDL-Dryad/stash/blob/main/stash_api/link-relations.md#{rel}", "templated": "true"}]}, "identifier": "doi:10.5061/dryad.zgmsbcc70", "id": 40755, "storageSize": 326170, "title": "Landscape context mediates the physiological stress response of birds to farmland diversification", "authors": [{"firstName": "Christopher", "lastName": "Latimer", "email": "chris.latimer@tnc.org", "affiliation": "The Nature Conservancy", "affiliationROR": "https://ror.org/00gcd8h55", "orcid": "0000-0003-0063-7506"}, {"firstName": "Olivia", "lastName": "Smith", "email": "olivia.m.smith@wsu.edu", "affiliation": "Washington State University", "affiliationROR": "https://ror.org/05dk0ce17", "orcid": "0000-0002-9404-0243"}, {"firstName": "Joseph", "lastName": "Taylor", "email": "Joseph.Taylor1@uga.edu", "affiliation": "University of Georgia", "affiliationROR": "https://ror.org/00te3t702"}, {"firstName": "Amanda", "lastName": "Edworthy", "email": "amanda.edworthy@gmail.com", "affiliation": "University of British Columbia", "affiliationROR": "https://ror.org/03rmrcq20"}, {"firstName": "Jeb", "lastName": "Owen", "email": "jowen@wsu.edu", "affiliation": "Washington State University", "affiliationROR": "https://ror.org/05dk0ce17"}, {"firstName": "William", "lastName": "Snyder", "email": "wesnyder@uga.edu", "affiliation": "University of Georgia", "affiliationROR": "https://ror.org/00te3t702", "orcid": "0000-0002-2747-3102"}, {"firstName": "Christina M.", "lastName": "Kennedy", "email": "ckennedy@tnc.org", "affiliation": "The Nature Conservancy", "affiliationROR": "https://ror.org/00gcd8h55", "orcid": "0000-0001-8902-8728"}], "abstract": "1. Farmland diversification practices are increasingly adopted to help reverse biodiversity declines in agroecosystems. However, evidence for the effectiveness of this approach often comes from documenting the species attracted to particular farming systems or landscapes, rather than their underlying physiological states that ultimately determine population growth or decline over the longer term.\n2. Across 38 organic, mixed-produce farms spanning the U.S. west coast, we quantified three physiological biomarkers that are widely used to capture variation in short and long-term stress responses for nine bird species with diverse life-history traits. While controlling for other potentially confounding variables, we used multilevel models to examine the association between bird physiological conditions, landscape context and local farm management practices, including the integration of livestock, and cropland composition and configuration.\n3. Birds generally had lower stress responses on more-locally-diverse farms and in landscapes with higher amounts of seminatural cover. However, interactions between farm diversity and landscape context suggested birds were less stressed on more diverse farms in simpler landscapes, but more stressed and in poorer condition on more diverse farms embedded within complex landscapes.\n4. We found no differences in stress responses among birds in relation to their degree of human association (synanthropy), which suggests generality in our findings.\n5. Synthesis and application. Birds were often less stressed on more diverse farms. However, these patterns were mediated by landscape context: birds were less stressed on more diverse farms in simplified landscapes, but more stressed on more diverse farms within complex landscapes. This means land managers might not see uniform effects of local diversification schemes across different landscape contexts. Our results underscore the need to consider responses related to physiological health status, in addition to species richness and abundance, to determine the effectiveness of farm management for biodiversity conservation.16-Jan-2020", "funders": [{"organization": "U.S. Department of Agriculture", "awardNumber": "20019-67012-29720"}, {"organization": "U.S. Department of Agriculture", "awardNumber": "2015-51300-24155"}], "keywords": ["agricultural intensification", "body condition", "Farm diversification", "landscape simplification", "leukocyte profile", "Crop-livestock integration", "haematocrit"], "usageNotes": "<p>README file describes the metadata for each of the data sets contained in this Dryad collection pertaining to the manuscript: \"Landscape context mediates the physiological stress response of birds to farmland diversification\". Please see the manuscript and supporting information for methods on how the data were collected. Please note: Names and other individual identifiers, including geographic coordinates of farm locations, were withheld to protect farmer privacy.\u00a0</p>\r\n", "versionNumber": 2, "versionStatus": "submitted", "curationStatus": "Published", "publicationDate": "2020-01-21", "lastModificationDate": "2020-01-21", "visibility": "public", "sharingLink": "https://datadryad.org/stash/share/riAb9_4dQ4sjbFlr0mZXmYgtEwdNQp2CvAwiHUmc4Ys", "userId": 51587, "license": "https://creativecommons.org/publicdomain/zero/1.0/"}