{"_links": {"self": {"href": "/api/v2/datasets/doi%3A10.5061%2Fdryad.bg79cnp83"}, "stash:versions": {"href": "/api/v2/datasets/doi%3A10.5061%2Fdryad.bg79cnp83/versions"}, "stash:version": {"href": "/api/v2/versions/70682"}, "stash:download": {"href": "/api/v2/datasets/doi%3A10.5061%2Fdryad.bg79cnp83/download"}, "curies": [{"name": "stash", "href": "https://github.com/CDL-Dryad/stash/blob/main/stash_api/link-relations.md#{rel}", "templated": "true"}]}, "identifier": "doi:10.5061/dryad.bg79cnp83", "id": 47586, "storageSize": 31579915, "title": "Data from: Cooperation can promote rescue or lead to evolutionary suicide during environmental change", "authors": [{"firstName": "Gil", "lastName": "Henriques", "email": "henriques@zoology.ubc.ca", "affiliation": "University of British Columbia", "affiliationROR": "https://ror.org/03rmrcq20", "orcid": "0000-0003-0040-3996"}, {"firstName": "Matthew", "lastName": "Osmond", "email": "mmosmond@gmail.com", "affiliation": "University of California, Davis", "affiliationROR": "https://ror.org/05rrcem69", "orcid": "0000-0001-6170-8182"}], "abstract": "<p>The adaptation of populations to changing conditions may be affected by interactions between individuals. For example, when cooperative interactions increase fecundity, they may allow populations to maintain high densities and thus keep track of moving environmental optima. Simultaneously, changes in population\u00a0density alter the marginal benefits of cooperative investments, creating a feedback loop between population\u00a0dynamics and the evolution of cooperation. Here we model how the evolution of cooperation interacts with\u00a0adaptation to changing environments. We hypothesize that environmental change lowers population size and\u00a0thus promotes the evolution of cooperation, and that this, in turn, helps the population keep up with the\u00a0moving optimum. However, we find that the evolution of cooperation can have qualitatively different effects,\u00a0depending on which fitness component is reduced by the costs of cooperation. If the costs decrease fecundity,\u00a0cooperation indeed speeds adaptation by increasing population density; if, in contrast, the costs decrease\u00a0viability, cooperation may instead slow adaptation by lowering the effective population size, leading to\u00a0evolutionary suicide. Thus, cooperation can either promote or\u2014counter-intuitively\u2014hinder adaptation to\u00a0a changing environment. Finally, we show that our model can also be generalized to other social interactions\u00a0by discussing the evolution of competition during environmental change.</p>\r\n", "funders": [{"organization": "University of British Columbia", "awardNumber": "6444"}, {"organization": "Natural Sciences and Engineering Research Council of Canada", "awardNumber": "RGPIN862 2016-03711"}, {"organization": "*", "awardNumber": ""}, {"organization": "National Institute of General Medical Sciences", "awardNumber": "NIH R01 GM108779"}, {"organization": "Banting Research Foundation", "awardNumber": ""}], "methods": "<p>\u00a0</p>\r\n\r\n<ul>\r\n</ul>\r\n", "usageNotes": "<p>This repository includes:</p>\r\n\r\n<ul>\r\n\t<li>A\u00a0<em>Mathematica</em>\u00a0notebook with all the calculations required to replicate the results presented in the paper and in its Supplemental Information. For users without\u00a0<em>Mathematica</em>, we also include the corresponding\u00a0.cdf notebook and\u00a0.pdf file.</li>\r\n\t<li>A set of\u00a0<em>R\u00a0</em>scripts with the code\u00a0the individual-based simulations, as well as the data generated by these scripts and used in the paper.</li>\r\n</ul>\r\n", "versionNumber": 3, "versionStatus": "submitted", "curationStatus": "Published", "publicationDate": "2020-06-25", "lastModificationDate": "2020-06-25", "visibility": "public", "sharingLink": "https://datadryad.org/stash/share/efrdw8-RPzRnnb0KwRR4LA7ryrfeUr7SfDLzNKvgyLc", "userId": 56901, "license": "https://creativecommons.org/publicdomain/zero/1.0/"}