{"_links": {"self": {"href": "/api/v2/datasets/doi%3A10.5061%2Fdryad.615tj"}, "stash:versions": {"href": "/api/v2/datasets/doi%3A10.5061%2Fdryad.615tj/versions"}, "stash:version": {"href": "/api/v2/versions/6227"}, "stash:download": {"href": "/api/v2/datasets/doi%3A10.5061%2Fdryad.615tj/download"}, "curies": [{"name": "stash", "href": "https://github.com/CDL-Dryad/stash/blob/main/stash_api/link-relations.md#{rel}", "templated": "true"}]}, "identifier": "doi:10.5061/dryad.615tj", "id": 6191, "storageSize": 309093, "title": "Data from: Identifying the African wintering grounds of hybrid flycatchers using a multi\u2013isotope (\u03b42H, \u03b413C, \u03b415N) assignment approach", "authors": [{"firstName": "Thor", "lastName": "Veen", "affiliation": "University of British Columbia", "affiliationROR": "https://ror.org/03rmrcq20"}, {"firstName": "M\u00e5rten B.", "lastName": "Hjernquist", "affiliation": "Uppsala University", "affiliationROR": "https://ror.org/048a87296"}, {"firstName": "Steven L.", "lastName": "Van Wilgenburg", "affiliation": "Environment Canada", "affiliationROR": "https://ror.org/026ny0e17"}, {"firstName": "Keith A.", "lastName": "Hobson", "affiliation": "Environment Canada", "affiliationROR": "https://ror.org/026ny0e17"}, {"firstName": "Eelke", "lastName": "Folmer", "affiliation": "Royal Netherlands Institute for Sea Research", "affiliationROR": "https://ror.org/01gntjh03"}, {"firstName": "Laura", "lastName": "Font", "affiliation": "VU University Amsterdam", "affiliationROR": "https://ror.org/008xxew50"}, {"firstName": "Marcel", "lastName": "Klaassen", "affiliation": "Deakin University", "affiliationROR": "https://ror.org/02czsnj07"}], "abstract": "Migratory routes and wintering grounds can have important fitness consequences, which can lead to divergent selection on populations or taxa differing in their migratory itinerary. Collared (Ficedula albicollis) and pied (F. hypoleuca) flycatchers breeding in Europe and wintering in different sub-Saharan regions have distinct migratory routes on the eastern and western sides of the Sahara desert, respectively. In an earlier paper, we showed that hybrids of the two species did not incur reduced winter survival, which would be expected if their migration strategy had been a mix of the parent species\u2019 strategies potentially resulting in an intermediate route crossing the Sahara desert to different wintering grounds. Previously, we compared isotope ratios and found no significant difference in stable-nitrogen isotope ratios (\u03b415N) in winter-grown feathers between the parental species and hybrids, but stable-carbon isotope ratios (\u03b413C) in hybrids significantly clustered only with those of pied flycatchers. We followed up on these findings and additionally analyzed the same feathers for stable-hydrogen isotope ratios (\u03b42H) and conducted spatially explicit multi-isotope assignment analyses. The assignment results overlapped with presumed wintering ranges of the two species, highlighting the efficacy of the method. In contrast to earlier findings, hybrids clustered with both parental species, though most strongly with pied flycatcher.", "keywords": ["stable isotopes", "spatial multi-isotope assignment", "Ficedula albicollis", "nitrogen-15", "Ficedula flycatcher", "Ficedula hypoleuca", "deuterium", "feathers", "migratory divide", "Migration", "carbon-13", "Hybridisation"], "usageNotes": "<div class=\"o-metadata__file-usage-entry\"><h4 class=\"o-heading__level3-file-title\">isotope data from: Identifying the African wintering grounds of hybrid flycatchers using a multi\u2013isotope (\u03b42H, \u03b413C, \u03b415N) assignment approach</h4><div class=\"o-metadata__file-description\">\u03b42H, \u03b413C, \u03b415N isotope data</div><div class=\"o-metadata__file-name\">Veen.et.al.isotope.ratios.csv</br></div><div class=\"o-metadata__file-name\"></div></div><div class=\"o-metadata__file-usage-entry\"><h4 class=\"o-heading__level3-file-title\">isotope data from: Does migration of hybrids contribute to post-zygotic isolation in flycatchers? Veen T, Svedin N, Forsman JT, Hjernquist MB, Qvarnstr\u00f6m A, et al. (2007)  Proceedings of the Royal Society B: Biological Sciences 274: 707\u2013712. doi:10.1038/35075000.</h4><div class=\"o-metadata__file-description\">\u03b413C, \u03b415N isotope data</div><div class=\"o-metadata__file-name\">Veen.et.al.isotope.2007.ProcB.csv</br></div><div class=\"o-metadata__file-name\"></div></div><div class=\"o-metadata__file-usage-entry\"><h4 class=\"o-heading__level3-file-title\">isoscape maps for: Identifying the African wintering grounds of hybrid flycatchers using a multi\u2013isotope (\u03b42H, \u03b413C, \u03b415N) assignment approach, Veen, Thor, Hjernquist, M\u00e5rten B, Van Wilgenburg, Steven L, Hobson, Keith A, Folmer, Eelke, Font, Laura, Klaassen, Marcel</h4><div class=\"o-metadata__file-description\">\u03b42H, \u03b413C, \u03b415N isoscape maps</div><div class=\"o-metadata__file-name\">isoscape.maps.pdf</br></div><div class=\"o-metadata__file-name\"></div></div>", "locations": [{"place": "Sweden"}, {"place": "southern Gotland"}], "relatedWorks": [{"relationship": "Cites", "identifierType": "DOI", "identifier": "https://doi.org/10.1371/journal.pone.0098075"}], "versionNumber": 1, "versionStatus": "submitted", "curationStatus": "Published", "publicationDate": "2015-05-05", "lastModificationDate": "2020-06-24", "visibility": "public", "sharingLink": "https://datadryad.org/stash/share/NGgAWo4NpmvDigV1jAoW86W6l0MRpshUFOEwSjPcu8c", "userId": 8099, "license": "https://creativecommons.org/publicdomain/zero/1.0/"}