{"_links": {"self": {"href": "/api/v2/datasets/doi%3A10.5061%2Fdryad.486155q"}, "stash:versions": {"href": "/api/v2/datasets/doi%3A10.5061%2Fdryad.486155q/versions"}, "stash:version": {"href": "/api/v2/versions/19419"}, "stash:download": {"href": "/api/v2/datasets/doi%3A10.5061%2Fdryad.486155q/download"}, "curies": [{"name": "stash", "href": "https://github.com/CDL-Dryad/stash/blob/main/stash_api/link-relations.md#{rel}", "templated": "true"}]}, "identifier": "doi:10.5061/dryad.486155q", "id": 19355, "storageSize": 67701, "title": "Data from: The shortfall of sociality: group-living affects hunting performance of individual social spiders", "authors": [{"firstName": "Gyan", "lastName": "Harwood", "affiliation": "Arizona State University", "affiliationROR": "https://ror.org/03efmqc40"}, {"firstName": "Leticia", "lastName": "Avil\u00e9s", "affiliation": "University of British Columbia", "affiliationROR": "https://ror.org/03rmrcq20"}], "abstract": "Ineffective hunters in cooperative foraging groups may be shielded from natural selection by their more effective group mates, whereas those living solitarily would starve and thus be removed from the population. The problem may be exacerbated in large groups where it may be easier for individuals to withhold participation. Group foragers may thus be ineffective individual hunters or exhibit greater inter-individual variation in hunting abilities, in particular when living in large groups. We test these hypotheses in spider species of the genus Anelosimus that differ in their level of sociality and, among social species, in colonies of different sizes. We found that individuals from the more social species, and those from larger groups, reacted more slowly to prey than those from solitary species or small groups.  Individuals from these categories also had greater inter-individual variation in reaction times. Individuals from large social groups also had lower prey capture success than those from small ones.  These differences may have been driven by the size of the group from which the social individuals were taken, as those from small colonies behaved similarly to individuals of the two less social species. This finding suggests that hunting ability may develop as a phenotypically plastic trait.", "keywords": ["sociality", "social spiders", "Anelosimus nigrescens", "Anelosimus jabaquara", "selection", "Anelosimus baeza", "prey capture", "Plasticity", "Anelosimus dubiosus"], "usageNotes": "<div class=\"o-metadata__file-usage-entry\"><h4 class=\"o-heading__level3-file-title\">Individual hunt data - summarized</h4><div class=\"o-metadata__file-description\">Demographic and prey capture data on each spider tested. Data include female size, colony size and population, average web volume and average capture rate over three feeding trials.</div><div class=\"o-metadata__file-name\"></div></div><div class=\"o-metadata__file-usage-entry\"><h4 class=\"o-heading__level3-file-title\">Individual hunt data - trial data</h4><div class=\"o-metadata__file-description\">Trial data for each of the 3 trials that each spider was subjected to. Data include reaction times, outcomes, and size of webbing.</div><div class=\"o-metadata__file-name\"></div></div>", "locations": [{"place": "46\u00b057'\u201347\u00b005'W"}, {"place": "23\u00b012'\u201323\u00b022'S"}], "relatedWorks": [{"relationship": "Cites", "identifierType": "DOI", "identifier": "https://doi.org/10.1093/beheco/ary099"}], "versionNumber": 1, "versionStatus": "submitted", "curationStatus": "Published", "publicationDate": "2018-06-29", "lastModificationDate": "2020-06-24", "visibility": "public", "sharingLink": "https://datadryad.org/stash/share/41y8mluRlKW2_44r3-aLN1gPrzarB6eAxW-LLrClleU", "userId": 37585, "license": "https://creativecommons.org/publicdomain/zero/1.0/"}