{"_links": {"self": {"href": "/api/v2/datasets/doi%3A10.5061%2Fdryad.b32s5"}, "stash:versions": {"href": "/api/v2/datasets/doi%3A10.5061%2Fdryad.b32s5/versions"}, "stash:version": {"href": "/api/v2/versions/8572"}, "stash:download": {"href": "/api/v2/datasets/doi%3A10.5061%2Fdryad.b32s5/download"}, "curies": [{"name": "stash", "href": "https://github.com/CDL-Dryad/stash/blob/main/stash_api/link-relations.md#{rel}", "templated": "true"}]}, "identifier": "doi:10.5061/dryad.b32s5", "id": 8532, "storageSize": 177252, "title": "Data from: The genetic basis of speciation in the Giliopsis lineage of Ipomopsis (Polemoniaceae)", "authors": [{"firstName": "Troy E.", "lastName": "Wood", "affiliation": "United States Geological Survey", "affiliationROR": "https://ror.org/035a68863"}, {"firstName": "Takuya", "lastName": "Nakazato", "affiliation": "University of Memphis", "affiliationROR": "https://ror.org/01cq23130"}, {"firstName": "Loren H.", "lastName": "Rieseberg", "affiliation": "University of British Columbia", "affiliationROR": "https://ror.org/03rmrcq20"}], "abstract": "One of the most powerful drivers of speciation in plants is pollinator-mediated disruptive selection, which leads to the divergence of floral traits adapted to the morphology and behavior of different pollinators. Despite the widespread importance of this speciation mechanism, its genetic basis has been explored in only a few groups. Here, we characterize the genetic basis of pollinator-mediated divergence of two species in genus Ipomopsis, I. guttata and I. tenuifolia, using quantitative trait locus (QTL) analyses of floral traits and other variable phenotypes. We detected 1-6 QTLs per trait, with each QTL generally explaining small to modest amounts of the phenotypic variance of a backcross hybrid population. In contrast, flowering time and anthocyanin abundance (a metric of colour variation) were controlled by a few QTLs of relatively large effect. QTLs were strongly clustered within linkage groups, with 26 of 37 QTLs localized to six marker-interval \"hotspots,\" all of which harbored pleiotropic QTLs. In contrast to other studies that have examined the genetic basis of pollinator shifts, our results indicate that, in general, mutations of small to modest effect on phenotype were involved. Thus, the evolutionary transition between the distinct pollination modes of I. guttata and I. tenuifolia likely proceeded incrementally, rather than saltationally.", "keywords": ["floral", "Ipomopsis tenuifolia", "QTL", "Ipomopsis guttata", "pollinator", "Pliocene", "Holocene", "speciation"], "usageNotes": "<div class=\"o-metadata__file-usage-entry\"><h4 class=\"o-heading__level3-file-title\">Data for QTL analysis of Ipomopsis</h4><div class=\"o-metadata__file-description\">genotypes and phenotypes of parents and hybrids</div><div class=\"o-metadata__file-name\">ipomopsisQTLCARTfiles.xls</br></div><div class=\"o-metadata__file-name\"></div></div>", "locations": [{"place": "Baja California"}], "relatedWorks": [{"relationship": "Cites", "identifierType": "DOI", "identifier": "https://doi.org/10.1038/hdy.2013.41"}], "versionNumber": 1, "versionStatus": "submitted", "curationStatus": "Published", "publicationDate": "2013-04-03", "lastModificationDate": "2020-06-24", "visibility": "public", "sharingLink": "https://datadryad.org/stash/share/Woc2bchJsxzOj1ZaYe9YcPArDkonbHVd9KvSV-q_Vzk", "userId": 4550, "license": "https://creativecommons.org/publicdomain/zero/1.0/"}