{"_links": {"self": {"href": "/api/v2/datasets/doi%3A10.5061%2Fdryad.v53h1"}, "stash:versions": {"href": "/api/v2/datasets/doi%3A10.5061%2Fdryad.v53h1/versions"}, "stash:version": {"href": "/api/v2/versions/24952"}, "stash:download": {"href": "/api/v2/datasets/doi%3A10.5061%2Fdryad.v53h1/download"}, "curies": [{"name": "stash", "href": "https://github.com/CDL-Dryad/stash/blob/main/stash_api/link-relations.md#{rel}", "templated": "true"}]}, "identifier": "doi:10.5061/dryad.v53h1", "id": 24879, "storageSize": 6904459, "title": "Data from: The deep phylogeny of jumping spiders (Araneae, Salticidae)", "authors": [{"firstName": "Wayne P.", "lastName": "Maddison"}, {"firstName": "Daiqin", "lastName": "Li", "affiliation": "National University of Singapore", "affiliationROR": "https://ror.org/01tgyzw49"}, {"firstName": "Melissa", "lastName": "Bodner", "affiliation": "University of British Columbia", "affiliationROR": "https://ror.org/03rmrcq20"}, {"firstName": "Junxia", "lastName": "Zhang", "affiliation": "University of British Columbia", "affiliationROR": "https://ror.org/03rmrcq20"}, {"firstName": "Xu", "lastName": "Xin", "affiliation": "Hubei University", "affiliationROR": "https://ror.org/03a60m280"}, {"firstName": "Qinqing", "lastName": "Liu", "affiliation": "Hubei University", "affiliationROR": "https://ror.org/03a60m280"}, {"firstName": "Fengxiang", "lastName": "Liu", "affiliation": "Hubei University", "affiliationROR": "https://ror.org/03a60m280"}, {"firstName": "Wayne", "lastName": "Maddison", "affiliation": "University of British Columbia", "affiliationROR": "https://ror.org/03rmrcq20"}], "abstract": "In order to resolve better the deep relationships among salticid spiders, we compiled and analyzed a molecular dataset of 169 salticid taxa (and 7 outgroups) and 8 gene regions. This dataset adds many new taxa to previous analyses, especially among the non-salticoid salticids, as well as two new genes \u2013 wingless and myosin heavy chain. Both of these genes, and especially the better sampled wingless, confirm many of the relationships indicated by other genes. The cocalodines are placed as sister to lapsiines, in a broader clade with the spartaeines. Cocalodines, lapsiines, and spartaeines are each supported as monophyletic, though the first two have no known morphological synapomorphies. The lyssomanines appear to be non-monophyletic, of three separate groups: (1) Lyssomanes plus Chinoscopus, (2) Onomastus, and (3) the remainder of Old World species. Several previously-inferred relationships continue to be supported: hisponines as sister to the Salticoida, Amycoida as sister to the remaining Salticoida, and Saltafresia as monophyletic. The relationship of Salticus with Philaeus and relatives is now considered well enough corroborated to move the latter into the subfamily Salticinae. A new clade consisting of the Plexippoida + Aelurilloida + Leptorchesteae + Salticinae is recognized. Nungia is found to be an astioid, and Echeclus, Gedea and Diplocanthopoda to be hasariines. The euophryines are corroborated as monophyletic. The agoriines Agorius and Synagelides are salticoids, within the sister group to amycoids, but their further placement is problematical, perhaps because of their nuclear ribosomal genes\u2019 high GC bias, as also seen in the similarly problematic Eupoa.", "keywords": ["Jumping spiders", "systematics", "Salticidae"], "usageNotes": "<div class=\"o-metadata__file-usage-entry\"><h4 class=\"o-heading__level3-file-title\">Maddison et al. 2014-Deep salticid phylogeny</h4><div class=\"o-metadata__file-description\">Contains alignments for 8 genes for different samples of taxa, and corresponding trees</div><div class=\"o-metadata__file-name\">MaddisonEtAl2014-DeepSalticidPhylogeny-MatricesAndTrees.nex</br></div></div>", "relatedWorks": [{"relationship": "Cites", "identifierType": "DOI", "identifier": "https://doi.org/10.3897/zookeys.440.7891"}], "versionNumber": 1, "versionStatus": "submitted", "curationStatus": "Published", "publicationDate": "2015-06-30", "lastModificationDate": "2020-06-24", "visibility": "public", "sharingLink": "https://datadryad.org/stash/share/uumR5kzkuPFmlqJlYNQb0R4QIN-6I6LyPRWf_r_fLwM", "userId": 8726, "license": "https://creativecommons.org/publicdomain/zero/1.0/"}