{"_links": {"self": {"href": "/api/v2/datasets/doi%3A10.5061%2Fdryad.33kh1"}, "stash:versions": {"href": "/api/v2/datasets/doi%3A10.5061%2Fdryad.33kh1/versions"}, "stash:version": {"href": "/api/v2/versions/11576"}, "stash:download": {"href": "/api/v2/datasets/doi%3A10.5061%2Fdryad.33kh1/download"}, "curies": [{"name": "stash", "href": "https://github.com/CDL-Dryad/stash/blob/main/stash_api/link-relations.md#{rel}", "templated": "true"}]}, "identifier": "doi:10.5061/dryad.33kh1", "id": 11533, "storageSize": 102338, "title": "Data from: Eye and head movements are complementary in visual selection", "authors": [{"firstName": "Grayden J. F.", "lastName": "Solman", "affiliation": "University of British Columbia", "affiliationROR": "https://ror.org/03rmrcq20"}, {"firstName": "Thomas", "lastName": "Foulsham", "affiliation": "University of Essex", "affiliationROR": "https://ror.org/02nkf1q06"}, {"firstName": "Alan", "lastName": "Kingstone", "affiliation": "University of British Columbia", "affiliationROR": "https://ror.org/03rmrcq20"}, {"firstName": "Tom", "lastName": "Foulsham", "affiliation": "University of Essex", "affiliationROR": "https://ror.org/02nkf1q06"}], "abstract": "In the natural environment, visual selection is accomplished by a system of nested effectors, moving the head and body within space and the eyes within the visual field. However, it is not yet known if the principles of selection for these different effectors are the same or different. We used a novel gaze-contingent display in which an asymmetric window of visibility (a horizontal or vertical slot) was yoked to either head or eye position. Participants showed highly systematic changes in behaviour, revealing clear differences in the principles underlying selection by eye and head. Eye movements were more likely to move in the direction of visible information\u2014horizontally when viewing with a horizontal slot, and vertically with a vertical slot. Head movements showed the opposite and complementary pattern, moving to reveal new information (e.g. vertically with a horizontal slot and vice versa). These results are consistent with a nested system in which the head favours exploration of unknown regions, while the eye exploits what can be seen with finer-scale saccades.", "keywords": ["Scene viewing", "Visual selection", "Head and eye movement"], "usageNotes": "<div class=\"o-metadata__file-usage-entry\"><h4 class=\"o-heading__level3-file-title\">Angular Distribution for Eye and Head Movements</h4><div class=\"o-metadata__file-description\">Distribution of gaze shift angles during scene viewing. Indoor and outdoor scenes were viewed for ten seconds through gaze-contingent windows controlled by either the eye or the head. Windows could be Open (no window), Square (equal horizontal and vertical span), Horizontal (greater horizontal span), or Vertical (greater vertical span). Gaze shift angles were classified into 16 equal pi/8 bins, and the data indicate the proportion of shifts in each bin. In addition, angles were more broadly classified as horizontal (+/- 3pi/16 from the horizontal axis) or vertical (+/- 3pi/16 from the vertical axis), and the horizontal bias (H_bias) was calculated as the proportion of horizontal gaze shifts divided by the sum of horizontal and vertical shifts.</div><div class=\"o-metadata__file-name\">SolmanFoulshamKingstone_DistributionData.xlsx</br></div></div>", "relatedWorks": [{"relationship": "Cites", "identifierType": "DOI", "identifier": "https://doi.org/10.1098/rsos.160569"}], "versionNumber": 1, "versionStatus": "submitted", "curationStatus": "Published", "publicationDate": "2016-12-21", "lastModificationDate": "2020-06-24", "visibility": "public", "sharingLink": "https://datadryad.org/stash/share/UKBk05Lwsgstbk62705Habz9WQrcgctOxy_EU74CHIQ", "userId": 22933, "license": "https://creativecommons.org/publicdomain/zero/1.0/"}