{"_links": {"self": {"href": "/api/v2/datasets/doi%3A10.5061%2Fdryad.8bg44b0"}, "stash:versions": {"href": "/api/v2/datasets/doi%3A10.5061%2Fdryad.8bg44b0/versions"}, "stash:version": {"href": "/api/v2/versions/22618"}, "stash:download": {"href": "/api/v2/datasets/doi%3A10.5061%2Fdryad.8bg44b0/download"}, "curies": [{"name": "stash", "href": "https://github.com/CDL-Dryad/stash/blob/main/stash_api/link-relations.md#{rel}", "templated": "true"}]}, "identifier": "doi:10.5061/dryad.8bg44b0", "id": 22554, "storageSize": 1286510, "title": "Data from: Divergent temporal trends of net biomass change in western Canadian boreal forests", "authors": [{"firstName": "Yong", "lastName": "Luo", "affiliation": "University of British Columbia", "affiliationROR": "https://ror.org/03rmrcq20"}, {"firstName": "Han Y.H.", "lastName": "Chen", "affiliation": "University of British Columbia", "affiliationROR": "https://ror.org/03rmrcq20"}, {"firstName": "Eliot J.B.", "lastName": "McIntire", "affiliation": "University of British Columbia", "affiliationROR": "https://ror.org/03rmrcq20"}, {"firstName": "David W.", "lastName": "Andison", "affiliation": "University of British Columbia", "affiliationROR": "https://ror.org/03rmrcq20"}, {"firstName": "Eliot J. B.", "lastName": "McIntire", "affiliation": "University of British Columbia", "affiliationROR": "https://ror.org/03rmrcq20"}, {"firstName": "Han Y. H.", "lastName": "Chen", "affiliation": "Lakehead University", "affiliationROR": "https://ror.org/023p7mg82"}], "abstract": "1. Forests play a strong role in the global carbon cycle by absorbing atmospheric carbon dioxide through increasing forest biomass. Understanding temporal trends of forest net aboveground biomass change (\u0394AGB) can help infer how forest carbon sequestration responds to on-going climate changes. Despite wide spatial variation in the long-term average of climate moisture availability (CMIaverage) across forest ecosystems, temporal trends of \u0394AGB associated with CMIaverage remains unclear. 2. We tested the hypothesis that the extent of negative impacts of climate change on \u0394AGB would decrease with CMIaverage using the data from permanent sample plots of varying ages from 17 to 210 years, monitored from 1958 to 2011 in western boreal forests of Canada. 3. We found that \u0394AGB on average increased with CMIaverage. Temporally, \u0394AGB declined sharply between 1958 and 2011 in plots with low CMIaverage owing to increased biomass loss from mortality accompanied by little growth gain, whereas \u0394AGB changed little in plots with high CMIaverage. The temporal decrease of \u0394AGB in drier areas was attributable to its negative responses to warming-induced temporal decreases in climate moisture availability. 4. Synthesis. Our results indicate that large-scale changes in forest carbon functioning associated with climate change depend on the long-term average of climate moisture availability. Our finding suggests a possible retreat of boreal biome at the drier distribution limits with predicted declines in water availability in the 21st century.", "keywords": ["net aboveground biomass change", "boreal forests", "mortality", "2011", "Growth", "global change ecology", "spatial climate moisture availability", "1958", "elevated atmospheric CO2"], "usageNotes": "<div class=\"o-metadata__file-usage-entry\"><h4 class=\"o-heading__level3-file-title\">Data from: Divergent temporal trends of net biomass change in western Canadian boreal forests</h4><div class=\"o-metadata__file-name\">data.csv</br></div></div>", "locations": [{"place": "Western Canada"}], "relatedWorks": [{"relationship": "Cites", "identifierType": "DOI", "identifier": "https://doi.org/10.1111/1365-2745.13033"}], "versionNumber": 1, "versionStatus": "submitted", "curationStatus": "Published", "publicationDate": "2019-06-19", "lastModificationDate": "2020-06-24", "visibility": "public", "sharingLink": "https://datadryad.org/stash/share/ROEE0804QFB0A4BaOA3A08heFwlqI_8XmYFBgk9QfTA", "userId": 20173, "license": "https://creativecommons.org/publicdomain/zero/1.0/"}