{"_links": {"self": {"href": "/api/v2/datasets/doi%3A10.5061%2Fdryad.58g2t4k"}, "stash:versions": {"href": "/api/v2/datasets/doi%3A10.5061%2Fdryad.58g2t4k/versions"}, "stash:version": {"href": "/api/v2/versions/10142"}, "stash:download": {"href": "/api/v2/datasets/doi%3A10.5061%2Fdryad.58g2t4k/download"}, "curies": [{"name": "stash", "href": "https://github.com/CDL-Dryad/stash/blob/main/stash_api/link-relations.md#{rel}", "templated": "true"}]}, "identifier": "doi:10.5061/dryad.58g2t4k", "id": 10101, "storageSize": 135770, "title": "Data from: Interactive effects of climate change and biodiversity loss on ecosystem functioning", "authors": [{"firstName": "Aliny P. F.", "lastName": "Pires", "affiliation": "Federal University of Rio de Janeiro", "affiliationROR": "https://ror.org/03490as77"}, {"firstName": "Diane S.", "lastName": "Srivastava", "affiliation": "University of British Columbia", "affiliationROR": "https://ror.org/03rmrcq20"}, {"firstName": "Nicholas A. C.", "lastName": "Marino", "affiliation": "Federal University of Rio de Janeiro", "affiliationROR": "https://ror.org/03490as77"}, {"firstName": "A. Andrew M.", "lastName": "MacDonald", "affiliation": "University of British Columbia", "affiliationROR": "https://ror.org/03rmrcq20"}, {"firstName": "Marcos Paulo", "lastName": "Figueiredo-Barros", "affiliation": "Federal University of Rio de Janeiro", "affiliationROR": "https://ror.org/03490as77"}, {"firstName": "Vinicius F.", "lastName": "Farjalla", "affiliation": "Federal University of Rio de Janeiro", "affiliationROR": "https://ror.org/03490as77"}], "abstract": "Climate change and biodiversity loss are expected to simultaneously affect ecosystems, however research on how each driver mediates the effect of the other has been limited in scope. The multiple stressor framework emphasizes non-additive effects, but biodiversity may also buffer the effects of climate change, and climate change may alter which mechanisms underlie biodiversity-function relationships. Here, we performed an experiment using tank bromeliad ecosystems to test the various ways that rainfall changes and litter diversity may jointly determine ecological processes. Litter diversity and rainfall changes interactively affected multiple functions, but how depended on the process measured. High litter diversity buffered the effects of altered rainfall on detritivore communities, evidence of insurance against impacts of climate change. Altered rainfall affected the mechanisms by which litter diversity influenced decomposition, reducing the importance of complementary attributes of species (\u201ccomplementarity effects\u201d), and resulting in an increasing dependence on the maintenance of specific species (\u201cdominance effects\u201d). Finally, altered rainfall conditions prevented litter diversity from fuelling methanogenesis, because such changes in rainfall reduced microbial activity by 58%. Together, these results demonstrate that the effects of climate change and biodiversity loss on ecosystems cannot be understood in isolation and interactions between these stressors can be multifaceted.", "keywords": ["natural microcosms", "tank bromeliads", "tropical ecosystem"], "usageNotes": "<div class=\"o-metadata__file-usage-entry\"><h4 class=\"o-heading__level3-file-title\">tank bromeliad experiment (Pires et al)</h4><div class=\"o-metadata__file-description\">This file contains the data used to produce the manuscript \"Interactive effects of climate change and biodiversity loss on ecosystem functioning\" by Pires et al in Ecology. The first sheet contains data of decomposition (dry weight loss in mg after 180 days), bacterial production (\u00b5mol C L-1 h-1), detritivore abundance (number of detritivore individuals in each tank bromeliad), detritivore richness (number of detritivore species in each tank bromeliad), bromeliad maximum volume (ml) and the mechanisms by which litter diversity affected decomposition (TICE: trait-independent complementarity effect; DE: dominance effect and TDCE: trait-dependent complementarity effect). The second sheet contains data of methane concentration (ppm) in three different sampling times (30, 60 and 90 days after rainfall manipulation). The first three columns in each sheet describe the treatments used in the experiment. For more details about the experimental design, sampling and methods used to produce these data, see the manuscript in the journal.</div><div class=\"o-metadata__file-name\"></div></div>", "locations": [{"place": "tropics"}], "relatedWorks": [{"relationship": "Cites", "identifierType": "DOI", "identifier": "https://doi.org/10.1002/ecy.2202"}], "versionNumber": 1, "versionStatus": "submitted", "curationStatus": "Published", "publicationDate": "2019-02-26", "lastModificationDate": "2020-06-24", "visibility": "public", "sharingLink": "https://datadryad.org/stash/share/RUBvxvqgKJWYuFBO_sFgEhcrLb4Vxuy7IMIoIlBtsVc", "userId": 32882, "license": "https://creativecommons.org/publicdomain/zero/1.0/"}