{"_links": {"self": {"href": "/api/v2/datasets/doi%3A10.5061%2Fdryad.c9q92"}, "stash:versions": {"href": "/api/v2/datasets/doi%3A10.5061%2Fdryad.c9q92/versions"}, "stash:version": {"href": "/api/v2/versions/16906"}, "stash:download": {"href": "/api/v2/datasets/doi%3A10.5061%2Fdryad.c9q92/download"}, "curies": [{"name": "stash", "href": "https://github.com/CDL-Dryad/stash/blob/main/stash_api/link-relations.md#{rel}", "templated": "true"}]}, "identifier": "doi:10.5061/dryad.c9q92", "id": 16847, "storageSize": 40132, "title": "Data from: Detecting small-scale genotype-environment interactions in apomictic dandelion (Taraxacum officinale) populations", "authors": [{"firstName": "Kylie A.", "lastName": "McLeod", "affiliation": "University of British Columbia", "affiliationROR": "https://ror.org/03rmrcq20"}, {"firstName": "Moira", "lastName": "Scascitelli", "affiliation": "University of British Columbia", "affiliationROR": "https://ror.org/03rmrcq20"}, {"firstName": "Mark", "lastName": "Vellend", "affiliation": "University of British Columbia", "affiliationROR": "https://ror.org/03rmrcq20"}], "abstract": "Studies of genotype \u00d7 environment interactions (G\u00d7E) and local adaptation provide critical tests of natural selection\u2019s ability to counter opposing forces such as gene flow. Such studies may be greatly facilitated in asexual species, given the possibility for experimental replication at the level of true genotypes (rather than populations) and the possibility of using molecular markers to assess genotype-environment associations in the field (neither of which is possible for most sexual species). Here we tested for G\u00d7E in asexual dandelions (Taraxacum officinale) by subjecting six genotypes to experimental drought, mown, and benign (control) conditions, and subsequently using microsatellites to assess genotype-environment associations in the field. We found strong G\u00d7E, with genotypes that performed poorly under benign conditions showing the highest performance under stressful conditions (drought or mown). Our six focal genotypes comprise >80% of plants in local populations. The most common genotype in the field showed its highest relative performance under mown conditions (the most common habitat in our study area), and almost all plants of this genotype in the field were found growing in mowed lawns. Genotypes performing best under benign experimental conditions were found most frequently in unmown conditions in the field. These results are strongly indicative of local adaptation at a very small scale, with unmown microsites of only a few square meters typically embedded within larger mown lawns. By studying an asexual species we were able to map genotypes with known ecological characteristics to environments with high spatial precision.", "keywords": ["microsatellites", "Weed", "Taraxacum officinale", "Apomictic", "Dandelion", "stress"], "usageNotes": "<div class=\"o-metadata__file-usage-entry\"><h4 class=\"o-heading__level3-file-title\">Results of Taraxacum officinale genotyping and Genotype by Environment field experiment</h4><div class=\"o-metadata__file-description\">Record of T. officinale genotypes identified in sampling of Vancouver populations. Results of T. officinale Genotype by Environment (GxE) field experiment conducted at Totem Field, University of British Columbia, Vancouver, B.C., Canada. GxE results include leaf area of the control treatment at 5 and 8 weeks, root and total biomass of the mow treatment, and number of days to partial and full wilting of the drought treatment.</div><div class=\"o-metadata__file-name\">McLeod_etal_DRYAD_data.xlsx</br></div></div>", "locations": [{"place": "Canada"}, {"place": "Vancouver"}, {"place": "British Columbia"}], "relatedWorks": [{"relationship": "Cites", "identifierType": "DOI", "identifier": "https://doi.org/10.1111/j.1420-9101.2012.02549.x"}], "versionNumber": 1, "versionStatus": "submitted", "curationStatus": "Published", "publicationDate": "2012-06-18", "lastModificationDate": "2020-06-24", "visibility": "public", "sharingLink": "https://datadryad.org/stash/share/6XIiHu2PUt3Af2qxnSOy3d_3yDNPp0o0PHL9HWoje6Y", "userId": 2427, "license": "https://creativecommons.org/publicdomain/zero/1.0/"}