{"_links": {"self": {"href": "/api/v2/datasets/doi%3A10.5061%2Fdryad.f06k49s"}, "stash:versions": {"href": "/api/v2/datasets/doi%3A10.5061%2Fdryad.f06k49s/versions"}, "stash:version": {"href": "/api/v2/versions/7690"}, "stash:download": {"href": "/api/v2/datasets/doi%3A10.5061%2Fdryad.f06k49s/download"}, "curies": [{"name": "stash", "href": "https://github.com/CDL-Dryad/stash/blob/main/stash_api/link-relations.md#{rel}", "templated": "true"}]}, "identifier": "doi:10.5061/dryad.f06k49s", "id": 7652, "storageSize": 216311, "title": "Data from: Habitat-mediated effects of diurnal and seasonal migration strategies on juvenile salmon survival", "authors": [{"firstName": "Michael C.", "lastName": "Melnychuk", "affiliation": "University of British Columbia", "affiliationROR": "https://ror.org/03rmrcq20"}, {"firstName": "David W.", "lastName": "Welch", "affiliation": "Kintama (Canada)", "affiliationROR": "https://ror.org/0012vvx22"}], "abstract": "Behavioral decisions during periods of vulnerability to predation risk, such as migrations during the juvenile life-history stage, may strongly affect the probability of survival. Habitats through which animals migrate are heterogeneous, and risk-reducing behaviors may be more important in some habitats than others. Using biotelemetry data, diurnal and seasonal riverine migration patterns of >3800 juvenile salmon across four species, 12 watersheds, and five years were quantified to evaluate possible effects of migration timing on survival from lower river reaches to coastal waters. In small, clear rivers most salmon avoided migrating during daylight hours, and average survival of fish migrating at night (55%; 95% confidence limits 50\u201361%) was twice that of fish migrating in daylight (24%; CL 17-31%). Conversely, in the large, heavily silted Fraser River neither preference for nocturnal travel nor effects of diurnal timing on survival were observed. Early ocean survival was also influenced by the timing of ocean entry, but in opposite directions for fish from the Fraser River and smaller rivers. In the Fraser River, average survival for later migrants (69%; CL 60\u201377%) was nearly twice that of earlier migrants (38%; CL 33\u201344%), likely related to seasonal increases in river flow. In contrast, in smaller rivers, average survival for earlier migrants (70%; CL 65\u201374%) was 3-fold greater than survival for later migrants (19%; 95% CL 14\u201325%). Together these results demonstrate that timing decisions affecting survival of juvenile salmon during their migration are likely mediated by landscape characteristics that plausibly influence the risk of predation.", "keywords": ["Oncorhynchus nerka", "Oncorhynchus tshawytscha", "diel patterns", "illuminance", "Oncorhynchus kisutch", "animal migration", "Oncorhynchus", "mortality", "visual predators", "Oncorhynchus mykiss"], "usageNotes": "<div class=\"o-metadata__file-usage-entry\"><h4 class=\"o-heading__level3-file-title\">Input data for Melnychuk and Welch - Behavioral Ecology</h4><div class=\"o-metadata__file-description\">Contains data describing the date and light level during detection of tagged salmon smolts in British Columbia Rivers, and metadata for individual tagged fish. Detection data are from acoustic transmitters surgically implanted into migrating smolts, and detected on submerged hydrophones with data loggers. csv file is saved with Microsoft Excel 2016. Variables are defined in manuscript.</div><div class=\"o-metadata__file-name\">Melnychuk_Welch_input_data.csv</br></div></div>", "locations": [{"place": "British Columbia"}], "relatedWorks": [{"relationship": "Cites", "identifierType": "DOI", "identifier": "https://doi.org/10.1093/beheco/ary119"}], "versionNumber": 1, "versionStatus": "submitted", "curationStatus": "Published", "publicationDate": "2018-08-07", "lastModificationDate": "2020-06-30", "visibility": "public", "sharingLink": "https://datadryad.org/stash/share/YNkdzZzbD0XIZJFRbO4dfzKiHTnCR4sz5yHs_sbQVO4", "userId": 32815, "license": "https://creativecommons.org/publicdomain/zero/1.0/"}