{"_links": {"self": {"href": "/api/v2/datasets/doi%3A10.5061%2Fdryad.bj852"}, "stash:versions": {"href": "/api/v2/datasets/doi%3A10.5061%2Fdryad.bj852/versions"}, "stash:version": {"href": "/api/v2/versions/7182"}, "stash:download": {"href": "/api/v2/datasets/doi%3A10.5061%2Fdryad.bj852/download"}, "curies": [{"name": "stash", "href": "https://github.com/CDL-Dryad/stash/blob/main/stash_api/link-relations.md#{rel}", "templated": "true"}]}, "identifier": "doi:10.5061/dryad.bj852", "id": 7145, "storageSize": 242575, "title": "Data from: Predators, energetics and fitness drive neonatal reproductive failure in red squirrels", "authors": [{"firstName": "Emily K.", "lastName": "Studd", "affiliation": "McGill University", "affiliationROR": "https://ror.org/01pxwe438"}, {"firstName": "Stan", "lastName": "Boutin", "affiliation": "University of Alberta", "affiliationROR": "https://ror.org/0160cpw27"}, {"firstName": "Andrew G.", "lastName": "McAdam", "affiliation": "University of Guelph", "affiliationROR": "https://ror.org/01r7awg59"}, {"firstName": "Charles J.", "lastName": "Krebs", "affiliation": "University of British Columbia", "affiliationROR": "https://ror.org/03rmrcq20"}, {"firstName": "Murray M.", "lastName": "Humphries", "affiliation": "McGill University", "affiliationROR": "https://ror.org/01pxwe438"}], "abstract": "Neonatal reproductive failure should occur when energetic costs of parental investment outweigh fitness benefits. However, little is known about the drivers of neonatal reproductive failure in free ranging species experiencing continuous natural variation in predator abundance and in the energetic and fitness costs and benefits associated with parental investment. Long-term comprehensive studies are required to better understand how biotic, abiotic, and life history conditions interact to drive occurrences of reproductive failure in the wild. Using 24 years (1987-2011) of reproductive data from a northern boreal population of North American red squirrels in southwestern Yukon, we examined the effects of predator abundance, energetics (resource availability, ambient temperature and litter size), and fitness benefits (probability of overwinter juvenile survival and maternal age) on occurrences of neonatal reproductive failure (494/2670 reproductive attempts; 18.5%). Neonatal reproductive failure was driven by a combination of predator abundance, and the energetic and fitness costs and benefits of parental investment. The abundance of mustelids and maternal age were positively related to the occurrence of neonatal reproductive failure. High energy costs associated with a combination of low resource availability and cold ambient temperatures or large litters, corresponded to increased occurrences of neonatal reproductive failure. However, the strength of these relationships was influenced by variation in juvenile overwinter survival (i.e. fitness benefits). We provide evidence that predation pressure is an important driver of neonatal reproductive failure. In addition, we found a trade-off occurs between resource-dependent energetic and fitness costs and benefits of raising the current litter to independence", "keywords": ["reproductive failure", "predation risk", "survival", "environmental drivers", "lifetime fitness", "parental investment", "Tamiasciurus hudsonicus"], "usageNotes": "<div class=\"o-metadata__file-usage-entry\"><h4 class=\"o-heading__level3-file-title\">Reproductive failure of red squirrels and associated measurements</h4><div class=\"o-metadata__file-description\">Data collected in the field from 1989 to 2012 on reproductive failure in red squirrels and associated variables. Columns are: LitID- litter ID # in analysis, Grid - study area in which squirrel was living, YR - Year of reproductive attempt, LN - reproductive attempt number of that year for the female (all are the first litter), BDATE - estimated parturition date of litter (based on live trap monitoring of females), FoodSup - whether squirrels were provided food supplementation (1) or not (0), MOMID - unique ear tag numbers of female squirrels, litsize - number of pups in litter, PCI - previous years spruce cone index (log transformed), weas - annual average number of weasel tracks/100km counted in area, marten - annual average number of marten tracks/100km counted in area, pYRSurv - proportion of that years cohort of juveniles that survived the winter to the following year, cold - coldest 4-day average temperature experienced during the first 14 days of lactation (Environment Canada\u2019s National Climate Data and Information Archive (www.climate.weatheroffice.gc.ca)), mBY - birth year of the female, pred - annual average number of mustelid (marten and weasel) tracks/100km counted in area, MAge - maternal age.</div><div class=\"o-metadata__file-name\">reproductive_failure.csv</br></div></div>", "locations": [{"place": "Northern Boreal"}], "relatedWorks": [{"relationship": "Cites", "identifierType": "DOI", "identifier": "https://doi.org/10.1111/1365-2656.12279"}], "versionNumber": 1, "versionStatus": "submitted", "curationStatus": "Published", "publicationDate": "2015-08-04", "lastModificationDate": "2020-06-24", "visibility": "public", "sharingLink": "https://datadryad.org/stash/share/3Xt04tHMNK0KlabBn78-POTsvczvIbqEKiUCjOUNUi8", "userId": 9135, "license": "https://creativecommons.org/publicdomain/zero/1.0/"}