{"_links": {"self": {"href": "/api/v2/datasets/doi%3A10.5061%2Fdryad.6p889"}, "stash:versions": {"href": "/api/v2/datasets/doi%3A10.5061%2Fdryad.6p889/versions"}, "stash:version": {"href": "/api/v2/versions/10451"}, "stash:download": {"href": "/api/v2/datasets/doi%3A10.5061%2Fdryad.6p889/download"}, "curies": [{"name": "stash", "href": "https://github.com/CDL-Dryad/stash/blob/main/stash_api/link-relations.md#{rel}", "templated": "true"}]}, "identifier": "doi:10.5061/dryad.6p889", "id": 10408, "storageSize": 134548, "title": "Data from: Vertical partitioning between sister species of Rhizopogon fungi on mesic and xeric sites in an interior Douglas-fir forest", "authors": [{"firstName": "Kevin J.", "lastName": "Beiler", "affiliation": "University of British Columbia", "affiliationROR": "https://ror.org/03rmrcq20"}, {"firstName": "Suzanne W.", "lastName": "Simard", "affiliation": "University of British Columbia", "affiliationROR": "https://ror.org/03rmrcq20"}, {"firstName": "Valerie", "lastName": "LeMay", "affiliation": "University of British Columbia", "affiliationROR": "https://ror.org/03rmrcq20"}, {"firstName": "Daniel M.", "lastName": "Durall", "affiliation": "University of British Columbia", "affiliationROR": "https://ror.org/03rmrcq20"}], "abstract": "Understanding ectomycorrhizal fungal (EMF) community structure is limited by a lack of taxonomic resolution and autecological information. Rhizopogon vesiculosus and R. vinicolor (Basidiomycota) are morphologically and genetically related species. They are dominant members of interior Douglas-fir (Pseudotsuga menziesii var. glauca) EMF communities, but mechanisms leading to their coexistence are unknown. We investigated the microsite associations and foraging strategy of individual R. vesiculosus and R. vinicolor genets. Mycelia spatial patterns, pervasiveness and root colonization patterns of fungal genets were compared between Rhizopogon species and between xeric and mesic soil moisture regimes. Rhizopogon spp. mycelia were systematically excavated from the soil and identified using microsatellite DNA markers. Rhizopogon vesiculosus mycelia occurred at greater depth, were more spatially pervasive, and colonized more tree roots than R. vinicolor mycelia. Both species were frequently encountered in organic layers and between the interface of organic and mineral horizons. They were particularly abundant within microsites associated with soil moisture retention. The occurrence of R. vesiculosus shifted in the presence of R. vinicolor towards mineral soil horizons, where R. vinicolor was mostly absent. This suggests that competition and foraging strategy may contribute towards the vertical partitioning observed between these species. R. vesiculosus and R. vinicolor mycelia systems occurred at greater mean depths and were more pervasive in mesic plots compared to xeric plots. The spatial continuity and number of trees colonized by genets of each species did not significantly differ between soil moisture regimes.", "keywords": ["Fungi", "Rhizopogon vesiculosus", "Microbial Biology", "Species Interactions", "Rhizopogon vinicolor", "speciation", "Pseudotsuga menziesii"], "usageNotes": "<div class=\"o-metadata__file-usage-entry\"><h4 class=\"o-heading__level3-file-title\">MEC-12-0646_SampleData</h4><div class=\"o-metadata__file-description\">see 'ReadMe_EnvironmentData'</div><div class=\"o-metadata__file-name\"></div><div class=\"o-metadata__file-name\"></div></div><div class=\"o-metadata__file-usage-entry\"><h4 class=\"o-heading__level3-file-title\">MEC-12-0646_EnvironmentData</h4><div class=\"o-metadata__file-description\">see 'ReadMe_EnvironmentData'</div><div class=\"o-metadata__file-name\"></div><div class=\"o-metadata__file-name\"></div></div><div class=\"o-metadata__file-usage-entry\"><h4 class=\"o-heading__level3-file-title\">MEC-12-0646_MyceliaSpatial</h4><div class=\"o-metadata__file-description\">see 'ReadMe_EnvironmentData'</div><div class=\"o-metadata__file-name\"></div><div class=\"o-metadata__file-name\"></div></div><div class=\"o-metadata__file-usage-entry\"><h4 class=\"o-heading__level3-file-title\">MEC-12-0646_GenotypeData</h4><div class=\"o-metadata__file-description\">see 'ReadMe_GenotypeData'</div><div class=\"o-metadata__file-name\"></div><div class=\"o-metadata__file-name\"></div></div><div class=\"o-metadata__file-usage-entry\"><h4 class=\"o-heading__level3-file-title\">MEC-12-0646_PopData</h4><div class=\"o-metadata__file-description\">see 'ReadMe_GenotypeData'</div><div class=\"o-metadata__file-name\"></div><div class=\"o-metadata__file-name\"></div></div><div class=\"o-metadata__file-usage-entry\"><h4 class=\"o-heading__level3-file-title\">ReadMe_MEC-12-0646_DataPack</h4><div class=\"o-metadata__file-description\">ReadMe provides general description of data files comprising data package associated with manuscript MEC-12-0646</div><div class=\"o-metadata__file-name\"></div></div>", "relatedWorks": [{"relationship": "Cites", "identifierType": "DOI", "identifier": "https://doi.org/10.1111/mec.12076"}], "versionNumber": 1, "versionStatus": "submitted", "curationStatus": "Published", "publicationDate": "2012-09-14", "lastModificationDate": "2020-06-24", "visibility": "public", "sharingLink": "https://datadryad.org/stash/share/QRy5FgqFAI7Xjx1m2q3FJ3CxqYVMsU09w6mKm6wnpGU", "userId": 11537, "license": "https://creativecommons.org/publicdomain/zero/1.0/"}