{"_links": {"self": {"href": "/api/v2/datasets/doi%3A10.5061%2Fdryad.q2h13"}, "stash:versions": {"href": "/api/v2/datasets/doi%3A10.5061%2Fdryad.q2h13/versions"}, "stash:version": {"href": "/api/v2/versions/20077"}, "stash:download": {"href": "/api/v2/datasets/doi%3A10.5061%2Fdryad.q2h13/download"}, "curies": [{"name": "stash", "href": "https://github.com/CDL-Dryad/stash/blob/main/stash_api/link-relations.md#{rel}", "templated": "true"}]}, "identifier": "doi:10.5061/dryad.q2h13", "id": 20013, "storageSize": 1172878819, "title": "Data from: Adenosine receptors mediate the hypoxic ventilatory response but not the hypoxic metabolic response in the naked mole rat during acute hypoxia", "authors": [{"firstName": "Matthew E.", "lastName": "Pamenter", "affiliation": "University of British Columbia", "affiliationROR": "https://ror.org/03rmrcq20"}, {"firstName": "Yvonne A.", "lastName": "Dzal", "affiliation": "University of British Columbia", "affiliationROR": "https://ror.org/03rmrcq20"}, {"firstName": "William K.", "lastName": "Milsom", "affiliation": "University of British Columbia", "affiliationROR": "https://ror.org/03rmrcq20"}], "abstract": "Naked mole rats are the most hypoxia-tolerant mammals identified; however, the mechanisms underlying this tolerance are poorly understood. Using whole-animal plethysmography and open-flow respirometry, we examined the hypoxic metabolic response (HMR), hypoxic ventilatory response (HVR) and hypoxic thermal response in awake, freely behaving naked mole rats exposed to 7% O2 for 1 h. Metabolic rate and ventilation each reversibly decreased 70% in hypoxia (from 39.6 \u00b1 2.9 to 12.1 \u00b1 0.3 ml O2 min\u22121 kg\u22121, and 1412 \u00b1 244 to 417 \u00b1 62 ml min\u22121 kg\u22121, respectively; p < 0.05), whereas body temperature was unchanged and animals remained awake and active. Subcutaneous injection of the general adenosine receptor antagonist aminophylline (AMP; 100 mg kg\u22121, in saline), but not control saline injections, prevented the HVR but had no effect on the HMR. As a result, AMP-treated naked mole rats exhibited extreme hyperventilation in hypoxia. These animals were also less tolerant to hypoxia, and in some cases hypoxia was lethal following AMP injection. We conclude that in naked mole rats (i) hypoxia tolerance is partially dependent on profound hypoxic metabolic and ventilatory responses, which are equal in magnitude but occur independently of thermal changes in hypoxia, and (ii) adenosine receptors mediate the HVR but not the HMR.", "keywords": ["hypoxic metabolic response", "thermal response", "plethysmography", "hypoxic ventilatory response"], "usageNotes": "<div class=\"o-metadata__file-usage-entry\"><h4 class=\"o-heading__level3-file-title\">Saline treated control NMR data</h4><div class=\"o-metadata__file-name\">Sham.zip</br></div></div><div class=\"o-metadata__file-usage-entry\"><h4 class=\"o-heading__level3-file-title\">AMP-treated NMR data</h4><div class=\"o-metadata__file-name\">Drugs.zip</br></div></div>", "relatedWorks": [{"relationship": "Cites", "identifierType": "DOI", "identifier": "https://doi.org/10.1098/rspb.2014.1722"}], "versionNumber": 1, "versionStatus": "submitted", "curationStatus": "Published", "publicationDate": "2014-12-09", "lastModificationDate": "2020-06-30", "visibility": "public", "sharingLink": "https://datadryad.org/stash/share/ItV_ECRRJQJMwga-oNJryx6ISnb0WBaZ9wxLDP4QOlM", "userId": 10237, "license": "https://creativecommons.org/publicdomain/zero/1.0/"}