{"_links": {"self": {"href": "/api/v2/datasets/doi%3A10.5061%2Fdryad.pv24v"}, "stash:versions": {"href": "/api/v2/datasets/doi%3A10.5061%2Fdryad.pv24v/versions"}, "stash:version": {"href": "/api/v2/versions/1310"}, "stash:download": {"href": "/api/v2/datasets/doi%3A10.5061%2Fdryad.pv24v/download"}, "curies": [{"name": "stash", "href": "https://github.com/CDL-Dryad/stash/blob/main/stash_api/link-relations.md#{rel}", "templated": "true"}]}, "identifier": "doi:10.5061/dryad.pv24v", "id": 1306, "storageSize": 165500602, "title": "Data from: Genomic evidence for the parallel evolution of coastal forms in the Senecio lautus complex", "authors": [{"firstName": "Federico", "lastName": "Roda", "affiliation": "University of Queensland", "affiliationROR": "https://ror.org/00rqy9422"}, {"firstName": "Luke", "lastName": "Ambrose", "affiliation": "University of Queensland", "affiliationROR": "https://ror.org/00rqy9422"}, {"firstName": "Gregory M.", "lastName": "Walter", "affiliation": "University of Queensland", "affiliationROR": "https://ror.org/00rqy9422"}, {"firstName": "Huanle L.", "lastName": "Liu", "affiliation": "University of Queensland", "affiliationROR": "https://ror.org/00rqy9422"}, {"firstName": "Andrea", "lastName": "Schaul", "affiliation": "University of Queensland", "affiliationROR": "https://ror.org/00rqy9422"}, {"firstName": "Andrew", "lastName": "Lowe", "affiliation": "University of Adelaide", "affiliationROR": "https://ror.org/00892tw58"}, {"firstName": "Pieter B.", "lastName": "Pelser", "affiliation": "University of Canterbury", "affiliationROR": "https://ror.org/03y7q9t39"}, {"firstName": "Peter", "lastName": "Prentis", "affiliation": "Queensland University of Technology", "affiliationROR": "https://ror.org/03pnv4752"}, {"firstName": "Loren H.", "lastName": "Rieseberg", "affiliation": "University of British Columbia", "affiliationROR": "https://ror.org/03rmrcq20"}, {"firstName": "Daniel", "lastName": "Ortiz-Barrientos", "affiliation": "University of Queensland", "affiliationROR": "https://ror.org/00rqy9422"}], "abstract": "Instances of parallel ecotypic divergence where adaptation to similar conditions repeatedly cause similar phenotypic changes in closely related organisms are useful for studying the role of ecological selection in speciation. Here we used a combination of traditional and next generation genotyping techniques to test for the parallel divergence of plants from the Senecio lautus complex, a phenotypically variable groundsel that has adapted to disparate environments in the South Pacific. Phylogenetic analysis of a broad selection of Senecio species showed that members of the S. lautus complex form a distinct lineage that has diversified recently in Australasia. An inspection of thousands of polymorphisms in the genome of 27 natural populations from the S. lautus complex in Australia revealed a signal of strong genetic structure independent of habitat and phenotype. Additionally, genetic differentiation between populations was correlated with the geographical distance separating them, and the genetic diversity of populations strongly depended on geographical location. Importantly, coastal forms appeared in several independent phylogenetic clades, a pattern that is consistent with the parallel evolution of these forms. Analyses of the patterns of genomic differentiation between populations further revealed that adjacent populations displayed greater genomic heterogeneity than allopatric populations and are differentiated according to variation in soil composition. These results are consistent with a process of parallel ecotypic divergence in face of gene flow.", "keywords": ["parallel evolution", "Senecio lautus", "RAD genotyping", "Ecotypes", "Senecio", "speciation"], "usageNotes": "<div class=\"o-metadata__file-usage-entry\"><h4 class=\"o-heading__level3-file-title\">Category_SNPs</h4><div class=\"o-metadata__file-name\"></div><div class=\"o-metadata__file-name\"></div></div><div class=\"o-metadata__file-usage-entry\"><h4 class=\"o-heading__level3-file-title\">FET</h4><div class=\"o-metadata__file-name\"></div><div class=\"o-metadata__file-name\"></div></div><div class=\"o-metadata__file-usage-entry\"><h4 class=\"o-heading__level3-file-title\">Fst</h4><div class=\"o-metadata__file-name\"></div><div class=\"o-metadata__file-name\"></div></div><div class=\"o-metadata__file-usage-entry\"><h4 class=\"o-heading__level3-file-title\">Consensus_sequences_RADs</h4><div class=\"o-metadata__file-name\"></div><div class=\"o-metadata__file-name\"></div></div><div class=\"o-metadata__file-usage-entry\"><h4 class=\"o-heading__level3-file-title\">Consensus_sequences</h4><div class=\"o-metadata__file-name\"></div></div><div class=\"o-metadata__file-usage-entry\"><h4 class=\"o-heading__level3-file-title\">Frequency</h4><div class=\"o-metadata__file-name\"></div><div class=\"o-metadata__file-name\"></div></div><div class=\"o-metadata__file-usage-entry\"><h4 class=\"o-heading__level3-file-title\">Consensus_sequences_RADs-2</h4><div class=\"o-metadata__file-description\">This fasta file contains consensus sequences derived from RADs genotyping of neutral loci in 29 S. lautus populations and the close relative S. madagascariensis. These sequences were used to construct the rooted phylogeny presented in Figure 2B of the manuscript.</div><div class=\"o-metadata__file-name\"></div><div class=\"o-metadata__file-name\"></div></div>", "relatedWorks": [{"relationship": "Cites", "identifierType": "DOI", "identifier": "https://doi.org/10.1111/mec.12311"}], "versionNumber": 1, "versionStatus": "submitted", "curationStatus": "Published", "publicationDate": "2013-03-13", "lastModificationDate": "2020-06-24", "visibility": "public", "sharingLink": "https://datadryad.org/stash/share/Ptsej3KSOR0urgXgNY1vHCATlUa6rDouA_0QzLFmUOY", "userId": 4398, "license": "https://creativecommons.org/publicdomain/zero/1.0/"}