{"_links": {"self": {"href": "/api/v2/datasets/doi%3A10.5061%2Fdryad.74tg7"}, "stash:versions": {"href": "/api/v2/datasets/doi%3A10.5061%2Fdryad.74tg7/versions"}, "stash:version": {"href": "/api/v2/versions/3314"}, "stash:download": {"href": "/api/v2/datasets/doi%3A10.5061%2Fdryad.74tg7/download"}, "curies": [{"name": "stash", "href": "https://github.com/CDL-Dryad/stash/blob/main/stash_api/link-relations.md#{rel}", "templated": "true"}]}, "identifier": "doi:10.5061/dryad.74tg7", "id": 3296, "storageSize": 776092, "title": "Data from: Evolutionarily stable sex ratios and mutation load", "authors": [{"firstName": "Josh", "lastName": "Hough", "affiliation": "University of Toronto", "affiliationROR": "https://ror.org/03dbr7087"}, {"firstName": "Simone", "lastName": "Immler", "affiliation": "Uppsala University", "affiliationROR": "https://ror.org/048a87296"}, {"firstName": "Spencer C. H.", "lastName": "Barrett", "affiliation": "University of Toronto", "affiliationROR": "https://ror.org/03dbr7087"}, {"firstName": "Sarah P.", "lastName": "Otto", "affiliation": "University of British Columbia", "affiliationROR": "https://ror.org/03rmrcq20"}], "abstract": "Frequency-dependent selection should drive dioecious populations toward a 1:1 sex ratio, but biased sex ratios are widespread, especially among plants with sex chromosomes. Here, we develop population genetic models to investigate the relationships between evolutionarily stable sex ratios, haploid selection, and deleterious mutation load. We confirm that when haploid selection acts only on the relative fitness of X and Y-bearing pollen and the sex ratio is controlled by the maternal genotype, seed sex ratios evolve toward 1:1. When we also consider haploid selection acting on deleterious mutations, however, we find that biased sex ratios can be stably maintained, reflecting a balance between the advantages of purging deleterious mutations via haploid selection, and the disadvantages of haploid selection on the sex ratio. Our results provide a plausible evolutionary explanation for biased sex ratios in dioecious plants, given the extensive gene expression that occurs across plant genomes at the haploid stage.", "keywords": ["sex-ratio evolution", "mutation load", "gametophytic selection", "heteromorphic sex chromosomes", "evolutionarily stable strategy", "plant life cycles"], "usageNotes": "<div class=\"o-metadata__file-usage-entry\"><h4 class=\"o-heading__level3-file-title\">Hough et al. (2013). SupMat - Jan14</h4><div class=\"o-metadata__file-name\"></div></div>", "relatedWorks": [{"relationship": "Cites", "identifierType": "DOI", "identifier": "https://doi.org/10.1111/evo.12066"}], "versionNumber": 1, "versionStatus": "submitted", "curationStatus": "Published", "publicationDate": "2013-01-16", "lastModificationDate": "2020-06-24", "visibility": "public", "sharingLink": "https://datadryad.org/stash/share/8uci35jFwT_v-eDAEj0L5GFFXkGmcH-L4pEt1yx4oOI", "userId": 3763, "license": "https://creativecommons.org/publicdomain/zero/1.0/"}