{"_links": {"self": {"href": "/api/v2/datasets/doi%3A10.5061%2Fdryad.8v96r"}, "stash:versions": {"href": "/api/v2/datasets/doi%3A10.5061%2Fdryad.8v96r/versions"}, "stash:version": {"href": "/api/v2/versions/10682"}, "stash:download": {"href": "/api/v2/datasets/doi%3A10.5061%2Fdryad.8v96r/download"}, "curies": [{"name": "stash", "href": "https://github.com/CDL-Dryad/stash/blob/main/stash_api/link-relations.md#{rel}", "templated": "true"}]}, "identifier": "doi:10.5061/dryad.8v96r", "id": 10639, "storageSize": 118814, "title": "Data from: Costs of reproduction explain the correlated evolution of semelparity and egg size: theory and a test with salmon", "authors": [{"firstName": "Douglas C.", "lastName": "Braun", "affiliation": "Simon Fraser University", "affiliationROR": "https://ror.org/0213rcc28"}, {"firstName": "Holly K.", "lastName": "Kindsvater", "affiliation": "Simon Fraser University", "affiliationROR": "https://ror.org/0213rcc28"}, {"firstName": "Sarah P.", "lastName": "Otto", "affiliation": "University of British Columbia", "affiliationROR": "https://ror.org/03rmrcq20"}, {"firstName": "John D.", "lastName": "Reynolds", "affiliation": "Simon Fraser University", "affiliationROR": "https://ror.org/0213rcc28"}], "abstract": "Species\u2019 life history traits, including maturation age, number of reproductive bouts, offspring size and number, reflect adaptations to diverse biotic and abiotic selection pressures. A striking example of divergent life histories is the evolution of either iteroparity (breeding multiple times) or semelparity (breed once and die). We analysed published data on salmonid fishes and found that semelparous species produce larger eggs, that egg size and number increase with salmonid body size among populations and species and that migratory behaviour and parity interact. We developed three hypotheses that might explain the patterns in our data and evaluated them in a stage-structured modelling framework accounting for different growth and survival scenarios. Our models predict the observation of small eggs in iteroparous species when egg size is costly to maternal survival or egg number is constrained. By exploring trait co-variation in salmonids, we generate new hypotheses for the evolution of trade-offs among life history traits.", "keywords": ["Fish", "Oncorhynchus", "salmon", "egg size", "Salmo"], "usageNotes": "<div class=\"o-metadata__file-usage-entry\"><h4 class=\"o-heading__level3-file-title\">Salmonid life history data from published literature</h4><div class=\"o-metadata__file-description\">This is a compilation of published values of salmonid egg sizes, fecundity, body size, age at maturity, and GSI for 14 species.</div><div class=\"o-metadata__file-name\">Kindsvater et al. SI Data Table 1.xlsx</br></div></div>", "locations": [{"place": "Asia"}, {"place": "Europe"}, {"place": "North America"}], "relatedWorks": [{"relationship": "Cites", "identifierType": "DOI", "identifier": "https://doi.org/10.1111/ele.12607"}], "versionNumber": 1, "versionStatus": "submitted", "curationStatus": "Published", "publicationDate": "2017-03-21", "lastModificationDate": "2020-06-24", "visibility": "public", "sharingLink": "https://datadryad.org/stash/share/fQ6ZjHBnDYF-NVG5u7OZj_nqVh9W565lBZ-2RTvnE-g", "userId": 18278, "license": "https://creativecommons.org/publicdomain/zero/1.0/"}