{"_links": {"self": {"href": "/api/v2/datasets/doi%3A10.5061%2Fdryad.t1k42p8"}, "stash:versions": {"href": "/api/v2/datasets/doi%3A10.5061%2Fdryad.t1k42p8/versions"}, "stash:version": {"href": "/api/v2/versions/23865"}, "stash:download": {"href": "/api/v2/datasets/doi%3A10.5061%2Fdryad.t1k42p8/download"}, "curies": [{"name": "stash", "href": "https://github.com/CDL-Dryad/stash/blob/main/stash_api/link-relations.md#{rel}", "templated": "true"}]}, "identifier": "doi:10.5061/dryad.t1k42p8", "id": 23801, "storageSize": 38469, "title": "Data from: A new way to estimate neurologic disease prevalence in the United States", "authors": [{"firstName": "Lorene M.", "lastName": "Nelson", "affiliation": "Stanford University School of Medicine", "affiliationROR": "https://ror.org/011pcwc98"}, {"firstName": "Mitchell T.", "lastName": "Wallin", "affiliation": "Department of Veterans Affairs Multiple Sclerosis Center of Excellence and Georgetown University School of Medicine, Washington, DC"}, {"firstName": "Ruth Ann", "lastName": "Marrie", "affiliation": "University of Manitoba", "affiliationROR": "https://ror.org/02gfys938"}, {"firstName": "W.J.", "lastName": "Culpepper", "affiliation": "University of Maryland, Baltimore", "affiliationROR": "https://ror.org/04rq5mt64"}, {"firstName": "Annette", "lastName": "Langer-Gould", "affiliation": "Neurology Department, Kaiser Permanente Southern California, Los Angeles"}, {"firstName": "Jon", "lastName": "Campbell", "affiliation": "University of Colorado Denver", "affiliationROR": "https://ror.org/02hh7en24"}, {"firstName": "Stephen", "lastName": "Buka", "affiliation": "Brown University", "affiliationROR": "https://ror.org/05gq02987"}, {"firstName": "Helen", "lastName": "Tremlett", "affiliation": "University of British Columbia", "affiliationROR": "https://ror.org/03rmrcq20"}, {"firstName": "Gary", "lastName": "Cutter", "affiliation": "University of Alabama at Birmingham", "affiliationROR": "https://ror.org/008s83205"}, {"firstName": "Wendy", "lastName": "Kaye", "affiliation": "McKing Consulting Corporation, Atlanta, GA"}, {"firstName": "Laurie", "lastName": "Wagner", "affiliation": "McKing Consulting Corporation, Atlanta, GA"}, {"firstName": "Nicholas G.", "lastName": "Larocca", "affiliation": "National Multiple Sclerosis Society", "affiliationROR": "https://ror.org/03019wv17"}], "abstract": "Objective: Considerable gaps exist in knowledge regarding the prevalence of neurologic diseases, such as multiple sclerosis (MS), in the United States. Therefore, the MS Prevalence Working Group sought to review and evaluate alternative methods for obtaining a scientifically valid estimate of national MS prevalence in the current health care era.\r\n\r\nMethods: We carried out a strengths, weaknesses, opportunities, and threats (SWOT) analysis for 3 approaches to estimate MS prevalence: population-based MS registries, national probability health surveys, and analysis of administrative health claims databases. We reviewed MS prevalence studies conducted in the United States and critically examined possible methods for estimating national MS prevalence.\r\n\r\nResults: We developed a new 4-step approach for estimating MS prevalence in the United States. First, identify administrative health claim databases covering publicly and privately insured populations in the United States. Second, develop and validate a highly accurate MS case-finding algorithm that can be standardly applied in all databases. Third, apply a case definition algorithm to estimate MS prevalence in each population. Fourth, combine MS prevalence estimates into a single estimate of US prevalence, weighted according to the number of insured persons in each health insurance segment.\r\n\r\nConclusions: By addressing methodologic challenges and proposing a new approach for measuring the prevalence of MS in the United States, we hope that our work will benefit scientists who study neurologic and other chronic conditions for which national prevalence estimates do not exist.", "usageNotes": "<div class=\"o-metadata__file-usage-entry\"><h4 class=\"o-heading__level3-file-title\">Nelson_SupplementalTable_E1</h4><div class=\"o-metadata__file-name\">Nelson_SupoplementalTable_E1.docx</br></div></div>", "relatedWorks": [{"relationship": "Cites", "identifierType": "DOI", "identifier": "https://doi.org/10.1212/wnl.0000000000007044"}], "versionNumber": 1, "versionStatus": "submitted", "curationStatus": "Published", "publicationDate": "2019-02-22", "lastModificationDate": "2020-06-24", "visibility": "public", "sharingLink": "https://datadryad.org/stash/share/j3QK8oMA_tVQ54-Pd6pmTOVkClAf6IvJTDh98PBPsqo", "userId": 6947, "license": "https://creativecommons.org/publicdomain/zero/1.0/"}