{"_links": {"self": {"href": "/api/v2/datasets/doi%3A10.5061%2Fdryad.5tc1q"}, "stash:versions": {"href": "/api/v2/datasets/doi%3A10.5061%2Fdryad.5tc1q/versions"}, "stash:version": {"href": "/api/v2/versions/8630"}, "stash:download": {"href": "/api/v2/datasets/doi%3A10.5061%2Fdryad.5tc1q/download"}, "curies": [{"name": "stash", "href": "https://github.com/CDL-Dryad/stash/blob/main/stash_api/link-relations.md#{rel}", "templated": "true"}]}, "identifier": "doi:10.5061/dryad.5tc1q", "id": 8590, "storageSize": 176707, "title": "Data from: Lineage fusion in Gal\u00e1pagos giant tortoises", "authors": [{"firstName": "Ryan C.", "lastName": "Garrick", "affiliation": "University of Mississippi", "affiliationROR": "https://ror.org/02teq1165"}, {"firstName": "Edgar", "lastName": "Benavides", "affiliation": "Yale University", "affiliationROR": "https://ror.org/03v76x132"}, {"firstName": "Michael A.", "lastName": "Russello", "affiliation": "University of British Columbia", "affiliationROR": "https://ror.org/03rmrcq20"}, {"firstName": "Chaz", "lastName": "Hyseni", "affiliation": "Yale University", "affiliationROR": "https://ror.org/03v76x132"}, {"firstName": "Danielle L.", "lastName": "Edwards", "affiliation": "Yale University", "affiliationROR": "https://ror.org/03v76x132"}, {"firstName": "James P.", "lastName": "Gibbs", "affiliation": "Queens College, CUNY", "affiliationROR": "https://ror.org/03v8adn41"}, {"firstName": "Washington", "lastName": "Tapia", "affiliation": "National Park Service", "affiliationROR": "https://ror.org/044zqqy65"}, {"firstName": "Claudio", "lastName": "Ciofi", "affiliation": "University of Florence", "affiliationROR": "https://ror.org/04jr1s763"}, {"firstName": "Adalgisa", "lastName": "Caccone", "affiliation": "Yale University", "affiliationROR": "https://ror.org/03v76x132"}], "abstract": "Although many classic radiations on islands are thought to be the result of repeated lineage splitting, the role of past fusion is rarely known because during these events, purebreds are rapidly replaced by a swarm of admixed individuals. Here we capture lineage fusion in action in a Gal\u00e1pagos giant tortoise species, Chelonoidis becki, from Wolf Volcano (Isabela Island). The long generation time of Gal\u00e1pagos tortoises and dense sampling (841 individuals) of genetic and demographic data were integral in detecting and characterizing this phenomenon. In C. becki we identified two genetically distinct, morphologically cryptic lineages. Historical reconstructions show that they colonized Wolf Volcano from Santiago Island in two temporally separated events, the first estimated to have occurred ~199 thousand years ago (KYA). Following arrival of the second wave of colonists, both lineages co-existed for approximately ~53 KY. Within that time they began fusing back together, as microsatellite data reveal widespread introgressive hybridization. Interestingly, greater mate selectivity seems to be exhibited by purebred females of one of the lineages. Forward-in-time simulations predict rapid extinction of the early arriving lineage. This study provides a rare example of reticulate evolution in action, and underscores the power of population genetics for understanding the past, present, and future consequences of evolutionary phenomena associated with lineage fusion.", "keywords": ["conservation", "introgressive hybridization", "Chelonoidis darwini", "evolutionary history", "Holocene", "Chelonoidis becki", "Pleistocene"], "usageNotes": "<div class=\"o-metadata__file-usage-entry\"><h4 class=\"o-heading__level3-file-title\">Garrick_etal_2014MEC_Dryad_data</h4><div class=\"o-metadata__file-name\"></div><div class=\"o-metadata__file-name\"></div></div>", "locations": [{"place": "Gal\u00e1pagos Islands"}], "relatedWorks": [{"relationship": "Cites", "identifierType": "DOI", "identifier": "https://doi.org/10.1111/mec.12919"}], "versionNumber": 1, "versionStatus": "submitted", "curationStatus": "Published", "publicationDate": "2014-09-11", "lastModificationDate": "2020-06-24", "visibility": "public", "sharingLink": "https://datadryad.org/stash/share/_ai_K7P-Xbnf4YKBsZHedXBgQEI0gAOAnFUIoUB28JM", "userId": 9259, "license": "https://creativecommons.org/publicdomain/zero/1.0/"}