{"_links": {"self": {"href": "/api/v2/datasets/doi%3A10.5061%2Fdryad.6h82k"}, "stash:versions": {"href": "/api/v2/datasets/doi%3A10.5061%2Fdryad.6h82k/versions"}, "stash:version": {"href": "/api/v2/versions/11146"}, "stash:download": {"href": "/api/v2/datasets/doi%3A10.5061%2Fdryad.6h82k/download"}, "curies": [{"name": "stash", "href": "https://github.com/CDL-Dryad/stash/blob/main/stash_api/link-relations.md#{rel}", "templated": "true"}]}, "identifier": "doi:10.5061/dryad.6h82k", "id": 11103, "storageSize": 111672, "title": "Data from: Genetic covariance between components of male reproductive success: within-pair versus extra-pair paternity in song sparrows", "authors": [{"firstName": "Jane M.", "lastName": "Reid", "affiliation": "University of Aberdeen", "affiliationROR": "https://ror.org/016476m91"}, {"firstName": "Peter", "lastName": "Arcese", "affiliation": "University of British Columbia", "affiliationROR": "https://ror.org/03rmrcq20"}, {"firstName": "Sylvain", "lastName": "Losdat", "affiliation": "University of Aberdeen", "affiliationROR": "https://ror.org/016476m91"}], "abstract": "The evolutionary trajectories of reproductive systems, including both male and female multiple mating and hence polygyny and polyandry, are expected to depend on the additive genetic variances and covariances in and among components of male reproductive success achieved through different reproductive tactics. However, genetic covariances among key components of male reproductive success have not been estimated in wild populations. We used comprehensive paternity data from socially monogamous but genetically polygynandrous song sparrows (Melospiza melodia) to estimate additive genetic variance and covariance in the total number of offspring a male sired per year outside his social pairings (i.e. his total extra-pair reproductive success achieved through multiple mating) and his liability to sire offspring produced by his socially paired female (i.e. his success in defending within-pair paternity). Both components of male fitness showed nonzero additive genetic variance, and the estimated genetic covariance was positive, implying that males with high additive genetic value for extra-pair reproduction also have high additive genetic propensity to sire their socially paired female's offspring. There was consequently no evidence of a genetic or phenotypic trade-off between male within-pair paternity success and extra-pair reproductive success. Such positive genetic covariance might be expected to facilitate ongoing evolution of polygyny and could also shape the ongoing evolution of polyandry through indirect selection.", "keywords": ["quantitative genetics", "Life History Evolution", "Melospiza melodia", "trade-offs", "Sexual selection & conflicts", "Holocene"], "usageNotes": "<div class=\"o-metadata__file-usage-entry\"><h4 class=\"o-heading__level3-file-title\">male.cov.data.dryad.final</h4><div class=\"o-metadata__file-description\">Phenotypic data for the quantitative genetic analysis of male within-pair paternity success and extra-pair reproductive success.</div><div class=\"o-metadata__file-name\"></div></div><div class=\"o-metadata__file-usage-entry\"><h4 class=\"o-heading__level3-file-title\">male.cov.Ainv.dryad.final</h4><div class=\"o-metadata__file-description\">Inverse A matrix underpinning quantitative genetic analysis of male within-pair paternity success and extra-pair reproductive success.</div><div class=\"o-metadata__file-name\"></div></div>", "locations": [{"place": "Canada"}, {"place": "British Columbia"}], "relatedWorks": [{"relationship": "Cites", "identifierType": "DOI", "identifier": "https://doi.org/10.1111/jeb.12445"}], "versionNumber": 1, "versionStatus": "submitted", "curationStatus": "Published", "publicationDate": "2014-06-18", "lastModificationDate": "2020-06-30", "visibility": "public", "sharingLink": "https://datadryad.org/stash/share/VQlzAhZl6LhZDrSdPekQ_yAYx7OeUwf0stWSXFAHimg", "userId": 97, "license": "https://creativecommons.org/publicdomain/zero/1.0/"}