{"_links": {"self": {"href": "/api/v2/datasets/doi%3A10.5061%2Fdryad.p82f2"}, "stash:versions": {"href": "/api/v2/datasets/doi%3A10.5061%2Fdryad.p82f2/versions"}, "stash:version": {"href": "/api/v2/versions/21467"}, "stash:download": {"href": "/api/v2/datasets/doi%3A10.5061%2Fdryad.p82f2/download"}, "curies": [{"name": "stash", "href": "https://github.com/CDL-Dryad/stash/blob/main/stash_api/link-relations.md#{rel}", "templated": "true"}]}, "identifier": "doi:10.5061/dryad.p82f2", "id": 21403, "storageSize": 2189547, "title": "Data from: Scale and direction of adaptive introgression between black cottonwood (Populus trichocarpa) and balsam poplar (P. balsamifera)", "authors": [{"firstName": "Adriana", "lastName": "Suarez-Gonzalez", "affiliation": "University of British Columbia", "affiliationROR": "https://ror.org/03rmrcq20"}, {"firstName": "Charles A.", "lastName": "Hefer", "affiliation": "University of British Columbia", "affiliationROR": "https://ror.org/03rmrcq20"}, {"firstName": "Christian", "lastName": "Lexer", "affiliation": "University of Vienna", "affiliationROR": "https://ror.org/03prydq77"}, {"firstName": "Quentin C.B.", "lastName": "Cronk", "affiliation": "University of British Columbia", "affiliationROR": "https://ror.org/03rmrcq20"}, {"firstName": "Carl J.", "lastName": "Douglas", "affiliation": "University of British Columbia", "affiliationROR": "https://ror.org/03rmrcq20"}, {"firstName": "Quentin C. B.", "lastName": "Cronk", "affiliation": "University of British Columbia", "affiliationROR": "https://ror.org/03rmrcq20"}], "abstract": "Introgression can introduce novel genetic variation at a faster rate than mutation alone, and result in adaptive introgression when adaptive alleles are maintained in the recipient genome over time by natural selection. A previous study from our group demonstrated adaptive introgression from Populus balsamifera into P. trichocarpa in a target genomic region. Here we expanded our local ancestry analysis to the whole genome of both parents to provide a comprehensive, unbiased view of introgression patterns and to identify additional candidate regions for adaptive introgression genome-wide. Populus trichocarpa is a large, fast-growing tree of mild coastal regions of the Pacific northwest, whereas P. balsamifera is a smaller stature tree of continental and boreal regions with intense winter-cold. The species are parapatric with extensive hybridization. Here, using local ancestry analysis, we detected asymmetric patterns of introgression across the whole genome of these two species of poplar trees adapted to contrasting environments, with stronger introgression from P. balsamifera to P. trichocarpa than vice versa. Admixed P. trichocarpa individuals showed more genomic regions with unusually high levels of introgression (19 regions) compared with admixed P. balsamifera (9 regions) but also the largest introgressed peak (1.02 Mb). Our analysis also revealed numerous candidate regions for adaptive introgression with strong signals of selection, notably related to disease resistance, and enriched for genes that may play crucial roles for survival and adaptation. Furthermore, we revealed overrepresentation of subtelomeric regions in P. balsamifera introgression into P. trichocarpa and possible protection of the sex-determining regions from interspecific gene flow.", "keywords": ["admixture", "selection", "subtelomeric regions", "adaptive introgression", "Populus trichocarpa", "Populus balsamifera"], "usageNotes": "<div class=\"o-metadata__file-usage-entry\"><h4 class=\"o-heading__level3-file-title\">annotation_introgressed_genes</h4><div class=\"o-metadata__file-description\">Annotation of candidate genes for adaptive introgression across the whole genome of P. trichocarpa (balsa in tricho) and P. balsamifera (tricho in balsa) based on local ancestry analysis in RASPberry. Gene annotation was retrived using Popgenie (Sj\u00f6din et al. 2009)</div><div class=\"o-metadata__file-name\"></div><div class=\"o-metadata__file-name\"></div></div><div class=\"o-metadata__file-usage-entry\"><h4 class=\"o-heading__level3-file-title\">TajimasD_wg_Pt_Pb</h4><div class=\"o-metadata__file-description\">Tajima\u2019s D values across all the introgressed regions for the 50 pure species individuals (P. trichocarpa and P. balsamifera), using 20-kb windows. Tajimas' D in P. balsamifera quantile 0.05 =-1.35871; 0.95 = 1.49239.  Tajimas' D in P. trichocarpa quantile 0.05 =-1.22174; 0.95 = 1.29456</div><div class=\"o-metadata__file-name\"></div><div class=\"o-metadata__file-name\"></div></div>", "locations": [{"place": "BC"}], "relatedWorks": [{"relationship": "Cites", "identifierType": "DOI", "identifier": "https://doi.org/10.1111/mec.14561"}], "versionNumber": 1, "versionStatus": "submitted", "curationStatus": "Published", "publicationDate": "2018-02-26", "lastModificationDate": "2020-06-24", "visibility": "public", "sharingLink": "https://datadryad.org/stash/share/FsPs36wCs5DTrIO97njUwqEw9wT6a3BP2q2zsKlnGd4", "userId": 11737, "license": "https://creativecommons.org/publicdomain/zero/1.0/"}