{"_links": {"self": {"href": "/api/v2/datasets/doi%3A10.5061%2Fdryad.v23v5d2"}, "stash:versions": {"href": "/api/v2/datasets/doi%3A10.5061%2Fdryad.v23v5d2/versions"}, "stash:version": {"href": "/api/v2/versions/228"}, "stash:download": {"href": "/api/v2/datasets/doi%3A10.5061%2Fdryad.v23v5d2/download"}, "curies": [{"name": "stash", "href": "https://github.com/CDL-Dryad/stash/blob/main/stash_api/link-relations.md#{rel}", "templated": "true"}]}, "identifier": "doi:10.5061/dryad.v23v5d2", "id": 228, "storageSize": 792900673, "title": "Data from: Dental ontogeny in extinct synapsids reveals a complex evolutionary history of the mammalian tooth attachment system", "authors": [{"firstName": "Aaron R.H.", "lastName": "LeBlanc", "affiliation": "University of Toronto", "affiliationROR": "https://ror.org/03dbr7087"}, {"firstName": "Kirstin S.", "lastName": "Brink", "affiliation": "University of British Columbia", "affiliationROR": "https://ror.org/03rmrcq20"}, {"firstName": "Megan R.", "lastName": "Whitney", "affiliation": "University of Washington", "affiliationROR": "https://ror.org/00cvxb145"}, {"firstName": "Fernando", "lastName": "Abdala", "affiliation": "University of the Witwatersrand", "affiliationROR": "https://ror.org/03rp50x72"}, {"firstName": "Robert R.", "lastName": "Reisz", "affiliation": "University of Toronto", "affiliationROR": "https://ror.org/03dbr7087"}, {"firstName": "Aaron R. H.", "lastName": "LeBlanc", "affiliation": "University of Alberta", "affiliationROR": "https://ror.org/0160cpw27"}], "abstract": "The mammalian dentition is uniquely characterized by a combination of precise occlusion, permanent adult teeth, and a unique tooth attachment system. Unlike the ankylosed teeth in most reptiles, mammal teeth are supported by a ligamentous tissue that suspends each tooth in its socket, providing flexible and compliant tooth attachment that prolongs the life of each tooth and maintains occlusal relationships. Here we investigate dental ontogeny through histological examination of a wide range of extinct synapsid lineages to assess whether the ligamentous tooth attachment system is unique to mammals and to determine how it evolved. This study shows for the first time that the ligamentous tooth attachment system is not unique to crown mammals within Synapsida, having arisen in several non-mammalian therapsid clades as a result of neoteny and progenesis in dental ontogeny. Mammalian tooth attachment is here re-interpreted as a paedomorphic condition relative to the ancestral synapsid form of tooth attachment.", "keywords": ["dental histology", "Triassic", "Permian", "ankylosis", "Galesaurus", "Thrinaxodon", "pelycosaur", "therapsid", "paedomorphosis"], "usageNotes": "<div class=\"o-metadata__file-usage-entry\"><h4 class=\"o-heading__level3-file-title\">Thrinaxodon adult BP/1/7199</h4><div class=\"o-metadata__file-description\">Images from CT reconstruction of the skull of an adult Thrinaxodon (BP/1/7199) used to score ontogenetic stages of teeth.</div><div class=\"o-metadata__file-name\">Thrinaxodon adult BP 1 7199.zip</br></div></div><div class=\"o-metadata__file-usage-entry\"><h4 class=\"o-heading__level3-file-title\">Thrinaxodon young (BP/1/5372)</h4><div class=\"o-metadata__file-description\">Images from CT reconstruction of the skull of a juvenile Thrinaxodon (BP/1/5372) used to score ontogenetic stages of teeth.</div><div class=\"o-metadata__file-name\">Thrinaxodon young 5372.zip</br></div></div><div class=\"o-metadata__file-usage-entry\"><h4 class=\"o-heading__level3-file-title\">Galesaurus adult BP/1/5064</h4><div class=\"o-metadata__file-description\">Images from CT reconstruction of the skull of an adult Galesaurus (BP/1/5064) used to score ontogenetic stages of teeth.</div><div class=\"o-metadata__file-name\">Galesaurus adult BP-1-5064.zip</br></div></div><div class=\"o-metadata__file-usage-entry\"><h4 class=\"o-heading__level3-file-title\">Galesaurus subadult BP/1/4602</h4><div class=\"o-metadata__file-description\">Images from CT reconstruction of the skull of a subadult Galesaurus (BP/1/4602) used to score ontogenetic stages of teeth.</div><div class=\"o-metadata__file-name\">Galesaurus subadult BP-1-4602.zip</br></div></div>", "relatedWorks": [{"relationship": "Cites", "identifierType": "DOI", "identifier": "https://doi.org/10.1098/rspb.2018.1792"}], "versionNumber": 1, "versionStatus": "submitted", "curationStatus": "Published", "publicationDate": "2018-10-15", "lastModificationDate": "2020-06-24", "visibility": "public", "sharingLink": "https://datadryad.org/stash/share/jE-y6lly6JEsXFQwh2K4BOKof822k-zXgJdEL0LY23s", "userId": 40222, "license": "https://creativecommons.org/publicdomain/zero/1.0/"}