{"_links": {"self": {"href": "/api/v2/datasets/doi%3A10.5061%2Fdryad.2sf64"}, "stash:versions": {"href": "/api/v2/datasets/doi%3A10.5061%2Fdryad.2sf64/versions"}, "stash:version": {"href": "/api/v2/versions/12652"}, "stash:download": {"href": "/api/v2/datasets/doi%3A10.5061%2Fdryad.2sf64/download"}, "curies": [{"name": "stash", "href": "https://github.com/CDL-Dryad/stash/blob/main/stash_api/link-relations.md#{rel}", "templated": "true"}]}, "identifier": "doi:10.5061/dryad.2sf64", "id": 12607, "storageSize": 85139, "title": "Data from: Experimental confirmation that body size determines mate preference via phenotype matching in a stickleback species pair", "authors": [{"firstName": "Gina L.", "lastName": "Conte", "affiliation": "University of British Columbia", "affiliationROR": "https://ror.org/03rmrcq20"}, {"firstName": "Dolph", "lastName": "Schluter", "affiliation": "University of British Columbia", "affiliationROR": "https://ror.org/03rmrcq20"}], "abstract": "Mate choice by phenotype matching, whereby individuals prefer a mate whose phenotype is similar to their own, should facilitate speciation with gene flow. This is because the genes that control mate signal (the phenotype being matched) also determine the preferred mate signal (\u2018mate preference\u2019). Speciation is made even easier if phenotype matching is based on a trait under divergent natural selection. In this case, assortative mating should readily evolve as a by-product of divergent selection on the trait. Previous observational studies of assortative mating between sympatric, hybridizing threespine stickleback species (Gasterosteus aculeatus complex) suggested that phenotype matching might occur by body size, a trait under divergent natural selection. To test this we used experimental manipulation of body size to rule out the effects of confounding variables. We found that size-manipulated benthic and limnetic stickleback females prefer mates whose body size more closely matches their own. It is thus likely that assortative mating by phenotype matching has facilitated the origin and persistence of benthic and limnetic threespine sticklebacks in the face of gene flow.", "keywords": ["reproductive isolation", "Gasterosteus aculeatus complex", "gene flow", "Selection - Natural", "Signaling/Courtship", "speciation"], "usageNotes": "<div class=\"o-metadata__file-usage-entry\"><h4 class=\"o-heading__level3-file-title\">mate choice trial data</h4><div class=\"o-metadata__file-description\">All data recorded from 57 mate choice trails, reported and analyzed in the referenced article. (See ReadMe file for guide to column headings and classifications).</div><div class=\"o-metadata__file-name\">Conte and Schluter - phenotype matching data.xlsx</br></div><div class=\"o-metadata__file-name\"></div></div>", "relatedWorks": [{"relationship": "Cites", "identifierType": "DOI", "identifier": "https://doi.org/10.1111/evo.12041"}], "versionNumber": 1, "versionStatus": "submitted", "curationStatus": "Published", "publicationDate": "2012-12-17", "lastModificationDate": "2020-06-24", "visibility": "public", "sharingLink": "https://datadryad.org/stash/share/v5zmJ3Lte8lN9-9dLIm6cP6OWI8e_3u1wLsmzDDUcKk", "userId": 3719, "license": "https://creativecommons.org/publicdomain/zero/1.0/"}