{"_links": {"self": {"href": "/api/v2/datasets/doi%3A10.5061%2Fdryad.719bt"}, "stash:versions": {"href": "/api/v2/datasets/doi%3A10.5061%2Fdryad.719bt/versions"}, "stash:version": {"href": "/api/v2/versions/809"}, "stash:download": {"href": "/api/v2/datasets/doi%3A10.5061%2Fdryad.719bt/download"}, "curies": [{"name": "stash", "href": "https://github.com/CDL-Dryad/stash/blob/main/stash_api/link-relations.md#{rel}", "templated": "true"}]}, "identifier": "doi:10.5061/dryad.719bt", "id": 808, "storageSize": 317522404, "title": "Data from: Calorespirometry reveals that goldfish prioritize aerobic metabolism over metabolic rate depression in all but near-anoxic environments", "authors": [{"firstName": "Matthew D.", "lastName": "Regan", "affiliation": "University of British Columbia", "affiliationROR": "https://ror.org/03rmrcq20"}, {"firstName": "Ivan", "lastName": "Gill", "affiliation": "University of British Columbia", "affiliationROR": "https://ror.org/03rmrcq20"}, {"firstName": "Jeffrey G.", "lastName": "Richards", "affiliation": "University of British Columbia", "affiliationROR": "https://ror.org/03rmrcq20"}], "abstract": "Metabolic rate depression (MRD) has long been proposed as the key metabolic strategy of hypoxic survival, but surprisingly the effects of changes in hypoxic O2 tensions (PwO2) on MRD are largely unexplored. We simultaneously measured the O2 consumption rate (\u1e40O2) and metabolic heat of goldfish using calorespirometry to test the hypothesis that MRD is employed at hypoxic PwO2s and initiated just below Pcrit, the PwO2 below which \u1e40O2 is forced to progressively decline as the fish oxyconforms to decreasing PwO2. Specifically, we used closed-chamber and flow-through calorespirometry together with terminal sampling experiments to examine the effects of PwO2 and time on \u1e40O2, metabolic heat and anaerobic metabolism (lactate and ethanol production). The closed-chamber and flow-through experiments yielded slightly different results. Under closed-chamber conditions with a continually decreasing PwO2, goldfish showed a Pcrit of 3.0\u00b10.3 kPa and metabolic heat production was only depressed at PwO2 between 0 and 0.67 kPa. Under flow-through conditions with PwO2 held at a variety of oxygen tensions for 1 and 4 h, goldfish also initiated MRD between 0 and 0.67 kPa but maintained \u1e40O2 to 0.67 kPa, indicating that Pcrit is at or below this PwO2. Anaerobic metabolism was strongly activated at PwO2 \u22641.3 kPa, but only used within the first hour at 1.3 and 0.67 kPa as anaerobic end-products did not accumulate between 1 and 4 h exposure. Taken together, it appears that goldfish reserve MRD for near-anoxia, supporting routine metabolic rate at sub-Pcrit PwO2s with the help of anaerobic glycolysis in the closed-chamber experiments, and aerobically after an initial (<1 h) activation of anaerobic metabolism in the flow-through experiments, even at 0.67 kPa PwO2.", "keywords": ["Environmental hypoxia", "Critical oxygen tension", "Metabolic heat", "Fish", "Calorespirometry", "Metabolic depression"], "usageNotes": "<div class=\"o-metadata__file-usage-entry\"><h4 class=\"o-heading__level3-file-title\">Calorespirometry raw data files</h4><div class=\"o-metadata__file-description\">Excel files of raw data from closed-chamber and flow-through calorespirometry experiments.</div><div class=\"o-metadata__file-name\">REGAN_data.zip</br></div></div>", "relatedWorks": [{"relationship": "Cites", "identifierType": "DOI", "identifier": "https://doi.org/10.1242/jeb.145169"}], "versionNumber": 1, "versionStatus": "submitted", "curationStatus": "Published", "publicationDate": "2016-11-22", "lastModificationDate": "2020-06-24", "visibility": "public", "sharingLink": "https://datadryad.org/stash/share/MwJvNbDzuu2reUwmU2iI1A2CPk_ODIt1S4k0sUGRr2E", "userId": 20491, "license": "https://creativecommons.org/publicdomain/zero/1.0/"}