{"_links": {"self": {"href": "/api/v2/datasets/doi%3A10.5061%2Fdryad.pm793v8"}, "stash:versions": {"href": "/api/v2/datasets/doi%3A10.5061%2Fdryad.pm793v8/versions"}, "stash:version": {"href": "/api/v2/versions/23864"}, "stash:download": {"href": "/api/v2/datasets/doi%3A10.5061%2Fdryad.pm793v8/download"}, "curies": [{"name": "stash", "href": "https://github.com/CDL-Dryad/stash/blob/main/stash_api/link-relations.md#{rel}", "templated": "true"}]}, "identifier": "doi:10.5061/dryad.pm793v8", "id": 23800, "storageSize": 49825, "title": "Data from: The prevalence of MS in the United States: a population-based estimate using health claims data", "authors": [{"firstName": "Mitchell T.", "lastName": "Wallin", "affiliation": "Georgetown University", "affiliationROR": "https://ror.org/05vzafd60"}, {"firstName": "William J.", "lastName": "Culpepper", "affiliation": "University of Maryland, Baltimore", "affiliationROR": "https://ror.org/04rq5mt64"}, {"firstName": "Jonathan D.", "lastName": "Campbell", "affiliation": "University of Colorado, Aurora"}, {"firstName": "Lorene M.", "lastName": "Nelson", "affiliation": "Stanford University", "affiliationROR": "https://ror.org/00f54p054"}, {"firstName": "Annette", "lastName": "Langer-Gould", "affiliation": "Southern California Permanente Medical Group, Pasadena"}, {"firstName": "Ruth Ann", "lastName": "Marrie", "affiliation": "University of Manitoba", "affiliationROR": "https://ror.org/02gfys938"}, {"firstName": "Gary R.", "lastName": "Cutter", "affiliation": "University of Alabama at Birmingham", "affiliationROR": "https://ror.org/008s83205"}, {"firstName": "Wendy E.", "lastName": "Kaye", "affiliation": "McKing Consulting Corp, Atlanta, GA"}, {"firstName": "Laurie", "lastName": "Wagner", "affiliation": "McKing Consulting Corp, Atlanta, GA"}, {"firstName": "Helen", "lastName": "Tremlett", "affiliation": "University of British Columbia", "affiliationROR": "https://ror.org/03rmrcq20"}, {"firstName": "Stephen L.", "lastName": "Buka", "affiliation": "Brown University", "affiliationROR": "https://ror.org/05gq02987"}, {"firstName": "Piyameth", "lastName": "Dilokthornsakul", "affiliation": "University of Colorado, Aurora"}, {"firstName": "Barbara", "lastName": "Topol", "affiliation": "Stanford University", "affiliationROR": "https://ror.org/00f54p054"}, {"firstName": "Lie H.", "lastName": "Chen", "affiliation": "Southern California Permanente Medical Group, Pasadena"}, {"firstName": "Nicholas G.", "lastName": "LaRocca"}], "abstract": "Objective: To generate a national multiple sclerosis (MS) prevalence estimate for the United States by\r\napplying a validated algorithm to multiple administrative health claims (AHC) datasets.\r\nMethods: A validated algorithm was applied to private, military, and public AHC datasets to identify adult\r\ncases of MS between 2008 and 2010. In each dataset, we determined the 3-year cumulative\r\nprevalence overall and stratified by age, sex, and census region. We applied insurance-specific\r\nand stratum-specific estimates to the 2010 US Census data and pooled the findings to calculate\r\nthe 2010 prevalence of MS in the United States cumulated over 3 years. We also estimated the\r\n2010 prevalence cumulated over 10 years using 2 models and extrapolated our estimate to 2017.\r\nResults: The estimated 2010 prevalence of MS in the US adult population cumulated over 10 years was\r\n309.2 per 100,000 (95% confidence interval [CI] 308.1\u2013310.1), representing 727,344 cases.\r\nDuring the same time period, the MS prevalence was 450.1 per 100,000 (95% CI 448.1\u2013451.6)\r\nfor women and 159.7 (95% CI 158.7\u2013160.6) for men (female:male ratio 2.8). The estimated\r\n2010 prevalence of MS was highest in the 55- to 64-year age group. A US north-south\r\ndecreasing prevalence gradient was identified. The estimated MS prevalence is also presented\r\nfor 2017.\r\nConclusion: The estimated US national MS prevalence for 2010 is the highest reported to date and provides\r\nevidence that the north-south gradient persists. Our rigorous algorithm-based approach to\r\nestimating prevalence is efficient and has the potential to be used for other chronic neurologic\r\nconditions.", "usageNotes": "<div class=\"o-metadata__file-usage-entry\"><h4 class=\"o-heading__level3-file-title\">Prev of MS in the US-E-Appendix-Feb-19-2018</h4><div class=\"o-metadata__file-name\"></div></div>", "relatedWorks": [{"relationship": "Cites", "identifierType": "DOI", "identifier": "https://doi.org/10.1212/wnl.0000000000007035"}], "versionNumber": 1, "versionStatus": "submitted", "curationStatus": "Published", "publicationDate": "2019-02-22", "lastModificationDate": "2020-06-24", "visibility": "public", "sharingLink": "https://datadryad.org/stash/share/LjXyJvj619bVE1cpe_NxmWKDnsRvJFeeTJsPgrl2Px8", "userId": 6947, "license": "https://creativecommons.org/publicdomain/zero/1.0/"}