{"_links": {"self": {"href": "/api/v2/datasets/doi%3A10.5061%2Fdryad.6h5v1"}, "stash:versions": {"href": "/api/v2/datasets/doi%3A10.5061%2Fdryad.6h5v1/versions"}, "stash:version": {"href": "/api/v2/versions/24651"}, "stash:download": {"href": "/api/v2/datasets/doi%3A10.5061%2Fdryad.6h5v1/download"}, "curies": [{"name": "stash", "href": "https://github.com/CDL-Dryad/stash/blob/main/stash_api/link-relations.md#{rel}", "templated": "true"}]}, "identifier": "doi:10.5061/dryad.6h5v1", "id": 24579, "storageSize": 5483375, "title": "Data from: Comparative analysis reveals that polyploidy does not decelerate diversification in fish", "authors": [{"firstName": "Shing H.", "lastName": "Zhan", "affiliation": "University of British Columbia", "affiliationROR": "https://ror.org/03rmrcq20"}, {"firstName": "Lior", "lastName": "Glick", "affiliation": "Tel Aviv University", "affiliationROR": "https://ror.org/04mhzgx49"}, {"firstName": "Costas S.", "lastName": "Tsigenopoulos", "affiliation": "Hellenic Centre for Marine Research", "affiliationROR": "https://ror.org/038kffh84"}, {"firstName": "Sally P.", "lastName": "Otto", "affiliation": "University of British Columbia", "affiliationROR": "https://ror.org/03rmrcq20"}, {"firstName": "Itay", "lastName": "Mayrose", "affiliation": "Tel Aviv University", "affiliationROR": "https://ror.org/04mhzgx49"}], "abstract": "While the proliferation of the species-rich teleost fish has been ascribed to an ancient genome duplication event at the base of this group, the broader impact of polyploidy on fish evolution and diversification remains poorly understood. Here, we investigate the association between polyploidy and diversification in several fish lineages: the sturgeons (Acipenseridae: Acipenseriformes), the botiid loaches (Botiidae: Cypriniformes), Cyprininae fishes (Cyprinidae: Cypriniformes) and the salmonids (Salmonidae: Salmoniformes). Using likelihood-based evolutionary methodologies, we co-estimate speciation and extinction rates associated with polyploid vs. diploid fish lineages. Family-level analysis of Acipenseridae and Botiidae revealed no significant difference in diversification rates between polyploid and diploid relatives, while analysis of the subfamily Cyprininae revealed higher polyploid diversification. Additionally, order-level analysis of the polyploid Salmoniformes and its diploid sister clade, the Esociformes, did not support a significantly different net diversification rate between the two groups. Taken together, our results suggest that polyploidy is generally not associated with decreased diversification in fish \u2013 a pattern that stands in contrast to that previously observed in plants. While there are notable differences in the time frame examined in the two studies, our results suggest that polyploidy is associated with different diversification patterns in these two major branches of the eukaryote tree of life.", "keywords": ["chromosome number", "salmonidae", "polyploidy", "genome duplication", "Acipenseridae", "teleost fish", "diversification", "Cyprinidae", "Botiidae", "speciation"], "usageNotes": "<div class=\"o-metadata__file-usage-entry\"><h4 class=\"o-heading__level3-file-title\">fish_polyploidy</h4><div class=\"o-metadata__file-description\">Phylogenetic and ploidy level data of 4 fish groups examined: Acipenseridae, Botiidae, Cyprininae, and Salmoniformes.</div><div class=\"o-metadata__file-name\"></div><div class=\"o-metadata__file-name\"></div></div>", "relatedWorks": [{"relationship": "Cites", "identifierType": "DOI", "identifier": "https://doi.org/10.1111/jeb.12308"}], "versionNumber": 1, "versionStatus": "submitted", "curationStatus": "Published", "publicationDate": "2013-12-02", "lastModificationDate": "2020-06-30", "visibility": "public", "sharingLink": "https://datadryad.org/stash/share/KwYY1m54tVreVKATigBaQ8OVq_zszCFJxQvP1p8qn2E", "userId": 20361, "license": "https://creativecommons.org/publicdomain/zero/1.0/"}