{"_links": {"self": {"href": "/api/v2/datasets/doi%3A10.5061%2Fdryad.158pb518"}, "stash:versions": {"href": "/api/v2/datasets/doi%3A10.5061%2Fdryad.158pb518/versions"}, "stash:version": {"href": "/api/v2/versions/9919"}, "stash:download": {"href": "/api/v2/datasets/doi%3A10.5061%2Fdryad.158pb518/download"}, "curies": [{"name": "stash", "href": "https://github.com/CDL-Dryad/stash/blob/main/stash_api/link-relations.md#{rel}", "templated": "true"}]}, "identifier": "doi:10.5061/dryad.158pb518", "id": 9878, "storageSize": 89896, "title": "Data from: Adaptation with gene flow across the landscape in a dune sunflower", "authors": [{"firstName": "Rose L.", "lastName": "Andrew", "affiliation": "University of British Columbia", "affiliationROR": "https://ror.org/03rmrcq20"}, {"firstName": "Katherine L.", "lastName": "Ostevik", "affiliation": "University of British Columbia", "affiliationROR": "https://ror.org/03rmrcq20"}, {"firstName": "Daniel P.", "lastName": "Ebert", "affiliation": "University of British Columbia", "affiliationROR": "https://ror.org/03rmrcq20"}, {"firstName": "Loren H.", "lastName": "Rieseberg", "affiliation": "University of British Columbia", "affiliationROR": "https://ror.org/03rmrcq20"}], "abstract": "Isolation by adaptation increases divergence at neutral loci when natural selection against immigrants reduces the rate of gene flow between different habitats. This can occur early in the process of adaptive divergence and is a key feature of ecological speciation. Despite the ability of isolation by distance and other forms of landscape resistance to produce similar patterns of neutral divergence within species, few studies have used landscape genetics to control for these other forces. We have studied the divergence of Helianthus petiolaris ecotypes living in active sand dunes and adjacent non-dune habitat, using landscape genetics approaches, such as circuit theory and multiple regression of distance matrices, in addition to coalescent modelling. Divergence between habitats was significant, but not strong, and was shaped by isolation by distance. We expected that increased resistance due to patchy and unfavourable habitat in the dunes would contribute to divergence. Instead, we found that landscape resistance models with lower resistance in the dunes performed well as predictors of genetic distances among subpopulations. Nevertheless, habitat class remained a strong predictor of genetic distance when controlling for isolation by resistance and isolation by distance. We also measured environmental variables at each site and confirmed that specific variables, especially soil nitrogen and vegetation cover, explained a greater proportion of variance in genetic distance than did landscape or the habitat classification alone. Asymmetry in effective population sizes and numbers of migrants per generation was detected using coalescent modelling with Bayesian inference, which is consistent with incipient ecological speciation being driven by the dune habitat.", "keywords": ["Helianthus petiolaris", "Landscape Genetics", "Ecological Genetics", "speciation", "Population Genetics - Empirical"], "usageNotes": "<div class=\"o-metadata__file-usage-entry\"><h4 class=\"o-heading__level3-file-title\">Population_data</h4><div class=\"o-metadata__file-name\"></div><div class=\"o-metadata__file-name\"></div></div><div class=\"o-metadata__file-usage-entry\"><h4 class=\"o-heading__level3-file-title\">gsd_main_15l.stru</h4><div class=\"o-metadata__file-name\"></div><div class=\"o-metadata__file-name\"></div></div><div class=\"o-metadata__file-usage-entry\"><h4 class=\"o-heading__level3-file-title\">gsd_migrate_12l</h4><div class=\"o-metadata__file-name\"></div><div class=\"o-metadata__file-name\"></div></div>", "locations": [{"place": "Great Sand Dunes"}, {"place": "USA"}, {"place": "Colorado"}], "relatedWorks": [{"relationship": "Cites", "identifierType": "DOI", "identifier": "https://doi.org/10.1111/j.1365-294X.2012.05454.x"}], "versionNumber": 1, "versionStatus": "submitted", "curationStatus": "Published", "publicationDate": "2011-12-14", "lastModificationDate": "2020-06-24", "visibility": "public", "sharingLink": "https://datadryad.org/stash/share/E70ELG6SVbnTDy6lBZE_YFHEKP2pUR0OUNrubXxdAzM", "userId": 1448, "license": "https://creativecommons.org/publicdomain/zero/1.0/"}