{"_links": {"self": {"href": "/api/v2/datasets/doi%3A10.5061%2Fdryad.3nr41"}, "stash:versions": {"href": "/api/v2/datasets/doi%3A10.5061%2Fdryad.3nr41/versions"}, "stash:version": {"href": "/api/v2/versions/13124"}, "stash:download": {"href": "/api/v2/datasets/doi%3A10.5061%2Fdryad.3nr41/download"}, "curies": [{"name": "stash", "href": "https://github.com/CDL-Dryad/stash/blob/main/stash_api/link-relations.md#{rel}", "templated": "true"}]}, "identifier": "doi:10.5061/dryad.3nr41", "id": 13074, "storageSize": 79530, "title": "Data from: Small montane cloud forest fragments are important for conserving tree diversity in the Ecuadorian Andes", "authors": [{"firstName": "Sarah Jane", "lastName": "Wilson", "affiliation": "University of Michigan-Ann Arbor", "affiliationROR": "https://ror.org/00jmfr291"}, {"firstName": "Jeanine M.", "lastName": "Rhemtulla", "affiliation": "University of British Columbia", "affiliationROR": "https://ror.org/03rmrcq20"}], "abstract": "Montane tropical cloud forests, with their complex topography, biodiversity, high numbers of endemic species, and rapid rates of clearing are a top global conservation priority. However, species distributions at local and landscape scales in cloud forests are still poorly understood, in part because few regions have been surveyed. Empirical work has focused on species distributions along elevation gradients, but spatial variation among forests at the same elevation is less commonly investigated. In this study, the first to compare tree communities across multiple Andean cloud forests at similar elevations, we surveyed trees in five ridge-top forest reserves at the upper end of the \u2018mid-elevation diversity bulge\u2019 (1900-2250 masl) in the Intag Valley, a heavily deforested region in the Ecuadorian Andes. We found that tree communities were distinct in reserves located as close as 10 to 35 km apart, and that spatially closer forests were not more similar to one another. Although larger (1500 to 6880 ha), more intact forests contained significantly more tree species (108-120 species/0.1ha) than smaller (30 to 780ha) ones (56-87 species/0.1ha), each reserve had unique combinations of more common species, and contained high proportions of species not found in the others. Results thus suggest that protecting multiple cloud forest patches within this narrow elevational band is essential to conserve landscape-level tree diversity, and that even small forest reserves contribute significantly to biodiversity conservation. These findings can be applied to create management plans to conserve and restore cloud forests in the Andes and tropical montane cloud forests elsewhere.", "keywords": ["Andean biogeography", "SLOSS", "conservation planning", "mid-elevation diversity bulge", "tropical mountain forest."], "usageNotes": "<div class=\"o-metadata__file-usage-entry\"><h4 class=\"o-heading__level3-file-title\">Cloud Forest Tree Data</h4><div class=\"o-metadata__file-description\">This data is transect-level presence/absence tree data for five cloud forest reserves in Andean Ecuador. Please contact the author at drsarahjwilson@gmail.com with questions.</div><div class=\"o-metadata__file-name\">prescence_abscence.xlsx</br></div></div>", "locations": [{"place": "Tropical Andes"}], "relatedWorks": [{"relationship": "Cites", "identifierType": "DOI", "identifier": "https://doi.org/10.1111/btp.12542"}], "versionNumber": 1, "versionStatus": "submitted", "curationStatus": "Published", "publicationDate": "2018-01-25", "lastModificationDate": "2020-06-24", "visibility": "public", "sharingLink": "https://datadryad.org/stash/share/ztj4O5xbWGJTDGEHZFghAVwqrfDHR_h7qmAt4UzPP0U", "userId": 14193, "license": "https://creativecommons.org/publicdomain/zero/1.0/"}