{"_links": {"self": {"href": "/api/v2/datasets/doi%3A10.5061%2Fdryad.b74d971"}, "stash:versions": {"href": "/api/v2/datasets/doi%3A10.5061%2Fdryad.b74d971/versions"}, "stash:version": {"href": "/api/v2/versions/45590"}, "stash:download": {"href": "/api/v2/datasets/doi%3A10.5061%2Fdryad.b74d971/download"}, "curies": [{"name": "stash", "href": "https://github.com/CDL-Dryad/stash/blob/main/stash_api/link-relations.md#{rel}", "templated": "true"}]}, "identifier": "doi:10.5061/dryad.b74d971", "id": 29468, "storageSize": 309202, "title": "Data from: City sicker? a meta-analysis of wildlife health and urbanization", "authors": [{"firstName": "Maureen H.", "lastName": "Murray", "email": "maureenmurray@lpzoo.org", "affiliation": "Lincoln Park Zoo", "affiliationROR": "https://ror.org/00mzrph17"}, {"firstName": "Cecilia A.", "lastName": "Sanchez", "email": "", "affiliation": "University of Georgia", "affiliationROR": "https://ror.org/00te3t702"}, {"firstName": "Daniel J.", "lastName": "Becker", "email": "", "affiliation": "Indiana University Bloomington", "affiliationROR": "https://ror.org/02k40bc56"}, {"firstName": "Kaylee A.", "lastName": "Byers", "email": "", "affiliation": "University of British Columbia", "affiliationROR": "https://ror.org/03rmrcq20"}, {"firstName": "Katherine E. L.", "lastName": "Worsley-Tonks", "email": "", "affiliation": "University of Minnesota", "affiliationROR": "https://ror.org/017zqws13"}, {"firstName": "Meggan E.", "lastName": "Craft", "email": "", "affiliation": "University of Minnesota", "affiliationROR": "https://ror.org/017zqws13"}], "abstract": "<p>Urban development can alter resource availability, land use, and community composition, in turn influencing wildlife health. Generalizable relationships between wildlife health and urbanization have yet to be quantified, and could vary across health metrics and animal taxonomy. We present a phylogenetic meta-analysis of 516 records spanning 81 wildlife species from 106 studies comparing the toxicant loads, parasitism, body condition, or stress of urban and non-urban wildlife populations in 30 countries. We find a significantly negative relationship between urbanization and wildlife health, driven by higher toxicant loads and greater parasitism by parasites transmitted through close contact. Invertebrates and amphibians were particularly affected, with higher toxicant loads and physiological stress in urban populations as compared to their non-urban counterparts. We also found strong geographic and taxonomic bias in research effort, highlighting future research needs. Our results suggest urban wildlife experience several health risks with potential threats to conservation.</p>\r\n", "keywords": ["toxicant", "Insecta", "Amphibia", "Publication Bias", "body condition", "urban wildlife", "Ichthyes", "Infection", "Mammalia", "phylogenetic meta-analysis", "Reptilia", "Aves", "physiological stress"], "usageNotes": "<div class=\"o-metadata__file-usage-entry\"><h4 class=\"o-heading__level3-file-title\">Data from: City sicker? A meta-analysis of wildlife health and urbanization</h4><div class=\"o-metadata__file-description\">Data recorded from 106 studies that compared the health of urban and non-urban populations of the same species. Columns contain information on statistical comparisons, study locations, host species, and level of urbanization. Column headings are defined in the readme file.</div><div class=\"o-metadata__file-name\">Murray Sanchez et al_urban wildlife May 20 2019.csv</br></div><div class=\"o-metadata__file-name\"></div></div><div class=\"o-metadata__file-usage-entry\"><h4 class=\"o-heading__level3-file-title\">Murray Sanchez et al_R code</h4><div class=\"o-metadata__file-description\">R code used to perform the phylogenetic meta-analysis in the manuscript \"City sicker? a meta-analysis of wildlife health and urbanization\". We used a hierarchical random-effects model (REM) accounting for phylogenetic dependence of individual species relatedness and multiple records within each study to estimate the size and strength of the overall relationship between urbanization and wildlife health and fit a set of mixed-effect models (MEMs) considering taxonomic group, health metric, species life history. We then fit sets of MEMs separately to each health metric dataset to assess if urbanization-wildlife health relationships vary by wildlife species traits (taxonomic group, life history), parasite traits (parasite type, transmission route), health metric methodology, and study country metrics (mean country GHF, log GDP) and level of urbanization when study location was provided.  Please see the README file for variable name definitions.</div><div class=\"o-metadata__file-name\"></div></div>", "locations": [{"place": "South America"}, {"place": "United States"}, {"place": "Asia"}, {"place": "Europe"}, {"place": "Australasia"}, {"place": "Africa"}, {"place": "North America"}], "relatedWorks": [{"relationship": "Cites", "identifierType": "DOI", "identifier": "https://doi.org/10.1002/fee.2126"}], "versionNumber": 3, "versionStatus": "submitted", "curationStatus": "Published", "publicationDate": "2019-12-04", "lastModificationDate": "2019-12-04", "visibility": "public", "sharingLink": "https://datadryad.org/stash/share/LsfCiCqnW_W0BzIe1tb3o3iIOlTPXmS3jFh4nZCbx6Q", "userId": 43120, "license": "https://creativecommons.org/publicdomain/zero/1.0/"}