{"_links": {"self": {"href": "/api/v2/datasets/doi%3A10.5061%2Fdryad.d19j0"}, "stash:versions": {"href": "/api/v2/datasets/doi%3A10.5061%2Fdryad.d19j0/versions"}, "stash:version": {"href": "/api/v2/versions/819"}, "stash:download": {"href": "/api/v2/datasets/doi%3A10.5061%2Fdryad.d19j0/download"}, "curies": [{"name": "stash", "href": "https://github.com/CDL-Dryad/stash/blob/main/stash_api/link-relations.md#{rel}", "templated": "true"}]}, "identifier": "doi:10.5061/dryad.d19j0", "id": 818, "storageSize": 314274475, "title": "Data from: Morphological identification and single-cell genomics of marine diplonemids", "authors": [{"firstName": "Ryan M. R.", "lastName": "Gawryluk", "affiliation": "University of British Columbia", "affiliationROR": "https://ror.org/03rmrcq20"}, {"firstName": "Javier", "lastName": "del Campo", "affiliation": "University of British Columbia", "affiliationROR": "https://ror.org/03rmrcq20"}, {"firstName": "Noriko", "lastName": "Okamoto", "affiliation": "University of British Columbia", "affiliationROR": "https://ror.org/03rmrcq20"}, {"firstName": "Jurgen F. H.", "lastName": "Strassert", "affiliation": "University of British Columbia", "affiliationROR": "https://ror.org/03rmrcq20"}, {"firstName": "Julius", "lastName": "Lukes", "affiliation": "University of South Bohemia in \u010cesk\u00e9 Bud\u011bjovice", "affiliationROR": "https://ror.org/033n3pw66"}, {"firstName": "Thomas A.", "lastName": "Richards", "affiliation": "University of Exeter", "affiliationROR": "https://ror.org/03yghzc09"}, {"firstName": "Alexandra Z.", "lastName": "Worden", "affiliation": "University of British Columbia", "affiliationROR": "https://ror.org/03rmrcq20"}, {"firstName": "Alyson E.", "lastName": "Santoro", "affiliation": "University of California System", "affiliationROR": "https://ror.org/00pjdza24"}, {"firstName": "Patrick J.", "lastName": "Keeling", "affiliation": "University of British Columbia", "affiliationROR": "https://ror.org/03rmrcq20"}], "abstract": "Recent global surveys of marine biodiversity have revealed that a group of organisms known as \u201cmarine diplonemids\u201d constitutes one of the most abundant and diverse planktonic lineages [1]. Though discovered over a decade ago [2 and 3], their potential importance was unrecognized, and our knowledge remains restricted to a single gene amplified from environmental DNA, the 18S rRNA gene (small subunit [SSU]). Here, we use single-cell genomics (SCG) and microscopy to characterize ten marine diplonemids, isolated from a range of depths in the eastern North Pacific Ocean. Phylogenetic analysis confirms that the isolates reflect the entire range of marine diplonemid diversity, and comparisons to environmental SSU surveys show that sequences from the isolates range from rare to superabundant, including the single most common marine diplonemid known. SCG generated a total of \u223c915 Mbp of assembled sequence across all ten cells and \u223c4,000 protein-coding genes with homologs in the Kyoto Encyclopedia of Genes and Genomes (KEGG) orthology database, distributed across categories expected for heterotrophic protists. Models of highly conserved genes indicate a high density of non-canonical introns, lacking conventional GT-AG splice sites. Mapping metagenomic datasets [4] to SCG assemblies reveals virtually no overlap, suggesting that nuclear genomic diversity is too great for representative SCG data to provide meaningful phylogenetic context to metagenomic datasets. This work provides an entry point to the future identification, isolation, and cultivation of these elusive yet ecologically important cells. The high density of nonconventional introns, however, also portends difficulty in generating accurate gene models and highlights the need for the establishment of stable cultures and transcriptomic analyses.", "keywords": ["(marine) diplonemids", "intron", "protist", "single-cell genomics", "diplonemid"], "usageNotes": "<div class=\"o-metadata__file-usage-entry\"><h4 class=\"o-heading__level3-file-title\">Single-cell genomic scaffolds from 10 'wild-caught' marine diplonemids</h4><div class=\"o-metadata__file-description\">FASTA format single-cell genomic scaffolds of 10 marine diplonemid (protist) cells are presented. Scaffolds were generated with the SPAdes assembler; contaminating sequences were removed, as described in the publication. Each FASTA file is derived from a single cell. Cells are referred to by the numbers used in the publication (i.e., cells 3, 13, 21, 27, 37, 47, 1sb, 4sb, 9sb, 21sb) as no species names exist.</div><div class=\"o-metadata__file-name\">marine_diplonemid_SAGs.zip</br></div></div><div class=\"o-metadata__file-usage-entry\"><h4 class=\"o-heading__level3-file-title\">Figure S1 (related to Figure 1). Taxon-annotated GC plots demonstrate the effectiveness of our decontamination procedure.</h4><div class=\"o-metadata__file-description\">Plots were generated using blobtools (https://github.com/DRL/blobtools) for each SCG assembly before and after decontamination using the megablast/blastx protocol described in Experimental Procedures. Plots are based on megablast queries of the NCBI nt database according to taxonomic Order.</div><div class=\"o-metadata__file-name\">FigS1.pdf</br></div></div>", "locations": [{"place": "Off of California coastline"}], "relatedWorks": [{"relationship": "Cites", "identifierType": "DOI", "identifier": "https://doi.org/10.1016/j.cub.2016.09.013"}], "versionNumber": 1, "versionStatus": "submitted", "curationStatus": "Published", "publicationDate": "2017-10-07", "lastModificationDate": "2020-06-24", "visibility": "public", "sharingLink": "https://datadryad.org/stash/share/Vt39I53SCHgjEdWqZSPrRUjP6L2wENbBkrnb1dbHKAM", "userId": 39819, "license": "https://creativecommons.org/publicdomain/zero/1.0/"}