{"_links": {"self": {"href": "/api/v2/datasets/doi%3A10.5061%2Fdryad.vr165"}, "stash:versions": {"href": "/api/v2/datasets/doi%3A10.5061%2Fdryad.vr165/versions"}, "stash:version": {"href": "/api/v2/versions/15651"}, "stash:download": {"href": "/api/v2/datasets/doi%3A10.5061%2Fdryad.vr165/download"}, "curies": [{"name": "stash", "href": "https://github.com/CDL-Dryad/stash/blob/main/stash_api/link-relations.md#{rel}", "templated": "true"}]}, "identifier": "doi:10.5061/dryad.vr165", "id": 15596, "storageSize": 50061, "title": "Data from: Group elicitations yield more consistent, yet more uncertain experts in understanding risks to ecosystem services in New Zealand bays", "authors": [{"firstName": "Gerald G.", "lastName": "Singh", "affiliation": "University of British Columbia", "affiliationROR": "https://ror.org/03rmrcq20"}, {"firstName": "Jim", "lastName": "Sinner", "affiliation": "Cawthron Institute", "affiliationROR": "https://ror.org/03sffqe64"}, {"firstName": "Joanne", "lastName": "Ellis", "affiliation": "King Abdullah University of Science and Technology", "affiliationROR": "https://ror.org/01q3tbs38"}, {"firstName": "Milind", "lastName": "Kandlikar", "affiliation": "University of British Columbia", "affiliationROR": "https://ror.org/03rmrcq20"}, {"firstName": "Benjamin S.", "lastName": "Halpern", "affiliation": "Imperial College London", "affiliationROR": "https://ror.org/041kmwe10"}, {"firstName": "Terre", "lastName": "Satterfield", "affiliation": "University of British Columbia", "affiliationROR": "https://ror.org/03rmrcq20"}, {"firstName": "Kai", "lastName": "Chan", "affiliation": "University of British Columbia", "affiliationROR": "https://ror.org/03rmrcq20"}], "abstract": "The elicitation of expert judgment is an important tool for assessment of risks and impacts in environmental management contexts, and especially important as decision-makers face novel challenges where prior empirical research is lacking or insufficient. Evidence-driven elicitation approaches typically involve techniques to derive more accurate probability distributions under fairly specific contexts. Experts are, however, prone to overconfidence in their judgements. Group elicitations with diverse experts can reduce expert overconfidence by allowing cross-examination and reassessment of prior judgements, but groups are also prone to uncritical \u201cgroupthink\u201d errors. When the problem context is underspecified the probability that experts commit groupthink errors may increase. This study addresses how structured workshops affect expert variability among and certainty within responses in a New Zealand case study. We find that experts\u2019 risk estimates before and after a workshop differ, and that group elicitations provided greater consistency of estimates, yet also greater uncertainty among experts, when addressing prominent impacts to four different ecosystem services in coastal New Zealand. After group workshops, experts provided more consistent ranking of risks and more consistent best estimates of impact through increased clarity in terminology and dampening of extreme positions, yet probability distributions for impacts widened. The results from this case study suggest that group elicitations have favorable consequences for the quality and uncertainty of risk judgments within and across experts, making group elicitation techniques invaluable tools in contexts of limited data.", "keywords": ["Expert elicitation", "Cumulative impacts", "coastal management", "decisions under uncertainty", "ecosystem services", "Environmental management"], "usageNotes": "<div class=\"o-metadata__file-usage-entry\"><h4 class=\"o-heading__level3-file-title\">Expert data for ranks, mode comparison, and interval comparison</h4><div class=\"o-metadata__file-description\">Multiple sheets in the workbook show data for expert responses ranking and quantifying impacts (with uncertainty) on ecosystem services. On ranking sheets, each row corresponds to ranking of different experts. On mode comparison, \"absolute diff\" indicates the difference of each expert's estimate of impact compared to the mean value. On interval comparison, \"range\" indicates the interval range for each expert's uncertainty in the impact score.</div><div class=\"o-metadata__file-name\">Expert_data_dryad.xlsx</br></div></div>", "locations": [{"place": "New Zealand"}], "relatedWorks": [{"relationship": "Cites", "identifierType": "DOI", "identifier": "https://doi.org/10.1371/journal.pone.0182233"}], "versionNumber": 1, "versionStatus": "submitted", "curationStatus": "Published", "publicationDate": "2018-07-19", "lastModificationDate": "2020-06-24", "visibility": "public", "sharingLink": "https://datadryad.org/stash/share/U8UX0Ho4c5yS3ipSubTaMBv2_EyH-HdfZZUhPLX7oyw", "userId": 25365, "license": "https://creativecommons.org/publicdomain/zero/1.0/"}