{"_links": {"self": {"href": "/api/v2/datasets/doi%3A10.5061%2Fdryad.d0325"}, "stash:versions": {"href": "/api/v2/datasets/doi%3A10.5061%2Fdryad.d0325/versions"}, "stash:version": {"href": "/api/v2/versions/5556"}, "stash:download": {"href": "/api/v2/datasets/doi%3A10.5061%2Fdryad.d0325/download"}, "curies": [{"name": "stash", "href": "https://github.com/CDL-Dryad/stash/blob/main/stash_api/link-relations.md#{rel}", "templated": "true"}]}, "identifier": "doi:10.5061/dryad.d0325", "id": 5521, "storageSize": 368853, "title": "Data from: Root effect haemoglobins in fish may greatly enhance general oxygen delivery relative to other vertebrates", "authors": [{"firstName": "Jodie L.", "lastName": "Rummer", "affiliation": "University of British Columbia", "affiliationROR": "https://ror.org/03rmrcq20"}, {"firstName": "Colin J.", "lastName": "Brauner", "affiliation": "University of British Columbia", "affiliationROR": "https://ror.org/03rmrcq20"}], "abstract": "The teleost fishes represent over half of all extant vertebrates; they occupy nearly every body of water and in doing so, occupy a diverse array of environmental conditions. We propose that their success is related to a unique oxygen (O2) transport system involving their extremely pH-sensitive haemoglobin (Hb). A reduction in pH reduces both Hb-O2 affinity (Bohr effect) and carrying capacity (Root effect). This, combined with a large arterial-venous pH change (\u0394pHa-v) relative to other vertebrates, may greatly enhance tissue oxygen delivery in teleosts (e.g., rainbow trout) during stress, beyond that in mammals (e.g., human). We generated oxygen equilibrium curves (OECs) at five different CO2 tensions for rainbow trout and determined that, when Hb-O2 saturation is 50% or greater, the change in oxygen partial pressure (\u0394PO2) associated with \u0394pHa-v can exceed that of the mammalian Bohr effect by at least 3-fold, but as much as 21-fold. Using known \u0394pHa-v and assuming a constant arterial-venous PO2 difference (Pa-vO2), Root effect Hbs can enhance O2 release to the tissues by 73.5% in trout; whereas, the Bohr effect alone is responsible for enhancing O2 release by only 1.3% in humans. Disequilibrium states are likely operational in teleosts in vivo, and therefore the \u0394pHa-v, and thus enhancement of O2 delivery, could be even larger. Modeling with known Pa-vO2 in fish during exercise and hypoxia indicates that O2 release from the Hb and therefore potentially tissue O2 delivery may double during exercise and triple during some levels of hypoxia. These characteristics may be central to performance of athletic fish species such as salmonids, but may indicate that general tissue oxygen delivery may have been the incipient function of Root effect Hbs in fish, a trait strongly associated with the adaptive radiation of teleosts.", "keywords": ["Root effect", "Bohr effect", "oxygen equilibrium curve", "oxygen delivery", "Oncorhynchus mykiss", "red blood cell"], "usageNotes": "<div class=\"o-metadata__file-usage-entry\"><h4 class=\"o-heading__level3-file-title\">All trout OEC curve data and fits</h4><div class=\"o-metadata__file-description\">These are the values, standard errors, and curve fits for all oxygen equilibrium curves for trout determined from this study. All are plotted in Fig. 1A.</div><div class=\"o-metadata__file-name\"></div></div><div class=\"o-metadata__file-usage-entry\"><h4 class=\"o-heading__level3-file-title\">Human oxygen equilibrium curves from the literature</h4><div class=\"o-metadata__file-description\">This exercise took into consideration data from Itoh et al., 2001, Winslow et al., 1977, and Roughton and Severinghaus, 1973 to make human oxygen equilibrium curves that would eventually inspire the analyses for this paper.</div><div class=\"o-metadata__file-name\">Human OECs from literature 2Sept.2015.xlsx</br></div></div><div class=\"o-metadata__file-usage-entry\"><h4 class=\"o-heading__level3-file-title\">All trout delta PO2 values</h4><div class=\"o-metadata__file-description\">All of these values were calculated directly from the oxygen equilibrium curves, i.e. by subtracting exact values from curve to curve.  These values were then plotted for Fig. 1B.</div><div class=\"o-metadata__file-name\"></div></div><div class=\"o-metadata__file-usage-entry\"><h4 class=\"o-heading__level3-file-title\">All human delta PO2 values</h4><div class=\"o-metadata__file-description\">These human delta PO2 values were calculated by fitting data from Tyuma and Ueda, 1975 with the Equation 1 in the manuscript. These values are graphically displayed in Fig. 1B.</div><div class=\"o-metadata__file-name\"></div></div>", "relatedWorks": [{"relationship": "Cites", "identifierType": "DOI", "identifier": "https://doi.org/10.1371/journal.pone.0139477"}], "versionNumber": 1, "versionStatus": "submitted", "curationStatus": "Published", "publicationDate": "2016-09-03", "lastModificationDate": "2020-06-24", "visibility": "public", "sharingLink": "https://datadryad.org/stash/share/eHVthlByfBQ5WzkpMD5NdUtx3y12ydMci5xoL3JamKI", "userId": 904, "license": "https://creativecommons.org/publicdomain/zero/1.0/"}