{"_links": {"self": {"href": "/api/v2/datasets/doi%3A10.5061%2Fdryad.rj15h"}, "stash:versions": {"href": "/api/v2/datasets/doi%3A10.5061%2Fdryad.rj15h/versions"}, "stash:version": {"href": "/api/v2/versions/8836"}, "stash:download": {"href": "/api/v2/datasets/doi%3A10.5061%2Fdryad.rj15h/download"}, "curies": [{"name": "stash", "href": "https://github.com/CDL-Dryad/stash/blob/main/stash_api/link-relations.md#{rel}", "templated": "true"}]}, "identifier": "doi:10.5061/dryad.rj15h", "id": 8796, "storageSize": 172522, "title": "Data from: Time to get moving: assisted gene flow of forest trees", "authors": [{"firstName": "Sally N.", "lastName": "Aitken", "affiliation": "University of British Columbia", "affiliationROR": "https://ror.org/03rmrcq20"}, {"firstName": "Jordan B.", "lastName": "Bemmels", "affiliation": "University of Michigan-Ann Arbor", "affiliationROR": "https://ror.org/00jmfr291"}], "abstract": "Geographic variation in trees has been investigated since the mid-18th century. Similar patterns of clinal variation have been observed along latitudinal and elevational gradients in common garden experiments for many temperate and boreal species. These studies convinced forest managers that a \u2018local is best\u2019 seed source policy was usually safest for reforestation. In recent decades, experimental design, phenotyping methods, climatic data and statistical analyses have improved greatly and refined but not radically changed knowledge of clines. The maintenance of local adaptation despite high gene flow suggests selection for local adaptation to climate is strong. Concerns over maladaptation resulting from climate change have motivated many new genecological and population genomics studies; however, few jurisdictions have implemented assisted gene flow (AGF), the translocation of pre-adapted individuals to facilitate adaptation of planted forests to climate change. Here, we provide evidence that temperate tree species show clines along climatic gradients sufficiently similar for average patterns or climate models to guide AGF in the absence of species-specific knowledge. Composite provenancing of multiple seed sources can be used to increase diversity and buffer against future climate uncertainty. New knowledge will continue to refine and improve AGF as climates warm further.", "keywords": ["Picea sitchensis", "Pinus contorta", "Pinus albicaulis", "Populus trichocarpa", "Alnus rubra", "Pseudotsuga menziesii", "forest policy", "provenance", "Pinus ponderosa", "Thuja plicata", "Pinus monticola", "Tsuga heterophylla", "assisted migration", "genetic clines", "temperate species", "Abies grandis", "Abies procera", "Abies concolor", "Quercus garryana", "Picea engelmannii", "Pinus attenuata", "Abies lasiocarpa", "Cornus nuttallii", "Ecological Genetics", "Picea pungens"], "usageNotes": "<div class=\"o-metadata__file-usage-entry\"><h4 class=\"o-heading__level3-file-title\">Population mean phenotypes for 19 conifer species compiled from 23 previous studies</h4><div class=\"o-metadata__file-description\">This Excel file contains one sheet of metadata, and 23 spreadsheets of phenotypic data. Each spreadsheet of data includes results from one study for one species from one common garden. Data provided includes unique codes to identify each population, the latitude, longitude, elevation, mean annual temperature (C), and mean summer precipitation (in units of 100 mm), the number of families within population that were tested, and the total number of individuals that were tested. Phenotypic traits include height growth in varying units (see associated publication), the timing of spring phenological events in days relative to a reference date, and the timing of fall phenological events relative to a reference date.</div><div class=\"o-metadata__file-name\">Aitken and Bemmels 2016 Dryad dataset.xlsx</br></div></div>", "locations": [{"place": "Western North America"}], "relatedWorks": [{"relationship": "Cites", "identifierType": "DOI", "identifier": "https://doi.org/10.1111/eva.12293"}], "versionNumber": 1, "versionStatus": "submitted", "curationStatus": "Published", "publicationDate": "2015-07-24", "lastModificationDate": "2020-06-24", "visibility": "public", "sharingLink": "https://datadryad.org/stash/share/B_Uhu43VdcdIf5hocCtADULuiBdFkF2uuxqWZ5tNuiA", "userId": 14564, "license": "https://creativecommons.org/publicdomain/zero/1.0/"}