{"_links": {"self": {"href": "/api/v2/datasets/doi%3A10.5061%2Fdryad.52m30"}, "stash:versions": {"href": "/api/v2/datasets/doi%3A10.5061%2Fdryad.52m30/versions"}, "stash:version": {"href": "/api/v2/versions/3212"}, "stash:download": {"href": "/api/v2/datasets/doi%3A10.5061%2Fdryad.52m30/download"}, "curies": [{"name": "stash", "href": "https://github.com/CDL-Dryad/stash/blob/main/stash_api/link-relations.md#{rel}", "templated": "true"}]}, "identifier": "doi:10.5061/dryad.52m30", "id": 3195, "storageSize": 812149, "title": "Data from: Do thermoregulatory costs limit altitude distributions of Andean forest birds?", "authors": [{"firstName": "Gustavo A.", "lastName": "Londono", "affiliation": "University of California System", "affiliationROR": "https://ror.org/00pjdza24"}, {"firstName": "Mark A.", "lastName": "Chappell", "affiliation": "University of California, Riverside", "affiliationROR": "https://ror.org/03nawhv43"}, {"firstName": "Jill E.", "lastName": "Jankowski", "affiliation": "University of British Columbia", "affiliationROR": "https://ror.org/03rmrcq20"}, {"firstName": "Scott K.", "lastName": "Robinson", "affiliation": "University of Florida", "affiliationROR": "https://ror.org/02y3ad647"}], "abstract": "Along tropical mountains, species often occupy narrow altitude ranges. Numerous biotic and abiotic factors have been proposed as determinants of altitude occupancy.\r\nWe measured several aspects of thermal physiology of 215 bird species across a 2\u00b76-km altitude gradient in the Peruvian Andes. We predicted that highland species would show adaptation to the colder high-altitude climate and that energy costs of thermoregulation might limit upslope dispersal of lowland natives.\r\nWe found reductions in thermal conductance, body temperature and lower critical temperature in highland birds compared with lowland species. These combine to make highland natives more resistant to heat loss.\r\nWe did not find convincing evidence that acute thermal limits or energy costs of thermoregulation constrained altitude distributions. Heat-budget models predicted low-to-moderate long-term costs at native altitudes. Costs increased for lowland natives modelled in the highland climate, but for all but a few species, costs remained within putative expenditure limits.\r\nAlthough we did not test heat tolerances, we measured all species at temperatures similar to the hottest air temperatures at the lowland site. There was no evidence that high lowland temperatures preclude downslope movements of highland birds.\r\nWhile thermal tolerances probably do not directly determine altitude occupancy by most species, the additional energy cost of thermoregulation experienced by lowland species moving upslope may trade off against investment in important life-history components such as breeding, and thereby affect altitude range limits.", "keywords": ["Andes", "eleavtion", "thermal conductance", "lower critical temperature", "body temperature"], "usageNotes": "<div class=\"o-metadata__file-usage-entry\"><h4 class=\"o-heading__level3-file-title\">Raw Data Thermal conductance</h4><div class=\"o-metadata__file-name\">Raw Data all data with conductance.pdf</br></div></div><div class=\"o-metadata__file-usage-entry\"><h4 class=\"o-heading__level3-file-title\">Londono_GA_SUPPLEMENTAL_Material</h4><div class=\"o-metadata__file-name\">Londono_GA_et al._SUPPLEMENTAL_Material.pdf</br></div></div><div class=\"o-metadata__file-usage-entry\"><h4 class=\"o-heading__level3-file-title\">Londono_GA_et al._MCC_tree_ThermCost</h4><div class=\"o-metadata__file-name\"></div></div>", "relatedWorks": [{"relationship": "Cites", "identifierType": "DOI", "identifier": "https://doi.org/10.1111/1365-2435.12697"}], "versionNumber": 1, "versionStatus": "submitted", "curationStatus": "Published", "publicationDate": "2016-07-15", "lastModificationDate": "2020-06-24", "visibility": "public", "sharingLink": "https://datadryad.org/stash/share/eWQHaP5cRoB6iUkVH-jv3DQyK2VSlB4pfJRNVJLiC1c", "userId": 7858, "license": "https://creativecommons.org/publicdomain/zero/1.0/"}