{"_links": {"self": {"href": "/api/v2/datasets/doi%3A10.5061%2Fdryad.41356"}, "stash:versions": {"href": "/api/v2/datasets/doi%3A10.5061%2Fdryad.41356/versions"}, "stash:version": {"href": "/api/v2/versions/12283"}, "stash:download": {"href": "/api/v2/datasets/doi%3A10.5061%2Fdryad.41356/download"}, "curies": [{"name": "stash", "href": "https://github.com/CDL-Dryad/stash/blob/main/stash_api/link-relations.md#{rel}", "templated": "true"}]}, "identifier": "doi:10.5061/dryad.41356", "id": 12239, "storageSize": 91201, "title": "Data from: Acceleration and novelty: community restoration speeds recovery and transforms species composition in Andean cloud forest", "authors": [{"firstName": "Sarah Jane", "lastName": "Wilson", "affiliation": "McGill University", "affiliationROR": "https://ror.org/01pxwe438"}, {"firstName": "Jeanine M.", "lastName": "Rhemtulla", "affiliation": "University of British Columbia", "affiliationROR": "https://ror.org/03rmrcq20"}], "abstract": "Community-based tropical forest restoration projects, often promoted as a win-win solution for local communities and the environment, have increased dramatically in number in the past decade. Many such projects are underway in Andean cloud forests, which, given their extremely high biodiversity and history of extensive clearing, are understudied. This study investigates the efficacy of community-based tree-planting projects to accelerate cloud forest recovery, as compared to unassisted natural regeneration. This study takes place in northwest Andean Ecuador, where the majority of the original, highly diverse cloud forests have been cleared, in five communities that initiated tree-planting projects to restore forests in 2003. In 2011, we identified tree species along transects in planted forests (n = 5), naturally regenerating forests (n = 5), and primary forests (n = 5). We also surveyed 120 households about their restoration methods, tree preferences, and forest uses. We found that tree diversity was higher in planted than in unplanted secondary forest, but both were less diverse than primary forests. Ordination analysis showed that all three forests had distinct species compositions, although planted forests shared more species with primary forests than did unplanted forests. Planted forests also contained more animal-dispersed species in both the planted canopy and in the unplanted, regenerating understory than unplanted forests, and contained the highest proportion of species with use value for local people. While restoring forest increased biodiversity and accelerated forest recovery, restored forests may also represent novel ecosystems that are distinct from the region's previous ecosystems and, given their usefulness to people, are likely to be more common in the future.", "keywords": ["tropical", "cloud forest", "Andes", "tree diversity"], "usageNotes": "<div class=\"o-metadata__file-usage-entry\"><h4 class=\"o-heading__level3-file-title\">Cloud forest tree data</h4><div class=\"o-metadata__file-description\">The data in this file is at the site level. Each site (AP, SL, and so on) is described in the paper with which this data is associated. Size class is denoted by SE - seedling, SA - sapling, and TR - tree.</div><div class=\"o-metadata__file-name\">Size_class_site_data.xlsx</br></div></div>", "locations": [{"place": "Andean Cloud forest in Ecuador"}], "relatedWorks": [{"relationship": "Cites", "identifierType": "DOI", "identifier": "https://doi.org/10.1890/14-2129"}], "versionNumber": 1, "versionStatus": "submitted", "curationStatus": "Published", "publicationDate": "2015-07-09", "lastModificationDate": "2020-06-24", "visibility": "public", "sharingLink": "https://datadryad.org/stash/share/VHM8C5sI_ZFa81IJX_YQQR2SWe4K7VJ4SDkhVi6gPIU", "userId": 14193, "license": "https://creativecommons.org/publicdomain/zero/1.0/"}