{"_links": {"self": {"href": "/api/v2/datasets/doi%3A10.5061%2Fdryad.08kprr50h"}, "stash:versions": {"href": "/api/v2/datasets/doi%3A10.5061%2Fdryad.08kprr50h/versions"}, "stash:version": {"href": "/api/v2/versions/75224"}, "stash:download": {"href": "/api/v2/datasets/doi%3A10.5061%2Fdryad.08kprr50h/download"}, "curies": [{"name": "stash", "href": "https://github.com/CDL-Dryad/stash/blob/main/stash_api/link-relations.md#{rel}", "templated": "true"}]}, "identifier": "doi:10.5061/dryad.08kprr50h", "id": 51373, "storageSize": 238769, "title": "Growth, metabolism, anatomy, behaviour, invertebrate drift", "authors": [{"firstName": "Gauthier", "lastName": "Monnet", "email": "monnet@zoology.ubc.ca", "affiliation": "University of British Columbia", "affiliationROR": "https://ror.org/03rmrcq20", "orcid": "0000-0001-6891-9185"}], "abstract": "<ol>\r\n\t<li>Adaptive trade-offs are fundamental mechanisms underlying phenotypic diversity, but the presence of generalizable patterns in multivariate adaptation and their mapping onto environmental gradients remain unclear.</li>\r\n\t<li>To understand how life-history affects multivariate trait associations, we examined relationships among growth, metabolism, anatomy and behaviour in rainbow trout juveniles from piscivore <i>vs</i>. insectivore ecotypes along an experimental gradient of food availability. We hypothesized that <i>i</i>) selection for larger size in piscivorous adults would select for higher juvenile growth at the cost of lower active metabolism; <i>ii</i>) elevated growth of piscivores would be supported by a greater productivity of their natal stream and more proactive foraging behaviours; and <i>iii</i>) general patterns of multivariate trait associations would match the predictions of the Pace-Of-Life Syndrome.</li>\r\n\t<li>Relative to insectivores, piscivorous fry showed a pattern of higher growth (+63%), maximum food intake (+33%), growth efficiency (+41%), and standard metabolic rate (SMR; +47%), but lower active metabolic capacity (maximum metabolic rate (MMR; -17%), aerobic scope (AS; -48%)), suggesting that faster piscivore growth is supported by greater food intake and digestive capacity but is traded-off against lower scope for active metabolism. A similar trade-off appeared among organ systems, with piscivorous fry exhibiting an 83% greater investment in average mass of organs associated with food consumption and processing (<i>i.e.</i> stomach and intestine), but an apparently smaller relative investment in organs involved in cardio-vascular or cognitive activities (heart and brain, respectively). Higher invertebrate drift in their natal rearing habitat, quicker behavioural transition to a novel food source and lower anxiety after a frightening event in piscivorous fry suggest that faster growth requires both proactive foraging behaviours and higher prey availability in the environment. Finally, the sampling of replicate insectivore populations confirmed their lower juvenile growth (-73% on average) and reduced environmental productivity of their natal streams (-45% lower drift abundance) relative to the piscivore ecotype.</li>\r\n\t<li>Our results suggest that selection for large adult body size influences selection on high juvenile growth, high basal metabolism and proactive behaviours, and that the intense phenotypic divergence between piscivorous and insectivorous rainbow trout may be constrained by environmental productivity.</li>\r\n</ol>\r\n", "versionNumber": 2, "versionStatus": "submitted", "curationStatus": "Published", "publicationDate": "2020-08-06", "lastModificationDate": "2020-08-06", "visibility": "public", "sharingLink": "https://datadryad.org/stash/share/3vSHYY-xoH8AQ0xNnobINes6HNr8JglHjlqyyDGXFOQ", "userId": 59570, "license": "https://creativecommons.org/publicdomain/zero/1.0/"}