{"_links": {"self": {"href": "/api/v2/datasets/doi%3A10.5061%2Fdryad.15d2p"}, "stash:versions": {"href": "/api/v2/datasets/doi%3A10.5061%2Fdryad.15d2p/versions"}, "stash:version": {"href": "/api/v2/versions/3715"}, "stash:download": {"href": "/api/v2/datasets/doi%3A10.5061%2Fdryad.15d2p/download"}, "curies": [{"name": "stash", "href": "https://github.com/CDL-Dryad/stash/blob/main/stash_api/link-relations.md#{rel}", "templated": "true"}]}, "identifier": "doi:10.5061/dryad.15d2p", "id": 3693, "storageSize": 665284, "title": "Data from: Urbanization drives the evolution of parallel clines in plant populations", "authors": [{"firstName": "Ken A.", "lastName": "Thompson", "affiliation": "University of British Columbia", "affiliationROR": "https://ror.org/03rmrcq20"}, {"firstName": "Marie", "lastName": "Renaudin", "affiliation": "Agrosup Dijon", "affiliationROR": "https://ror.org/03zek0r74"}, {"firstName": "Marc T.J.", "lastName": "Johnson", "affiliation": "University of Toronto", "affiliationROR": "https://ror.org/03dbr7087"}], "abstract": "Urban ecosystems are an increasingly dominant feature of terrestrial landscapes. While evidence that species can adapt to urban environments is accumulating, the mechanisms through which urbanization imposes natural selection on populations are poorly understood. The identification of adaptive phenotypic changes (i.e. clines) along urbanization gradients would facilitate our understanding of the selective factors driving adaptation in cities. Here, we test for phenotypic clines in urban ecosystems by sampling the frequency of a Mendelian-inherited trait\u2014cyanogenesis\u2014in white clover (Trifolium repens L.) populations along urbanization gradients in four cities. Cyanogenesis protects plants from herbivores, but reduces tolerance to freezing temperatures. We found that the frequency of cyanogenic plants within populations decreased towards the urban centre in three of four cities. A field experiment indicated that spatial variation in herbivory is unlikely to explain these clines. Rather, colder minimum winter ground temperatures in urban areas compared with non-urban areas, caused by reduced snow cover in cities, may select against cyanogenesis. In the city with no cline, high snow cover might protect plants from freezing damage in the city centre. Our study suggests that populations are adapting to urbanization gradients, but regional climatic patterns may ultimately determine whether adaptation occurs.", "keywords": ["Anthropocene", "natural selection", "white clover", "Herbivory", "urban evolution", "Holocene", "cyanogenesis", "Trifolium repens"], "usageNotes": "<div class=\"o-metadata__file-usage-entry\"><h4 class=\"o-heading__level3-file-title\">Master ZIP File (Contains data, script, metadata)</h4><div class=\"o-metadata__file-description\">This ZIP folder contains all datasets associated with the publication (.csv format), metadata (.rtf), and R analysis script (.R). Descriptions of datasets are included in metadata.</div><div class=\"o-metadata__file-name\">Thompson_et_al_DryadPackage.zip</br></div><div class=\"o-metadata__file-name\"></div></div>", "locations": [{"place": "New York City"}, {"place": "Canada"}, {"place": "United States"}, {"place": "Montreal"}, {"place": "Toronto"}, {"place": "Boston"}], "relatedWorks": [{"relationship": "Cites", "identifierType": "DOI", "identifier": "https://doi.org/10.1098/rspb.2016.2180"}], "versionNumber": 1, "versionStatus": "submitted", "curationStatus": "Published", "publicationDate": "2016-11-16", "lastModificationDate": "2020-06-24", "visibility": "public", "sharingLink": "https://datadryad.org/stash/share/_t-KSE0JXR5OuqkaycuiWLmzC8MC77HYtvpQEqjE5mY", "userId": 9838, "license": "https://creativecommons.org/publicdomain/zero/1.0/"}