{"_links": {"self": {"href": "/api/v2/datasets/doi%3A10.5061%2Fdryad.cjsxksn1p"}, "stash:versions": {"href": "/api/v2/datasets/doi%3A10.5061%2Fdryad.cjsxksn1p/versions"}, "stash:version": {"href": "/api/v2/versions/46379"}, "stash:download": {"href": "/api/v2/datasets/doi%3A10.5061%2Fdryad.cjsxksn1p/download"}, "curies": [{"name": "stash", "href": "https://github.com/CDL-Dryad/stash/blob/main/stash_api/link-relations.md#{rel}", "templated": "true"}]}, "identifier": "doi:10.5061/dryad.cjsxksn1p", "id": 34819, "storageSize": 116695, "title": "Data from: Can avian functional traits predict cultural ecosystem services?", "authors": [{"firstName": "Alejandra", "lastName": "Echeverri", "email": "alejandra.echeverri@alumni.ubc.ca", "affiliation": "University of British Columbia", "affiliationROR": "https://ror.org/03rmrcq20", "orcid": "0000-0002-8821-0509"}, {"firstName": "Daniel", "lastName": "Karp", "email": "dkarp@ucdavis.edu", "affiliation": "University of California, Davis", "affiliationROR": "https://ror.org/05rrcem69"}, {"firstName": "Robin", "lastName": "Naidoo", "email": "robin.naidoo@wwfus.org", "affiliation": "World Wide Fund for Nature", "affiliationROR": "https://ror.org/05dq15a76"}, {"firstName": "Joseph", "lastName": "Tobias", "email": "j.tobias@imperial.ac.uk", "affiliation": "Imperial College London", "affiliationROR": "https://ror.org/041kmwe10"}, {"firstName": "Jiaying", "lastName": "Zhao", "email": "jiayingz@psych.ubc.ca", "affiliation": "University of British Columbia", "affiliationROR": "https://ror.org/03rmrcq20"}, {"firstName": "Kai", "lastName": "Chan", "email": "kaichan@ires.ubc.ca", "affiliation": "University of British Columbia", "affiliationROR": "https://ror.org/03rmrcq20", "orcid": "0000-0002-7804-3276"}], "abstract": "<ol>\r\n\t<li style=\"text-align:justify;\"><span style=\"background:white;\">The functional trait diversity of species assemblages can predict the provision of ecosystem services such as pollination and carbon sequestration, but it is unclear whether the same trait-based framework can be applied to identify the factors that underpin cultural ecosystem services and disservices.\u00a0</span></li>\r\n\t<li style=\"text-align:justify;\"><span style=\"background:white;\">To explore the relationship between traits and the contribution of species to cultural ecosystem services and disservices, we conducted 404 questionnaire surveys with birdwatchers and local residents in Guanacaste, Costa Rica.</span></li>\r\n\t<li style=\"text-align:justify;\"><span style=\"background:white;\">We used an information-theoretic approach to identify which of 20 functional traits for 199 Costa Rican bird species best predicted their cultural ecosystem service scores related to birdwatching, acoustic aesthetics, education and local identity, as well as disservices (e.g., harm to crops).\u00a0</span></li>\r\n\t<li style=\"text-align:justify;\"><span style=\"background:white;\">We found that diet was the most important variable explaining perceptions of cultural ecosystem service and disservice providers. Aesthetic traits such as plumage colour and pattern were important in explaining birdwatching scores. We also found people have a high affinity for forest-affiliated birds.\u00a0</span></li>\r\n\t<li style=\"text-align:justify;\"><span style=\"background:white;\">The insight that functional traits can explain variation among cultural perspectives on values derived from birds offers a first step towards a trait-based system for understanding the species attributes that underpin cultural ecosystem services and disservices.</span></li>\r\n</ol>\r\n", "funders": [{"organization": "National Geographic Society", "awardNumber": "National Geographic Young Explorers Grant, C335-16"}, {"organization": "U.S. Forest Service", "awardNumber": "16-IJ-11242309-057"}, {"organization": "Social Sciences and Humanities Research Council of Canada", "awardNumber": "Human-nature relationships and values from meanings to mitigation and practice"}, {"organization": "UK Natural Environment Research Council", "awardNumber": "NE/I028068/1"}], "keywords": ["avian conservation", "conservation psychology", "ecosystem services", "human\u2010nature interactions", "neotropical birds", "questionnaire surveys"], "methods": "<p>These data were collected trait by trait from different sources including EltonTrait database, information from the Stiles &amp; Skutch (1989) book, and also morphological traits were collected by visiting museum collections across the world. Plumage color/pattern traits were collected from the Garrigues &amp; Dean book, and acoustic traits were collected from Xeno-canto recordings and by processing them in the raven pro software. For full details on trait data collection, please read the Echeverri, et al. (2019) People and Nature manuscript.</p>\r\n", "usageNotes": "<p>The description of each variable is in the table of the Echeverri, et al. (2019) People and Nature manuscript.</p>\r\n", "relatedWorks": [{"relationship": "Cites", "identifierType": "DOI", "identifier": "https://doi.org/10.1002/pan3.10058"}], "versionNumber": 3, "versionStatus": "submitted", "curationStatus": "Published", "publicationDate": "2019-12-03", "lastModificationDate": "2019-12-10", "visibility": "public", "sharingLink": "https://datadryad.org/stash/share/bLEcke200Zu1EWP9NAXmhX96Yb92LYd1XRL2pr53MbY", "userId": 46789, "license": "https://creativecommons.org/publicdomain/zero/1.0/"}