{"_links": {"self": {"href": "/api/v2/datasets/doi%3A10.5061%2Fdryad.41752p5"}, "stash:versions": {"href": "/api/v2/datasets/doi%3A10.5061%2Fdryad.41752p5/versions"}, "stash:version": {"href": "/api/v2/versions/15866"}, "stash:download": {"href": "/api/v2/datasets/doi%3A10.5061%2Fdryad.41752p5/download"}, "curies": [{"name": "stash", "href": "https://github.com/CDL-Dryad/stash/blob/main/stash_api/link-relations.md#{rel}", "templated": "true"}]}, "identifier": "doi:10.5061/dryad.41752p5", "id": 15810, "storageSize": 45413, "title": "Data from: The \u2018filtering\u2019 metaphor revisited: competition and environment jointly structure invasibility and coexistence", "authors": [{"firstName": "Rachel M.", "lastName": "Germain", "affiliation": "University of British Columbia", "affiliationROR": "https://ror.org/03rmrcq20"}, {"firstName": "Margaret M.", "lastName": "Mayfield", "affiliation": "University of Queensland", "affiliationROR": "https://ror.org/00rqy9422"}, {"firstName": "Benjamin", "lastName": "Gilbert", "affiliation": "University of Toronto", "affiliationROR": "https://ror.org/03dbr7087"}], "abstract": "\u2018Filtering\u2019, or the reduction in species diversity that occurs because not all species can persist in all locations, is thought to unfold hierarchically, controlled by the environment at large scales and competition at small scales. However, the ecological effects of competition and the environment are not independent, and observational approaches preclude investigation into their interplay. We use a demographic approach with 30 plant species to experimentally test (i) the effect of competition on species persistence in two soil moisture environments, and (ii) the effect of environmental conditions on mechanisms underlying competitive coexistence. We find that competitors cause differential species persistence across environments even when effects are lacking in the absence of competition, and that the traits that determine persistence depend on the competitive environment. If our study had been observational and trait-based, we would have erroneously concluded that the environment filters species with low biomass, shallow roots, and small seeds. Changing environmental conditions generated idiosyncratic effects on coexistence outcomes, increasing competitive exclusion of some species while promoting coexistence of others. Our results highlight the importance of considering environmental filtering in light of, rather than in isolation from, competition, and challenge community assembly models and approaches to projecting future species distributions.", "keywords": ["precipitation", "niche differences", "annual plants", "fitness differences", "Holocene"], "usageNotes": "<div class=\"o-metadata__file-usage-entry\"><h4 class=\"o-heading__level3-file-title\">Germain BL data</h4><div class=\"o-metadata__file-description\">First worksheet includes the demographic data, second worksheet the trait data. Species codes are expanded in the supplementary materials.</div><div class=\"o-metadata__file-name\"></div></div>", "locations": [{"place": "California"}], "relatedWorks": [{"relationship": "Cites", "identifierType": "DOI", "identifier": "https://doi.org/10.1098/rsbl.2018.0460"}], "versionNumber": 1, "versionStatus": "submitted", "curationStatus": "Published", "publicationDate": "2018-07-30", "lastModificationDate": "2020-06-30", "visibility": "public", "sharingLink": "https://datadryad.org/stash/share/bEgp01tBpt-ctVM-ZfFa0KdOQT1nXE5FT-DnIRgymho", "userId": 17696, "license": "https://creativecommons.org/publicdomain/zero/1.0/"}