{"_links": {"self": {"href": "/api/v2/datasets/doi%3A10.5061%2Fdryad.5757d42"}, "stash:versions": {"href": "/api/v2/datasets/doi%3A10.5061%2Fdryad.5757d42/versions"}, "stash:version": {"href": "/api/v2/versions/23733"}, "stash:download": {"href": "/api/v2/datasets/doi%3A10.5061%2Fdryad.5757d42/download"}, "curies": [{"name": "stash", "href": "https://github.com/CDL-Dryad/stash/blob/main/stash_api/link-relations.md#{rel}", "templated": "true"}]}, "identifier": "doi:10.5061/dryad.5757d42", "id": 23669, "storageSize": 172821, "title": "Data from: Evidence for contemporary and historical gene flow between guppy populations in different watersheds, with a test for associations with adaptive traits", "authors": [{"firstName": "L\u00e9a", "lastName": "Blondel", "affiliation": "McGill University", "affiliationROR": "https://ror.org/01pxwe438"}, {"firstName": "Lyndsey", "lastName": "Baillie", "affiliation": "University of British Columbia", "affiliationROR": "https://ror.org/03rmrcq20"}, {"firstName": "Jessica", "lastName": "Quinton", "affiliation": "Dalhousie University", "affiliationROR": "https://ror.org/01e6qks80"}, {"firstName": "Jahson B.", "lastName": "Alemu", "affiliation": "University of the West Indies", "affiliationROR": "https://ror.org/003kgv736"}, {"firstName": "Ian", "lastName": "Paterson", "affiliation": "Dalhousie University", "affiliationROR": "https://ror.org/01e6qks80"}, {"firstName": "Andrew P.", "lastName": "Hendry", "affiliation": "McGill University", "affiliationROR": "https://ror.org/01pxwe438"}, {"firstName": "Paul", "lastName": "Bentzen", "affiliation": "Dalhousie University", "affiliationROR": "https://ror.org/01e6qks80"}], "abstract": "In dendritic river systems, gene flow is expected to occur primarily within watersheds. Yet, rare cross\u2010watershed transfers can also occur, whether mediated by (often historical) geological events or (often contemporary) human activities. We explored these events and their potential evolutionary consequences by analyzing patterns of neutral genetic variation (microsatellites) and adaptive phenotypic variation (male color) in wild guppies (Poecilia reticulata) distributed across two watersheds in northern Trinidad. We found the expected signatures of within\u2010watershed gene flow; yet we also inferred at least two instances of cross\u2010watershed gene flow\u2014one in the upstream reaches and one further downstream. The upstream cross\u2010watershed event appears to be very recent (41 \u00b1 13 years), suggesting dispersal via recent flooding or undocumented human\u2010mediated transport. The downstream cross\u2010watershed event appears to be considerably older (577 \u00b1 265 years), suggesting a role for rare geological or climatological events. Alongside these strong signatures of both contemporary and historical gene flow, we found little evidence of impacts on presumably adaptive phenotypic differentiation, except perhaps in the one instance of very recent cross\u2010watershed gene flow. Selection in this system seems to overpower gene flow\u2014at least on the spatiotemporal scales investigated here.", "keywords": ["Poecilia reticulata", "Adaptive traits", "contemporary dispersal", "historical gene flow"], "usageNotes": "<div class=\"o-metadata__file-usage-entry\"><h4 class=\"o-heading__level3-file-title\">Genotypic and phenotypic data</h4><div class=\"o-metadata__file-description\">This excel file contains phenotypic data (male color) and microsatellite genotypes (two datasets) from guppies located in the Marianne and Paria rivers, Trinidad.</div><div class=\"o-metadata__file-name\">MS-gene-flow-data-dryad.xlsx</br></div></div>", "locations": [{"place": "Trinidad"}], "relatedWorks": [{"relationship": "Cites", "identifierType": "DOI", "identifier": "https://doi.org/10.1002/ece3.5033"}], "versionNumber": 1, "versionStatus": "submitted", "curationStatus": "Published", "publicationDate": "2019-04-01", "lastModificationDate": "2020-06-24", "visibility": "public", "sharingLink": "https://datadryad.org/stash/share/4ODj6e2rp-DdvwLpIvrPreObTpkM-Y9z3m7mYws6S8w", "userId": 34342, "license": "https://creativecommons.org/publicdomain/zero/1.0/"}