{"_links": {"self": {"href": "/api/v2/datasets/doi%3A10.5061%2Fdryad.g4590"}, "stash:versions": {"href": "/api/v2/datasets/doi%3A10.5061%2Fdryad.g4590/versions"}, "stash:version": {"href": "/api/v2/versions/6828"}, "stash:download": {"href": "/api/v2/datasets/doi%3A10.5061%2Fdryad.g4590/download"}, "curies": [{"name": "stash", "href": "https://github.com/CDL-Dryad/stash/blob/main/stash_api/link-relations.md#{rel}", "templated": "true"}]}, "identifier": "doi:10.5061/dryad.g4590", "id": 6791, "storageSize": 261339, "title": "Data from: Historical dynamics of ecosystem services bundles", "authors": [{"firstName": "Delphine", "lastName": "Renard", "affiliation": "McGill University", "affiliationROR": "https://ror.org/01pxwe438"}, {"firstName": "Jeanine M.", "lastName": "Rhemtulla", "affiliation": "University of British Columbia", "affiliationROR": "https://ror.org/03rmrcq20"}, {"firstName": "Elena M.", "lastName": "Bennett", "affiliation": "McGill University", "affiliationROR": "https://ror.org/01pxwe438"}], "abstract": "Managing multiple ecosystem services (ES), including addressing trade-offs between services and preventing ecological surprises, is among the most pressing areas for sustainability research. These challenges require ES research to go beyond the currently common approach of snapshot studies limited to one or two services at a single point in time. We used a spatiotemporal approach to examine changes in nine ES and their relationships from 1971 to 2006 across 131 municipalities in a mixed-use landscape in Quebec, Canada. We show how an approach that incorporates time and space can improve our understanding of ES dynamics. We found an increase in the provision of most services through time; however, provision of ES was not uniformly enhanced at all locations. Instead, each municipality specialized in providing a bundle (set of positively correlated ES) dominated by just a few services. The trajectory of bundle formation was related to changes in agricultural policy and global trends; local biophysical and socioeconomic characteristics explained the bundles\u2019 increasing spatial clustering. Relationships between services varied through time, with some provisioning and cultural services shifting from a trade-off or no relationship in 1971 to an apparent synergistic relationship by 2006. By implementing a spatiotemporal perspective on multiple services, we provide clear evidence of the dynamic nature of ES interactions and contribute to identifying processes and drivers behind these changing relationships. Our study raises questions about using snapshots of ES provision at a single point in time to build our understanding of ES relationships in complex and dynamic social-ecological systems.", "keywords": ["historical ecology", "ecosystem service interactions", "bundles", "Holocene", "ecosystem services"], "usageNotes": "<div class=\"o-metadata__file-usage-entry\"><h4 class=\"o-heading__level3-file-title\">Spatiotemporal data on multiple ecosystem services</h4><div class=\"o-metadata__file-description\">The file provides the data for 7 ecosystem services, quantified from 1971 to 2006 (with a time step of 5 years) and across 131 municipalities of the Monteregie, a region located in Southern Quebec, Canada. Data on population density, distance from Montreal and soil capability for agriculture are provided at the same spatio-temporal scales. Missing data are coded as \"NA\" in the data file. For pork production, certain number are protected by a Licence agreement with Ministries (see the material and methods section of the article for more information). Those data are coded as \"*\" in this column.</div><div class=\"o-metadata__file-name\">Renard et al spatio temporal data on multiple ecosystem services.txt</br></div></div>", "locations": [{"place": "Canada"}, {"place": "Quebec"}, {"place": "Mont\u00e9r\u00e9gie region"}], "relatedWorks": [{"relationship": "Cites", "identifierType": "DOI", "identifier": "https://doi.org/10.1073/pnas.1502565112"}], "versionNumber": 1, "versionStatus": "submitted", "curationStatus": "Published", "publicationDate": "2016-09-30", "lastModificationDate": "2020-06-24", "visibility": "public", "sharingLink": "https://datadryad.org/stash/share/5Pj0P4X0cWPfc-lWfXsnak7syDvV2BohwcS-CiR8F-w", "userId": 15243, "license": "https://creativecommons.org/publicdomain/zero/1.0/"}