{"_links": {"self": {"href": "/api/v2/datasets/doi%3A10.5061%2Fdryad.1g71qj2"}, "stash:versions": {"href": "/api/v2/datasets/doi%3A10.5061%2Fdryad.1g71qj2/versions"}, "stash:version": {"href": "/api/v2/versions/9144"}, "stash:download": {"href": "/api/v2/datasets/doi%3A10.5061%2Fdryad.1g71qj2/download"}, "curies": [{"name": "stash", "href": "https://github.com/CDL-Dryad/stash/blob/main/stash_api/link-relations.md#{rel}", "templated": "true"}]}, "identifier": "doi:10.5061/dryad.1g71qj2", "id": 9104, "storageSize": 160134, "title": "Data from: Measuring agreement among experts in classifying camera images of similar species", "authors": [{"firstName": "TJ", "lastName": "Gooliaff", "affiliation": "University of British Columbia", "affiliationROR": "https://ror.org/03rmrcq20"}, {"firstName": "Karen E.", "lastName": "Hodges", "affiliation": "University of British Columbia", "affiliationROR": "https://ror.org/03rmrcq20"}], "abstract": "Camera trapping and solicitation of wildlife images through citizen science have become common tools in ecological research. Such studies collect many wildlife images for which correct species classification is crucial; even low misclassification rates can result in erroneous estimation of the geographic range or habitat use of a species, potentially hindering conservation or management efforts. However, some species are difficult to tell apart, making species classification challenging - but the literature on classification agreement rates among experts remains sparse. Here, we measure agreement among experts in distinguishing between images of two similar congeneric species, bobcats (Lynx rufus) and Canada lynx (L. canadensis). We asked experts to classify the species in selected images to test whether the season, background habitat, time of day, and the visible features of each animal (e.g., face, legs, tail) affected agreement among experts about the species in each image. Overall, experts had moderate agreement (Fleiss\u2019 kappa = 0.64), but experts had varying levels of agreement depending on these image characteristics. Most images (71%) had \u22651 expert classification of \u2018unknown\u2019, and many images (39%) had some experts classify the image as \u2018bobcat\u2019 while others classified it as \u2018lynx\u2019. Further, experts were inconsistent even with themselves, changing their classifications of numerous images when they were asked to reclassify the same images months later. These results suggest that classification of images by a single expert is unreliable for similar-looking species. Most of the images did obtain a clear majority classification from the experts, although we emphasize that even majority classifications may be incorrect. We recommend that researchers using wildlife images consult multiple species experts to increase confidence in their image classifications of similar sympatric species. Still, when the presence of a species with similar sympatrics must be conclusive, physical or genetic evidence should be required.", "keywords": ["Lynx canadensis", "expert identification", "Lynx rufus", "bobcat", "image classification", "Canada lynx"], "usageNotes": "<div class=\"o-metadata__file-usage-entry\"><h4 class=\"o-heading__level3-file-title\">Image classifications</h4><div class=\"o-metadata__file-description\">Table shows the list of images used in our experiment (image ID), and for each image the trial and category that is was used in, the total number of experts that classified it as 'bobcat', 'lynx', and 'unknown', and the individual classifications of each expert (1 through 27).</div><div class=\"o-metadata__file-name\"></div></div>", "relatedWorks": [{"relationship": "Cites", "identifierType": "DOI", "identifier": "https://doi.org/10.1002/ece3.4567"}], "versionNumber": 1, "versionStatus": "submitted", "curationStatus": "Published", "publicationDate": "2019-09-10", "lastModificationDate": "2020-06-24", "visibility": "public", "sharingLink": "https://datadryad.org/stash/share/Pgq2zuXS5JmrO9Oks-iTFj6waEL1Y6sSbXdVfR03Hps", "userId": 37453, "license": "https://creativecommons.org/publicdomain/zero/1.0/"}