{"_links": {"self": {"href": "/api/v2/datasets/doi%3A10.5061%2Fdryad.p3fg9"}, "stash:versions": {"href": "/api/v2/datasets/doi%3A10.5061%2Fdryad.p3fg9/versions"}, "stash:version": {"href": "/api/v2/versions/3135"}, "stash:download": {"href": "/api/v2/datasets/doi%3A10.5061%2Fdryad.p3fg9/download"}, "curies": [{"name": "stash", "href": "https://github.com/CDL-Dryad/stash/blob/main/stash_api/link-relations.md#{rel}", "templated": "true"}]}, "identifier": "doi:10.5061/dryad.p3fg9", "id": 3118, "storageSize": 846157, "title": "Data from: Biocontrol insect impacts population growth of its target plant species but not an incidentally used nontarget", "authors": [{"firstName": "Haley A.", "lastName": "Catton", "affiliation": "University of British Columbia", "affiliationROR": "https://ror.org/03rmrcq20"}, {"firstName": "Robert G.", "lastName": "Lalonde", "affiliation": "University of British Columbia", "affiliationROR": "https://ror.org/03rmrcq20"}, {"firstName": "Yvonne M.", "lastName": "Buckley", "affiliation": "Trinity College", "affiliationROR": "https://ror.org/019dhar59"}, {"firstName": "Rosemarie A.", "lastName": "De Clerck-Floate", "affiliation": "Agriculture and Agri\u2010Food CanadaLethbridge Research Centre Lethbridge Alberta T1J 4B1 Canada"}], "abstract": "Understanding the impact of herbivory on plant populations is a fundamental goal of ecology. Damage to individual plants can be visually striking and affect the fates of individuals, but these impacts do not necessarily translate into population-level differences in vital rates (survival, growth, or fecundity) or population growth rates. In biological control of weeds, quantitative assessments of population-level impacts of released agents on both target invasive plants and native, nontarget plants are needed to inform evaluations of the benefits and risks of releasing agents into new regions. Here we present a 3-yr experimental demographic field study using the European root-feeding biocontrol weevil, Mogulones crucifer, first released in Canada in 1997 to control the invasive weed Cynoglossum officinale (Boraginaceae). Mogulones crucifer is an effective \u201csearch and destroy\u201d agent in Canada, but sporadically feeds, oviposits, and develops on native nontarget Boraginaceae. We investigated the population-level impacts of this biocontrol insect on its target weed and a native nontarget plant, Hackelia micrantha (Boraginaceae), by releasing large numbers of weevils into naturally occurring patches of H. micrantha growing isolated from or interspersed with C. officinale. We followed the fates of individual plants on release and nonrelease (control) sites for two transition years, developed matrix models to project population growth rates (\u03bb) for each plant species, and examined the contributions from differences in vital rates to changes in \u03bb using life table response experiments (LTRE). In contrast to studies of the insect\u2013plant interaction in its native range, as a biocontrol agent, M. crucifer increased mortality of C. officinale rosettes in the year immediately following release, depressing the weed's \u03bb to below the population replacement level. However, \u03bb for H. micrantha was never depressed below the replacement level, and any differences between release and nonrelease sites in the nontarget could not be explained by significant contributions from vital rates in the LTRE. This study is the first to simultaneously and experimentally examine target and nontarget population-level impacts of a weed biocontrol insect in the field, and supports the theoretical prediction that plant life history characteristics and uneven herbivore host preferences can interact to produce differences in population-level impacts between target and nontarget plant species.", "keywords": ["houndstongue", "target impacts", "Hackelia micrantha", "life table response experiment", "Matrix population models", "Herbivory", "nontarget impacts", "weed biocontrol", "Mogulones crucifer", "biocontrol", "Mogulones cruciger", "Cynoglossum officinale"], "usageNotes": "<div class=\"o-metadata__file-usage-entry\"><h4 class=\"o-heading__level3-file-title\">Catton et al Demography Stacked April 12 2015</h4><div class=\"o-metadata__file-description\">Demography data for Cynoglossum officinale and Hackelia micrantha on Mogulones crucifer release and nonrelease sites used in the Catton et al. (2016) publication in Ecosphere.</div><div class=\"o-metadata__file-name\"></div><div class=\"o-metadata__file-name\"></div></div>", "locations": [{"place": "Canada"}, {"place": "Alberta"}], "relatedWorks": [{"relationship": "Cites", "identifierType": "DOI", "identifier": "https://doi.org/10.1002/ecs2.1280"}], "versionNumber": 1, "versionStatus": "submitted", "curationStatus": "Published", "publicationDate": "2017-03-09", "lastModificationDate": "2020-06-24", "visibility": "public", "sharingLink": "https://datadryad.org/stash/share/U-9xnv6y6NNo1wJRvo31FVkuaPAx_B_P8h2Uy6aWsAY", "userId": 18364, "license": "https://creativecommons.org/publicdomain/zero/1.0/"}