{"_links": {"self": {"href": "/api/v2/datasets/doi%3A10.5061%2Fdryad.77q9r"}, "stash:versions": {"href": "/api/v2/datasets/doi%3A10.5061%2Fdryad.77q9r/versions"}, "stash:version": {"href": "/api/v2/versions/16127"}, "stash:download": {"href": "/api/v2/datasets/doi%3A10.5061%2Fdryad.77q9r/download"}, "curies": [{"name": "stash", "href": "https://github.com/CDL-Dryad/stash/blob/main/stash_api/link-relations.md#{rel}", "templated": "true"}]}, "identifier": "doi:10.5061/dryad.77q9r", "id": 16070, "storageSize": 48946, "title": "Data from: Photos provide information on age, but not kinship, of Andean bear", "authors": [{"firstName": "Russell C.", "lastName": "Van Horn", "affiliation": "Zoological Society of San Diego", "affiliationROR": "https://ror.org/04q1yyt92"}, {"firstName": "Becky", "lastName": "Zug", "affiliation": "University of Wisconsin-Madison", "affiliationROR": "https://ror.org/01y2jtd41"}, {"firstName": "Robyn D.", "lastName": "Appleton", "affiliation": "University of British Columbia", "affiliationROR": "https://ror.org/03rmrcq20"}, {"firstName": "Ximena", "lastName": "Velez-Liendo", "affiliation": "Universidad Mayor", "affiliationROR": "https://ror.org/00pn44t17"}, {"firstName": "Susanna L.", "lastName": "Paisley", "affiliation": "University of Kent", "affiliationROR": "https://ror.org/00xkeyj56"}, {"firstName": "Corrin", "lastName": "LaCombe", "affiliation": "Zoological Society of San Diego", "affiliationROR": "https://ror.org/04q1yyt92"}, {"firstName": "Susanna", "lastName": "Paisley", "affiliation": "University of Kent", "affiliationROR": "https://ror.org/00xkeyj56"}], "abstract": "Using photos of captive Andean bears of known age and pedigree, and photos of wild Andean bear cubs <6 months old, we evaluated the degree to which visual information may be used to estimate bears\u2019 ages and assess their kinship. We demonstrate that the ages of Andean bear cubs \u22646 months old may be estimated from their size relative to their mothers with an average error of <0.01 \u00b1 13.2 days (SD; n = 14), and that ages of adults \u226510 years old may be estimated from the proportion of their nose that is pink with an average error of <0.01 \u00b1 3.5 years (n = 41). We also show that similarity among the bears\u2019 natural markings, as perceived by humans, is not associated with pedigree kinship among the bears (R2 < 0.001, N = 1,043, p = 0.499). Thus, researchers may use photos of wild Andean bears to estimate the ages of young cubs and older adults, but not to infer their kinship. Given that camera trap photos are one of the most readily available sources of information on large cryptic mammals, we suggest that similar methods be tested for use in other poorly understood species.", "keywords": ["Spectacled bear", "Age estimation", "Natural markings", "kinship", "camera traps", "Andean bear", "noninvasive", "Tremarctos ornatus"], "usageNotes": "<div class=\"o-metadata__file-usage-entry\"><h4 class=\"o-heading__level3-file-title\">Visual estimates of the sizes of Andean bear cubs relative to their mothers</h4><div class=\"o-metadata__file-description\">This csv file contains data from photos of Andean bear cubs in captivity and in the wild (Cerro Venado, Lambayeque, Peru).</div><div class=\"o-metadata__file-name\">VanHornetal15_data1_CubRelativeSize.csv</br></div><div class=\"o-metadata__file-name\"></div></div><div class=\"o-metadata__file-usage-entry\"><h4 class=\"o-heading__level3-file-title\">The nose color of known-age captive Andean bears</h4><div class=\"o-metadata__file-description\">This csv file contains data from photos of captive Andean bears that were used to build and test a method for estimating the bears' ages from their nose color.</div><div class=\"o-metadata__file-name\">VanHornetal15_data2_NoseColor.csv</br></div><div class=\"o-metadata__file-name\"></div></div><div class=\"o-metadata__file-usage-entry\"><h4 class=\"o-heading__level3-file-title\">Perceived similarity of the facial markings of captive Andean bears</h4><div class=\"o-metadata__file-description\">This csv file contains data from an online survey in which participants were asked to rate the perceived similarity of the facial markings of the two captive bears shown in sequential pairs of photos.</div><div class=\"o-metadata__file-name\">VanHornetal15_data3_KinshipSimilarity.csv</br></div><div class=\"o-metadata__file-name\"></div></div>", "relatedWorks": [{"relationship": "Cites", "identifierType": "DOI", "identifier": "https://doi.org/10.7717/peerj.1042"}], "versionNumber": 1, "versionStatus": "submitted", "curationStatus": "Published", "publicationDate": "2016-06-04", "lastModificationDate": "2020-06-24", "visibility": "public", "sharingLink": "https://datadryad.org/stash/share/x22sEXITlVY8nH7ivZHnOZpzZy14TTP4MGN26F7AeP8", "userId": 12147, "license": "https://creativecommons.org/publicdomain/zero/1.0/"}