{"_links": {"self": {"href": "/api/v2/datasets/doi%3A10.5061%2Fdryad.38cj7"}, "stash:versions": {"href": "/api/v2/datasets/doi%3A10.5061%2Fdryad.38cj7/versions"}, "stash:version": {"href": "/api/v2/versions/5164"}, "stash:download": {"href": "/api/v2/datasets/doi%3A10.5061%2Fdryad.38cj7/download"}, "curies": [{"name": "stash", "href": "https://github.com/CDL-Dryad/stash/blob/main/stash_api/link-relations.md#{rel}", "templated": "true"}]}, "identifier": "doi:10.5061/dryad.38cj7", "id": 5130, "storageSize": 409217, "title": "Data from: Lack of parallel genetic patterns underlying the repeated ecological divergence of beach and stream spawning kokanee salmon", "authors": [{"firstName": "Karen K.", "lastName": "Frazer", "affiliation": "University of British Columbia", "affiliationROR": "https://ror.org/03rmrcq20"}, {"firstName": "Michael A.", "lastName": "Russello", "affiliation": "University of British Columbia", "affiliationROR": "https://ror.org/03rmrcq20"}], "abstract": "Recent progress in methods for detecting adaptive population divergence in situ shows promise for elucidating the conditions under which selection acts to generate intraspecific diversity. Rapid ecological diversification is common in fishes, however, the role of phenotypic plasticity and adaptation to local environments is poorly understood. It is now possible to investigate genetic patterns to make inferences regarding phenotypic traits under selection and possible mechanisms underlying ecotype divergence, particularly where similar novel phenotypes have arisen in multiple independent populations. Here, we employed a bottom-up approach to test for signatures of directional selection associated with divergence of beach- and stream-spawning kokanee, the obligate freshwater form of sockeye salmon (Oncorhynchus nerka). Beach- and stream-spawners co-exist in many post-glacial lakes and exhibit distinct reproductive behaviors, life-history traits and spawning habitat preferences. Replicate ecotype pairs across five lakes in British Columbia, Canada were genotyped at 57 expressed sequence tag-linked and anonymous microsatellite loci identified in a previous genome scan. Fifteen loci exhibited signatures of directional selection (high FST outliers), four of which were identified in multiple lakes. However, the lack of parallel genetic patterns across all lakes may be a result of: 1) an inability to detect loci truly under selection; 2) alternative genetic pathways underlying ecotype divergence in this system; and/or 3) phenotypic plasticity playing a formative role in driving kokanee spawning habitat differences. Gene annotations for detected outliers suggest pathogen resistance and energy metabolism as potential mechanisms contributing to the divergence of beach- and stream-spawning kokanee, but further study is required.", "keywords": ["Oncorhynchus nerka", "Life History Evolution", "sockeye salmon", "population genomics", "EST-linked microsatellites"], "usageNotes": "<div class=\"o-metadata__file-usage-entry\"><h4 class=\"o-heading__level3-file-title\">Microsatellite genotypic data for 10 populations at 50 loci</h4><div class=\"o-metadata__file-description\">GenAlEx format within a Microsoft Excel spreadsheet. Sampling localities, sample sizes, ecotype and locus information explicitly noted in the file.</div><div class=\"o-metadata__file-name\">Frazer_Russello_JEB_DRYAD.xls</br></div></div>", "locations": [{"place": "British Columbia"}], "relatedWorks": [{"relationship": "Cites", "identifierType": "DOI", "identifier": "https://doi.org/10.1111/jeb.12250"}], "versionNumber": 1, "versionStatus": "submitted", "curationStatus": "Published", "publicationDate": "2013-08-26", "lastModificationDate": "2020-06-30", "visibility": "public", "sharingLink": "https://datadryad.org/stash/share/RBNwAde4Gzhb1xfIyatAS3gDfKQHTh3CO0Jto8X-1FQ", "userId": 21218, "license": "https://creativecommons.org/publicdomain/zero/1.0/"}