{"_links": {"self": {"href": "/api/v2/datasets/doi%3A10.5061%2Fdryad.866t1g1nh"}, "stash:versions": {"href": "/api/v2/datasets/doi%3A10.5061%2Fdryad.866t1g1nh/versions"}, "stash:version": {"href": "/api/v2/versions/76773"}, "stash:download": {"href": "/api/v2/datasets/doi%3A10.5061%2Fdryad.866t1g1nh/download"}, "curies": [{"name": "stash", "href": "https://github.com/CDL-Dryad/stash/blob/main/stash_api/link-relations.md#{rel}", "templated": "true"}]}, "identifier": "doi:10.5061/dryad.866t1g1nh", "id": 47494, "storageSize": 77262, "title": "Data from: Spatial patterns and rarity of the white-phased \u2018Spirit Bear\u2019 allele reveals gaps in habitat protection", "authors": [{"firstName": "Christina", "lastName": "Service", "email": "christina.service@gmail.com", "affiliation": "Raincoast Conservation Foundation", "affiliationROR": "https://ror.org/03sm30m06", "orcid": "0000-0001-7448-7251"}, {"firstName": "Mathieu", "lastName": "Bourbonnais", "email": "", "affiliation": "University of British Columbia", "affiliationROR": "https://ror.org/03rmrcq20"}, {"firstName": "Megan", "lastName": "Adams", "email": "", "affiliation": "University of Victoria", "affiliationROR": "https://ror.org/04s5mat29"}, {"firstName": "Lauren", "lastName": "Henson", "email": "", "affiliation": "University of Victoria", "affiliationROR": "https://ror.org/04s5mat29"}, {"firstName": "Douglas", "lastName": "Neasloss", "email": "", "affiliation": "Kitasoo/Xai'xais First Nation Stewardship Authority,"}, {"firstName": "Chris", "lastName": "Picard", "email": "", "affiliation": "Gitga'at Oceans and Lands Department, Gitga'at First Nation"}, {"firstName": "Paul", "lastName": "Paquet", "email": "", "affiliation": "University of Victoria", "affiliationROR": "https://ror.org/04s5mat29"}, {"firstName": "Chris", "lastName": "Darimont", "email": "", "affiliation": "University of Victoria", "affiliationROR": "https://ror.org/04s5mat29"}], "abstract": "<p>Preserving genetic and phenotypic diversity can help safeguard not only biodiversity but also cultural and economic values.</p>\r\n\r\n<p>Here, we present data that emerged from Indigenous-led research at the intersection of evolution and ecology to support conservation planning of a culturally salient, economically valuable, and rare phenotypic variant. We addressed three conservation objectives for the white-phased \u2018Spirit bear\u2019 polymorphism, a rare and endemic white-coated phenotype of black bear (Ursus americanus) in Kitasoo/Xai\u2019xais and Gitga\u2019at Territories and beyond in coastal British Columbia, Canada. First, we used non-invasively collected hair samples (n = 385 bears over ~18,000 km<sup>2</sup>) to assess the spatial variation in the frequency of the allele that controls the white-coloured morph (mc1r). Second, we compared our observed allele frequencies at mc1r with those expected under Hardy-Weinberg equilibrium. Finally, we examined how well current protected areas in the region aligned with spatial hotspots of Spirit bear alleles.</p>\r\n\r\n<p>We found that landscape-level allele frequency was lower than previously reported. For example, our systematic sampling estimated a frequency of 0.25 (95% CI 0.13-0.41) on Gribbell Island compared with the previously reported estimate of 0.56. Also, in contrast with previous reports, we failed to detect a statistically significant departure from Hardy-Weinberg equilibrium at mc1r, which calls into question the previously-posited role of homozygote gene flow, heterozygote disadvantage, and positive assortative mating in the maintenance of this polymorphism. Finally, we found a discrepancy between the placement of protected areas and the 90th percentile hotspots (upper 10% of all estimated values) of Spirit bear alleles, with ~50% of hotspots falling outside of protected areas.</p>\r\n\r\n<p>These results provide new insight into hypotheses related to the maintenance of this rare polymorphism, and directly relevant information to support evidence-based opportunities for Indigenous Nations of the area to attend to gaps in conservation planning.</p>\r\n", "funders": [{"organization": "Natural Sciences and Engineering Research Council of Canada", "awardNumber": "435683"}], "keywords": ["Ursus", "Spirit bear", "Kermode", "protected areas", "Great Bear Rainforest", "phenotypic diversity"], "methods": "<p>Dataset of black bear (<em>Ursus americanus</em>) genotypes (AA, AG, or GG) at the mc1r gene. Individuals were genotyped from hair-derived DNA gathered as part of an annual monitoring program in\u00a0coastal British Columbia, Canada (2012-2017).</p>\r\n", "usageNotes": "<p>Agreements for these data with partner governements (Kitasoo/Xai'xais and Gitga'at First Nation) prohibit us from diplaying the exact spatial data of detected bears. As such, bear detection information has been summarized at the scale of 'landmass' (see manuscript). Contact the lead author for further information.</p>\r\n", "relatedWorks": [{"relationship": "Cites", "identifierType": "DOI", "identifier": "https://doi.org/10.1002/2688-8319.12014"}], "versionNumber": 3, "versionStatus": "submitted", "curationStatus": "Published", "publicationDate": "2020-08-10", "lastModificationDate": "2020-08-10", "visibility": "public", "sharingLink": "https://datadryad.org/stash/share/HUo1FVX4vCILOhys63DSx0WHXwX_YqtwoT48v37_lg4", "userId": 56832, "license": "https://creativecommons.org/publicdomain/zero/1.0/"}