{"_links": {"self": {"href": "/api/v2/datasets/doi%3A10.5061%2Fdryad.g7805"}, "stash:versions": {"href": "/api/v2/datasets/doi%3A10.5061%2Fdryad.g7805/versions"}, "stash:version": {"href": "/api/v2/versions/20406"}, "stash:download": {"href": "/api/v2/datasets/doi%3A10.5061%2Fdryad.g7805/download"}, "curies": [{"name": "stash", "href": "https://github.com/CDL-Dryad/stash/blob/main/stash_api/link-relations.md#{rel}", "templated": "true"}]}, "identifier": "doi:10.5061/dryad.g7805", "id": 20342, "storageSize": 46957811, "title": "Data from: Genetic specificity of a plant-insect food web: implications for linking genetic variation to network complexity", "authors": [{"firstName": "Matthew A.", "lastName": "Barbour", "affiliation": "University of British Columbia", "affiliationROR": "https://ror.org/03rmrcq20"}], "abstract": "Theory predicts that intraspecific genetic variation can increase the complexity of an ecological network. To date, however, we are lacking empirical knowledge of the extent to which genetic variation determines the assembly of ecological networks, as well as how the gain or loss of genetic variation will affect network structure. To address this knowledge gap, we used a common garden experiment to quantify the extent to which heritable trait variation in a host plant determines the assembly of its associated insect food web (network of trophic interactions). We then used a resampling procedure to simulate the additive effects of genetic variation on overall food-web complexity. We found that trait variation among host-plant genotypes was associated with resistance to insect herbivores, which indirectly affected interactions between herbivores and their insect parasitoids. Direct and indirect genetic effects resulted in distinct compositions of trophic interactions associated with each host-plant genotype. Moreover, our simulations suggest that food-web complexity would increase by 20% over the range of genetic variation in the experimental population of host plants. Taken together, our results indicate that intraspecific genetic variation can play a key role in structuring ecological networks, which may in turn affect network persistence.", "keywords": ["Rabdophaga salicisbrassicoides", "ecological networks", "Iteomyia salicisverruca", "Species Interactions", "Chalcidoidea", "Salix hookeriana", "Summer 2012", "community genetics"], "usageNotes": "<div class=\"o-metadata__file-usage-entry\"><h4 class=\"o-heading__level3-file-title\">Interaction network, gall size, and plant traits</h4><div class=\"o-metadata__file-name\">tree_level_interaxn_all_plants_traits_size.csv</br></div><div class=\"o-metadata__file-name\"></div></div><div class=\"o-metadata__file-usage-entry\"><h4 class=\"o-heading__level3-file-title\">Food-web complexity simulation data</h4><div class=\"o-metadata__file-name\">food web complexity simulation 50 reps of 200 sims 4 reps.csv</br></div><div class=\"o-metadata__file-name\"></div></div><div class=\"o-metadata__file-usage-entry\"><h4 class=\"o-heading__level3-file-title\">Monoculture simulation 4 reps</h4><div class=\"o-metadata__file-name\">food web complexity simulation 1000 monosims 4 reps.csv</br></div><div class=\"o-metadata__file-name\"></div></div><div class=\"o-metadata__file-usage-entry\"><h4 class=\"o-heading__level3-file-title\">Monoculture simulation 3 reps</h4><div class=\"o-metadata__file-name\">food web complexity simulation 1000 monosims 3 reps.csv</br></div><div class=\"o-metadata__file-name\"></div></div><div class=\"o-metadata__file-usage-entry\"><h4 class=\"o-heading__level3-file-title\">Monoculture simulation 2 reps</h4><div class=\"o-metadata__file-name\">food web complexity simulation 1000 monosims 2 reps.csv</br></div><div class=\"o-metadata__file-name\"></div></div><div class=\"o-metadata__file-usage-entry\"><h4 class=\"o-heading__level3-file-title\">Monoculture simulation 1 rep</h4><div class=\"o-metadata__file-name\">food web complexity simulation 1000 monosims 1 reps.csv</br></div><div class=\"o-metadata__file-name\"></div></div>", "locations": [{"place": "USA"}, {"place": "124\u00b012'4\"W"}, {"place": "Loleta"}, {"place": "40\u00b040'53\"N"}, {"place": "California"}, {"place": "Humboldt Bay National Wildlife Refuge"}], "relatedWorks": [{"relationship": "Cites", "identifierType": "DOI", "identifier": "https://doi.org/10.1073/pnas.1513633113"}], "versionNumber": 1, "versionStatus": "submitted", "curationStatus": "Published", "publicationDate": "2017-01-26", "lastModificationDate": "2020-06-24", "visibility": "public", "sharingLink": "https://datadryad.org/stash/share/f-w06Nyb3QECsrw-kBn4XAVOq2Bbzm5-AUH-KJXtCoo", "userId": 10639, "license": "https://creativecommons.org/publicdomain/zero/1.0/"}