{"_links": {"self": {"href": "/api/v2/datasets/doi%3A10.5061%2Fdryad.63q27"}, "stash:versions": {"href": "/api/v2/datasets/doi%3A10.5061%2Fdryad.63q27/versions"}, "stash:version": {"href": "/api/v2/versions/27578"}, "stash:download": {"href": "/api/v2/datasets/doi%3A10.5061%2Fdryad.63q27/download"}, "curies": [{"name": "stash", "href": "https://github.com/CDL-Dryad/stash/blob/main/stash_api/link-relations.md#{rel}", "templated": "true"}]}, "identifier": "doi:10.5061/dryad.63q27", "id": 26988, "storageSize": 84577050, "title": "Data from: Three keys to the radiation of angiosperms into freezing environments", "authors": [{"firstName": "Amy E.", "lastName": "Zanne", "affiliation": "University of Washington", "affiliationROR": "https://ror.org/00cvxb145"}, {"firstName": "David C.", "lastName": "Tank", "affiliation": "University of Idaho", "affiliationROR": "https://ror.org/03hbp5t65"}, {"firstName": "William K.", "lastName": "Cornwell", "affiliation": "Department of Ecological Sciences, Systems Ecology, de Boelelaan 1085, 1081 HV Amsterdam, the Netherlands,"}, {"firstName": "Jonathan M.", "lastName": "Eastman", "affiliation": "University of Idaho", "affiliationROR": "https://ror.org/03hbp5t65"}, {"firstName": "Stephen A.", "lastName": "Smith", "affiliation": "University of Michigan-Ann Arbor", "affiliationROR": "https://ror.org/00jmfr291"}, {"firstName": "Richard G.", "lastName": "FitzJohn", "affiliation": "University of British Columbia", "affiliationROR": "https://ror.org/03rmrcq20"}, {"firstName": "Daniel J.", "lastName": "McGlinn", "affiliation": "Utah State University", "affiliationROR": "https://ror.org/00h6set76"}, {"firstName": "Brian C.", "lastName": "O'Meara", "affiliation": "University of Tennessee at Knoxville", "affiliationROR": "https://ror.org/020f3ap87"}, {"firstName": "Angela T.", "lastName": "Moles", "affiliation": "Environmental Earth Sciences", "affiliationROR": "https://ror.org/04rnwed46"}, {"firstName": "Peter B.", "lastName": "Reich", "affiliation": "University of Minnesota", "affiliationROR": "https://ror.org/017zqws13"}, {"firstName": "Dana L.", "lastName": "Royer", "affiliation": "Wesleyan University", "affiliationROR": "https://ror.org/05h7xva58"}, {"firstName": "Douglas E.", "lastName": "Soltis", "affiliation": "University of Florida", "affiliationROR": "https://ror.org/02y3ad647"}, {"firstName": "Peter F.", "lastName": "Stevens", "affiliation": "University of Missouri\u2013St. Louis", "affiliationROR": "https://ror.org/037cnag11"}, {"firstName": "Mark", "lastName": "Westoby", "affiliation": "Macquarie University", "affiliationROR": "https://ror.org/01sf06y89"}, {"firstName": "Ian J.", "lastName": "Wright", "affiliation": "Macquarie University", "affiliationROR": "https://ror.org/01sf06y89"}, {"firstName": "Lonnie", "lastName": "Aarssen", "affiliation": "Queen's University", "affiliationROR": "https://ror.org/02y72wh86"}, {"firstName": "Robert I.", "lastName": "Bertin", "affiliation": "College of the Holy Cross", "affiliationROR": "https://ror.org/05dwp6855"}, {"firstName": "Andre", "lastName": "Calaminus", "affiliation": "University of Florida", "affiliationROR": "https://ror.org/02y3ad647"}, {"firstName": "Rafa\u00ebl", "lastName": "Govaerts", "affiliation": "Royal Botanic Gardens", "affiliationROR": "https://ror.org/00ynnr806"}, {"firstName": "Frank", "lastName": "Hemmings", "affiliation": "Environmental Earth Sciences", "affiliationROR": "https://ror.org/04rnwed46"}, {"firstName": "Michelle R.", "lastName": "Leishman", "affiliation": "Macquarie University", "affiliationROR": "https://ror.org/01sf06y89"}, {"firstName": "Jacek", "lastName": "Oleksyn", "affiliation": "University of Minnesota", "affiliationROR": "https://ror.org/017zqws13"}, {"firstName": "Pamela S.", "lastName": "Soltis", "affiliation": "Florida Museum of Natural History", "affiliationROR": "https://ror.org/02pjdv450"}, {"firstName": "Nathan G.", "lastName": "Swenson", "affiliation": "Department of Plant Biology", "affiliationROR": "https://ror.org/00tdyb139"}, {"firstName": "Laura", "lastName": "Warman", "affiliation": "Environmental Earth Sciences", "affiliationROR": "https://ror.org/04rnwed46"}, {"firstName": "Jeremy M.", "lastName": "Beaulieu", "affiliation": "National Institute for Mathematical and Biological Synthesis", "affiliationROR": "https://ror.org/04vj69e88"}, {"firstName": "Alejandro", "lastName": "Ordonez"}], "abstract": "Early flowering plants are thought to have been woody species restricted to warm habitats1, 2, 3. This lineage has since radiated into almost every climate, with manifold growth forms4. As angiosperms spread and climate changed, they evolved mechanisms to cope with episodic freezing. To explore the evolution of traits underpinning the ability to persist in freezing conditions, we assembled a large species-level database of growth habit (woody or herbaceous; 49,064 species), as well as leaf phenology (evergreen or deciduous), diameter of hydraulic conduits (that is, xylem vessels and tracheids) and climate occupancies (exposure to freezing). To model the evolution of species\u2019 traits and climate occupancies, we combined these data with an unparalleled dated molecular phylogeny (32,223 species) for land plants. Here we show that woody clades successfully moved into freezing-prone environments by either possessing transport networks of small safe conduits5 and/or shutting down hydraulic function by dropping leaves during freezing. Herbaceous species largely avoided freezing periods by senescing cheaply constructed aboveground tissue. Growth habit has long been considered labile6, but we find that growth habit was less labile than climate occupancy. Additionally, freezing environments were largely filled by lineages that had already become herbs or, when remaining woody, already had small conduits (that is, the trait evolved before the climate occupancy). By contrast, most deciduous woody lineages had an evolutionary shift to seasonally shedding their leaves only after exposure to freezing (that is, the climate occupancy evolved before the trait). For angiosperms to inhabit novel cold environments they had to gain new structural and functional trait solutions; our results suggest that many of these solutions were probably acquired before their foray into the cold.", "keywords": ["growth form", "Euphyllophyta", "woodiness", "freezing exposure", "plant trait", "Angiospermae", "WorldClim", "GBIF", "Spermatophyta", "taxonomy", "Tracheophyta"], "usageNotes": "<div class=\"o-metadata__file-usage-entry\"><h4 class=\"o-heading__level3-file-title\">Taxonomic lookup table containing clade-level mappings for 15,363 genera of Spermatophyta.</h4><div class=\"o-metadata__file-name\">Spermatophyta_Genera.csv</br></div><div class=\"o-metadata__file-name\"></div></div><div class=\"o-metadata__file-usage-entry\"><h4 class=\"o-heading__level3-file-title\">Global Woodiness Database</h4><div class=\"o-metadata__file-name\">GlobalWoodinessDatabase.csv</br></div><div class=\"o-metadata__file-name\"></div></div><div class=\"o-metadata__file-usage-entry\"><h4 class=\"o-heading__level3-file-title\">Phylogenetic Resources</h4><div class=\"o-metadata__file-description\">This archive contains datasets and resulting trees for maximum likelihood phylogeny reconstruction and time-scaling.</div><div class=\"o-metadata__file-name\">PhylogeneticResources.zip</br></div><div class=\"o-metadata__file-name\"></div></div><div class=\"o-metadata__file-usage-entry\"><h4 class=\"o-heading__level3-file-title\">Global Plant Species Freezing Exposure Database</h4><div class=\"o-metadata__file-description\">This collection of files documents the processing of the Global Biodiversity Information Facility (GBIF) geographic data and the WorldClim Bioclim data to produce a species freezing exposure datafile which is also included.</div><div class=\"o-metadata__file-name\">climate.zip</br></div><div class=\"o-metadata__file-name\"></div></div><div class=\"o-metadata__file-usage-entry\"><h4 class=\"o-heading__level3-file-title\">Global Leaf Phenology Database</h4><div class=\"o-metadata__file-name\">GlobalLeafPhenologyDatabase.csv</br></div><div class=\"o-metadata__file-name\"></div></div>", "locations": [{"place": "Global"}], "relatedWorks": [{"relationship": "Cites", "identifierType": "DOI", "identifier": "https://doi.org/10.1038/nature12872"}], "versionNumber": 2, "versionStatus": "submitted", "curationStatus": "Published", "publicationDate": "2014-10-22", "lastModificationDate": "2020-06-24", "visibility": "public", "sharingLink": "https://datadryad.org/stash/share/RoBRGwuJAaTj4aMGa01ZrWIUHzuJzU0GEV7mIT3y0Cg", "userId": 5661, "license": "https://creativecommons.org/publicdomain/zero/1.0/"}