{"_links": {"self": {"href": "/api/v2/datasets/doi%3A10.5061%2Fdryad.np5hqbzqg"}, "stash:versions": {"href": "/api/v2/datasets/doi%3A10.5061%2Fdryad.np5hqbzqg/versions"}, "stash:version": {"href": "/api/v2/versions/73571"}, "stash:download": {"href": "/api/v2/datasets/doi%3A10.5061%2Fdryad.np5hqbzqg/download"}, "curies": [{"name": "stash", "href": "https://github.com/CDL-Dryad/stash/blob/main/stash_api/link-relations.md#{rel}", "templated": "true"}]}, "identifier": "doi:10.5061/dryad.np5hqbzqg", "id": 48281, "storageSize": 679356, "title": "Adaptation and latitudinal gradients in species interactions: nest predation in birds", "authors": [{"firstName": "Ben", "lastName": "Freeman", "email": "benjamingfreeman@gmail.com", "affiliation": "University of British Columbia", "affiliationROR": "https://ror.org/03rmrcq20", "orcid": "0000-0001-6131-6832"}, {"firstName": "Micah", "lastName": "Scholer", "email": "", "affiliation": "University of British Columbia", "affiliationROR": "https://ror.org/03rmrcq20"}, {"firstName": "Mannfred", "lastName": "Boehm", "email": "", "affiliation": "University of British Columbia", "affiliationROR": "https://ror.org/03rmrcq20"}, {"firstName": "Julian", "lastName": "Heavyside", "email": "", "affiliation": "University of British Columbia", "affiliationROR": "https://ror.org/03rmrcq20"}, {"firstName": "Dolph", "lastName": "Schluter", "email": "", "affiliation": "University of British Columbia", "affiliationROR": "https://ror.org/03rmrcq20"}], "abstract": "\nAre rates of biotic interactions are stronger in the tropics? Here we investigate nest predation rates in birds, a canonical example of a strong tropical biotic interaction. Counter to expectations, daily rates of nest predation vary minimally with latitude. However, life history traits that influence nest predation have diverged between latitudes. For example, tropical species have evolved a longer average nesting period, which is associated with reduced rates of nest attendance by parents. Daily nest mortality declines with nesting period duration within regions, but tropical species have a higher intercept. Consequently, for the same nesting period length, tropical species experience higher daily nest predation rates than temperate species. The implication of this analysis is that the evolved difference between latitudes in nesting period length produces a flatter latitudinal gradient in daily nest predation than would otherwise be predicted. We propose that adaptation\nmay frequently dampen geographic patterns in interaction rates.", "keywords": ["Interactions: predation", "gradient diversity", "Neotropical bird"], "versionNumber": 3, "versionStatus": "submitted", "curationStatus": "Published", "publicationDate": "2020-07-17", "lastModificationDate": "2020-07-18", "visibility": "public", "sharingLink": "https://datadryad.org/stash/share/HlD1h98aovoCadJkqmUsq15i-zenk8UcJSX7zhzpRn0", "userId": 57448, "license": "https://creativecommons.org/publicdomain/zero/1.0/"}