{"_links": {"self": {"href": "/api/v2/datasets/doi%3A10.5061%2Fdryad.7ts20"}, "stash:versions": {"href": "/api/v2/datasets/doi%3A10.5061%2Fdryad.7ts20/versions"}, "stash:version": {"href": "/api/v2/versions/15740"}, "stash:download": {"href": "/api/v2/datasets/doi%3A10.5061%2Fdryad.7ts20/download"}, "curies": [{"name": "stash", "href": "https://github.com/CDL-Dryad/stash/blob/main/stash_api/link-relations.md#{rel}", "templated": "true"}]}, "identifier": "doi:10.5061/dryad.7ts20", "id": 15685, "storageSize": 50747, "title": "Data from: Topology of tree-mycorrhizal fungus interaction networks in xeric and mesic Douglas-fir forests", "authors": [{"firstName": "Kevin J.", "lastName": "Beiler", "affiliation": "Beuth University of Applied Sciences", "affiliationROR": "https://ror.org/00w7whj55"}, {"firstName": "Suzanne W.", "lastName": "Simard", "affiliation": "University of British Columbia", "affiliationROR": "https://ror.org/03rmrcq20"}, {"firstName": "Daniel M.", "lastName": "Durall", "affiliation": "University of British Columbia", "affiliationROR": "https://ror.org/03rmrcq20"}], "abstract": "1. From the phytocentric perspective, a mycorrhizal network (MN) is formed when the roots of two or more plants are colonized by the same fungal genet. MNs can be modelled as interaction networks with plants as nodes and fungal genets as links. The potential effects of MNs on facilitation or competition between plants are increasingly recognized, but their network topologies remain largely unknown. This information is needed to understand the ecological significance of MN functional traits. 2. The objectives of this study were to describe the interaction network topologies of MNs formed between two ectomycorrhizal fungal species, Rhizopogon vesiculosus and R. vinicolor, and interior Douglas-fir trees at the forest stand scale, identify factors leading to this structure and to contrast MN structures between forest plots with xeric versus mesic soil moisture regimes. 3. Tuberculate mycorrhizas were sampled in six 10 \u00d7 10 m plots with either xeric or mesic soil moisture regimes. Microsatellite DNA markers were used to identify tree and fungal genotypes isolated from mycorrhizas and for comparison with reference tree boles above-ground. 4. In all six plots, trees and fungal genets were highly interconnected. Size asymmetries between different tree cohorts led to non-random MN topologies, while differences in size and connectivity between Rhizopogon species-specific subnetwork components contributed towards MN nestedness. Large mature trees acted as network hubs with a significantly higher node degree compared to smaller trees. MNs representing trees linked by R. vinicolor genets were mostly nested within larger, more highly connected R. vesiculosus-linked MNs. 5. Attributes of network nodes showed that hub trees were more important to MN topology on xeric than mesic sites, but the emergent structures of MNs were similar in the two soil moisture regimes. 6. Synthesis. This study suggests MNs formed between interior Douglas-fir trees and R. vesiculosus and R. vinicolor genets are resilient to the random loss of participants, and to soil water stress, but may be susceptible to the loss of large trees or fungal genets. Our results regarding the topology of MNs contribute to the understanding of forest stand dynamics and the resilience of forests to stress or disturbance.", "keywords": ["Complex adaptive systems", "Self-organization", "mycorrhiza", "Mutualistic Network", "Douglas-fir", "mycorrhizal network", "Rhizopogon vinicolor", "Pseudotsuga menziesii", "microsatellites", "Pseudotsuga menziesii (Douglas-fir)", "Plant\u2013soil (below-ground) interactions", "Rhizopogon vesiculosus", "soil water stress", "fungal genet"], "usageNotes": "<div class=\"o-metadata__file-usage-entry\"><h4 class=\"o-heading__level3-file-title\">Beiler,etal_Datapack_JEcol-2014-0405.R2</h4><div class=\"o-metadata__file-description\">Sample location and genetic data from: Topology of tree-mycorrhizal fungus interaction networks in xeric and mesic Douglas-fir forests</div><div class=\"o-metadata__file-name\"></div><div class=\"o-metadata__file-name\"></div></div>", "relatedWorks": [{"relationship": "Cites", "identifierType": "DOI", "identifier": "https://doi.org/10.1111/1365-2745.12387"}], "versionNumber": 1, "versionStatus": "submitted", "curationStatus": "Published", "publicationDate": "2015-03-13", "lastModificationDate": "2020-06-24", "visibility": "public", "sharingLink": "https://datadryad.org/stash/share/qUSJPATYDNjOm8OGeb3JTgHoOm6C-x4FjpBNZkRKHpg", "userId": 11537, "license": "https://creativecommons.org/publicdomain/zero/1.0/"}