{"_links": {"self": {"href": "/api/v2/datasets/doi%3A10.5061%2Fdryad.223p4"}, "stash:versions": {"href": "/api/v2/datasets/doi%3A10.5061%2Fdryad.223p4/versions"}, "stash:version": {"href": "/api/v2/versions/2842"}, "stash:download": {"href": "/api/v2/datasets/doi%3A10.5061%2Fdryad.223p4/download"}, "curies": [{"name": "stash", "href": "https://github.com/CDL-Dryad/stash/blob/main/stash_api/link-relations.md#{rel}", "templated": "true"}]}, "identifier": "doi:10.5061/dryad.223p4", "id": 2828, "storageSize": 990336, "title": "Data from: Multiple reproductive barriers separate recently diverged sunflower ecotypes", "authors": [{"firstName": "Katherine L.", "lastName": "Ostevik", "affiliation": "University of British Columbia", "affiliationROR": "https://ror.org/03rmrcq20"}, {"firstName": "Rose L.", "lastName": "Andrew", "affiliation": "University of New England", "affiliationROR": "https://ror.org/02n2ava60"}, {"firstName": "Sarah P.", "lastName": "Otto", "affiliation": "University of British Columbia", "affiliationROR": "https://ror.org/03rmrcq20"}, {"firstName": "Loren H.", "lastName": "Rieseberg", "affiliation": "University of British Columbia", "affiliationROR": "https://ror.org/03rmrcq20"}], "abstract": "Measuring reproductive barriers between groups of organisms is an effective way to determine the traits and mechanisms that impede gene flow. However, to understand the ecological and evolutionary factors that drive speciation, it is important to distinguish between the barriers that arise early in the speciation process and those that arise after speciation is largely complete. In this paper we comprehensively test for reproductive isolation between recently diverged (< 10,000 years bp) dune and non-dune ecotypes of the prairie sunflower, Helianthus petiolaris. We find reproductive barriers acting at multiple stages of hybridization, including premating, postmating-prezygotic, and postzygotic barriers, despite the recent divergence. Barriers include extrinsic selection against immigrants and hybrids, a shift in pollinator assemblage, and post-pollination assortative mating. Together these data suggest that multiple barriers can be important for reducing gene flow in the earliest stages of speciation.", "keywords": ["sand dune adaptation", "ecological divergence", "Helianthus petiolaris", "incipient speciation", "pollen competition", "reciprocal transplant"], "usageNotes": "<div class=\"o-metadata__file-usage-entry\"><h4 class=\"o-heading__level3-file-title\">2012_RT_Plots</h4><div class=\"o-metadata__file-description\">The number of seedlings that emerged and survived in each subplot of our 2012 reciprocal transplant in which we planted dune, non-dune and hybrid seeds into a site in the dunes and a site in the non-dune habitat (sand sheet) at Great Sand Dunes National Park and Preserve.</div><div class=\"o-metadata__file-name\"></div><div class=\"o-metadata__file-name\"></div></div><div class=\"o-metadata__file-usage-entry\"><h4 class=\"o-heading__level3-file-title\">2012_RT_Plants_full</h4><div class=\"o-metadata__file-description\">Data (height, day to first flower, number of seeds, etc) for each plant that survived in our 2012 reciprocal transplant</div><div class=\"o-metadata__file-name\"></div><div class=\"o-metadata__file-name\"></div></div><div class=\"o-metadata__file-usage-entry\"><h4 class=\"o-heading__level3-file-title\">2012_RT_Aster</h4><div class=\"o-metadata__file-description\">Data (emergence, survival, number of flowers, number of seeds) for each seed planted in our 2012 reciprocal transplant formatted for an ASTER analysis</div><div class=\"o-metadata__file-name\"></div><div class=\"o-metadata__file-name\"></div></div><div class=\"o-metadata__file-usage-entry\"><h4 class=\"o-heading__level3-file-title\">2012_RT_FT_survival</h4><div class=\"o-metadata__file-description\">The period during which each plant that survived in our 2012 reciprocal transplant flowered (formatted for a survival analysis)</div><div class=\"o-metadata__file-name\"></div><div class=\"o-metadata__file-name\"></div></div><div class=\"o-metadata__file-usage-entry\"><h4 class=\"o-heading__level3-file-title\">2012_Timelapse_FT_numbers</h4><div class=\"o-metadata__file-description\">The number of flowers photographed by 8 timelapse cameras (DG4, DG5, Updune, 1363, 2001, NDG2, NDG3, NDG4) each day. Cameras DG4 and DG5 were in the same site, which is called DRT. Cameras NDG2, NDG3 and NDG4 were in the same site, which is called NRT. See Fig S1 for site information.</div><div class=\"o-metadata__file-name\"></div></div><div class=\"o-metadata__file-usage-entry\"><h4 class=\"o-heading__level3-file-title\">2012_Pollinators</h4><div class=\"o-metadata__file-description\">Collection information and (morpho)species identifications for potential pollinators collected at Great Sand Dunes National Park and Preserve</div><div class=\"o-metadata__file-name\"></div><div class=\"o-metadata__file-name\"></div></div><div class=\"o-metadata__file-usage-entry\"><h4 class=\"o-heading__level3-file-title\">2014_PCO_genoytpes_full</h4><div class=\"o-metadata__file-description\">The number of offspring with particular genotypes (NN, NC or CC) that resulted from pollinations with mixtures of dune and non-dune pollen (dune pollen contributes \"C\" alleles and non-dune pollen contributes \"N\" alleles)</div><div class=\"o-metadata__file-name\"></div><div class=\"o-metadata__file-name\"></div></div><div class=\"o-metadata__file-usage-entry\"><h4 class=\"o-heading__level3-file-title\">2014_Seed_set</h4><div class=\"o-metadata__file-description\">The number of seeds set after pollinating 30 stigmas on dune and non-dune maternal plants with either dune pollen or non-dune pollen</div><div class=\"o-metadata__file-name\"></div><div class=\"o-metadata__file-name\"></div></div><div class=\"o-metadata__file-usage-entry\"><h4 class=\"o-heading__level3-file-title\">2014_PCO_6and12_genotypes</h4><div class=\"o-metadata__file-description\">The number of offspring fathered by dune or non-dune pollen after different pollination treatments (1 = dune pollen applied 12 hours before non-dune pollen, 2 = dune pollen applied 6 hours before non-dune pollen, 3 = dune and non-dune pollen applied together, 4 = non-dune pollen applied 6 hours before dune pollen, 5 = non-dune pollen applied 12 hours before dune pollen)</div><div class=\"o-metadata__file-name\"></div><div class=\"o-metadata__file-name\"></div></div><div class=\"o-metadata__file-usage-entry\"><h4 class=\"o-heading__level3-file-title\">2014_Germination</h4><div class=\"o-metadata__file-description\">Data on whether seeds from crosses made within and between dune and non-dune ecotypes  (in the greenhouse in 2014) germinated</div><div class=\"o-metadata__file-name\"></div><div class=\"o-metadata__file-name\"></div></div><div class=\"o-metadata__file-usage-entry\"><h4 class=\"o-heading__level3-file-title\">Hybrid_pollen</h4><div class=\"o-metadata__file-description\">Data on the viability of pollen produced by dune, non-dune and hybrid plants</div><div class=\"o-metadata__file-name\"></div><div class=\"o-metadata__file-name\"></div></div><div class=\"o-metadata__file-usage-entry\"><h4 class=\"o-heading__level3-file-title\">2014_Seed_Size_Common_Garden</h4><div class=\"o-metadata__file-description\">The weight of seeds produced by dune and non-dune maternal plants pollinated with dune and non-dune pollen</div><div class=\"o-metadata__file-name\"></div><div class=\"o-metadata__file-name\"></div></div><div class=\"o-metadata__file-usage-entry\"><h4 class=\"o-heading__level3-file-title\">2010_RT</h4><div class=\"o-metadata__file-description\">The number of seedlings that emerged in each subplot of our 2010 reciprocal transplant in which we planted dune, non-dune and intermediate (collected at the boundary between dune and non-dune habitat) seeds into a site in the dunes and a site in the non-dune habitat (sand sheet) at Great Sand Dunes National Park and Preserve.</div><div class=\"o-metadata__file-name\"></div><div class=\"o-metadata__file-name\"></div></div><div class=\"o-metadata__file-usage-entry\"><h4 class=\"o-heading__level3-file-title\">2010_RT_long</h4><div class=\"o-metadata__file-description\">Data (emergence, survival, height, number of flowers, head diameter) for each seed planted in our 2010 reciprocal transplant</div><div class=\"o-metadata__file-name\"></div><div class=\"o-metadata__file-name\"></div></div><div class=\"o-metadata__file-usage-entry\"><h4 class=\"o-heading__level3-file-title\">2011_RT</h4><div class=\"o-metadata__file-description\">The number of seedlings that emerged in each subplot of our 2011 reciprocal transplant in which we planted dune and non-dune seeds into a site in the dunes and a site in the non-dune habitat (sand sheet) at Great Sand Dunes National Park and Preserve.</div><div class=\"o-metadata__file-name\"></div><div class=\"o-metadata__file-name\"></div></div><div class=\"o-metadata__file-usage-entry\"><h4 class=\"o-heading__level3-file-title\">2011_Germination</h4><div class=\"o-metadata__file-description\">Data on whether seeds from crosses made within and between dune and non-dune ecotypes (in the field in 2011) and seeds from open pollinated plants germinated</div><div class=\"o-metadata__file-name\"></div><div class=\"o-metadata__file-name\"></div></div><div class=\"o-metadata__file-usage-entry\"><h4 class=\"o-heading__level3-file-title\">2008_Populations</h4><div class=\"o-metadata__file-description\">Latitude and longitude information for each population used in this study</div><div class=\"o-metadata__file-name\"></div></div><div class=\"o-metadata__file-usage-entry\"><h4 class=\"o-heading__level3-file-title\">GSD_Barriers_Rcode</h4><div class=\"o-metadata__file-description\">The R code used to produce each statistical analysis and figure presented in this manuscript. The code is presented in the same order that the analyses are presented in the manuscript.</div><div class=\"o-metadata__file-name\"></div></div>", "locations": [{"place": "Colorado"}, {"place": "United States of America"}, {"place": "Great Sand Dunes National Park"}], "relatedWorks": [{"relationship": "Cites", "identifierType": "DOI", "identifier": "https://doi.org/10.1111/evo.13027"}], "versionNumber": 1, "versionStatus": "submitted", "curationStatus": "Published", "publicationDate": "2016-07-28", "lastModificationDate": "2020-06-24", "visibility": "public", "sharingLink": "https://datadryad.org/stash/share/-t7zWfGXA4FMV4VX4ibyrqgblF7D2TJlIDJxlhTbsmI", "userId": 19294, "license": "https://creativecommons.org/publicdomain/zero/1.0/"}