{"_links": {"self": {"href": "/api/v2/datasets/doi%3A10.5061%2Fdryad.t4328"}, "stash:versions": {"href": "/api/v2/datasets/doi%3A10.5061%2Fdryad.t4328/versions"}, "stash:version": {"href": "/api/v2/versions/16055"}, "stash:download": {"href": "/api/v2/datasets/doi%3A10.5061%2Fdryad.t4328/download"}, "curies": [{"name": "stash", "href": "https://github.com/CDL-Dryad/stash/blob/main/stash_api/link-relations.md#{rel}", "templated": "true"}]}, "identifier": "doi:10.5061/dryad.t4328", "id": 15999, "storageSize": 48733, "title": "Data from: Decomposing variation in male reproductive success: age-specific variances and covariances through extra-pair and within-pair reproduction", "authors": [{"firstName": "Christophe", "lastName": "Lebigre", "affiliation": "University of Aberdeen", "affiliationROR": "https://ror.org/016476m91"}, {"firstName": "Peter", "lastName": "Arcese", "affiliation": "University of British Columbia", "affiliationROR": "https://ror.org/03rmrcq20"}, {"firstName": "Jane M.", "lastName": "Reid", "affiliation": "University of Aberdeen", "affiliationROR": "https://ror.org/016476m91"}], "abstract": "1. Age-specific variances and covariances in reproductive success shape the total variance in lifetime reproductive success (LRS), age-specific opportunities for selection, and population demographic variance and effective size. Age-specific (co)variances in reproductive success achieved through different reproductive routes must therefore be quantified to predict population, phenotypic and evolutionary dynamics in age-structured populations. 2. While numerous studies have quantified age-specific variation in mean reproductive success, age-specific variances and covariances in reproductive success, and the contributions of different reproductive routes to these (co)variances, have not been comprehensively quantified in natural populations. 3. We applied \u2018additive\u2019 and \u2018independent\u2019 methods of variance decomposition to complete data describing apparent (social) and realised (genetic) age-specific reproductive success across 11 cohorts of socially monogamous but genetically polygynandrous song sparrows (Melospiza melodia). We thereby quantified age-specific (co)variances in male within-pair and extra-pair reproductive success (WPRS and EPRS) and the contributions of these (co)variances to the total variances in age-specific reproductive success and LRS. 4. \u2018Additive\u2019 decomposition showed that within-age and among-age (co)variances in WPRS across males aged 2\u20134 years contributed most to the total variance in LRS. Age-specific (co)variances in EPRS contributed relatively little. However, extra-pair reproduction altered age-specific variances in reproductive success relative to the social mating system, and hence altered the relative contributions of age-specific reproductive success to the total variance in LRS. 5. \u2018Independent\u2019 decomposition showed that the (co)variances in age-specific WPRS, EPRS and total reproductive success, and the resulting opportunities for selection, varied substantially across males that survived to each age. Furthermore, extra-pair reproduction increased the variance in age-specific reproductive success relative to the social mating system to a degree that increased across successive age classes. 6. This comprehensive decomposition of the total variances in age-specific reproductive success and LRS into age-specific (co)variances attributable to two reproductive routes showed that within-age and among-age covariances contributed substantially to the total variance and that extra-pair reproduction can alter the (co)variance structure of age-specific reproductive success. Such covariances and impacts should consequently be integrated into theoretical assessments of demographic and evolutionary processes in age-structured populations.", "keywords": ["extra-pair paternity", "Melospiza melodia", "opportunity for selection", "age-specific reproduction", "lifetime reproductive success", "variance decomposition", "polygynandry"], "usageNotes": "<div class=\"o-metadata__file-usage-entry\"><h4 class=\"o-heading__level3-file-title\">Lebigre_et_al_JAE_Data_AdditiveMethod</h4><div class=\"o-metadata__file-name\"></div></div><div class=\"o-metadata__file-usage-entry\"><h4 class=\"o-heading__level3-file-title\">Lebigre_et_al_JAE_Data_IndependentMethod</h4><div class=\"o-metadata__file-name\"></div></div>", "relatedWorks": [{"relationship": "Cites", "identifierType": "DOI", "identifier": "https://doi.org/10.1111/1365-2656.12063"}], "versionNumber": 1, "versionStatus": "submitted", "curationStatus": "Published", "publicationDate": "2013-03-12", "lastModificationDate": "2020-06-24", "visibility": "public", "sharingLink": "https://datadryad.org/stash/share/FAZ0ubMrcGZfPzoSfz_Vx8ukJvctF_h208tPczjDzTY", "userId": 10009, "license": "https://creativecommons.org/publicdomain/zero/1.0/"}