{"_links": {"self": {"href": "/api/v2/datasets/doi%3A10.5061%2Fdryad.gd8038s"}, "stash:versions": {"href": "/api/v2/datasets/doi%3A10.5061%2Fdryad.gd8038s/versions"}, "stash:version": {"href": "/api/v2/versions/26492"}, "stash:download": {"href": "/api/v2/datasets/doi%3A10.5061%2Fdryad.gd8038s/download"}, "curies": [{"name": "stash", "href": "https://github.com/CDL-Dryad/stash/blob/main/stash_api/link-relations.md#{rel}", "templated": "true"}]}, "identifier": "doi:10.5061/dryad.gd8038s", "id": 26419, "storageSize": 4009464, "title": "Data from: Conserving evolutionary history does not result in greater diversity over geological timescales", "authors": [{"firstName": "Juan", "lastName": "Cantalapiedra", "affiliation": "Museum f\u00fcr Naturkunde", "affiliationROR": "https://ror.org/052d1a351"}, {"firstName": "Tracy", "lastName": "Aze", "affiliation": "University of Leeds", "affiliationROR": "https://ror.org/024mrxd33"}, {"firstName": "Marc", "lastName": "Cadotte", "affiliation": "University of Toronto", "affiliationROR": "https://ror.org/03dbr7087"}, {"firstName": "Giulio Valentino", "lastName": "Dalla Riva", "affiliation": "University of British Columbia", "affiliationROR": "https://ror.org/03rmrcq20"}, {"firstName": "Danwei", "lastName": "Huang", "affiliation": "National University of Singapore", "affiliationROR": "https://ror.org/01tgyzw49"}, {"firstName": "Florent", "lastName": "Mazel", "affiliation": "University of British Columbia", "affiliationROR": "https://ror.org/03rmrcq20"}, {"firstName": "Matthew", "lastName": "Pennell", "affiliation": "University of British Columbia", "affiliationROR": "https://ror.org/03rmrcq20"}, {"firstName": "Mar\u00eda", "lastName": "R\u00edos", "affiliation": "Museo Nacional de Ciencias Naturales", "affiliationROR": "https://ror.org/02v6zg374"}, {"firstName": "Arne", "lastName": "Mooers", "affiliation": "Simon Fraser University", "affiliationROR": "https://ror.org/0213rcc28"}], "abstract": "Alternative prioritization strategies have been proposed to safeguard biodiversity over macro-evolutionary timescales.  The first prioritizes the most distantly related species (maximizing phylogenetic diversity) in the hopes of capturing at least some lineages that will successfully diversify into the future.  The second prioritizes lineages that are currently speciating, in the hopes that successful lineages will continue to generate species into the future.  These contrasting schemes also map onto contrasting predictions about the role of slow diversifiers in the production of biodiversity over paleontological time scales.  We consider the performance of the two schemes across ten dated species-level paleo-phylogenetic trees ranging from foraminifera to dinosaurs.  We find that prioritizing phylogenetic diversity for conservation generally led to fewer subsequent lineages, while prioritizing diversifiers led to modestly more subsequent diversity, compared to random sets of lineages. Importantly for conservation, the tree shape when decisions are made cannot predict which scheme will be most successful.  These patterns are inconsistent with the notion that long-lived lineages are the source of new species.  While there may be sound reasons for prioritizing phylogenetic diversity for conservation, long-term species production might not be one of them.", "keywords": ["Mesozoic", "conservation", "phylogenetic diversity", "Macroevolution", "diversification"], "usageNotes": "<div class=\"o-metadata__file-usage-entry\"><h4 class=\"o-heading__level3-file-title\">Datasets S1 to S10. Phylogenetic datasets</h4><div class=\"o-metadata__file-description\">Phylogenetic datasets used in our analyses. Each dataset is a nexus file including a tree distribution with 100 trees (except for planktonic foraminifera).</div><div class=\"o-metadata__file-name\">Phylogenetic Datasets S1-S10.zip</br></div></div>", "relatedWorks": [{"relationship": "Cites", "identifierType": "DOI", "identifier": "https://doi.org/10.1098/rspb.2018.2896"}], "versionNumber": 1, "versionStatus": "submitted", "curationStatus": "Published", "publicationDate": "2019-05-16", "lastModificationDate": "2020-06-24", "visibility": "public", "sharingLink": "https://datadryad.org/stash/share/NOWauil9NrjfoNqunkQHWg4ReXCnWF_HLBfLNIiOv7o", "userId": 15242, "license": "https://creativecommons.org/publicdomain/zero/1.0/"}