{"_links": {"self": {"href": "/api/v2/datasets/doi%3A10.5061%2Fdryad.1r875"}, "stash:versions": {"href": "/api/v2/datasets/doi%3A10.5061%2Fdryad.1r875/versions"}, "stash:version": {"href": "/api/v2/versions/12335"}, "stash:download": {"href": "/api/v2/datasets/doi%3A10.5061%2Fdryad.1r875/download"}, "curies": [{"name": "stash", "href": "https://github.com/CDL-Dryad/stash/blob/main/stash_api/link-relations.md#{rel}", "templated": "true"}]}, "identifier": "doi:10.5061/dryad.1r875", "id": 12291, "storageSize": 94130, "title": "Data from: Chlorpyrifos interacts with other agricultural stressors to alter stream communities in laboratory microcosms", "authors": [{"firstName": "Ana M.", "lastName": "Chara-Serna", "affiliation": "University of British Columbia", "affiliationROR": "https://ror.org/03rmrcq20"}, {"firstName": "John S.", "lastName": "Richardson", "affiliation": "University of British Columbia", "affiliationROR": "https://ror.org/03rmrcq20"}], "abstract": "Chlorpyrifos is one of the most widely used agricultural insecticides in the world, but to date there is limited empirical information about its potential to interact with other common agricultural stressors. We conducted a 15-day, community-level microcosm experiment evaluating individual and combined effects of chlorpyrifos, nutrient enrichment, and sedimentation on stream invertebrate communities (abundance, biomass, richness, size structure, composition) and ecosystem processes (primary productivity and leaf decomposition). We found that sedimentation was the most detrimental stressor, with significant negative impacts on most invertebrate community and ecosystem function variables. Even though chlorpyrifos did not cause significant invertebrate mortality in the microcosms, it still altered ecosystem function by lowering leaf decomposition rates, probably through sublethal inhibition of invertebrate shredders. Furthermore, we observed a significant reversal interaction between chlorpyrifos and sediment for small-sized invertebrates collected in gravel (abundance in sediment x insecticide microcosms was 2.4 times lower than predicted by additivity), as well as an antagonistic interaction with nutrients on invertebrate richness in the same microhabitat (richness in nutrient x insecticide microcosms was 1.6 times higher than predicted by additivity). Our results suggest that chlorpyrifos has the potential to alter freshwater ecosystem function and interact non-additively with other common agricultural stressors. These findings are in keeping with a growing body of research highlighting that multiple stressor interactions and ecosystem processes should be considered when evaluating the impacts of organic toxicants on freshwater ecosystems.", "keywords": ["chlorpyrifos", "multiple stressors", "insecticide", "leaf decomposition", "periphyton", "streams", "insecticides", "insecticide", "nutrient enrichment", "sedimentation", "sedimentation", "nutrients", "chlorpyrifos", "macroinvertebrates", "nutrients", "Agriculture", "Chlopyrifos", "streams"], "usageNotes": "<div class=\"o-metadata__file-usage-entry\"><h4 class=\"o-heading__level3-file-title\">Invertebrate community response variables</h4><div class=\"o-metadata__file-name\">invertebrate_metrics.xlsx</br></div></div><div class=\"o-metadata__file-usage-entry\"><h4 class=\"o-heading__level3-file-title\">Functional response variables</h4><div class=\"o-metadata__file-name\">function_metrics.xlsx</br></div></div><div class=\"o-metadata__file-usage-entry\"><h4 class=\"o-heading__level3-file-title\">Water quality parameters</h4><div class=\"o-metadata__file-name\">water_quality.xlsx</br></div></div><div class=\"o-metadata__file-usage-entry\"><h4 class=\"o-heading__level3-file-title\">Nutrient concentration</h4><div class=\"o-metadata__file-name\">nutrients.xlsx</br></div></div>", "relatedWorks": [{"relationship": "Cites", "identifierType": "DOI", "identifier": "https://doi.org/10.1002/eap.1637"}], "versionNumber": 1, "versionStatus": "submitted", "curationStatus": "Published", "publicationDate": "2017-10-02", "lastModificationDate": "2020-06-24", "visibility": "public", "sharingLink": "https://datadryad.org/stash/share/THw_8cVn6TC4z0P9QItQrCBWJ-A990yqKOr-70kL6lY", "userId": 28934, "license": "https://creativecommons.org/publicdomain/zero/1.0/"}