{"_links": {"self": {"href": "/api/v2/datasets/doi%3A10.5061%2Fdryad.8b5n18p"}, "stash:versions": {"href": "/api/v2/datasets/doi%3A10.5061%2Fdryad.8b5n18p/versions"}, "stash:version": {"href": "/api/v2/versions/14866"}, "stash:download": {"href": "/api/v2/datasets/doi%3A10.5061%2Fdryad.8b5n18p/download"}, "curies": [{"name": "stash", "href": "https://github.com/CDL-Dryad/stash/blob/main/stash_api/link-relations.md#{rel}", "templated": "true"}]}, "identifier": "doi:10.5061/dryad.8b5n18p", "id": 14813, "storageSize": 55161, "title": "Data from: Environmental stress does not increase the mean strength of selection", "authors": [{"firstName": "Devin", "lastName": "Arbuthnott", "affiliation": "University of British Columbia", "affiliationROR": "https://ror.org/03rmrcq20"}, {"firstName": "Michael C.", "lastName": "Whitlock", "affiliation": "University of British Columbia", "affiliationROR": "https://ror.org/03rmrcq20"}], "abstract": "A common intuition among evolutionary biologists and ecologists is that environmental stress will increase the strength of selection against deleterious alleles and among alternate genotypes. However, the strength of selection is determined by the relative fitness differences among genotypes, and there is no theoretical reason why these differences should be exaggerated as mean fitness decreases. We update a recent review of the empirical results pertaining to environmental stress and the strength of selection and find that there is no overall trend towards increased selection under stress. The majority of past studies measure the strength of selection by quantifying the decrease in fitness imposed by single or multiple mutations in different environments. However, selection rarely acts on one locus independently, and the strength of selection will be determined by variation across the whole genome. We used 20 inbred lines of Drosophila melanogaster to make repeated fitness measurements of the same genotypes in four different environments. This framework allowed us to determine the variation in fitness attributable to genotype across stressful environments and to calculate the opportunity for selection among these genotypes in each stress. While we found significant decreases in mean fitness in our stressful environments, we did not find any significant differences in the strength of selection among any of the four measured environments. Therefore, in agreement with our updated review, we find no evidence for the oft-cited verbal model that stress increases the strength of selection.", "keywords": ["Mutation", "Genetic Variation", "drosophila melanogaster", "environmental duress", "natural selection"], "usageNotes": "<div class=\"o-metadata__file-usage-entry\"><h4 class=\"o-heading__level3-file-title\">Block 1</h4><div class=\"o-metadata__file-description\">Data from block 1, measuring offspring production of fruit fly pairs raised in control or diluted food</div><div class=\"o-metadata__file-name\"></div><div class=\"o-metadata__file-name\"></div></div><div class=\"o-metadata__file-usage-entry\"><h4 class=\"o-heading__level3-file-title\">Block 2</h4><div class=\"o-metadata__file-description\">Data from block 2, which measured offspring production of fruit fly pairs raised in control, ethanol, and salt food.</div><div class=\"o-metadata__file-name\"></div></div>", "relatedWorks": [{"relationship": "Cites", "identifierType": "DOI", "identifier": "https://doi.org/10.1111/jeb.13351"}], "versionNumber": 1, "versionStatus": "submitted", "curationStatus": "Published", "publicationDate": "2018-07-05", "lastModificationDate": "2020-06-24", "visibility": "public", "sharingLink": "https://datadryad.org/stash/share/C3k-plrJKWGpoYNZn0noQVAb_Q0m0KzsDRdE-6OJniQ", "userId": 6849, "license": "https://creativecommons.org/publicdomain/zero/1.0/"}