{"_links": {"self": {"href": "/api/v2/datasets/doi%3A10.5061%2Fdryad.s2b68"}, "stash:versions": {"href": "/api/v2/datasets/doi%3A10.5061%2Fdryad.s2b68/versions"}, "stash:version": {"href": "/api/v2/versions/9478"}, "stash:download": {"href": "/api/v2/datasets/doi%3A10.5061%2Fdryad.s2b68/download"}, "curies": [{"name": "stash", "href": "https://github.com/CDL-Dryad/stash/blob/main/stash_api/link-relations.md#{rel}", "templated": "true"}]}, "identifier": "doi:10.5061/dryad.s2b68", "id": 9437, "storageSize": 153614, "title": "Data from: Form\u2013function relationships in a marine foundation species depend on scale: a shoot to global perspective from a distributed ecological experiment", "authors": [{"firstName": "Jennifer L.", "lastName": "Ruesink", "affiliation": "University of Washington", "affiliationROR": "https://ror.org/00cvxb145"}, {"firstName": "John J.", "lastName": "Stachowicz", "affiliation": "College of Charleston", "affiliationROR": "https://ror.org/00390t168"}, {"firstName": "Pamela L.", "lastName": "Reynolds", "affiliation": "University of California System", "affiliationROR": "https://ror.org/00pjdza24"}, {"firstName": "Christoffer", "lastName": "Bostr\u00f6m", "affiliation": "University of Gothenburg", "affiliationROR": "https://ror.org/01tm6cn81"}, {"firstName": "Mathieu", "lastName": "Cusson", "affiliation": "University of California, Davis", "affiliationROR": "https://ror.org/05rrcem69"}, {"firstName": "James", "lastName": "Douglass", "affiliation": "Florida Gulf Coast University", "affiliationROR": "https://ror.org/05tc5bm31"}, {"firstName": "Johan", "lastName": "Ekl\u00f6f", "affiliation": "Stockholm University", "affiliationROR": "https://ror.org/05f0yaq80"}, {"firstName": "Aschwin H.", "lastName": "Engelen", "affiliation": "University of Algarve", "affiliationROR": "https://ror.org/014g34x36"}, {"firstName": "Masakazu", "lastName": "Hori", "affiliation": "College of Charleston", "affiliationROR": "https://ror.org/00390t168"}, {"firstName": "Kevin", "lastName": "Hovel", "affiliation": "San Diego State University", "affiliationROR": "https://ror.org/0264fdx42"}, {"firstName": "Katrin", "lastName": "Iken", "affiliation": "University of Alaska Fairbanks", "affiliationROR": "https://ror.org/01j7nq853"}, {"firstName": "Per-Olav", "lastName": "Moksnes", "affiliation": "University of Gothenburg", "affiliationROR": "https://ror.org/01tm6cn81"}, {"firstName": "Masahiro", "lastName": "Nakaoka", "affiliation": "Hokkaido University", "affiliationROR": "https://ror.org/02e16g702"}, {"firstName": "Mary I.", "lastName": "O'Connor", "affiliation": "University of British Columbia", "affiliationROR": "https://ror.org/03rmrcq20"}, {"firstName": "Jeanine L.", "lastName": "Olsen", "affiliation": "University of Groningen", "affiliationROR": "https://ror.org/012p63287"}, {"firstName": "Erik E.", "lastName": "Sotka", "affiliation": "College of Charleston", "affiliationROR": "https://ror.org/00390t168"}, {"firstName": "Matthew A.", "lastName": "Whalen", "affiliation": "College of William & Mary", "affiliationROR": "https://ror.org/03hsf0573"}, {"firstName": "Emmett J.", "lastName": "Duffy", "affiliation": "Institute of Marine Science", "affiliationROR": "https://ror.org/02hdf6119"}], "abstract": "Form-function relationships in plants underlie their ecosystem roles in supporting higher trophic levels through primary production, detrital pathways, and habitat provision. For widespread, phenotypically-variable plants, productivity may differ not only across abiotic conditions, but also from distinct morphological or demographic traits. A single foundation species, eelgrass (Zostera marina), typically dominates north temperate seagrass meadows, which we studied across 14 sites spanning 32-61\u00b0 N latitude and two ocean basins. Body size varied by nearly two orders of magnitude through this range, and was largest at mid-latitudes and in the Pacific Ocean. At the global scale, neither latitude, site-level environmental conditions, nor body size helped predict productivity (relative growth rate 1-2% d-1 at most sites), suggesting a remarkable capacity of Z. marina to achieve similar productivity in summer.  Furthermore, among a suite of stressors applied within sites, only ambient leaf damage reduced productivity; grazer reduction and nutrient addition had no effect on eelgrass size or growth. Scale-dependence was evident in different allometric relationships within and across sites for productivity and for modules (leaf count) relative to size. Z. marina provides a range of ecosystem functions related to both body size (habitat provision, water flow) and growth rates (food, carbon dynamics).  Our observed decoupling of body size and maximum production suggests that geographic variation in these ecosystem functions may be independent, with a future need to resolve how local adaptation or plasticity of body size might actually enable more consistent peak productivity across disparate environmental conditions.", "funders": [{"organization": "National Science Foundation", "awardNumber": "OCE-1031061"}], "keywords": ["Zostera marina", "Allometry", "distributed experiment", "multiple stressors", "Holocene", "seagrass productivity"], "usageNotes": "<div class=\"o-metadata__file-usage-entry\"><h4 class=\"o-heading__level3-file-title\">Traits of Zostera marina (eelgrass)</h4><div class=\"o-metadata__file-description\">Each row contains the measurements for one eelgrass shoot, identified by its site of collection and the experimental treatment (plot)</div><div class=\"o-metadata__file-name\">ZmarinaDataArchive.csv</br></div></div>", "locations": [{"place": "Northern hemisphere"}, {"place": "coastal"}], "relatedWorks": [{"relationship": "Cites", "identifierType": "DOI", "identifier": "https://doi.org/10.1111/oik.04270"}], "versionNumber": 1, "versionStatus": "submitted", "curationStatus": "Published", "publicationDate": "2017-08-25", "lastModificationDate": "2020-06-30", "visibility": "public", "sharingLink": "https://datadryad.org/stash/share/1xYHQ-ET6PwwI_EU9haI_ELtiXyiUsJrwldAF92iUqE", "userId": 27975, "license": "https://creativecommons.org/publicdomain/zero/1.0/"}