{"_links": {"self": {"href": "/api/v2/datasets/doi%3A10.5061%2Fdryad.7ft57"}, "stash:versions": {"href": "/api/v2/datasets/doi%3A10.5061%2Fdryad.7ft57/versions"}, "stash:version": {"href": "/api/v2/versions/21662"}, "stash:download": {"href": "/api/v2/datasets/doi%3A10.5061%2Fdryad.7ft57/download"}, "curies": [{"name": "stash", "href": "https://github.com/CDL-Dryad/stash/blob/main/stash_api/link-relations.md#{rel}", "templated": "true"}]}, "identifier": "doi:10.5061/dryad.7ft57", "id": 21598, "storageSize": 6612238, "title": "Data from: Linking the wintering and breeding grounds of warblers along the Pacific Flyway", "authors": [{"firstName": "David P. L.", "lastName": "Toews", "affiliation": "University of British Columbia", "affiliationROR": "https://ror.org/03rmrcq20"}, {"firstName": "Julian", "lastName": "Heavyside", "affiliation": "University of British Columbia", "affiliationROR": "https://ror.org/03rmrcq20"}, {"firstName": "Darren E.", "lastName": "Irwin", "affiliation": "University of British Columbia", "affiliationROR": "https://ror.org/03rmrcq20"}], "abstract": "Long-distance migration is a behavior that is exhibited by many animal groups. The evolution of novel migration routes can play an important role in range expansions, ecological interactions, and speciation. New migration routes may evolve in response to selection in favor of reducing distance between breeding and wintering areas, or avoiding navigational barriers. Many migratory changes are likely to evolve gradually and are therefore difficult to study. Here, we attempt to connect breeding and wintering populations of myrtle warblers (Setophaga coronata coronata) to better understand the possible evolution of distinct migration routes within this species. Myrtle warblers, unlike most other warblers with breeding ranges primarily in eastern North America, have two disjunct overwintering concentrations\u2014one in the southeastern USA and one along the Pacific Coast\u2014and presumably distinct routes to-and-from these locations. We studied both myrtle and Audubon's warblers (S. c. auduboni) captured during their spring migration along the Pacific Coast, south of the narrow region where these two taxa hybridize. Using stable hydrogen isotopes and biometric data, we show that those myrtle warblers wintering along the southern Pacific Coast of North America are likely to breed at high latitudes in Alaska and the Yukon rather than in Alberta or further east. Our interpretation is that the evolution of this wintering range and migration route along the Pacific Coast may have facilitated the breeding expansion of myrtle warblers into northwestern North America. Moreover, these data suggest that there may be a migratory divide within genetically similar populations of myrtle warblers.", "keywords": ["Parulidae", "Migration", "Setophaga coronata", "connectivity", "isotopes"], "usageNotes": "<div class=\"o-metadata__file-usage-entry\"><h4 class=\"o-heading__level3-file-title\">Isomap Assignment Output Files</h4><div class=\"o-metadata__file-description\">IsoMAP output files in .asc format for each feather. Directory substructure represents species (Audubon's versus myrtle) and is further divided by molt, with \"alt\" (alternate feather) versus basic (basic feather).</div><div class=\"o-metadata__file-name\">isomap_output.zip</br></div></div><div class=\"o-metadata__file-usage-entry\"><h4 class=\"o-heading__level3-file-title\">Raw hydrogen isotope values and bird measurements</h4><div class=\"o-metadata__file-name\">yrwa_migration_isotope.csv</br></div><div class=\"o-metadata__file-name\"></div></div>", "locations": [{"place": "Western North America"}], "relatedWorks": [{"relationship": "Cites", "identifierType": "DOI", "identifier": "https://doi.org/10.1002/ece3.3222"}], "versionNumber": 1, "versionStatus": "submitted", "curationStatus": "Published", "publicationDate": "2018-06-30", "lastModificationDate": "2020-06-24", "visibility": "public", "sharingLink": "https://datadryad.org/stash/share/Y0N7ttX8VQvSIQE6DZBAJ_i5Y8cG8ZqzLGObVcnEno4", "userId": 19684, "license": "https://creativecommons.org/publicdomain/zero/1.0/"}