{"_links": {"self": {"href": "/api/v2/datasets/doi%3A10.5061%2Fdryad.8hb23"}, "stash:versions": {"href": "/api/v2/datasets/doi%3A10.5061%2Fdryad.8hb23/versions"}, "stash:version": {"href": "/api/v2/versions/17290"}, "stash:download": {"href": "/api/v2/datasets/doi%3A10.5061%2Fdryad.8hb23/download"}, "curies": [{"name": "stash", "href": "https://github.com/CDL-Dryad/stash/blob/main/stash_api/link-relations.md#{rel}", "templated": "true"}]}, "identifier": "doi:10.5061/dryad.8hb23", "id": 17230, "storageSize": 35230, "title": "Data from: Mapping the fitness landscape of gene expression uncovers the cause of antagonism and sign epistasis between adaptive mutations", "authors": [{"firstName": "Hsin-Hung", "lastName": "Chou", "affiliation": "Harvard University", "affiliationROR": "https://ror.org/03vek6s52"}, {"firstName": "Nigel F.", "lastName": "Delaney", "affiliation": "Harvard University", "affiliationROR": "https://ror.org/03vek6s52"}, {"firstName": "Jeremy A.", "lastName": "Draghi", "affiliation": "University of British Columbia", "affiliationROR": "https://ror.org/03rmrcq20"}, {"firstName": "Christopher J.", "lastName": "Marx", "affiliation": "Harvard University", "affiliationROR": "https://ror.org/03vek6s52"}], "abstract": "How do adapting populations navigate the tensions between the costs of gene expression and the benefits of gene products to optimize the levels of many genes at once? Here we combined independently-arising beneficial mutations that altered enzyme levels in the central metabolism of Methylobacterium extorquens to uncover the fitness landscape defined by gene expression levels. We found strong antagonism and sign epistasis between these beneficial mutations. Mutations with the largest individual benefit interacted the most antagonistically with other mutations, a trend we also uncovered through analyses of datasets from other model systems. However, these beneficial mutations interacted multiplicatively (i.e., no epistasis) at the level of enzyme expression. By generating a model that predicts fitness from enzyme levels we could explain the observed sign epistasis as a result of overshooting the optimum defined by a balance between enzyme catalysis benefits and fitness costs. Knowledge of the phenotypic landscape also illuminated that, although the fitness peak was phenotypically far from the ancestral state, it was not genetically distant. Single beneficial mutations jumped straight toward the global optimum rather than being constrained to change the expression phenotypes in the correlated fashion expected by the genetic architecture. Given that adaptation in nature often results from optimizing gene expression, these conclusions can be widely applicable to other organisms and selective conditions. Poor interactions between individually beneficial alleles affecting gene expression may thus compromise the benefit of sex during adaptation and promote genetic differentiation.", "keywords": ["Experimental evolution", "epistasis", "fitness landscape", "Metabolism", "Methylobacterium extorquens"], "usageNotes": "<div class=\"o-metadata__file-usage-entry\"><h4 class=\"o-heading__level3-file-title\">Collection of all files</h4><div class=\"o-metadata__file-name\">ChouetAlFiles.zip</br></div></div>", "relatedWorks": [{"relationship": "Cites", "identifierType": "DOI", "identifier": "https://doi.org/10.1371/journal.pgen.1004149"}], "versionNumber": 1, "versionStatus": "submitted", "curationStatus": "Published", "publicationDate": "2015-01-13", "lastModificationDate": "2020-06-24", "visibility": "public", "sharingLink": "https://datadryad.org/stash/share/3EM1TNSzAexMJ8VCjZd-M7iSxkCDMXyuJ428imbuaBg", "userId": 6445, "license": "https://creativecommons.org/publicdomain/zero/1.0/"}