{"_links": {"self": {"href": "/api/v2/datasets/doi%3A10.5061%2Fdryad.h1d7d13"}, "stash:versions": {"href": "/api/v2/datasets/doi%3A10.5061%2Fdryad.h1d7d13/versions"}, "stash:version": {"href": "/api/v2/versions/9408"}, "stash:download": {"href": "/api/v2/datasets/doi%3A10.5061%2Fdryad.h1d7d13/download"}, "curies": [{"name": "stash", "href": "https://github.com/CDL-Dryad/stash/blob/main/stash_api/link-relations.md#{rel}", "templated": "true"}]}, "identifier": "doi:10.5061/dryad.h1d7d13", "id": 9367, "storageSize": 159710, "title": "Data from: Evolution during population spread affects plant performance in stressful environments", "authors": [{"firstName": "Nicky", "lastName": "Lustenhouwer", "affiliation": "Swiss Federal Institute of Technology in Zurich", "affiliationROR": "https://ror.org/05a28rw58"}, {"firstName": "Jennifer L.", "lastName": "Williams", "affiliation": "University of British Columbia", "affiliationROR": "https://ror.org/03rmrcq20"}, {"firstName": "Jonathan M.", "lastName": "Levine", "affiliation": "Swiss Federal Institute of Technology in Zurich", "affiliationROR": "https://ror.org/05a28rw58"}], "abstract": "1.\tReliable predictions of population spread rates are essential to forecast biological invasions. Recent studies have shown that populations spreading through favourable habitat can rapidly evolve higher dispersal and reproductive rates at the expansion front, which accelerates spread velocity. However, spreading populations are likely to eventually encounter stressful conditions in the expanded range. How evolution during spread in favourable environments affects subsequent population growth in harsher environments is currently unknown. 2.\tWe examined evolutionary change in performance under drought, interspecific competition and heat stress for populations of Arabidopsis thaliana that experienced six generations of spread through replicated experimental landscapes of favourable habitat. To quantify how population performance under stress differed between leading edge and founding populations, we combined individual tests of genotype performance under stress with knowledge of the genotype frequency changes that occurred over the replicate invasions. 3.\tAfter spreading through favourable environments, the average silique production of individuals exposed to drought or interspecific competition was lower in leading edge than founding populations. This change was driven by the evolution of lower intrinsic silique production, which was correlated with increased seed size, a trait that evolved as populations spread. The ability of plants to tolerate drought or interspecific competition, however, did not change markedly during spread. Heat tolerance did increase in leading edge populations, and this trait was associated with the evolution of taller plants during spread through favourable habitat. 4.\tSynthesis. We conclude that evolution during spread in favourable environments may affect the ability of populations to grow under stressful conditions as experienced in the expanded range, through changes in either intrinsic fecundity or stress tolerance. Thus, evolution during spread may constrain or extend the eventual range limit of non-native species invasions.", "keywords": ["heat", "Arabidopsis thaliana", "range expansion", "stress tolerance", "invasion", "drought", "spread velocity"], "usageNotes": "<div class=\"o-metadata__file-usage-entry\"><h4 class=\"o-heading__level3-file-title\">Average performance of each genotype</h4><div class=\"o-metadata__file-description\">Average performance of each genotype (recombinant inbred line) under stress (drought, interspecific competition, heat stress) and control conditions. Averages were calculated based on data files 2-4. Please see README for metadata, and Materials and Methods for details on how these genotype averages were used in further analyses.</div><div class=\"o-metadata__file-name\">stresstraits.csv</br></div><div class=\"o-metadata__file-name\"></div></div><div class=\"o-metadata__file-usage-entry\"><h4 class=\"o-heading__level3-file-title\">Drought experiment: silique number per individual</h4><div class=\"o-metadata__file-description\">Data for the drought experiment, containing the silique number of each plant grown under drought or control conditions (18 replicate individuals of each genotype per treatment). Data are presented in Fig. S1A. Please see README associated with file 1 for metadata.</div><div class=\"o-metadata__file-name\">drought_data.csv</br></div></div><div class=\"o-metadata__file-usage-entry\"><h4 class=\"o-heading__level3-file-title\">Competition experiment: silique number per individual</h4><div class=\"o-metadata__file-description\">Data for the interspecific competition experiment, containing the silique number of each plant grown under competition or control conditions (12 replicate individuals of each genotype per treatment). Data are presented in Fig. S1B. Please see README associated with file 1 for metadata.</div><div class=\"o-metadata__file-name\">competition_data.csv</br></div></div><div class=\"o-metadata__file-usage-entry\"><h4 class=\"o-heading__level3-file-title\">Heat stress experiment: survival per individual</h4><div class=\"o-metadata__file-description\">Data for the heat stress experiment, containing the survival of each individual after two rounds of heat stress, or under control conditions (18 replicate individuals of each genotype per treatment). Note that all control plants survived. The average survival rate of each genotype under heat stress across all replicates is presented in Fig. S1C. Please see README associated with file 1 for metadata.</div><div class=\"o-metadata__file-name\">heat_data.csv</br></div></div>", "relatedWorks": [{"relationship": "Cites", "identifierType": "DOI", "identifier": "https://doi.org/10.1111/1365-2745.13045"}], "versionNumber": 1, "versionStatus": "submitted", "curationStatus": "Published", "publicationDate": "2019-07-05", "lastModificationDate": "2020-06-24", "visibility": "public", "sharingLink": "https://datadryad.org/stash/share/zJE6gUzaY6dArY_QucO3Ara-Ge7pHZgNcn1IdxzM7Z0", "userId": 38080, "license": "https://creativecommons.org/publicdomain/zero/1.0/"}