{"_links": {"self": {"href": "/api/v2/datasets/doi%3A10.5061%2Fdryad.v5051j2"}, "stash:versions": {"href": "/api/v2/datasets/doi%3A10.5061%2Fdryad.v5051j2/versions"}, "stash:version": {"href": "/api/v2/versions/22890"}, "stash:download": {"href": "/api/v2/datasets/doi%3A10.5061%2Fdryad.v5051j2/download"}, "curies": [{"name": "stash", "href": "https://github.com/CDL-Dryad/stash/blob/main/stash_api/link-relations.md#{rel}", "templated": "true"}]}, "identifier": "doi:10.5061/dryad.v5051j2", "id": 22826, "storageSize": 24175161, "title": "Data from: A comprehensive analysis of autocorrelation and bias in home range estimation", "authors": [{"firstName": "Michael J.", "lastName": "Noonan", "affiliation": "Smithsonian Conservation Biology Institute", "affiliationROR": "https://ror.org/04hnzva96"}, {"firstName": "Marlee A.", "lastName": "Tucker", "affiliation": "Senckenberg Nature Research Society", "affiliationROR": "https://ror.org/00xmqmx64"}, {"firstName": "Christen H.", "lastName": "Fleming", "affiliation": "Smithsonian Conservation Biology Institute", "affiliationROR": "https://ror.org/04hnzva96"}, {"firstName": "Tom S.", "lastName": "Akre", "affiliation": "Smithsonian Conservation Biology Institute", "affiliationROR": "https://ror.org/04hnzva96"}, {"firstName": "Susan C.", "lastName": "Alberts", "affiliation": "Duke University", "affiliationROR": "https://ror.org/00py81415"}, {"firstName": "Abdullahi H.", "lastName": "Ali", "affiliation": "Hirola Conservation Programme Garissa 1774\u201070100 Kenya"}, {"firstName": "Jeanne", "lastName": "Altmann", "affiliation": "Princeton University", "affiliationROR": "https://ror.org/00hx57361"}, {"firstName": "Pamela C.", "lastName": "Antunes", "affiliation": "Federal University of Mato Grosso do Sul", "affiliationROR": "https://ror.org/0366d2847"}, {"firstName": "Jerrold L.", "lastName": "Belant", "affiliation": "State University of New York", "affiliationROR": "https://ror.org/01q1z8k08"}, {"firstName": "Dean", "lastName": "Beyer", "affiliation": "Philipp University of Marburg", "affiliationROR": "https://ror.org/01rdrb571"}, {"firstName": "Niels", "lastName": "Blaum", "affiliation": "University of Potsdam", "affiliationROR": "https://ror.org/03bnmw459"}, {"firstName": "Katrin", "lastName": "B\u00f6hning-Gaese", "affiliation": "Senckenberg Nature Research Society", "affiliationROR": "https://ror.org/00xmqmx64"}, {"firstName": "Laury", "lastName": "Cullen Jr.", "affiliation": "Instituto de Pesquisas Ecol\u00f3gicas", "affiliationROR": "https://ror.org/00swrq011"}, {"firstName": "Rogerio", "lastName": "de Paula Cunha", "affiliation": "National Research Center for Carnivores Conservation Chico Mendes Institute for the Conservation of Biodiversity Estrada Municipal Hisaichi Takebayashi 8600 Atibaia SP 12952\u2010011 Brazil"}, {"firstName": "Jasja", "lastName": "Dekker", "affiliation": "Jasja Dekker Dierecologie Enkhuizenstraat 26 6843 WZ Arnhem The Netherlands"}, {"firstName": "Jonathan", "lastName": "Drescher-Lehman", "affiliation": "Smithsonian Conservation Biology Institute", "affiliationROR": "https://ror.org/04hnzva96"}, {"firstName": "Nina", "lastName": "Farwig", "affiliation": "Michigan Department of Natural Resources", "affiliationROR": "https://ror.org/00t10qd56"}, {"firstName": "Claudia", "lastName": "Fichtel", "affiliation": "German Primate Center", "affiliationROR": "https://ror.org/02f99v835"}, {"firstName": "Christina", "lastName": "Fischer", "affiliation": "Technical University Munich", "affiliationROR": "https://ror.org/02kkvpp62"}, {"firstName": "Adam T.", "lastName": "Ford", "affiliation": "University of British Columbia", "affiliationROR": "https://ror.org/03rmrcq20"}, {"firstName": "Jacob R.", "lastName": "Goheen", "affiliation": "University of Wyoming", "affiliationROR": "https://ror.org/01485tq96"}, {"firstName": "Ren\u00e9", "lastName": "Janssen", "affiliation": "Bionet Natuuronderzoek Valderstraat 39 6171EL Stein The Netherlands"}, {"firstName": "Florian", "lastName": "Jeltsch", "affiliation": "University of Potsdam", "affiliationROR": "https://ror.org/03bnmw459"}, {"firstName": "Matthew", "lastName": "Kauffman", "affiliation": "University of Wyoming", "affiliationROR": "https://ror.org/01485tq96"}, {"firstName": "Peter M.", "lastName": "Kappeler", "affiliation": "German Primate Center", "affiliationROR": "https://ror.org/02f99v835"}, {"firstName": "Fl\u00e1via", "lastName": "Koch", "affiliation": "German Primate Center", "affiliationROR": "https://ror.org/02f99v835"}, {"firstName": "Scott", "lastName": "LaPoint", "affiliation": "Max Planck Institute for Ornithology", "affiliationROR": "https://ror.org/00178eg98"}, {"firstName": "A. Catherine", "lastName": "Markham", "affiliation": "Stony Brook University", "affiliationROR": "https://ror.org/05qghxh33"}, {"firstName": "Emilia Patricia", "lastName": "Medici", "affiliation": "Instituto de Pesquisas Ecol\u00f3gicas", "affiliationROR": "https://ror.org/00swrq011"}, {"firstName": "Ronaldo G.", "lastName": "Morato", "affiliation": "National Research Center for Carnivores Conservation Chico Mendes Institute for the Conservation of Biodiversity Estrada Municipal Hisaichi Takebayashi 8600 Atibaia SP 12952\u2010011 Brazil"}, {"firstName": "Ran", "lastName": "Nathan", "affiliation": "Hebrew University of Jerusalem", "affiliationROR": "https://ror.org/03qxff017"}, {"firstName": "Luiz Gustavo R.", "lastName": "Oliveira-Santos", "affiliation": "Federal University of Mato Grosso do Sul", "affiliationROR": "https://ror.org/0366d2847"}, {"firstName": "Kirk A.", "lastName": "Olson", "affiliation": "Smithsonian Conservation Biology Institute", "affiliationROR": "https://ror.org/04hnzva96"}, {"firstName": "Bruce D.", "lastName": "Patterson", "affiliation": "Field Museum of Natural History", "affiliationROR": "https://ror.org/00mh9zx15"}, {"firstName": "Agustin", "lastName": "Paviolo", "affiliation": "Instituto de Biolog\u00eda Subtropical", "affiliationROR": "https://ror.org/04jdqdr13"}, {"firstName": "Emiliano E.", "lastName": "Ramalho", "affiliation": "Institute for the Conservation of Neotropical Carnivores \u2013 Pro\u2010Carn\u00edvoros Atibaia SP 12945\u2010010 Brazil"}, {"firstName": "Sascha", "lastName": "Rosner", "affiliation": "Michigan Department of Natural Resources", "affiliationROR": "https://ror.org/00t10qd56"}, {"firstName": "Dana G.", "lastName": "Schabo", "affiliation": "Michigan Department of Natural Resources", "affiliationROR": "https://ror.org/00t10qd56"}, {"firstName": "Nuria", "lastName": "Selva", "affiliation": "Institute of Nature Conservation", "affiliationROR": "https://ror.org/02x2xf445"}, {"firstName": "Agnieszka", "lastName": "Sergiel", "affiliation": "Institute of Nature Conservation", "affiliationROR": "https://ror.org/02x2xf445"}, {"firstName": "Marina X.", "lastName": "da Silva", "affiliation": "Projeto Carn\u00edvoros do Igua\u00e7u Parque Nacional do Igua\u00e7u BR\u2010469, Km 22.5, CEP 85851\u2010970 Foz do Igua\u00e7u PR Brazil"}, {"firstName": "Orr", "lastName": "Spiegel", "affiliation": "Tel Aviv University", "affiliationROR": "https://ror.org/04mhzgx49"}, {"firstName": "Peter", "lastName": "Thompson", "affiliation": "University of Maryland, College Park", "affiliationROR": "https://ror.org/047s2c258"}, {"firstName": "Wiebke", "lastName": "Ullmann", "affiliation": "University of Potsdam", "affiliationROR": "https://ror.org/03bnmw459"}, {"firstName": "Filip", "lastName": "Zi\u0119ba", "affiliation": "Tatra National Park Ku\u017anice 1 34\u2010500 Zakopane Poland"}, {"firstName": "Tomasz", "lastName": "Zwijacz-Kozica", "affiliation": "Tatra National Park Ku\u017anice 1 34\u2010500 Zakopane Poland"}, {"firstName": "William F.", "lastName": "Fagan", "affiliation": "University of Maryland, College Park", "affiliationROR": "https://ror.org/047s2c258"}, {"firstName": "Thomas", "lastName": "Mueller", "affiliation": "Senckenberg Nature Research Society", "affiliationROR": "https://ror.org/00xmqmx64"}, {"firstName": "Justin M.", "lastName": "Calabrese", "affiliation": "Smithsonian Conservation Biology Institute", "affiliationROR": "https://ror.org/04hnzva96"}], "abstract": "Home range estimation is routine practice in ecological research. While advances in animal tracking technology have increased our capacity to collect data to support home range analysis, these same advances have also resulted in increasingly autocorrelated data. Consequently, the question of which home range estimator to use on modern, highly autocorrelated tracking data remains open. This question is particularly relevant given that most estimators assume independently sampled data. Here, we provide a comprehensive evaluation of the effects of autocorrelation on home range estimation. We base our study on an extensive dataset of GPS locations from 369 individuals representing 27 species distributed across 5 continents. We first assemble a broad array of home range estimators, including Kernel Density Estimation (KDE) with four bandwidth optimizers (Gaussian reference function, autocorrelated-Gaussian reference function (AKDE), Silverman's rule of thumb, and least squares cross-validation), Minimum Convex Polygon, and Local Convex Hull methods. Notably, all of these estimators except AKDE assume independent and identically distributed (IID) data. We then employ half-sample cross-validation to objectively quantify estimator performance, and the recently introduced effective sample size for home range area estimation ($\\hat{N}_\\mathrm{area}$) to quantify the information content of each dataset. We found that AKDE 95\\% area estimates were larger than conventional IID-based estimates by a mean factor of 2. The median number of cross-validated locations included in the holdout sets by AKDE 95\\% (or 50\\%) estimates was 95.3\\% (or 50.1\\%), confirming the larger AKDE ranges were appropriately selective at the specified quantile. Conversely, conventional estimates exhibited negative bias that increased with decreasing $\\hat{N}_\\mathrm{area}$. To contextualize our empirical results, we performed a detailed simulation study to tease apart how sampling frequency, sampling duration, and the focal animal's movement conspire to affect range estimates. Paralleling our empirical results, the simulation study demonstrated that AKDE was generally more accurate than conventional methods, particularly for small $\\hat{N}_\\mathrm{area}$. While 72\\% of the 369 empirical datasets had \\textgreater1000 total observations, only 4\\% had an $\\hat{N}_\\mathrm{area}$ \\textgreater1000, where 30\\% had an $\\hat{N}_\\mathrm{area}$ \\textless30. In this frequently encountered scenario of small $\\hat{N}_\\mathrm{area}$, AKDE was the only estimator capable of producing an accurate home range estimate on autocorrelated data.", "funders": [{"organization": "National Science Foundation", "awardNumber": "ABI-1458748"}], "keywords": ["Aepyceros melampus", "Anthropocene", "Eulemur rufifrons", "Madoqua guentheri", "Beatragus hunteri", "Bycanistes bucinator", "GPS", "Ursus arctos", "Gyps coprotheres", "Glyptemys insculpta", "Cerdocyon thous", "Ovis canadensis", "Sus scrofa", "Propithecus verreauxi"], "usageNotes": "<div class=\"o-metadata__file-usage-entry\"><h4 class=\"o-heading__level3-file-title\">Empirical GPS tracking data</h4><div class=\"o-metadata__file-description\">Anonymised, empirical tracking data used to estimate home range areas based on various home range estimators.</div><div class=\"o-metadata__file-name\">Anonymised_Data.zip</br></div></div>", "locations": [{"place": "Global"}], "relatedWorks": [{"relationship": "Cites", "identifierType": "DOI", "identifier": "https://doi.org/10.1002/ecm.1344"}], "versionNumber": 1, "versionStatus": "submitted", "curationStatus": "Published", "publicationDate": "2018-09-28", "lastModificationDate": "2020-06-24", "visibility": "public", "sharingLink": "https://datadryad.org/stash/share/wFYV98M7IdYpyA4nBl6nKWqB4kAj5c79puIOUUDkbMY", "userId": 39207, "license": "https://creativecommons.org/publicdomain/zero/1.0/"}