{"_links": {"self": {"href": "/api/v2/datasets/doi%3A10.5061%2Fdryad.dncjsxkx7"}, "stash:versions": {"href": "/api/v2/datasets/doi%3A10.5061%2Fdryad.dncjsxkx7/versions"}, "stash:version": {"href": "/api/v2/versions/80185"}, "stash:download": {"href": "/api/v2/datasets/doi%3A10.5061%2Fdryad.dncjsxkx7/download"}, "curies": [{"name": "stash", "href": "https://github.com/CDL-Dryad/stash/blob/main/stash_api/link-relations.md#{rel}", "templated": "true"}]}, "identifier": "doi:10.5061/dryad.dncjsxkx7", "id": 53083, "storageSize": 79528, "title": "Beyond seedlings: ectomycorrhizal fungal networks and growth of mature Pseudotsuga menziesii", "authors": [{"firstName": "Joseph D.", "lastName": "Birch", "email": "jcooper@ualberta.ca", "affiliation": "University of Alberta", "affiliationROR": "https://ror.org/0160cpw27", "orcid": "0000-0001-8644-7345"}, {"firstName": "Suzanne", "lastName": "Simard", "email": "suzanne.simard@ubc.ca", "affiliation": "University of British Columbia", "affiliationROR": "https://ror.org/03rmrcq20"}, {"firstName": "Kevin", "lastName": "Beiler", "email": "kevin.beiler@hnee.de", "affiliation": "Eberswalde University for Sustainable Development", "affiliationROR": "https://ror.org/01ge5zt06"}, {"firstName": "Justine", "lastName": "Karst", "email": "karst@ualberta.ca", "affiliation": "University of Alberta", "affiliationROR": "https://ror.org/0160cpw27", "orcid": "0000-0003-0497-1552"}], "abstract": "<p>1. Mycorrhizal networks are conduits for the transfer of resources between hosts. While ectomycorrhizal networks (EMN) are known to influence seedlings, their effect on adult tree growth remains unknown and may have important implications for forest responses to future climates.</p>\r\n\r\n<p>2. We used annual basal area increment of trees and previously described Rhizopogon vesiculosus and Rhizopogon vinicolor EMNs to examine an association between the number of connections between trees through an EMN and the growth of adult interior Douglas-fir. We compared this relationship for the year the networks were mapped, in 2008, with eight years previous and eight years afterward. We also compared the variation in standardized growth (2000\u20132016) to examine the association between growth variability and EMN variables.</p>\r\n\r\n<p>3. Greater growth was positively associated with 1) the number of connections to other trees via a Rhizopogon vinicolor EMN, and 2) the number of genets of Rhizopogon vesiculosis by which a tree was colonized. Variation of growth (2000\u20132016) was negatively associated with increasing number of connections to other trees via Rhizopogon vinicolor. Synthesis. These findings, for the first time, indicate that EMNs may positively influence the growth of adult trees. The difference in tree growth response between the sister fungal species highlights a novel avenue to identify interspecific and intraspecific differences between species occurring at different depths in the soil. Our study has important implications when considering the role of EMNs in influencing forest health and mitigating stress from environmental conditions.</p>\r\n", "funders": [{"organization": "National Science and Engineering Council of Canada*", "awardNumber": ""}], "keywords": ["Plant\u2013soil (below-ground) interactions", "Dendroecology", "fungal genets", "multi-model inference", "Pseudotsuga menziesii var. glauca", "Rhizopogon vesiculosus", "Rhizopogon vinicolor"], "usageNotes": "<p style=\"margin-bottom:11px;\">Data is split for the 10 x 10 plots used for the analysis and sampled trees that were excluded from the analysis.\u00a0A duplicate README file is included within the Excel datasheet. \u00a0</p>\r\n", "relatedWorks": [{"relationship": "Cites", "identifierType": "DOI", "identifier": "https://doi.org/10.1111/1365-2745.12387"}], "versionNumber": 2, "versionStatus": "submitted", "curationStatus": "Published", "publicationDate": "2020-08-28", "lastModificationDate": "2020-08-28", "visibility": "public", "sharingLink": "https://datadryad.org/stash/share/Ry3LqIf_-OY_JXxyxrO_y_juItzV4fnoocEhQFwlpCQ", "userId": 60682, "license": "https://creativecommons.org/publicdomain/zero/1.0/"}