{"_links": {"self": {"href": "/api/v2/datasets/doi%3A10.5061%2Fdryad.17c6c77"}, "stash:versions": {"href": "/api/v2/datasets/doi%3A10.5061%2Fdryad.17c6c77/versions"}, "stash:version": {"href": "/api/v2/versions/23528"}, "stash:download": {"href": "/api/v2/datasets/doi%3A10.5061%2Fdryad.17c6c77/download"}, "curies": [{"name": "stash", "href": "https://github.com/CDL-Dryad/stash/blob/main/stash_api/link-relations.md#{rel}", "templated": "true"}]}, "identifier": "doi:10.5061/dryad.17c6c77", "id": 23464, "storageSize": 36885, "title": "Data from: Predation risk and resource abundance mediate foraging behaviour and intraspecific resource partitioning among consumers in dominance hierarchies", "authors": [{"firstName": "Sean M.", "lastName": "Naman", "affiliation": "University of British Columbia", "affiliationROR": "https://ror.org/03rmrcq20"}, {"firstName": "Rui", "lastName": "Ueda", "affiliation": "Kobe University", "affiliationROR": "https://ror.org/03tgsfw79"}, {"firstName": "Takuya", "lastName": "Sato", "affiliation": "Kobe University", "affiliationROR": "https://ror.org/03tgsfw79"}], "abstract": "Dominance hierarchies and the resulting unequal resource partitioning among individuals are key mechanisms of population regulation. The strength of dominance hierarchies can be influenced by size-dependent trade-offs between foraging and predator avoidance whereby competitively inferior subdominants can access a larger proportion of limiting resources by accepting higher predation risk. Foraging-predation risk trade-offs also depend on resource abundance. Yet, few studies have manipulated predation risk and resource abundance simultaneously; consequently, their joint effect on resource partitioning within dominance hierarchies are not well understood. We addressed this gap by measuring behavioural responses of masu salmon (Oncorhynchus masou ishikawae) to experimental manipulations of predation risk and resource abundance in a natural temperate forest stream. Responses to predation risk depended on body size and social status such that larger fish (often social dominants) exhibited more risk-averse behaviour (e.g., lower foraging and appearance rates) than smaller subdominants after exposure to a simulated predator. The magnitude of this effect was lower when resources were elevated, indicating that dominant fish accepted a higher predation risk to forage on abundant resources. However, the influence of resource abundance did not extend to the population level, where predation risk altered the distribution of foraging attempts (a proxy for energy intake) from being skewed towards large individuals to being skewed towards small individuals after predator exposure. Our results imply that size-dependent foraging-predation risk trade-offs can weaken the strength of dominance hierarchies by allowing competitively inferior subdominants to access resources that would otherwise be monopolized.", "keywords": ["resource subsidies", "salmon", "asset protection principle"], "usageNotes": "<div class=\"o-metadata__file-usage-entry\"><h4 class=\"o-heading__level3-file-title\">drift_invertebrates</h4><div class=\"o-metadata__file-description\">Raw dry mass (g) of drifting invertebrates.</div><div class=\"o-metadata__file-name\"></div></div><div class=\"o-metadata__file-usage-entry\"><h4 class=\"o-heading__level3-file-title\">Pool_attributes</h4><div class=\"o-metadata__file-description\">Physical attributes of pools where experimental manipulations and behavioural observations took place.</div><div class=\"o-metadata__file-name\"></div></div><div class=\"o-metadata__file-usage-entry\"><h4 class=\"o-heading__level3-file-title\">Drift_collection</h4><div class=\"o-metadata__file-description\">Drift net set durations and stream channel attributes used to calculate prey availability in each reach.</div><div class=\"o-metadata__file-name\"></div></div><div class=\"o-metadata__file-usage-entry\"><h4 class=\"o-heading__level3-file-title\">behaviour data</h4><div class=\"o-metadata__file-description\">Foraging behaviour of masu salmon before and after exposure to predator stimulus. Abbreviations are the same as those used in the manuscript: FFA is the frequency of foraging attempts when a fish was visible; AR is the appearance rate; AFR is the actual foraging rate (the product of AR and FFA); FA is the total number of foraging attempts.</div><div class=\"o-metadata__file-name\">behaviour_data_export.csv</br></div></div><div class=\"o-metadata__file-usage-entry\"><h4 class=\"o-heading__level3-file-title\">Aggressive interactions</h4><div class=\"o-metadata__file-description\">Frequency of aggressive interactions (AGR) among masu salmon before and after exposure to the predator stimulus.</div><div class=\"o-metadata__file-name\">aggressive_interactions.csv</br></div></div>", "relatedWorks": [{"relationship": "Cites", "identifierType": "DOI", "identifier": "https://doi.org/10.1111/oik.05954"}], "versionNumber": 1, "versionStatus": "submitted", "curationStatus": "Published", "publicationDate": "2019-01-30", "lastModificationDate": "2020-06-24", "visibility": "public", "sharingLink": "https://datadryad.org/stash/share/cb-W4kYtgr1n9WFkkuE4W5cQAn56RYCtmgT-qurucZQ", "userId": 33478, "license": "https://creativecommons.org/publicdomain/zero/1.0/"}