{"_links": {"self": {"href": "/api/v2/datasets/doi%3A10.5061%2Fdryad.d27gv"}, "stash:versions": {"href": "/api/v2/datasets/doi%3A10.5061%2Fdryad.d27gv/versions"}, "stash:version": {"href": "/api/v2/versions/2505"}, "stash:download": {"href": "/api/v2/datasets/doi%3A10.5061%2Fdryad.d27gv/download"}, "curies": [{"name": "stash", "href": "https://github.com/CDL-Dryad/stash/blob/main/stash_api/link-relations.md#{rel}", "templated": "true"}]}, "identifier": "doi:10.5061/dryad.d27gv", "id": 2494, "storageSize": 67003374, "title": "Data from: Metabolic depression and the evolution of hypoxia tolerance in threespine stickleback, Gasterosteus aculeatus", "authors": [{"firstName": "Matthew D.", "lastName": "Regan", "affiliation": "University of British Columbia", "affiliationROR": "https://ror.org/03rmrcq20"}, {"firstName": "Ivan S.", "lastName": "Gill", "affiliation": "University of British Columbia", "affiliationROR": "https://ror.org/03rmrcq20"}, {"firstName": "Jeffrey G.", "lastName": "Richards", "affiliation": "University of British Columbia", "affiliationROR": "https://ror.org/03rmrcq20"}], "abstract": "Anthropogenic increases in global temperature and agricultural runoff are increasing the prevalence of aquatic hypoxia throughout the world. We investigated the potential for a relatively rapid evolution of hypoxia tolerance using two isolated (for less than 11 000 years) populations of threespine stickleback: one from a lake that experiences long-term hypoxia (Alta Lake, British Columbia) and one from a lake that does not (Trout Lake, British Columbia). Loss-of-equilibrium (LOE) experiments revealed that the Alta Lake stickleback were significantly more tolerant of hypoxia than the Trout Lake stickleback, and calorimetry experiments revealed that the enhanced tolerance of Alta Lake stickleback may be associated with their ability to depress metabolic rate (as indicated by metabolic heat production) by 33% in hypoxia. The two populations showed little variation in their capacities for O2 extraction and anaerobic metabolism. These results reveal that intraspecific variation in hypoxia tolerance can develop over relatively short geological timescales, as can metabolic rate depression, a complex biochemical response that may be favoured in long-term hypoxic environments.", "funders": [{"organization": "National Science Foundation", "awardNumber": "NSERC"}], "keywords": ["oxygen consumption", "Calorimetry", "Fish", "threespine stickleback", "Gasterosteus aculeatus", "Hypoxia tolerance", "Metabolic depression"], "usageNotes": "<div class=\"o-metadata__file-usage-entry\"><h4 class=\"o-heading__level3-file-title\">Regan et al. (2017)</h4><div class=\"o-metadata__file-name\">REGAN et al. (2017).zip</br></div></div>", "relatedWorks": [{"relationship": "Cites", "identifierType": "DOI", "identifier": "https://doi.org/10.1098/rsbl.2017.0392"}], "versionNumber": 1, "versionStatus": "submitted", "curationStatus": "Published", "publicationDate": "2017-10-12", "lastModificationDate": "2020-06-24", "visibility": "public", "sharingLink": "https://datadryad.org/stash/share/10FI5G84Ga5NAQffL2wcb22gVyFuq8AFCOvIGJS6ebE", "userId": 20491, "license": "https://creativecommons.org/publicdomain/zero/1.0/"}