{"_links": {"self": {"href": "/api/v2/datasets/doi%3A10.5061%2Fdryad.sg112"}, "stash:versions": {"href": "/api/v2/datasets/doi%3A10.5061%2Fdryad.sg112/versions"}, "stash:version": {"href": "/api/v2/versions/16882"}, "stash:download": {"href": "/api/v2/datasets/doi%3A10.5061%2Fdryad.sg112/download"}, "curies": [{"name": "stash", "href": "https://github.com/CDL-Dryad/stash/blob/main/stash_api/link-relations.md#{rel}", "templated": "true"}]}, "identifier": "doi:10.5061/dryad.sg112", "id": 16823, "storageSize": 37764, "title": "Data from: An experimental test of the effect of predation upon behaviour and trait correlations in threespine stickleback", "authors": [{"firstName": "Sara E.", "lastName": "Miller", "affiliation": "University of British Columbia", "affiliationROR": "https://ror.org/03rmrcq20"}, {"firstName": "Kieran M.", "lastName": "Samuk", "affiliation": "University of British Columbia", "affiliationROR": "https://ror.org/03rmrcq20"}, {"firstName": "Diana J.", "lastName": "Rennison", "affiliation": "University of British Columbia", "affiliationROR": "https://ror.org/03rmrcq20"}], "abstract": "Benthic and limnetic threespine stickleback (Gasterosteus aculeatus) are a classic example of ecological speciation. Behavioural and armour divergence between these species has been predicted to be the result of divergent selection driven in part by differential predation from cutthroat trout (Oncorhynchus clarki). To experimentally test this prediction, we reared split families of benthic\u2013limnetic hybrids in the presence or absence of trout predation. Our results show that the presence of trout had little effect upon stickleback behaviour. We then compared performance in behavioural assays among stickleback that varied in armour to test if armour morphology correlates with behaviour. Our measurements revealed trait correlations between several behaviours and components of armour morphology. Trout predation did not result in an increased correlation between traits, therefore differential trout predation between benthics and limnetics is unlikely to be the cause of these correlations. The presence of trait correlations in advanced generation hybrids suggests that pleiotropy or linkage between genes underlying behaviour and armour morphology may be greater than previously appreciated.", "keywords": ["ecological speciation", "selection experiment", "Gasterosteus aculeatus", "Oncorhynchus clarki", "armour"], "usageNotes": "<div class=\"o-metadata__file-usage-entry\"><h4 class=\"o-heading__level3-file-title\">Behavioral and morphological measurements</h4><div class=\"o-metadata__file-description\">Measurements of behavioral traits and morphological characteristics of threespine stickleback from a pond selection experiment.  Descriptions of the variable names are given in the READ ME file.</div><div class=\"o-metadata__file-name\">BJLS_data_byfish.csv</br></div><div class=\"o-metadata__file-name\"></div></div>", "locations": [{"place": "British Columbia"}], "relatedWorks": [{"relationship": "Cites", "identifierType": "DOI", "identifier": "https://doi.org/10.1111/bij.12790"}], "versionNumber": 1, "versionStatus": "submitted", "curationStatus": "Published", "publicationDate": "2016-03-04", "lastModificationDate": "2020-06-24", "visibility": "public", "sharingLink": "https://datadryad.org/stash/share/9_rRiMvtOmKl_QUbqwfDn59oS6Gik7z9bpUpGt2WPuo", "userId": 36760, "license": "https://creativecommons.org/publicdomain/zero/1.0/"}