{"_links": {"self": {"href": "/api/v2/datasets/doi%3A10.5061%2Fdryad.m58sp14"}, "stash:versions": {"href": "/api/v2/datasets/doi%3A10.5061%2Fdryad.m58sp14/versions"}, "stash:version": {"href": "/api/v2/versions/14198"}, "stash:download": {"href": "/api/v2/datasets/doi%3A10.5061%2Fdryad.m58sp14/download"}, "curies": [{"name": "stash", "href": "https://github.com/CDL-Dryad/stash/blob/main/stash_api/link-relations.md#{rel}", "templated": "true"}]}, "identifier": "doi:10.5061/dryad.m58sp14", "id": 14145, "storageSize": 73386, "title": "Data from: Reproduction as a bottleneck to treeline advance across the circumarctic forest tundra ecotone", "authors": [{"firstName": "Carissa D.", "lastName": "Brown", "affiliation": "Memorial University of Newfoundland", "affiliationROR": "https://ror.org/04haebc03"}, {"firstName": "Genevi\u00e8ve", "lastName": "Dufour-Tremblay", "affiliation": "Universit\u00e9 Laval", "affiliationROR": "https://ror.org/04sjchr03"}, {"firstName": "Ryan G.", "lastName": "Jameson", "affiliation": "Memorial University of Newfoundland", "affiliationROR": "https://ror.org/04haebc03"}, {"firstName": "Steven D.", "lastName": "Mamet", "affiliation": "University of Saskatchewan", "affiliationROR": "https://ror.org/010x8gc63"}, {"firstName": "Andrew J.", "lastName": "Trant", "affiliation": "Memorial University of Newfoundland", "affiliationROR": "https://ror.org/04haebc03"}, {"firstName": "Xanthe J.", "lastName": "Walker", "affiliation": "University of British Columbia", "affiliationROR": "https://ror.org/03rmrcq20"}, {"firstName": "St\u00e9phane", "lastName": "Boudraeu", "affiliation": "Dalhousie University", "affiliationROR": "https://ror.org/01e6qks80"}, {"firstName": "Karen A.", "lastName": "Harper", "affiliation": "Dalhousie University", "affiliationROR": "https://ror.org/01e6qks80"}, {"firstName": "Greg H.R.", "lastName": "Henry", "affiliation": "University of Saskatchewan", "affiliationROR": "https://ror.org/010x8gc63"}, {"firstName": "Luise", "lastName": "Hermanutz", "affiliation": "Memorial University of Newfoundland", "affiliationROR": "https://ror.org/04haebc03"}, {"firstName": "Annika", "lastName": "Hofgaard", "affiliation": "Norwegian Institute for Nature Research", "affiliationROR": "https://ror.org/04aha0598"}, {"firstName": "Ludmila", "lastName": "Isaeva", "affiliation": "Russian Academy of Sciences", "affiliationROR": "https://ror.org/05qrfxd25"}, {"firstName": "G. Peter", "lastName": "Kershaw", "affiliation": "University of Alberta", "affiliationROR": "https://ror.org/0160cpw27"}, {"firstName": "Jill F.", "lastName": "Johnstone", "affiliation": "University of Saskatchewan", "affiliationROR": "https://ror.org/010x8gc63"}, {"firstName": "Gregory H. R.", "lastName": "Henry", "affiliation": "University of British Columbia", "affiliationROR": "https://ror.org/03rmrcq20"}], "abstract": "The fundamental niche of many species is shifting with climate change, especially in sub-arctic ecosystems with pronounced recent warming. Ongoing warming in sub-arctic regions should lessen environmental constraints on tree growth and reproduction, leading to increased success of trees colonising tundra. Nevertheless, variable responses of treeline ecotones have been documented in association with warming temperatures. One explanation for time lags between increasingly favourable environmental conditions and treeline ecotone movement is reproductive limitations caused by low seed availability. Our objective was to assess the reproductive constraints of the dominant tree species at the treeline ecotone in the circumpolar north. We sampled reproductive structures of trees (cones and catkins) and stand attributes across circumarctic treeline ecotones. We used generalized linear mixed models to estimate the sensitivity of seed production and the availability of viable seed to regional climate, stand structure, and species-specific characteristics. Both seed production and viability of available seed were strongly driven by specific, sequential seasonal climatic conditions, but in different ways. Seed production was greatest when growing seasons with more growing degree days coincided with years with high precipitation. Two consecutive years with more growing degree days and low precipitation resulted in low seed production. Seasonal climate effects on the viability of available seed depended on the physical characteristics of the reproductive structures. Large-coned and -seeded species take more time to develop mature embryos and were therefore more sensitive to increases in growing degree days in the year of flowering and embryo development. Our findings suggest that both moisture stress and abbreviated growing seasons can have a notable negative influence on the production and viability of available seed at treeline. Our synthesis revealed that constraints on predispersal reproduction within the treeline ecotone might create a considerable time lag for range expansion of tree populations into tundra ecosystems.", "keywords": ["Abies balsamea", "range expansion", "Picea glauca", "Larix laricina", "Abies lasiocarpa", "Betula pubescens ssp. tortuosa", "tree reproduction", "Pinus sylvestris", "Picea mariana", "treeline ecotone"], "usageNotes": "<div class=\"o-metadata__file-usage-entry\"><h4 class=\"o-heading__level3-file-title\">Treeline Reproduction Data</h4><div class=\"o-metadata__file-description\">Data from Brown et al. Ecography reproductive potential at treeline. Data from circumarctic treeline stands. Seed production and viability of available seeds.</div><div class=\"o-metadata__file-name\">Brown_etal_Ecography_TreelineReproData_Dryad.xlsx</br></div></div>", "locations": [{"place": "Canada"}, {"place": "Sweden"}, {"place": "Norway"}, {"place": "Russia"}], "relatedWorks": [{"relationship": "Cites", "identifierType": "DOI", "identifier": "https://doi.org/10.1111/ecog.03733"}], "versionNumber": 1, "versionStatus": "submitted", "curationStatus": "Published", "publicationDate": "2018-07-05", "lastModificationDate": "2020-06-24", "visibility": "public", "sharingLink": "https://datadryad.org/stash/share/Izfs6_ZFZRISWrBOkSkeRgV6KuSXUFLViBI9uzyj4x4", "userId": 8818, "license": "https://creativecommons.org/publicdomain/zero/1.0/"}