{"_links": {"self": {"href": "/api/v2/datasets/doi%3A10.5061%2Fdryad.rc628"}, "stash:versions": {"href": "/api/v2/datasets/doi%3A10.5061%2Fdryad.rc628/versions"}, "stash:version": {"href": "/api/v2/versions/3142"}, "stash:download": {"href": "/api/v2/datasets/doi%3A10.5061%2Fdryad.rc628/download"}, "curies": [{"name": "stash", "href": "https://github.com/CDL-Dryad/stash/blob/main/stash_api/link-relations.md#{rel}", "templated": "true"}]}, "identifier": "doi:10.5061/dryad.rc628", "id": 3125, "storageSize": 843811, "title": "Data from: Molecular phylogeny of an ancient rodent family (Aplodontiidae)", "authors": [{"firstName": "Antoinette J.", "lastName": "Piaggio", "affiliation": "Animal and Plant Health Inspection Service", "affiliationROR": "https://ror.org/0599wfz09"}, {"firstName": "Brett A.", "lastName": "Coghlan", "affiliation": "Animal and Plant Health Inspection Service", "affiliationROR": "https://ror.org/0599wfz09"}, {"firstName": "Allyson E.", "lastName": "Miscampbell", "affiliation": "University of British Columbia", "affiliationROR": "https://ror.org/03rmrcq20"}, {"firstName": "Wendy M.", "lastName": "Arjo", "affiliation": "Animal and Plant Health Inspection Service", "affiliationROR": "https://ror.org/0599wfz09"}, {"firstName": "Douglas B.", "lastName": "Ransome", "affiliation": "British Columbia Institute of Technology", "affiliationROR": "https://ror.org/01p65pg69"}, {"firstName": "Carol E.", "lastName": "Ritland", "affiliation": "University of British Columbia", "affiliationROR": "https://ror.org/03rmrcq20"}], "abstract": "The family Aplodontiidae contains a single, monotypic extant genus, Aplodontia (mountain beaver), which was 1st described by Rafinesque in 1817. Phylogenetic studies have shown that it is the sister lineage to squirrels.  Aplodontia rufa is endemic to the Pacific Northwest and ranges from central California to British Columbia.  Currently, 7 described subspecies are recognized based on morphological taxonomic studies. In this study, mitochondrial and nuclear genes were sequenced to infer molecular phylogenies of A. rufa.  One of the goals of this study was to test the current taxonomic hypothesis based on morphology with molecular data.  Another goal was to incorporate geographic information to elucidate distributions of major clades. Our results support the previously held subspecies designations based on morphological taxonomy, with 1 main exception: we determined that within A. rufa, the subspecies A. rufa rainieri and A. rufa rufa north of the Columbia River represent a single lineage and should revert to the name A. rufa olympica. Although we revised geographic boundaries for some groups (A. r. rufa, A. r. olympica, A. r. pacifica), only the conservation status and management of A. r. olympica (previously 2 subspecies) in Canada may be affected. Our findings support the continued conservation efforts for the isolated and endangered lineages present in coastal California.", "keywords": ["growth hormone receptor", "Aplodontia", "taxonomy", "mountain beaver", "control region", "cytochrome b"], "usageNotes": "<div class=\"o-metadata__file-usage-entry\"><h4 class=\"o-heading__level3-file-title\">all nuc.TXT</h4><div class=\"o-metadata__file-description\">BEAST input file:GHR nuclear DNA sequences</div><div class=\"o-metadata__file-name\"></div></div><div class=\"o-metadata__file-usage-entry\"><h4 class=\"o-heading__level3-file-title\">cytb prior root stdev mean CA</h4><div class=\"o-metadata__file-description\">BEAST inout file: Mitochondrial DNA cytochrome b sequences</div><div class=\"o-metadata__file-name\"></div></div><div class=\"o-metadata__file-usage-entry\"><h4 class=\"o-heading__level3-file-title\">Appendix 1 cytb 1050bp 080612</h4><div class=\"o-metadata__file-description\">Haplotype Table whole cytochrome b sequences</div><div class=\"o-metadata__file-name\"></div></div><div class=\"o-metadata__file-usage-entry\"><h4 class=\"o-heading__level3-file-title\">Appendix 2 cytb 450bp 080612</h4><div class=\"o-metadata__file-description\">Haplotype table partial cytochrome b</div><div class=\"o-metadata__file-name\"></div></div><div class=\"o-metadata__file-usage-entry\"><h4 class=\"o-heading__level3-file-title\">Appendix 3 CR 080612</h4><div class=\"o-metadata__file-description\">Haplotype table control region mitochondrial DNA</div><div class=\"o-metadata__file-name\"></div></div><div class=\"o-metadata__file-usage-entry\"><h4 class=\"o-heading__level3-file-title\">Appendix 4 GHR 080612</h4><div class=\"o-metadata__file-description\">Haplotype table nuclear DNA GHR sequences</div><div class=\"o-metadata__file-name\"></div></div>", "locations": [{"place": "Oregon"}, {"place": "Canada"}, {"place": "British Columbia"}, {"place": "California"}, {"place": "Washington"}, {"place": "Pacific Northwest"}], "relatedWorks": [{"relationship": "Cites", "identifierType": "DOI", "identifier": "https://doi.org/10.1644/12-MAMM-A-016.1"}], "versionNumber": 1, "versionStatus": "submitted", "curationStatus": "Published", "publicationDate": "2013-05-16", "lastModificationDate": "2020-06-24", "visibility": "public", "sharingLink": "https://datadryad.org/stash/share/ReHfP7Ufrkocq8703dELQB4Zhnu95lZDqc7OEL94MfA", "userId": 1718, "license": "https://creativecommons.org/publicdomain/zero/1.0/"}