{"_links": {"self": {"href": "/api/v2/datasets/doi%3A10.5061%2Fdryad.2b906"}, "stash:versions": {"href": "/api/v2/datasets/doi%3A10.5061%2Fdryad.2b906/versions"}, "stash:version": {"href": "/api/v2/versions/12439"}, "stash:download": {"href": "/api/v2/datasets/doi%3A10.5061%2Fdryad.2b906/download"}, "curies": [{"name": "stash", "href": "https://github.com/CDL-Dryad/stash/blob/main/stash_api/link-relations.md#{rel}", "templated": "true"}]}, "identifier": "doi:10.5061/dryad.2b906", "id": 12395, "storageSize": 91152, "title": "Data from: The evolution of environmental tolerance and range size: a comparison of geographically restricted and widespread Mimulus", "authors": [{"firstName": "Seema Nayan", "lastName": "Sheth", "affiliation": "Colorado State University", "affiliationROR": "https://ror.org/03k1gpj17"}, {"firstName": "Amy L.", "lastName": "Angert", "affiliation": "University of British Columbia", "affiliationROR": "https://ror.org/03rmrcq20"}], "abstract": "The geographic ranges of closely related species can vary dramatically, yet we do not fully grasp the mechanisms underlying such variation. The niche breadth hypothesis posits that species that have evolved broad environmental tolerances can achieve larger geographic ranges than species with narrow environmental tolerances. In turn, plasticity and genetic variation in ecologically important traits and adaptation to environmentally variable areas can facilitate the evolution of broad environmental tolerance. We used five pairs of western North American monkeyflowers to experimentally test these ideas by quantifying performance across eight temperature regimes. In four species pairs, species with broader thermal tolerances had larger geographic ranges, supporting the niche breadth hypothesis. As predicted, species with broader thermal tolerances also had more within-population genetic variation in thermal reaction norms and experienced greater thermal variation across their geographic ranges than species with narrow thermal tolerances. Species with narrow thermal tolerance may be particularly vulnerable to changing climatic conditions due to lack of plasticity and insufficient genetic variation to respond to novel selection pressures. Conversely, species experiencing high variation in temperature across their ranges may be buffered against extinction due to climatic changes because they have evolved tolerance to a broad range of temperatures.", "keywords": ["Mimulus floribundus", "Mimulus norrisii", "Mimulus", "Erythranthe", "Mimulus eastwoodiae", "thermal performance curve", "Mimulus verbenaceus", "climatic variability hypothesis", "niche breadth", "Mimulus parishii", "Genetic Variation", "Mimulus bicolor", "specialist-generalist tradeoffs", "Mimulus laciniatus", "Mimulus cardinalis", "Mimulus guttatus", "Mimulus filicaulis"], "usageNotes": "<div class=\"o-metadata__file-usage-entry\"><h4 class=\"o-heading__level3-file-title\">Thermal performance data for 10 Mimulus species</h4><div class=\"o-metadata__file-description\">This data file includes mean performance, measured as relative growth rate in stem length or leaf number, for each family of each Mimulus species at 15, 20, 25, 30, 35, 40, 45, and 50 degrees Celsius (see publication for further details). Column names are as follows: species: species of Mimulus. family: unique ID corresponding to full-sibling seed family. temperature: daytime temperature of growth chamber. RGR_stem: mean relative growth rate in stem length (in units of cm/cm/day) across individuals of each family. RGR_leaf: mean relative growth rate in leaf number (in units of leaf #/leaf #/day) across individuals of each family.</div><div class=\"o-metadata__file-name\">Mimulus_thermal_performance_data.csv</br></div></div>", "locations": [{"place": "western North America"}], "relatedWorks": [{"relationship": "Cites", "identifierType": "DOI", "identifier": "https://doi.org/10.1111/evo.12494"}], "versionNumber": 1, "versionStatus": "submitted", "curationStatus": "Published", "publicationDate": "2014-07-10", "lastModificationDate": "2020-06-30", "visibility": "public", "sharingLink": "https://datadryad.org/stash/share/8YtWomFFAHOGmTARayibsZmppPAl68XAiwwCONVWRGU", "userId": 31793, "license": "https://creativecommons.org/publicdomain/zero/1.0/"}