{"_links": {"self": {"href": "/api/v2/datasets/doi%3A10.5061%2Fdryad.sq227"}, "stash:versions": {"href": "/api/v2/datasets/doi%3A10.5061%2Fdryad.sq227/versions"}, "stash:version": {"href": "/api/v2/versions/500"}, "stash:download": {"href": "/api/v2/datasets/doi%3A10.5061%2Fdryad.sq227/download"}, "curies": [{"name": "stash", "href": "https://github.com/CDL-Dryad/stash/blob/main/stash_api/link-relations.md#{rel}", "templated": "true"}]}, "identifier": "doi:10.5061/dryad.sq227", "id": 500, "storageSize": 509212807, "title": "Data from: Naked mole rats exhibit metabolic but not ventilatory plasticity following chronic sustained hypoxia", "authors": [{"firstName": "Danielle", "lastName": "Chung", "affiliation": "University of British Columbia", "affiliationROR": "https://ror.org/03rmrcq20"}, {"firstName": "Yvonne", "lastName": "Dzal", "affiliation": "University of British Columbia", "affiliationROR": "https://ror.org/03rmrcq20"}, {"firstName": "Allison", "lastName": "Seow", "affiliation": "University of British Columbia", "affiliationROR": "https://ror.org/03rmrcq20"}, {"firstName": "William", "lastName": "Milsom", "affiliation": "University of British Columbia", "affiliationROR": "https://ror.org/03rmrcq20"}, {"firstName": "Matthew", "lastName": "Pamenter", "affiliation": "University of Ottawa", "affiliationROR": "https://ror.org/03c4mmv16"}, {"firstName": "Yvonne A.", "lastName": "Dzal", "affiliation": "University of British Columbia", "affiliationROR": "https://ror.org/03rmrcq20"}, {"firstName": "William K.", "lastName": "Milsom", "affiliation": "University of British Columbia", "affiliationROR": "https://ror.org/03rmrcq20"}, {"firstName": "Matthew E.", "lastName": "Pamenter", "affiliation": "University of Ottawa", "affiliationROR": "https://ror.org/03c4mmv16"}], "abstract": "Naked mole rats are among the most hypoxia-tolerant mammals identified and live in chronic hypoxia throughout their lives. The mechanisms underlying this tolerance, however, are poorly understood. Most vertebrates hyperventilate in acute hypoxia and exhibit an enhanced hyperventilation following acclimatization to chronic sustained hypoxia (CSH). Conversely, naked mole rats do not hyperventilate in acute hypoxia and their response to CSH has not been examined. In this study we explored mechanisms of plasticity in the control of the hypoxic ventilatory response (HVR) and hypoxic metabolic response (HMR) of freely behaving naked mole rats following 8-10 days of chronic sustained normoxia (CSN) or CSH. Specifically, we investigated the role of the major inhibitory neurotransmitter \u03b3-amino butyric acid (GABA) in mediating these responses. Our study yielded three important findings. First, naked mole rats did not exhibit ventilatory plasticity following CSH, which is unique among adult animals studied to date. Second, GABA receptor (GABAR) antagonism altered breathing patterns in CSN and CSH animals and modulated the acute HVR in CSN animals. Third, naked mole rats exhibited GABAR-dependent metabolic plasticity following long-term hypoxia, such that the basal metabolic rate was ~25% higher in normoxic CSH animals than CSN animals, and GABAR antagonists modulated this increase.", "keywords": ["hypoxic metabolic response", "ventilatory acclimatization to hypoxia", "heterocephalus glaber", "plethysmography", "hypoxic ventilatory response"], "usageNotes": "<div class=\"o-metadata__file-usage-entry\"><h4 class=\"o-heading__level3-file-title\">Raw data for Proceedings</h4><div class=\"o-metadata__file-description\">This file contains raw LabChart files documenting changes ventilation and metabolism during an acute hypoxic exposure in naked mole rats acclimated to 8-10 day of either chronic sustained normoxia or chronic sustained hypoxia</div><div class=\"o-metadata__file-name\"></div></div>", "relatedWorks": [{"relationship": "Cites", "identifierType": "DOI", "identifier": "https://doi.org/10.1098/rspb.2016.0216"}], "versionNumber": 1, "versionStatus": "submitted", "curationStatus": "Published", "publicationDate": "2016-02-26", "lastModificationDate": "2020-06-24", "visibility": "public", "sharingLink": "https://datadryad.org/stash/share/GSwX6AMMqVcdXT6LsvrAOGuNHL5aUmWCq2w8qH8FnN4", "userId": 15977, "license": "https://creativecommons.org/publicdomain/zero/1.0/"}