{"_links": {"self": {"href": "/api/v2/datasets/doi%3A10.5061%2Fdryad.5q5q6"}, "stash:versions": {"href": "/api/v2/datasets/doi%3A10.5061%2Fdryad.5q5q6/versions"}, "stash:version": {"href": "/api/v2/versions/13698"}, "stash:download": {"href": "/api/v2/datasets/doi%3A10.5061%2Fdryad.5q5q6/download"}, "curies": [{"name": "stash", "href": "https://github.com/CDL-Dryad/stash/blob/main/stash_api/link-relations.md#{rel}", "templated": "true"}]}, "identifier": "doi:10.5061/dryad.5q5q6", "id": 13646, "storageSize": 73528, "title": "Data from: Light and growth form interact to shape stomatal ratio among British angiosperms", "authors": [{"firstName": "Christopher D.", "lastName": "Muir", "affiliation": "University of British Columbia", "affiliationROR": "https://ror.org/03rmrcq20"}], "abstract": "In most plants, stomata are located only on the abaxial leaf surface (hypostomy), but many plants have stomata on both surfaces (amphistomy). High light and herbaceous growth form have been hypothesized to favor amphistomy, but these hypotheses have not been rigorously tested together using phylogenetic comparative methods.\r\nI leveraged a large dataset including stomatal ratio, Ellenberg light indicator value, growth form and phylogenetic relationships for 372 species of British angiosperms. I used phylogenetic comparative methods to test how light and/or growth form influence stomatal ratio and density.\r\nHigh light and herbaceous growth form are correlated with amphistomy, as predicted, but they also interact; the effect of light is pronounced in therophytes (annuals) and perennial herbs, but muted in phanerophytes (shrubs and trees). Furthermore, amphistomy and stomatal density evolve together in response to light.\r\nComparative analyses of British angiosperms reveal two major insights. First, light and growth form interact to shape stomatal ratio; amphistomy is common under high light, but mostly for herbs. Second, coordinated evolution of adaxial stomatal density and light tolerance indicates that amphistomy helps to optimally balance light acquisition with gas exchange. Stomatal ratio may have potential as a functional trait for paleoecology and crop improvement.", "keywords": ["stomata", "growth form", "Raunki\u00e6r life form", "stomatal ratio", "phylogenetic comparative methods", "Ellenberg light indicator value", "Angiosperms", "amphistomy"], "usageNotes": "<div class=\"o-metadata__file-usage-entry\"><h4 class=\"o-heading__level3-file-title\">Trait data</h4><div class=\"o-metadata__file-name\">stomata_filtered.csv</br></div><div class=\"o-metadata__file-name\"></div></div><div class=\"o-metadata__file-usage-entry\"><h4 class=\"o-heading__level3-file-title\">Phylogeny</h4><div class=\"o-metadata__file-name\">angio_phy_modified.nex</br></div><div class=\"o-metadata__file-name\"></div></div>", "locations": [{"place": "British Isles"}], "relatedWorks": [{"relationship": "Cites", "identifierType": "DOI", "identifier": "https://doi.org/10.1111/nph.14956"}], "versionNumber": 1, "versionStatus": "submitted", "curationStatus": "Published", "publicationDate": "2018-11-14", "lastModificationDate": "2020-06-24", "visibility": "public", "sharingLink": "https://datadryad.org/stash/share/jSeRAJlC3c2Q4t9HZeBPNlu1OEpoMgmlJVzbq263WgU", "userId": 4409, "license": "https://creativecommons.org/publicdomain/zero/1.0/"}