{"_links": {"self": {"href": "/api/v2/datasets/doi%3A10.5061%2Fdryad.cjsxksn3j"}, "stash:versions": {"href": "/api/v2/datasets/doi%3A10.5061%2Fdryad.cjsxksn3j/versions"}, "stash:version": {"href": "/api/v2/versions/75420"}, "stash:download": {"href": "/api/v2/datasets/doi%3A10.5061%2Fdryad.cjsxksn3j/download"}, "curies": [{"name": "stash", "href": "https://github.com/CDL-Dryad/stash/blob/main/stash_api/link-relations.md#{rel}", "templated": "true"}]}, "identifier": "doi:10.5061/dryad.cjsxksn3j", "id": 49387, "storageSize": 2730386169, "title": "Data from: Molecular underpinnings and biogeochemical consequences of enhanced diatom growth in a warming Southern Ocean", "authors": [{"firstName": "Loay", "lastName": "Jabre", "email": "loay.jabre@dal.ca", "affiliation": "Dalhousie University", "affiliationROR": "https://ror.org/01e6qks80", "orcid": "0000-0003-3177-6824"}, {"firstName": "Andrew E.", "lastName": "Allen", "email": "aallen@jcvi.org", "affiliation": "J. Craig Venter Institute", "affiliationROR": "https://ror.org/049r1ts75"}, {"firstName": "J. Scott P.", "lastName": "McCain", "email": "", "affiliation": "Dalhousie University", "affiliationROR": "https://ror.org/01e6qks80"}, {"firstName": "John P.", "lastName": "McCrow", "email": "", "affiliation": "J. Craig Venter Institute", "affiliationROR": "https://ror.org/049r1ts75"}, {"firstName": "Nancy", "lastName": "Tenenbaum", "email": "", "affiliation": "University of Southern California", "affiliationROR": "https://ror.org/03taz7m60"}, {"firstName": "Jenna L.", "lastName": "Spackeen", "email": "", "affiliation": "Virginia Institute of Marine Science"}, {"firstName": "Rachel E.", "lastName": "Sipler", "email": "", "affiliation": "Virginia Institute of Marine Science"}, {"firstName": "Beverley R.", "lastName": "Green", "email": "", "affiliation": "University of British Columbia", "affiliationROR": "https://ror.org/03rmrcq20"}, {"firstName": "Deborah A.", "lastName": "Bronk", "email": "", "affiliation": "Virginia Institute of Marine Science"}, {"firstName": "David A.", "lastName": "Hutchins", "email": "dahutch@usc.edu", "affiliation": "University of Southern California", "affiliationROR": "https://ror.org/03taz7m60"}, {"firstName": "Erin M.", "lastName": "Bertrand", "email": "erin.bertrand@dal.ca", "affiliation": "Dalhousie University", "affiliationROR": "https://ror.org/01e6qks80"}], "abstract": "<p style=\"text-align:justify;margin-bottom:11px;\">The Southern Ocean (SO) harbours some of the most intense phytoplankton blooms on Earth. Changes in temperature and iron availability are expected to alter the intensity of SO phytoplankton blooms, but little is known about how environmental change will influence community composition and downstream biogeochemical processes. We performed experimental manipulations on surface ocean microbial communities from McMurdo Sound in the Ross Sea, with and without iron addition, at -0.5 \u00b0C, 3 \u00b0C, and 6 \u00b0C. We then examined nutrient uptake patterns as well as the growth and molecular responses of two dominant diatoms, Fragilariopsis and Pseudo-nitzschia, to these conditions. We found that nitrate uptake and primary productivity were elevated at increased temperature in the absence of iron addition, and were even greater at high temperature with added iron. Pseudo-nitzschia became more abundant under increased temperature without added iron, while Fragilariopsis required additional iron to benefit from warming. We attribute the apparent advantage Pseudo-nitzschia shows under warming to upregulation of iron-conserving photosynthetic processes, utilization of iron-economic nitrogen assimilation mechanisms, and increased iron uptake and storage. These data identify important molecular and physiological differences between dominant diatom groups and add to the growing evidence for the increasingly important role of Pseudo-nitzschia in warming SO ecosystems. This study also suggests that temperature-driven shifts in SO phytoplankton assemblages may increase utilization of the vast pool of excess nutrients in iron-limited SO surface waters, and thereby influence global nutrient distributions and carbon cycle.</p>\r\n", "funders": [{"organization": "", "awardNumber": ""}], "versionNumber": 2, "versionStatus": "submitted", "curationStatus": "Published", "publicationDate": "2020-07-31", "lastModificationDate": "2020-07-31", "visibility": "public", "sharingLink": "https://datadryad.org/stash/share/o4oDU_xXkHACRHkrxsKuKlDcGXjlIpdTn9I7CzaUb1Q", "userId": 47823, "license": "https://creativecommons.org/publicdomain/zero/1.0/"}