{"_links": {"self": {"href": "/api/v2/datasets/doi%3A10.5061%2Fdryad.9w0vt4bc6"}, "stash:versions": {"href": "/api/v2/datasets/doi%3A10.5061%2Fdryad.9w0vt4bc6/versions"}, "stash:version": {"href": "/api/v2/versions/74391"}, "stash:download": {"href": "/api/v2/datasets/doi%3A10.5061%2Fdryad.9w0vt4bc6/download"}, "curies": [{"name": "stash", "href": "https://github.com/CDL-Dryad/stash/blob/main/stash_api/link-relations.md#{rel}", "templated": "true"}]}, "identifier": "doi:10.5061/dryad.9w0vt4bc6", "id": 47780, "storageSize": 191035, "title": "Data from: Life history variation in an invasive plant is associated with climate and recent colonization of a specialist herbivore", "authors": [{"firstName": "Jennifer L.", "lastName": "Williams", "email": "jennifer.williams@geog.ubc.ca", "affiliation": "University of British Columbia", "affiliationROR": "https://ror.org/03rmrcq20", "orcid": "0000-0002-4497-4961"}, {"firstName": "Sophie S.", "lastName": "Duncan", "email": "", "affiliation": "University of British Columbia", "affiliationROR": "https://ror.org/03rmrcq20"}], "abstract": "<p><b>Premise:</b> Spatial variation in selective pressures can lead to intraspecific variation in life history, favoring some life histories and constraining others depending on the vulnerability of life stages. We examined how spatial variation in herbivory and climate influences flowering size and the occurrence of semelparity (reproducing once) versus iteroparity (reproducing multiple times) in the introduced range of an invasive plant, houndstongue (<i>Cynoglossum officinale</i>). Houndstongue is a short-lived semelparous perennial in its native range. In its introduced range, we previously documented increased rates of iteroparity and a higher median threshold flowering size compared to the native range. We hypothesized that the recent introduction of a specialist biocontrol insect (a root-boring weevil, <i>Mogulones crucifer</i>) would decrease threshold flowering size, and reduce the proportion of iteroparous plants, because <i>M. crucifer</i> preferentially attacks large individuals and may reduce overwinter survival.</p>\r\n\r\n<p><b>Methods:</b> We surveyed 24 sites across the northwestern United States to quantify the frequency of semelparity versus iteroparity and to estimate weevil abundance, and used demographic data collected from six sites to estimate median threshold flowering size.</p>\r\n\r\n<p><b>Key Results</b>: We found that sites with greater winter precipitation and no weevils had a greater proportion of iteroparous plants. Sites with higher weevil attack had a lower median threshold flowering size.</p>\r\n\r\n<p><b>Conclusions:</b> The variation in frequency of flowering and threshold flowering size that we documented in North American houndstongue populations and the relationships between this variation and herbivory and climate provide evidence for how selective pressures covary with the life histories of invasive plants.</p>\r\n", "funders": [{"organization": "Natural Sciences and Engineering Research Council of Canada", "awardNumber": "Discovery Grant"}], "keywords": ["semelparity", "invasive plant", "biological control", "facultative biennial", "delayed reproduction", "flowering frequency", "iteroparity", "monocarpy", "size-dependent flowering"], "methods": "<p>Please see Methods in paper for details of data collection and processing.</p>\r\n", "usageNotes": "<p>See ReadMe file for description of data.</p>\r\n", "relatedWorks": [{"relationship": "Cites", "identifierType": "DOI", "identifier": "https://doi.org/10.1086/605999"}], "versionNumber": 2, "versionStatus": "submitted", "curationStatus": "Embargoed", "publicationDate": "2021-07-24", "lastModificationDate": "2020-07-24", "visibility": "public", "sharingLink": "https://datadryad.org/stash/share/OV1aTbGZDUyDAxNF58qMj-3wkFo8h3ppjMC4yn5wrKc", "userId": 57057, "license": "https://creativecommons.org/publicdomain/zero/1.0/"}