{"_links": {"self": {"href": "/api/v2/datasets/doi%3A10.5061%2Fdryad.cv507"}, "stash:versions": {"href": "/api/v2/datasets/doi%3A10.5061%2Fdryad.cv507/versions"}, "stash:version": {"href": "/api/v2/versions/3609"}, "stash:download": {"href": "/api/v2/datasets/doi%3A10.5061%2Fdryad.cv507/download"}, "curies": [{"name": "stash", "href": "https://github.com/CDL-Dryad/stash/blob/main/stash_api/link-relations.md#{rel}", "templated": "true"}]}, "identifier": "doi:10.5061/dryad.cv507", "id": 3588, "storageSize": 695786, "title": "Data from: Quantifying the effects of migration and mutation on adaptation and demography in spatially heterogeneous environments", "authors": [{"firstName": "Florence", "lastName": "D\u00e9barre", "affiliation": "University of British Columbia", "affiliationROR": "https://ror.org/03rmrcq20"}, {"firstName": "Oph\u00e9lie", "lastName": "Ronce", "affiliation": "University of Montpellier", "affiliationROR": "https://ror.org/051escj72"}, {"firstName": "Sylvain", "lastName": "Gandon", "affiliation": "Centre d'Ecologie Fonctionnelle et Evolutive", "affiliationROR": "https://ror.org/008rywf59"}], "abstract": "How do mutation and gene flow influence population persistence, niche expansion, and local adaptation in spatially heterogeneous environments? In this article, we analyse a demographic and evolutionary model of adaptation to an environment containing two habitats in equal frequencies, and we bridge the gap between different theoretical frameworks. Qualitatively, our model yields four qualitative types of outcomes: (i) global extinction of the population (ii) adaptation to one habitat only, but also adaptation to both habitats with (iii) specialized phenotypes, or (iv) with generalized phenotypes; and we determine the conditions under which each equilibrium is reached. We derive new analytical approximations for the local densities and the distributions of traits in each habitat under a migration--selection--mutation balance, compute the equilibrium values of the means, variances and asymmetries of the local distributions of phenotypes, and contrast the effects of migration and mutation on the evolutionary outcome. We then check our analytical results by solving our model numerically, and also assess their robustness in the presence of demographic stochasticity. While increased migration results in a decrease in local adaptation, mutation in our model does not influence the values of the local mean traits. Yet, both migration and mutation can have dramatic effects on population size and even lead to metapopulation extinction when selection is strong. Niche expansion, the ability for the population to adapt to both habitats, can also be prevented by small migration rates and a reduced evolutionary potential characterised by rare mutation events of small effects; but niche expansion is otherwise the most likely outcome. Although our results are derived under the assumption of clonal reproduction, we finally show and discuss the links between our model and previous quantitative genetics models.", "keywords": ["quantitative genetics", "Adaptive dynamics", "Theory", "speciation"], "usageNotes": "<div class=\"o-metadata__file-usage-entry\"><h4 class=\"o-heading__level3-file-title\">Debarre-etal_2013_JEB_Codes</h4><div class=\"o-metadata__file-description\">Zipped folder containing R and Mathematica codes.</div><div class=\"o-metadata__file-name\"></div><div class=\"o-metadata__file-name\"></div></div>", "relatedWorks": [{"relationship": "Cites", "identifierType": "DOI", "identifier": "https://doi.org/10.1111/jeb.12132"}], "versionNumber": 1, "versionStatus": "submitted", "curationStatus": "Published", "publicationDate": "2013-01-10", "lastModificationDate": "2020-06-24", "visibility": "public", "sharingLink": "https://datadryad.org/stash/share/u2JgWBPPWso3u40L9f_JKhMmVnInZRIkZyihgUUWcqM", "userId": 14219, "license": "https://creativecommons.org/publicdomain/zero/1.0/"}