{"_links": {"self": {"href": "/api/v2/datasets/doi%3A10.5061%2Fdryad.n83b3"}, "stash:versions": {"href": "/api/v2/datasets/doi%3A10.5061%2Fdryad.n83b3/versions"}, "stash:version": {"href": "/api/v2/versions/3020"}, "stash:download": {"href": "/api/v2/datasets/doi%3A10.5061%2Fdryad.n83b3/download"}, "curies": [{"name": "stash", "href": "https://github.com/CDL-Dryad/stash/blob/main/stash_api/link-relations.md#{rel}", "templated": "true"}]}, "identifier": "doi:10.5061/dryad.n83b3", "id": 3005, "storageSize": 881103, "title": "Data from: Stark sexual display divergence among jumping spider populations in the face of gene flow", "authors": [{"firstName": "Gwylim S.", "lastName": "Blackburn", "affiliation": "University of British Columbia", "affiliationROR": "https://ror.org/03rmrcq20"}, {"firstName": "Wayne P.", "lastName": "Maddison", "affiliation": "University of British Columbia", "affiliationROR": "https://ror.org/03rmrcq20"}], "abstract": "Gene flow can inhibit evolutionary divergence by eroding genetic differences between populations. A current aim in speciation research is to identify conditions in which selection overcomes this process. We focused on a state of limited differentiation, asking whether selection enables divergence with gene flow in a set of Habronattus americanus jumping spider populations that exhibit three distinct male sexual display morphs. We found that each population is at high frequency or fixed for a single morph. These strong phenotypic differences contrast with low divergence at 210 AFLP markers, suggesting selection has driven or maintains morph divergence. Coinciding patterns of isolation by distance and \u2018isolation by phenotype\u2019 (i.e. increased genetic divergence among phenotypically contrasting populations) across the study area support several alternative demographic hypotheses for display divergence, each of which entails gene flow. Display-associated structure appears broadly distributed across the genome and the markers producing this pattern do not stand out from background levels of differentiation. Overall, the results suggest selection can promote stark sexual display divergence in the face of gene flow among closely related populations.", "keywords": ["divergence-with-gene-flow", "sexual display", "salticid", "Habronattus americanus"], "usageNotes": "<div class=\"o-metadata__file-usage-entry\"><h4 class=\"o-heading__level3-file-title\">DFALowMid_in</h4><div class=\"o-metadata__file-name\"></div></div><div class=\"o-metadata__file-usage-entry\"><h4 class=\"o-heading__level3-file-title\">FST_High_in</h4><div class=\"o-metadata__file-name\">High_in.txt</br></div></div><div class=\"o-metadata__file-usage-entry\"><h4 class=\"o-heading__level3-file-title\">FST_Low_in</h4><div class=\"o-metadata__file-name\">Low_in.txt</br></div></div><div class=\"o-metadata__file-usage-entry\"><h4 class=\"o-heading__level3-file-title\">FST_Mid_in</h4><div class=\"o-metadata__file-name\">Mid_in.txt</br></div></div><div class=\"o-metadata__file-usage-entry\"><h4 class=\"o-heading__level3-file-title\">IBDLowMid_in</h4><div class=\"o-metadata__file-name\"></div></div><div class=\"o-metadata__file-usage-entry\"><h4 class=\"o-heading__level3-file-title\">IBDLowMid_Rscript</h4><div class=\"o-metadata__file-name\">IBDLowMid.R</br></div></div><div class=\"o-metadata__file-usage-entry\"><h4 class=\"o-heading__level3-file-title\">FstList</h4><div class=\"o-metadata__file-name\"></div></div><div class=\"o-metadata__file-usage-entry\"><h4 class=\"o-heading__level3-file-title\">ln_geog-distances_P3a</h4><div class=\"o-metadata__file-name\"></div></div><div class=\"o-metadata__file-usage-entry\"><h4 class=\"o-heading__level3-file-title\">PartialMantelLowMid_Rscript</h4><div class=\"o-metadata__file-name\">MantelLowMid.R</br></div></div><div class=\"o-metadata__file-usage-entry\"><h4 class=\"o-heading__level3-file-title\">pheno-distances</h4><div class=\"o-metadata__file-name\"></div></div><div class=\"o-metadata__file-usage-entry\"><h4 class=\"o-heading__level3-file-title\">PCALowMid_in</h4><div class=\"o-metadata__file-name\"></div></div><div class=\"o-metadata__file-usage-entry\"><h4 class=\"o-heading__level3-file-title\">Tajima,AMOVA_in</h4><div class=\"o-metadata__file-name\"></div></div><div class=\"o-metadata__file-usage-entry\"><h4 class=\"o-heading__level3-file-title\">Bayescan</h4><div class=\"o-metadata__file-name\"></div></div><div class=\"o-metadata__file-usage-entry\"><h4 class=\"o-heading__level3-file-title\">Structure</h4><div class=\"o-metadata__file-name\"></div></div><div class=\"o-metadata__file-usage-entry\"><h4 class=\"o-heading__level3-file-title\">AFLP_scores</h4><div class=\"o-metadata__file-name\"></div></div><div class=\"o-metadata__file-usage-entry\"><h4 class=\"o-heading__level3-file-title\">Arlequin_CO1</h4><div class=\"o-metadata__file-name\"></div></div>", "relatedWorks": [{"relationship": "Cites", "identifierType": "DOI", "identifier": "https://doi.org/10.1111/mec.12942"}], "versionNumber": 1, "versionStatus": "submitted", "curationStatus": "Published", "publicationDate": "2014-09-25", "lastModificationDate": "2020-06-24", "visibility": "public", "sharingLink": "https://datadryad.org/stash/share/O8ruyLjzhBa7_szzBoAIM-6VjufMGscoGD_VUJNiaPg", "userId": 9057, "license": "https://creativecommons.org/publicdomain/zero/1.0/"}