{"_links": {"self": {"href": "/api/v2/datasets/doi%3A10.5061%2Fdryad.g85t15k"}, "stash:versions": {"href": "/api/v2/datasets/doi%3A10.5061%2Fdryad.g85t15k/versions"}, "stash:version": {"href": "/api/v2/versions/22404"}, "stash:download": {"href": "/api/v2/datasets/doi%3A10.5061%2Fdryad.g85t15k/download"}, "curies": [{"name": "stash", "href": "https://github.com/CDL-Dryad/stash/blob/main/stash_api/link-relations.md#{rel}", "templated": "true"}]}, "identifier": "doi:10.5061/dryad.g85t15k", "id": 22340, "storageSize": 4799051, "title": "Data from: Nest boxes increase reproductive output for Tree Swallows in a forest grassland matrix in central British Columbia", "authors": [{"firstName": "Andrea R.", "lastName": "Norris", "affiliation": "University of British Columbia", "affiliationROR": "https://ror.org/03rmrcq20"}, {"firstName": "Kathryn E. H.", "lastName": "Aitken", "affiliation": "Yukon College", "affiliationROR": "https://ror.org/040w4gz36"}, {"firstName": "Kathy", "lastName": "Martin", "affiliation": "University of British Columbia", "affiliationROR": "https://ror.org/03rmrcq20"}, {"firstName": "Stanley", "lastName": "Pokorny", "affiliation": "University of British Columbia", "affiliationROR": "https://ror.org/03rmrcq20"}], "abstract": "Secondary cavity-nesting birds depend on tree cavities for nesting and roosting, but many studies of these birds are conducted using nest boxes. Implementation of effective conservation strategies for cavity-nesting species such as nest-site supplementation requires careful comparisons of fecundity and other vital rates for birds using both natural and artificial nest site types. We compared breeding phenology, clutch and brood sizes, and fledging success of Tree Swallows (Tachycineta bicolor) nesting in tree cavities and nest boxes during 2001\u20132003 in British Columbia, Canada. Swallows using nest boxes initiated egg-laying and hatched young at approximately the same time as those in tree cavities (2 June, 23 June, respectively). Female Tree Swallows in boxes laid larger clutches (5.9 \u00b1 0.9 eggs, N = 76) than those in tree cavities (4.2 \u00b1 1.6 eggs, N = 67). The mean number of nestlings hatched was greater in nest boxes (5.2 \u00b1 1.1 nestlings, N = 67) than in tree cavities (2.6 \u00b1 2.0 nestlings, N = 58). Pairs in boxes were over twice as successful in producing fledglings (93.4%; 57 of 61 pairs fledged > 1 young) than those in tree cavities (35.8%; 19 of 53 pairs). Of those successful nests, pairs nesting in boxes fledged 5.1 \u00b1 1.1 young (N = 57), whereas those in tree cavities fledged 3.5 \u00b1 1.2 young (N = 18). Because cavities in nest boxes averaged 60% larger in volume and 1.8 cm wider internally than tree cavities, we suggest that increased reproductive output was correlated with boxes enabling a larger clutch size. In previous research, we found that Tree Swallows were a poor competitor with other cavity-nesting passerines for tree cavities. The addition of nest boxes may serve as an effective way to supplement local reproduction for secondary cavity-nesting bird populations by reducing competition for limited nest sites. This is especially true in regions where the availability of natural nesting sites is highly variable, and where species compete with many other cavity-nesting passerines using a similar ecological niche and nesting cavities.", "keywords": ["life-history strategies", "nest site type", "productivity", "tree swallows", "Tachycineta bicolor", "cavity-nesting birds", "hole nesting birds", "reproduction", "nest-boxes"], "usageNotes": "<div class=\"o-metadata__file-usage-entry\"><h4 class=\"o-heading__level3-file-title\">PLOS_for_upload_TRES_cavboxNorrisetal</h4><div class=\"o-metadata__file-description\">Data includes tree cavity and nest box information for 2001-2003</div><div class=\"o-metadata__file-name\"></div></div>", "locations": [{"place": "Cariboo-Chilcotin"}, {"place": "British Columbia"}], "relatedWorks": [{"relationship": "Cites", "identifierType": "DOI", "identifier": "https://doi.org/10.1371/journal.pone.0204226"}], "versionNumber": 1, "versionStatus": "submitted", "curationStatus": "Published", "publicationDate": "2019-09-10", "lastModificationDate": "2020-06-24", "visibility": "public", "sharingLink": "https://datadryad.org/stash/share/1FZ6Rr3lkA4ndmxGRav1wsFtKtDekMw75veO1rgr5UM", "userId": 38090, "license": "https://creativecommons.org/publicdomain/zero/1.0/"}