{"_links": {"self": {"href": "/api/v2/datasets/doi%3A10.5061%2Fdryad.td03p886"}, "stash:versions": {"href": "/api/v2/datasets/doi%3A10.5061%2Fdryad.td03p886/versions"}, "stash:version": {"href": "/api/v2/versions/26867"}, "stash:download": {"href": "/api/v2/datasets/doi%3A10.5061%2Fdryad.td03p886/download"}, "curies": [{"name": "stash", "href": "https://github.com/CDL-Dryad/stash/blob/main/stash_api/link-relations.md#{rel}", "templated": "true"}]}, "identifier": "doi:10.5061/dryad.td03p886", "id": 26794, "storageSize": 1148438, "title": "Data from: Phylogenetic conservatism in plant phenology", "authors": [{"firstName": "T. Jonathan", "lastName": "Davies", "affiliation": "McGill University", "affiliationROR": "https://ror.org/01pxwe438"}, {"firstName": "Elizabeth M.", "lastName": "Wolkovich", "affiliation": "University of British Columbia", "affiliationROR": "https://ror.org/03rmrcq20"}, {"firstName": "Nathan J. B.", "lastName": "Kraft", "affiliation": "University of Maryland, College Park", "affiliationROR": "https://ror.org/047s2c258"}, {"firstName": "Nicolas", "lastName": "Salamin", "affiliation": "University of Lausanne", "affiliationROR": "https://ror.org/019whta54"}, {"firstName": "Jenica M.", "lastName": "Allen", "affiliation": "University of Connecticut", "affiliationROR": "https://ror.org/02der9h97"}, {"firstName": "Toby R.", "lastName": "Ault", "affiliation": "National Center for Atmospheric Research", "affiliationROR": "https://ror.org/05cvfcr44"}, {"firstName": "Julio L.", "lastName": "Betancourt", "affiliation": "United States Geological Survey", "affiliationROR": "https://ror.org/035a68863"}, {"firstName": "Kjell", "lastName": "Bolmgren", "affiliation": "Swedish University of Agricultural Sciences", "affiliationROR": "https://ror.org/02yy8x990"}, {"firstName": "Elsa E.", "lastName": "Cleland", "affiliation": "University of California, San Diego", "affiliationROR": "https://ror.org/0168r3w48"}, {"firstName": "Benjamin I.", "lastName": "Cook", "affiliation": "Goddard Institute for Space Studies", "affiliationROR": "https://ror.org/01cyfxe35"}, {"firstName": "Theresa M.", "lastName": "Crimmins", "affiliation": "USA National Phenology Network; Tucson AZ USA"}, {"firstName": "Susan J.", "lastName": "Mazer", "affiliation": "University of California, Santa Barbara", "affiliationROR": "https://ror.org/02t274463"}, {"firstName": "Gregory J.", "lastName": "McCabe", "affiliation": "United States Geological Survey", "affiliationROR": "https://ror.org/035a68863"}, {"firstName": "Stephanie", "lastName": "Pau", "affiliation": "Florida State University", "affiliationROR": "https://ror.org/05g3dte14"}, {"firstName": "Jim", "lastName": "Regetz", "affiliation": "University of California, Santa Barbara", "affiliationROR": "https://ror.org/02t274463"}, {"firstName": "Mark D.", "lastName": "Schwartz", "affiliation": "University of Wisconsin-Milwaukee", "affiliationROR": "https://ror.org/031q21x57"}, {"firstName": "Steven E.", "lastName": "Travers", "affiliation": "North Dakota State University", "affiliationROR": "https://ror.org/05h1bnb22"}], "abstract": "Phenological events \u2013 defined points in the life cycle of a plant or animal \u2013 have been regarded as highly plastic traits, reflecting flexible responses to various environmental cues. The ability of a species to track, via shifts in phenological events, the abiotic environment through time might dictate its vulnerability to future climate change. Understanding the predictors and drivers of phenological change is therefore critical. Here, we evaluated evidence for phylogenetic conservatism \u2013 the tendency for closely related species to share similar ecological and biological attributes \u2013 in phenological traits across flowering plants. We aggregated published and unpublished data on timing of first flower and first leaf, encompassing \u02dc4000 species at 23 sites across the Northern Hemisphere. We reconstructed the phylogeny for the set of included species, first, using the software program Phylomatic, and second, from DNA data. We then quantified phylogenetic conservatism in plant phenology within and across sites. We show that more closely related species tend to flower and leaf at similar times. By contrasting mean flowering times within and across sites, however, we illustrate that it is not the time of year that is conserved, but rather the phenological responses to a common set of abiotic cues. Our findings suggest that species cannot be treated as statistically independent when modelling phenological responses. Synthesis. Closely related species tend to resemble each other in the timing of their life-history events, a likely product of evolutionarily conserved responses to environmental cues. The search for the underlying drivers of phenology must therefore account for species' shared evolutionary histories.", "keywords": ["phylogenetic conservatism", "spring indices", "Plasticity", "flowering times"], "usageNotes": "<div class=\"o-metadata__file-usage-entry\"><h4 class=\"o-heading__level3-file-title\">Generic level phylogenetic tree</h4><div class=\"o-metadata__file-description\">Generic level phylogenetic tree for 1246 plant species. The tree was calibrated using penalized likelihood.</div><div class=\"o-metadata__file-name\">nceas_genera_pl.div</br></div></div><div class=\"o-metadata__file-usage-entry\"><h4 class=\"o-heading__level3-file-title\">DNA matrix</h4><div class=\"o-metadata__file-description\">DNA matrix based on 7 different DNA regions for the 1246 genera</div><div class=\"o-metadata__file-name\">nceas_genus.phy.gz</br></div></div>", "relatedWorks": [{"relationship": "Cites", "identifierType": "DOI", "identifier": "https://doi.org/10.1111/1365-2745.12154"}], "versionNumber": 1, "versionStatus": "submitted", "curationStatus": "Published", "publicationDate": "2014-04-02", "lastModificationDate": "2020-06-24", "visibility": "public", "sharingLink": "https://datadryad.org/stash/share/Odfd1iEuqy2bFBbltHF6fZ9JWU23qIlA0HMKam6DuyI", "userId": 64, "license": "https://creativecommons.org/publicdomain/zero/1.0/"}