{"_links": {"self": {"href": "/api/v2/datasets/doi%3A10.5061%2Fdryad.d51c5b00g"}, "stash:versions": {"href": "/api/v2/datasets/doi%3A10.5061%2Fdryad.d51c5b00g/versions"}, "stash:version": {"href": "/api/v2/versions/75927"}, "stash:download": {"href": "/api/v2/datasets/doi%3A10.5061%2Fdryad.d51c5b00g/download"}, "curies": [{"name": "stash", "href": "https://github.com/CDL-Dryad/stash/blob/main/stash_api/link-relations.md#{rel}", "templated": "true"}]}, "identifier": "doi:10.5061/dryad.d51c5b00g", "id": 49202, "storageSize": 635635682, "title": "Insights from Fisher's geometric model on the likelihood of speciation under different histories of environmental change", "authors": [{"firstName": "Ryo", "lastName": "Yamaguchi", "email": "ryamaguchi@sci.hokudai.ac.jp", "affiliation": "Hokkaido University", "affiliationROR": "https://ror.org/02e16g702", "orcid": "0000-0003-3545-7513"}, {"firstName": "Sarah P.", "lastName": "Otto", "email": "otto@zoology.ubc.ca", "affiliation": "University of British Columbia", "affiliationROR": "https://ror.org/03rmrcq20", "orcid": "0000-0003-3042-0818"}], "abstract": "<p>All code and simulation data necessary to repeat the analysis described in \"Insights from Fisher\u2019s geometric model on the likelihood of speciation under different histories of environmental change.\"</p>\r\n", "funders": [{"organization": "Japanese Society for the Promotion of Science*", "awardNumber": "DC1- 14J02775"}, {"organization": "Japanese Society for the Promotion of Science*", "awardNumber": "PD-17J01380"}, {"organization": "Natural Sciences and Engineering Research Council of Canada", "awardNumber": "RGPIN-2016-03711"}], "keywords": ["ecological speciation", "Fisher's geometric model", "Homoploid hybrid speciation", "mutation\u2010order speciation"], "relatedWorks": [{"relationship": "Cites", "identifierType": "DOI", "identifier": "https://doi.org/10.1111/evo.14032"}], "versionNumber": 5, "versionStatus": "submitted", "curationStatus": "Published", "publicationDate": "2020-08-04", "lastModificationDate": "2020-08-05", "visibility": "public", "sharingLink": "https://datadryad.org/stash/share/jY6aCeRdFusgYrMamqufRGA1T27_22cAf76aT-WBzMw", "userId": 58092, "license": "https://creativecommons.org/publicdomain/zero/1.0/"}