{"_links": {"self": {"href": "/api/v2/datasets/doi%3A10.5061%2Fdryad.v7370"}, "stash:versions": {"href": "/api/v2/datasets/doi%3A10.5061%2Fdryad.v7370/versions"}, "stash:version": {"href": "/api/v2/versions/4040"}, "stash:download": {"href": "/api/v2/datasets/doi%3A10.5061%2Fdryad.v7370/download"}, "curies": [{"name": "stash", "href": "https://github.com/CDL-Dryad/stash/blob/main/stash_api/link-relations.md#{rel}", "templated": "true"}]}, "identifier": "doi:10.5061/dryad.v7370", "id": 4018, "storageSize": 595189, "title": "Data from: Female and male genetic effects on offspring paternity: additive genetic (co)variances in female extra-pair reproduction and male paternity success in song sparrows (Melospiza melodia)", "authors": [{"firstName": "Jane M.", "lastName": "Reid", "affiliation": "University of Aberdeen", "affiliationROR": "https://ror.org/016476m91"}, {"firstName": "Peter", "lastName": "Arcese", "affiliation": "University of British Columbia", "affiliationROR": "https://ror.org/03rmrcq20"}, {"firstName": "Lukas F.", "lastName": "Keller", "affiliation": "University of Zurich", "affiliationROR": "https://ror.org/02crff812"}, {"firstName": "Sylvain", "lastName": "Losdat", "affiliation": "University of Aberdeen", "affiliationROR": "https://ror.org/016476m91"}], "abstract": "Ongoing evolution of polyandry, and consequent extra-pair reproduction in socially monogamous systems, is hypothesised to be facilitated by indirect selection stemming from cross-sex genetic covariances with components of male fitness. Specifically, polyandry is hypothesised to create positive genetic covariance with male paternity success due to inevitable assortative reproduction, driving ongoing coevolution. However, it remains unclear whether such covariances could or do emerge within complex polyandrous systems. First, we illustrate that genetic covariances between female extra-pair reproduction and male within-pair paternity success might be constrained in socially monogamous systems where female and male additive genetic effects can have opposing impacts on the paternity of jointly reared offspring. Second, we demonstrate non-zero additive genetic variance in female liability for extra-pair reproduction and male liability for within-pair paternity success, modelled as direct and associative genetic effects on offspring paternity respectively, in free-living song sparrows (Melospiza melodia). The posterior mean additive genetic covariance between these liabilities was slightly positive, but the credible interval was wide and overlapped zero. Therefore, while substantial total additive genetic variance exists, the hypothesis that ongoing evolution of female extra-pair reproduction is facilitated by genetic covariance with male within-pair paternity success cannot yet be definitively supported or rejected either conceptually or empirically.", "keywords": ["Melospiza melodia", "reproductive strategies", "life-history evolution", "Holocene", "Mating Systems", "Selection - Sexual", "quantitative genetics"], "usageNotes": "<div class=\"o-metadata__file-usage-entry\"><h4 class=\"o-heading__level3-file-title\">female.data.dryad.final</h4><div class=\"o-metadata__file-description\">Phenotypic data for quantitative genetic analysis of female liability for extra-pair reproduction</div><div class=\"o-metadata__file-name\"></div></div><div class=\"o-metadata__file-usage-entry\"><h4 class=\"o-heading__level3-file-title\">female.Ainv.final</h4><div class=\"o-metadata__file-description\">Inverse A matrix for quantitative genetic analysis of female liability for extra-pair reproduction</div><div class=\"o-metadata__file-name\"></div></div><div class=\"o-metadata__file-usage-entry\"><h4 class=\"o-heading__level3-file-title\">male.data.dryad.final</h4><div class=\"o-metadata__file-description\">Phenotypic data for quantitative genetic analysis of male liability for within-pair paternity success</div><div class=\"o-metadata__file-name\"></div></div><div class=\"o-metadata__file-usage-entry\"><h4 class=\"o-heading__level3-file-title\">male.Ainv.final</h4><div class=\"o-metadata__file-description\">Inverse A matrix for quantitative genetic analysis of male liability for within-pair paternity success</div><div class=\"o-metadata__file-name\"></div></div><div class=\"o-metadata__file-usage-entry\"><h4 class=\"o-heading__level3-file-title\">male.female.data.dryad.final</h4><div class=\"o-metadata__file-description\">Phenotypic data for joint quantitative genetic analysis of female liability for extra-pair reproduction and male liability for within-pair paternity success</div><div class=\"o-metadata__file-name\"></div></div><div class=\"o-metadata__file-usage-entry\"><h4 class=\"o-heading__level3-file-title\">male.female.Ainv.final</h4><div class=\"o-metadata__file-description\">Inverse A matrix for joint quantitative genetic analysis of female liability for extra-pair reproduction and male liability for within-pair paternity success</div><div class=\"o-metadata__file-name\"></div></div>", "locations": [{"place": "Vancouver Island"}, {"place": "Canada"}, {"place": "British Columbia"}], "relatedWorks": [{"relationship": "Cites", "identifierType": "DOI", "identifier": "https://doi.org/10.1111/evo.12424"}], "versionNumber": 1, "versionStatus": "submitted", "curationStatus": "Published", "publicationDate": "2014-04-07", "lastModificationDate": "2020-06-24", "visibility": "public", "sharingLink": "https://datadryad.org/stash/share/r3a-d1WvLeDQ7_3pgcpUM3XvzFyy2wSGAEm1tqvtgtE", "userId": 97, "license": "https://creativecommons.org/publicdomain/zero/1.0/"}