{"_links": {"self": {"href": "/api/v2/datasets/doi%3A10.5061%2Fdryad.038q8"}, "stash:versions": {"href": "/api/v2/datasets/doi%3A10.5061%2Fdryad.038q8/versions"}, "stash:version": {"href": "/api/v2/versions/25698"}, "stash:download": {"href": "/api/v2/datasets/doi%3A10.5061%2Fdryad.038q8/download"}, "curies": [{"name": "stash", "href": "https://github.com/CDL-Dryad/stash/blob/main/stash_api/link-relations.md#{rel}", "templated": "true"}]}, "identifier": "doi:10.5061/dryad.038q8", "id": 25625, "storageSize": 3769196, "title": "Data from: Worldwide evidence of a unimodal relationship between productivity and plant species richness", "authors": [{"firstName": "Lauchlan H.", "lastName": "Fraser", "affiliation": "Thompson Rivers University", "affiliationROR": "https://ror.org/01v9wj339"}, {"firstName": "Jason", "lastName": "Pither", "affiliation": "University of British Columbia", "affiliationROR": "https://ror.org/03rmrcq20"}, {"firstName": "Anke", "lastName": "Jentsch", "affiliation": "University of Bayreuth", "affiliationROR": "https://ror.org/0234wmv40"}, {"firstName": "Marcelo", "lastName": "Sternberg", "affiliation": "Tel Aviv University", "affiliationROR": "https://ror.org/04mhzgx49"}, {"firstName": "Martin", "lastName": "Zobel", "affiliation": "University of Tartu", "affiliationROR": "https://ror.org/03z77qz90"}, {"firstName": "Diana", "lastName": "Askarizadeh", "affiliation": "University of Tehran", "affiliationROR": "https://ror.org/05vf56z40"}, {"firstName": "Sandor", "lastName": "Bartha", "affiliation": "MTA Centre for Ecological Research", "affiliationROR": "https://ror.org/04bhfmv97"}, {"firstName": "Carl", "lastName": "Beierkuhnlein", "affiliation": "University of Bayreuth", "affiliationROR": "https://ror.org/0234wmv40"}, {"firstName": "Jonathan A.", "lastName": "Bennett", "affiliation": "University of Alberta", "affiliationROR": "https://ror.org/0160cpw27"}, {"firstName": "Alex", "lastName": "Bittel", "affiliation": "University of Kansas", "affiliationROR": "https://ror.org/001tmjg57"}, {"firstName": "Bazartseren", "lastName": "Boldgiv", "affiliation": "National University of Mongolia", "affiliationROR": "https://ror.org/04855bv47"}, {"firstName": "Ilsi I.", "lastName": "Boldrini", "affiliation": "Federal University of Rio Grande do Sul", "affiliationROR": "https://ror.org/041yk2d64"}, {"firstName": "Edward", "lastName": "Bork", "affiliation": "University of Alberta", "affiliationROR": "https://ror.org/0160cpw27"}, {"firstName": "Leslie", "lastName": "Brown", "affiliation": "University of South Africa", "affiliationROR": "https://ror.org/048cwvf49"}, {"firstName": "Marcelo", "lastName": "Cabido", "affiliation": "National University of C\u00f3rdoba", "affiliationROR": "https://ror.org/056tb7j80"}, {"firstName": "James", "lastName": "Cahill", "affiliation": "University of Alberta", "affiliationROR": "https://ror.org/0160cpw27"}, {"firstName": "Cameron N.", "lastName": "Carlyle", "affiliation": "University of Alberta", "affiliationROR": "https://ror.org/0160cpw27"}, {"firstName": "Giandiego", "lastName": "Campetella", "affiliation": "University of Camerino", "affiliationROR": "https://ror.org/0005w8d69"}, {"firstName": "Stefano", "lastName": "Chelli", "affiliation": "University of Camerino", "affiliationROR": "https://ror.org/0005w8d69"}, {"firstName": "Ofer", "lastName": "Cohen", "affiliation": "Tel Aviv University", "affiliationROR": "https://ror.org/04mhzgx49"}, {"firstName": "Anna-Maria", "lastName": "Csergo", "affiliation": "Trinity College Dublin", "affiliationROR": "https://ror.org/02tyrky19"}, {"firstName": "Sandra", "lastName": "Diaz", "affiliation": "National University of C\u00f3rdoba", "affiliationROR": "https://ror.org/056tb7j80"}, {"firstName": "Lucas", "lastName": "Enrico", "affiliation": "National University of C\u00f3rdoba", "affiliationROR": "https://ror.org/056tb7j80"}, {"firstName": "David", "lastName": "Ensing", "affiliation": "University of British Columbia", "affiliationROR": "https://ror.org/03rmrcq20"}, {"firstName": "Alessandra", "lastName": "Fidelis", "affiliation": "Sao Paulo State University", "affiliationROR": "https://ror.org/00987cb86"}, {"firstName": "Jason D.", "lastName": "Fridley", "affiliation": "Syracuse University", "affiliationROR": "https://ror.org/025r5qe02"}, {"firstName": "Bryan", "lastName": "Foster", "affiliation": "University of Kansas", "affiliationROR": "https://ror.org/001tmjg57"}, {"firstName": "Heath", "lastName": "Garris", "affiliation": "University of Akron", "affiliationROR": "https://ror.org/02kyckx55"}, {"firstName": "Jacob R.", "lastName": "Goheen", "affiliation": "University of Wyoming", "affiliationROR": "https://ror.org/01485tq96"}, {"firstName": "Hugh A. L.", "lastName": "Henry", "affiliation": "Western University", "affiliationROR": "https://ror.org/02grkyz14"}, {"firstName": "Maria", "lastName": "Hohn", "affiliation": "Corvinus University of Budapest", "affiliationROR": "https://ror.org/01vxfm326"}, {"firstName": "Mohammad Hassan", "lastName": "Jouri", "affiliation": "Islamic Azad University", "affiliationROR": "https://ror.org/007zpd132"}, {"firstName": "John", "lastName": "Klironomos", "affiliation": "University of British Columbia", "affiliationROR": "https://ror.org/03rmrcq20"}, {"firstName": "Kadri", "lastName": "Koorem", "affiliation": "University of Tartu", "affiliationROR": "https://ror.org/03z77qz90"}, {"firstName": "Rachael", "lastName": "Lawrence-Lodge", "affiliation": "University of Otago", "affiliationROR": "https://ror.org/01jmxt844"}, {"firstName": "Ruijun", "lastName": "Long", "affiliation": "Lanzhou University", "affiliationROR": "https://ror.org/01mkqqe32"}, {"firstName": "Peter", "lastName": "Manning", "affiliation": "University of Bern", "affiliationROR": "https://ror.org/02k7v4d05"}, {"firstName": "Randall", "lastName": "Mitchell", "affiliation": "University of Akron", "affiliationROR": "https://ror.org/02kyckx55"}, {"firstName": "Mari", "lastName": "Moora", "affiliation": "University of Tartu", "affiliationROR": "https://ror.org/03z77qz90"}, {"firstName": "Sandra C.", "lastName": "Muller", "affiliation": "Federal University of Rio Grande do Sul", "affiliationROR": "https://ror.org/041yk2d64"}, {"firstName": "Carlos", "lastName": "Nabinger", "affiliation": "Federal University of Rio Grande do Sul", "affiliationROR": "https://ror.org/041yk2d64"}, {"firstName": "Kamal", "lastName": "Naseri", "affiliation": "Ferdowsi University of Mashhad", "affiliationROR": "https://ror.org/00g6ka752"}, {"firstName": "Gerhard E.", "lastName": "Overbeck", "affiliation": "Federal University of Rio Grande do Sul", "affiliationROR": "https://ror.org/041yk2d64"}, {"firstName": "Todd M.", "lastName": "Palmer", "affiliation": "University of Florida", "affiliationROR": "https://ror.org/02y3ad647"}, {"firstName": "Sheena", "lastName": "Parsons", "affiliation": "University of Kansas", "affiliationROR": "https://ror.org/001tmjg57"}, {"firstName": "Mari", "lastName": "Pesek", "affiliation": "University of Kansas", "affiliationROR": "https://ror.org/001tmjg57"}, {"firstName": "Valerio D.", "lastName": "Pillar", "affiliation": "Federal University of Rio Grande do Sul", "affiliationROR": "https://ror.org/041yk2d64"}, {"firstName": "Robert M.", "lastName": "Pringle", "affiliation": "Princeton University", "affiliationROR": "https://ror.org/00hx57361"}, {"firstName": "Kathy", "lastName": "Roccaforte", "affiliation": "University of Kansas", "affiliationROR": "https://ror.org/001tmjg57"}, {"firstName": "Amanda", "lastName": "Schmidt", "affiliation": "Thompson Rivers University", "affiliationROR": "https://ror.org/01v9wj339"}, {"firstName": "Zhanhuan", "lastName": "Shang", "affiliation": "Lanzhou University", "affiliationROR": "https://ror.org/01mkqqe32"}, {"firstName": "Reinhold", "lastName": "Stahlmann", "affiliation": "University of Bayreuth", "affiliationROR": "https://ror.org/0234wmv40"}, {"firstName": "Gisela C.", "lastName": "Stotz", "affiliation": "University of Alberta", "affiliationROR": "https://ror.org/0160cpw27"}, {"firstName": "Shu-ichi", "lastName": "Sugiyama", "affiliation": "Hirosaki University", "affiliationROR": "https://ror.org/02syg0q74"}, {"firstName": "Szilard", "lastName": "Szentes", "affiliation": "Szent Istv\u00e1n University", "affiliationROR": "https://ror.org/01394d192"}, {"firstName": "Don", "lastName": "Thompson", "affiliation": "Agriculture and Agri-Food Canada, Lethbridge Research Centre, Lethbridge, AB, Canada."}, {"firstName": "Radnaakhand", "lastName": "Tungalag", "affiliation": "National University of Mongolia", "affiliationROR": "https://ror.org/04855bv47"}, {"firstName": "Sainbileg", "lastName": "Undrakhbold", "affiliation": "National University of Mongolia", "affiliationROR": "https://ror.org/04855bv47"}, {"firstName": "Margaretha", "lastName": "van Rooyen", "affiliation": "University of Pretoria", "affiliationROR": "https://ror.org/00g0p6g84"}, {"firstName": "Camilla", "lastName": "Wellstein", "affiliation": "Free University of Bozen-Bolzano", "affiliationROR": "https://ror.org/012ajp527"}, {"firstName": "J. Bastow", "lastName": "Wilson", "affiliation": "University of Otago", "affiliationROR": "https://ror.org/01jmxt844"}, {"firstName": "Talita", "lastName": "Zupo", "affiliation": "Sao Paulo State University", "affiliationROR": "https://ror.org/00987cb86"}], "abstract": "The search for predictions of species diversity across environmental gradients has challenged ecologists for decades. The humped-back model (HBM) suggests that plant diversity peaks at intermediate productivity; at low productivity few species can tolerate the environmental stresses, and at high productivity a few highly competitive species dominate. Over time the HBM has become increasingly controversial, and recent studies claim to have refuted it. Here, by using data from coordinated surveys conducted throughout grasslands worldwide and comprising a wide range of site productivities, we provide evidence in support of the HBM pattern at both global and regional extents. The relationships described here provide a foundation for further research into the local, landscape, and historical factors that maintain biodiversity.", "keywords": ["productivity-diversity relationship", "coordinated distributed experiment", "Humped-back model"], "usageNotes": "<div class=\"o-metadata__file-usage-entry\"><h4 class=\"o-heading__level3-file-title\">raw plot data from globally distributed sites</h4><div class=\"o-metadata__file-name\">fraser_plotdata.csv</br></div><div class=\"o-metadata__file-name\"></div></div><div class=\"o-metadata__file-usage-entry\"><h4 class=\"o-heading__level3-file-title\">R script for within_site_GLMs_Fig2A_TableS2</h4><div class=\"o-metadata__file-name\">within_site_GLMs_Fig2A_TableS2.R</br></div></div><div class=\"o-metadata__file-usage-entry\"><h4 class=\"o-heading__level3-file-title\">R script for Table_1_analyses_FigS1</h4><div class=\"o-metadata__file-name\">Table_1_analyses_FigS1.R</br></div></div><div class=\"o-metadata__file-usage-entry\"><h4 class=\"o-heading__level3-file-title\">R script for varied_grain_analyses_FigS2</h4><div class=\"o-metadata__file-name\">varied_grain_analyses_FigS2.R</br></div></div><div class=\"o-metadata__file-usage-entry\"><h4 class=\"o-heading__level3-file-title\">R script for HBmodels_FigS3</h4><div class=\"o-metadata__file-name\">HBmodels_FigS3.R</br></div></div><div class=\"o-metadata__file-usage-entry\"><h4 class=\"o-heading__level3-file-title\">R script for max_richness_FigS4</h4><div class=\"o-metadata__file-name\">max_richness_FigS4.R</br></div></div><div class=\"o-metadata__file-usage-entry\"><h4 class=\"o-heading__level3-file-title\">R script for within_site_GLMs_reduced_data_Figs_S5_2B_S6</h4><div class=\"o-metadata__file-name\">within_site_GLMs_reduced_data_Figs_S5_2B_S6.R</br></div></div>", "relatedWorks": [{"relationship": "Cites", "identifierType": "DOI", "identifier": "https://doi.org/10.1126/science.aab3916"}], "versionNumber": 1, "versionStatus": "submitted", "curationStatus": "Published", "publicationDate": "2016-06-18", "lastModificationDate": "2020-06-24", "visibility": "public", "sharingLink": "https://datadryad.org/stash/share/IV9A6ri55DXeWym3lQ4O2GvqElmHhBRvYBl5oMZKvkc", "userId": 6933, "license": "https://creativecommons.org/publicdomain/zero/1.0/"}