{"_links": {"self": {"href": "/api/v2/datasets/doi%3A10.5061%2Fdryad.35bn3"}, "stash:versions": {"href": "/api/v2/datasets/doi%3A10.5061%2Fdryad.35bn3/versions"}, "stash:version": {"href": "/api/v2/versions/7682"}, "stash:download": {"href": "/api/v2/datasets/doi%3A10.5061%2Fdryad.35bn3/download"}, "curies": [{"name": "stash", "href": "https://github.com/CDL-Dryad/stash/blob/main/stash_api/link-relations.md#{rel}", "templated": "true"}]}, "identifier": "doi:10.5061/dryad.35bn3", "id": 7644, "storageSize": 218672, "title": "Data from: Post-glacial recolonization of the North American Arctic by Arctic char (Salvelinus alpinus): genetic evidence of multiple northern refugia and hybridization between glacial lineages", "authors": [{"firstName": "Jean-S\u00e9bastien", "lastName": "Moore", "affiliation": "University of British Columbia", "affiliationROR": "https://ror.org/03rmrcq20"}, {"firstName": "Robert", "lastName": "Bajno", "affiliation": "University of British Columbia", "affiliationROR": "https://ror.org/03rmrcq20"}, {"firstName": "James D.", "lastName": "Reist", "affiliation": "Fisheries and Oceans Canada", "affiliationROR": "https://ror.org/02qa1x782"}, {"firstName": "Eric B.", "lastName": "Taylor", "affiliation": "University of British Columbia", "affiliationROR": "https://ror.org/03rmrcq20"}], "abstract": "Aims: We investigated post-glacial recolonization of the North American Arctic by Arctic char (Salvelinus alpinus) and examined potential hybridization between different glacial lineages upon secondary contact. Location: North American Arctic and adjacent areas. Methods: We collected mtDNA sequence data from 1355 individuals from 110 sampling locations and data from nine microsatellite loci from 931 individuals from 37 locations. We assessed the phylogenetic relationships and geographical distribution of mtDNA haplotypes and conducted historical demographic analyses. We used a Bayesian clustering analysis method to detect potential hybridization between glacial lineages. Results: Two highly divergent mtDNA lineages were identified in the Arctic region with distinct but overlapping geographic distributions: one in Beringia and the other over the entire Arctic Archipelago and coastal mainland east of Alaska. The microsatellite data also implied the existence of these two lineages. Evidence of hybridization was detected between the Arctic lineage and an Atlantic lineage in eastern North America. Main conclusions: Our data suggested survival and recolonization from two northern glacial refugia: one in Beringia and another in a smaller refugium, perhaps in the Arctic Archipelago itself or a separate refugium within Beringia. Patterns of hybridization detected supported the presence of a secondary contact zone between glacial lineages in the eastern Canadian Arctic.", "keywords": ["gene flow", "microsatellites", "cryptic glacial refugia", "Salvelinus malma", "Mitochondrial DNA", "Salvelinus alpinus", "mito-nuclear discordance", "North America", "Microrefugia", "mismatch analysis", "phylogeography"], "usageNotes": "<div class=\"o-metadata__file-usage-entry\"><h4 class=\"o-heading__level3-file-title\">Salpinus_usatRawGenotypes_Moore_25June2015</h4><div class=\"o-metadata__file-description\">Raw genotypes for nine microsatellite loci from North American Arctic char samples</div><div class=\"o-metadata__file-name\"></div></div><div class=\"o-metadata__file-usage-entry\"><h4 class=\"o-heading__level3-file-title\">STRUCTURE_project_data</h4><div class=\"o-metadata__file-description\">Datafile ready for analysis in software STRUCTURE with all 931 samples of North American Arctic char included in the present study.</div><div class=\"o-metadata__file-name\">project_data</br></div></div><div class=\"o-metadata__file-usage-entry\"><h4 class=\"o-heading__level3-file-title\">STRUCTURE_mainparams</h4><div class=\"o-metadata__file-description\">Parameter file for re-running the STRUCTURE analysis on the microsatellite data from North American Arctic char included in the present study.</div><div class=\"o-metadata__file-name\">mainparams</br></div></div>", "locations": [{"place": "North America"}], "relatedWorks": [{"relationship": "Cites", "identifierType": "DOI", "identifier": "https://doi.org/10.1111/jbi.12600"}], "versionNumber": 1, "versionStatus": "submitted", "curationStatus": "Published", "publicationDate": "2016-06-27", "lastModificationDate": "2020-06-24", "visibility": "public", "sharingLink": "https://datadryad.org/stash/share/6GvUbHPPGWUoVtiAL7-SR0tegQ-XaPDy771t9mPqiZ4", "userId": 5717, "license": "https://creativecommons.org/publicdomain/zero/1.0/"}