{"_links": {"self": {"href": "/api/v2/datasets/doi%3A10.5061%2Fdryad.t7b1b05"}, "stash:versions": {"href": "/api/v2/datasets/doi%3A10.5061%2Fdryad.t7b1b05/versions"}, "stash:version": {"href": "/api/v2/versions/1509"}, "stash:download": {"href": "/api/v2/datasets/doi%3A10.5061%2Fdryad.t7b1b05/download"}, "curies": [{"name": "stash", "href": "https://github.com/CDL-Dryad/stash/blob/main/stash_api/link-relations.md#{rel}", "templated": "true"}]}, "identifier": "doi:10.5061/dryad.t7b1b05", "id": 1504, "storageSize": 131972549, "title": "Data from: Phylogeny, evidence for a cryptic plastid, and distribution of Chytriodinium parasites (Dinophyceae) infecting copepods", "authors": [{"firstName": "J\u00fcrgen F.H.", "lastName": "Strassert", "affiliation": "University of British Columbia", "affiliationROR": "https://ror.org/03rmrcq20"}, {"firstName": "Elisabeth", "lastName": "Hehenberger", "affiliation": "University of British Columbia", "affiliationROR": "https://ror.org/03rmrcq20"}, {"firstName": "Javier", "lastName": "del Campo", "affiliation": "University of British Columbia", "affiliationROR": "https://ror.org/03rmrcq20"}, {"firstName": "Noriko", "lastName": "Okamoto", "affiliation": "University of British Columbia", "affiliationROR": "https://ror.org/03rmrcq20"}, {"firstName": "Martin", "lastName": "Kolisko", "affiliation": "University of British Columbia", "affiliationROR": "https://ror.org/03rmrcq20"}, {"firstName": "Thomas A.", "lastName": "Richards", "affiliation": "University of Exeter", "affiliationROR": "https://ror.org/03yghzc09"}, {"firstName": "Alexandra Z.", "lastName": "Worden", "affiliation": "Monterey Bay Aquarium Research Institute", "affiliationROR": "https://ror.org/02nb3aq72"}, {"firstName": "Alyson E.", "lastName": "Santoro", "affiliation": "University of British Columbia", "affiliationROR": "https://ror.org/03rmrcq20"}, {"firstName": "Patrick J.", "lastName": "Keeling", "affiliation": "University of British Columbia", "affiliationROR": "https://ror.org/03rmrcq20"}, {"firstName": "Javier", "lastName": "Campo", "affiliation": "University of British Columbia", "affiliationROR": "https://ror.org/03rmrcq20"}], "abstract": "Spores of the dinoflagellate Chytriodinium are known to infest copepod eggs causing their lethality. Despite the potential to control the population of such an ecologically important host, knowledge about Chytriodinium parasites is limited: we know little about phylogeny, parasitism, abundance, or geographical distribution. We carried out genome sequence surveys on four manually isolated sporocytes from the same sporangium to analyse the phylogenetic position of Chytriodinium based on SSU and concatenated SSU/LSU rRNA gene sequences, and also characterize two genes related to the plastidial heme pathway, hemL and hemY. The results suggest the presence of a cryptic plastid in Chytriodinium and a photosynthetic ancestral state of the parasitic Chytriodinium/Dissodinium clade. Finally, by mapping Tara Oceans V9 SSU amplicon data to the recovered SSU rRNA gene sequences from the sporocytes, we show that globally, Chytriodinium parasites are most abundant within the pico/nano- and mesoplankton of the surface ocean and almost absent within microplankton, a distribution indicating that they generally exist either as free-living spores or host-associated sporangia.", "usageNotes": "<div class=\"o-metadata__file-usage-entry\"><h4 class=\"o-heading__level3-file-title\">Chytriodinium_contigs</h4><div class=\"o-metadata__file-description\">Contigs of Chytriodinium cf. affine in FASTA format. Contigs were generated using Ray assembler; contaminating sequences were removed as described in the publication.</div><div class=\"o-metadata__file-name\"></div></div>", "relatedWorks": [{"relationship": "Cites", "identifierType": "DOI", "identifier": "https://doi.org/10.1111/jeu.12701"}], "versionNumber": 1, "versionStatus": "submitted", "curationStatus": "Published", "publicationDate": "2018-11-28", "lastModificationDate": "2020-06-24", "visibility": "public", "sharingLink": "https://datadryad.org/stash/share/gsmVPUKPK5SRr-agnigei37P9J4OPY79q9PJ-pEt_S0", "userId": 42287, "license": "https://creativecommons.org/publicdomain/zero/1.0/"}