{"_links": {"self": {"href": "/api/v2/datasets/doi%3A10.5061%2Fdryad.5pp17kd"}, "stash:versions": {"href": "/api/v2/datasets/doi%3A10.5061%2Fdryad.5pp17kd/versions"}, "stash:version": {"href": "/api/v2/versions/3559"}, "stash:download": {"href": "/api/v2/datasets/doi%3A10.5061%2Fdryad.5pp17kd/download"}, "curies": [{"name": "stash", "href": "https://github.com/CDL-Dryad/stash/blob/main/stash_api/link-relations.md#{rel}", "templated": "true"}]}, "identifier": "doi:10.5061/dryad.5pp17kd", "id": 3538, "storageSize": 708481, "title": "Data from: Ergogenic effects of an epidural neuroprosthesis in one individual with spinal cord injury", "authors": [{"firstName": "Tom E.", "lastName": "Nightingale", "affiliation": "University of British Columbia", "affiliationROR": "https://ror.org/03rmrcq20"}, {"firstName": "Matthias", "lastName": "Walter", "affiliation": "University of British Columbia", "affiliationROR": "https://ror.org/03rmrcq20"}, {"firstName": "Alison M. M.", "lastName": "Williams", "affiliation": "University of British Columbia", "affiliationROR": "https://ror.org/03rmrcq20"}, {"firstName": "Tania", "lastName": "Lam", "affiliation": "University of British Columbia", "affiliationROR": "https://ror.org/03rmrcq20"}, {"firstName": "Andrei V.", "lastName": "Krassioukov", "affiliation": "Vancouver Coastal Health", "affiliationROR": "https://ror.org/03bd8jh67"}], "abstract": "N/A", "keywords": ["spinal cord injury", "cardiovascular system", "exercise", "epidural spinal cord stimulation", "aerobic capacity"], "usageNotes": "<div class=\"o-metadata__file-usage-entry\"><h4 class=\"o-heading__level3-file-title\">Supplementary Figure e-1. Test day and exercise protocol</h4><div class=\"o-metadata__file-description\">The participant arrived at the laboratory at ~13:00 following a 4 hr fast, having abstained from smoking, alcohol, and caffeine for the preceding 16 hrs. Routine bowel management was completed >24 hrs prior to each trial. Upon arrival, the participant emptied his bladder and confirmed compliance with these pre-exercise requirements. The participant was fitted with surface electrodes to record EMG (Bagnoli; Delsys Inc) signals across multiple muscles, a 12 lead ECG (Cardio-card; Nasiff Associates Inc) and heart rate monitor (T1; Polar) prior to testing (A). We took three resting brachial blood pressure (BP) measurements (Dinamap Pro 300V2; General Electric) before an un-blinded clinician adjusted the neurostimulator (B, C), as per the trial allocation, while investigators left the room. We attached a facemask to an online metabolic cart (TrueOne 2400\u00ae; ParvoMedics) to capture breath-by-breath variables. Following a 5 min rest, whereby BP measurements were recorded every minute (D), the participant performed a two-minute warm-up with no resistance (0W) on an arm-crank ergometer (Angio; Lode). We increased power output by 10W/minute, until the participant reached volitional exhaustion (E). The participant cycled at 50 revolutions per minute (rpm) throughout. During every minute of the test we recorded the participants global rating of perceived exertion (RPE) using a (Borg 6 -20) RPE scale. We defined peak oxygen uptake (V\u0307O2peak) and ventilation as the highest 15-breath rolling averages recorded during exercise. A schematic of the trial day is shown in panel (F).</div><div class=\"o-metadata__file-name\">Supplementary Figure e-1.pdf</br></div></div>", "relatedWorks": [{"relationship": "Cites", "identifierType": "DOI", "identifier": "https://doi.org/10.1212/wnl.0000000000006923"}], "versionNumber": 1, "versionStatus": "submitted", "curationStatus": "Published", "publicationDate": "2019-01-15", "lastModificationDate": "2020-06-24", "visibility": "public", "sharingLink": "https://datadryad.org/stash/share/ANg6WhJqmIFJ6NGybgx-FnEh_lJk5a6SoG2rcFZhQUE", "userId": 39527, "license": "https://creativecommons.org/publicdomain/zero/1.0/"}