{"_links": {"self": {"href": "/api/v2/datasets/doi%3A10.5061%2Fdryad.f7m0cfxsq"}, "stash:versions": {"href": "/api/v2/datasets/doi%3A10.5061%2Fdryad.f7m0cfxsq/versions"}, "stash:version": {"href": "/api/v2/versions/77839"}, "stash:download": {"href": "/api/v2/datasets/doi%3A10.5061%2Fdryad.f7m0cfxsq/download"}, "curies": [{"name": "stash", "href": "https://github.com/CDL-Dryad/stash/blob/main/stash_api/link-relations.md#{rel}", "templated": "true"}]}, "identifier": "doi:10.5061/dryad.f7m0cfxsq", "id": 48880, "storageSize": 3957440, "title": "Data from Beyond MAP: A guide to dimensions of rainfall variability for tropical ecology", "authors": [{"firstName": "Naomi", "lastName": "Schwartz", "email": "naomi.schwartz@ubc.ca", "affiliation": "University of British Columbia", "affiliationROR": "https://ror.org/03rmrcq20", "orcid": "0000-0002-3439-2888"}, {"firstName": "Benjamin R.", "lastName": "Lintner", "email": "", "affiliation": "Rutgers University", "affiliationROR": "https://ror.org/05vt9qd57"}, {"firstName": "Xue", "lastName": "Feng", "email": "", "affiliation": "University of Minnesota", "affiliationROR": "https://ror.org/017zqws13"}, {"firstName": "Jennifer S.", "lastName": "Powers", "email": "", "affiliation": "University of Minnesota", "affiliationROR": "https://ror.org/017zqws13"}], "abstract": "<p>Tropical ecologists have long recognized rainfall as the key climate filter shaping tropical ecosystem structure and function across space and time. Still, tropical ecologists have historically had a limited toolkit for characterizing rainfall, largely relying on simple metrics like mean annual precipitation (MAP) and dry season length to characterize rainfall regimes that vary along many more dimensions. Here, we review methods for quantifying dimensions of rainfall variability on multiple time scales, with a focus on ecological applications of these methods. We also discuss key considerations for tropical ecologists looking to use rainfall metrics that better align with hypothesized biological or ecological mechanisms or that more effectively describe rainfall variability in the systems we study, and provide a toolkit (R scripts and gridded datasets) to do so. We argue that incorporating more sophisticated approaches to quantify rainfall variability into study design and statistical analyses will enhance our understanding of past, ongoing, and future changes in tropical ecosystems.\u00a0\u00a0</p>\r\n", "funders": [{"organization": "National Science Foundation", "awardNumber": "PRFB 1711366"}, {"organization": "U.S. Department of Energy", "awardNumber": "DE-SC0014363"}], "methods": "<p>Dataset contains\u00a0four gridded datasets of dimensions of rainfall variation as described in Schwartz et al. All variables were derived from monthly rainfall time series, derived from TRMM data from 1997-2016 and are presented at 0.25 degree resolution. Each .tif file has two bands. Band 1 is the mean value for the DRV and band 2 is its standard deviation over the 20-year time period.\u00a0</p>\r\n\r\n<p>Also included are R functions and example scripts for calculating DRVs.\u00a0</p>\r\n", "usageNotes": "<p>Necessary information is in the readme files.\u00a0</p>\r\n", "versionNumber": 3, "versionStatus": "submitted", "curationStatus": "Published", "publicationDate": "2020-08-16", "lastModificationDate": "2020-08-17", "visibility": "public", "sharingLink": "https://datadryad.org/stash/share/JSx2Lnv1ZXNAxJ11VGOOImJy3kDOM0zQlfMPuPIizpk", "userId": 57873, "license": "https://creativecommons.org/publicdomain/zero/1.0/"}