{"_links": {"self": {"href": "/api/v2/datasets/doi%3A10.5061%2Fdryad.81hn422"}, "stash:versions": {"href": "/api/v2/datasets/doi%3A10.5061%2Fdryad.81hn422/versions"}, "stash:version": {"href": "/api/v2/versions/2975"}, "stash:download": {"href": "/api/v2/datasets/doi%3A10.5061%2Fdryad.81hn422/download"}, "curies": [{"name": "stash", "href": "https://github.com/CDL-Dryad/stash/blob/main/stash_api/link-relations.md#{rel}", "templated": "true"}]}, "identifier": "doi:10.5061/dryad.81hn422", "id": 2960, "storageSize": 893441, "title": "Data from: Exploring preferences for variable delays over fixed delays to high-value food rewards as a model of food-seeking behaviours in humans", "authors": [{"firstName": "Laura-Jean G.", "lastName": "Stokes", "affiliation": "Lancaster University", "affiliationROR": "https://ror.org/04f2nsd36"}, {"firstName": "Anna", "lastName": "Davies", "affiliation": "University of Liverpool", "affiliationROR": "https://ror.org/04xs57h96"}, {"firstName": "Paul", "lastName": "Lattimore", "affiliation": "Bangor University", "affiliationROR": "https://ror.org/006jb1a24"}, {"firstName": "Catharine", "lastName": "Winstanley", "affiliation": "University of British Columbia", "affiliationROR": "https://ror.org/03rmrcq20"}, {"firstName": "Robert D.", "lastName": "Rogers", "affiliation": "Bangor University", "affiliationROR": "https://ror.org/006jb1a24"}], "abstract": "Foraging and operant models suggest that animals will tolerate uncertainty or risk to obtain food quickly. In modern food environments, sustained access to quick energy-dense foods can promote weight gain. Here, we used a discrete-choice procedure to examine peoples' decisions about when next to eat high-value, palatable food rewards, probabilistically delivered immediately or following longer delays. In Experiment 1, moderately hungry young females showed consistent preferences for a variable delay option that delivered food rewards immediately or following long delays over a fixed delay option that delivered the same rewards following intermediate delays. These preferences were stronger in females with higher BMIs compared with lower BMIs, suggesting that quick food can enhance the value of uncertain or \u2018risky\u2019 food-seeking strategies in individuals vulnerable to future weight gain. In Experiment 2, prior exposure to a subtle and not easily identifiable food aroma increased selections of the variable delay option following delayed food rewards in a mixed sample of male and female adults, providing preliminary evidence that food cues can sustain uncertain food-seeking strategies. These data highlight a working hypothesis that the rapid delivery and consumption of food rewards, and food cues, can increase risk-tolerance in the food-seeking behaviours of individuals who are vulnerable to weight gain.", "usageNotes": "<div class=\"o-metadata__file-usage-entry\"><h4 class=\"o-heading__level3-file-title\">Multi-level models for food-scheduling data</h4><div class=\"o-metadata__file-description\">R script for multi-level models for experiments 1 & 2 containing sequence of models for variable/fixed delay selections, selection time and collection time models.</div><div class=\"o-metadata__file-name\">Phil_trans_Models_FINAL.R</br></div></div><div class=\"o-metadata__file-usage-entry\"><h4 class=\"o-heading__level3-file-title\">Food scheduling Experiment 1 - participant data</h4><div class=\"o-metadata__file-description\">Data file for participant data for Experiment 1 of food scheduling experiments</div><div class=\"o-metadata__file-name\">S1_FINAL_Participant_data.csv</br></div></div><div class=\"o-metadata__file-usage-entry\"><h4 class=\"o-heading__level3-file-title\">Food scheduling Experiment 2 - participant data</h4><div class=\"o-metadata__file-description\">Data file of participant data for Experiment 2 of food scheduling experiments</div><div class=\"o-metadata__file-name\">S2_FINAL_Participant_data.csv</br></div></div>", "relatedWorks": [{"relationship": "Cites", "identifierType": "DOI", "identifier": "https://doi.org/10.1098/rstb.2018.0141"}], "versionNumber": 1, "versionStatus": "submitted", "curationStatus": "Published", "publicationDate": "2019-01-08", "lastModificationDate": "2020-06-24", "visibility": "public", "sharingLink": "https://datadryad.org/stash/share/jhVe4Z4OAwv2mvfcjsCIx4dNSS-me6eLuUauSk0ZNOo", "userId": 34703, "license": "https://creativecommons.org/publicdomain/zero/1.0/"}