{"_links": {"self": {"href": "/api/v2/datasets/doi%3A10.5061%2Fdryad.sv43650"}, "stash:versions": {"href": "/api/v2/datasets/doi%3A10.5061%2Fdryad.sv43650/versions"}, "stash:version": {"href": "/api/v2/versions/22579"}, "stash:download": {"href": "/api/v2/datasets/doi%3A10.5061%2Fdryad.sv43650/download"}, "curies": [{"name": "stash", "href": "https://github.com/CDL-Dryad/stash/blob/main/stash_api/link-relations.md#{rel}", "templated": "true"}]}, "identifier": "doi:10.5061/dryad.sv43650", "id": 22515, "storageSize": 2505179, "title": "Data from: Early arrival and climatically-linked geographic expansion of New World monkeys from tiny African ancestors", "authors": [{"firstName": "Daniele", "lastName": "Silvestro", "affiliation": "University of Lausanne", "affiliationROR": "https://ror.org/019whta54"}, {"firstName": "Marcelo F.", "lastName": "Tejedor", "affiliation": "Swiss Institute of Bioinformatics", "affiliationROR": "https://ror.org/002n09z45"}, {"firstName": "Martha L.", "lastName": "Serrano-Serrano", "affiliation": "University of Lausanne", "affiliationROR": "https://ror.org/019whta54"}, {"firstName": "Oriane", "lastName": "Loiseau", "affiliation": "University of Lausanne", "affiliationROR": "https://ror.org/019whta54"}, {"firstName": "Victor", "lastName": "Rossier", "affiliation": "University of Lausanne", "affiliationROR": "https://ror.org/019whta54"}, {"firstName": "Jonathan", "lastName": "Rolland", "affiliation": "University of British Columbia", "affiliationROR": "https://ror.org/03rmrcq20"}, {"firstName": "Alexander", "lastName": "Zizka", "affiliation": "University of Gothenburg", "affiliationROR": "https://ror.org/01tm6cn81"}, {"firstName": "Sebastian", "lastName": "H\u00f6hna", "affiliation": "Ludwig Maximilian University of Munich", "affiliationROR": "https://ror.org/05591te55"}, {"firstName": "Alexandre", "lastName": "Antonelli", "affiliation": "Harvard University", "affiliationROR": "https://ror.org/03vek6s52"}, {"firstName": "Nicolas", "lastName": "Salamin", "affiliation": "University of Lausanne", "affiliationROR": "https://ror.org/019whta54"}], "abstract": "New World monkeys (platyrrhines) are one of the most diverse groups of primates, occupying today a wide range of ecosystems in the American tropics and exhibiting large variations in ecology, morphology, and behavior. Although the relationships among the almost 200 living species are relatively well understood, we lack robust estimates of the timing of origin, ancestral morphology, and geographic range evolution of the clade. Here we integrate paleontological and molecular evidence to assess the evolutionary dynamics of extinct and extant platyrrhines. We develop novel analytical frameworks to infer the evolution of body mass, changes in latitudinal ranges through time, and species diversification rates using a phylogenetic tree of living and fossil taxa. Our results show that platyrrhines originated 5\u201310 million years earlier than previously assumed, dating back to the Middle Eocene. The estimated ancestral platyrrhine was small \u2013 weighing 0.4 kg \u2013 and matched the size of their presumed African ancestors. As the three platyrrhine families diverged, we recover a rapid change in body mass range. During the Miocene Climatic Optimum, fossil diversity peaked and platyrrhines reached their widest latitudinal range, expanding as far South as Patagonia, favored by warm and humid climate and the lower elevation of the Andes. Finally, global cooling and aridification after the middle Miocene triggered a geographic contraction of New World monkeys and increased their extinction rates. These results unveil the full evolutionary trajectory of an iconic and ecologically important radiation of monkeys and showcase the necessity of integrating fossil and molecular data for reliably estimating evolutionary rates and trends.", "usageNotes": "<div class=\"o-metadata__file-usage-entry\"><h4 class=\"o-heading__level3-file-title\">Silvestro_et_al_FBM</h4><div class=\"o-metadata__file-description\">Supplementary information</div><div class=\"o-metadata__file-name\">Silvestro_Tejedor_et_al_SI.pdf</br></div></div>", "relatedWorks": [{"relationship": "Cites", "identifierType": "DOI", "identifier": "https://doi.org/10.1093/sysbio/syy046"}], "versionNumber": 1, "versionStatus": "submitted", "curationStatus": "Published", "publicationDate": "2018-06-18", "lastModificationDate": "2020-06-30", "visibility": "public", "sharingLink": "https://datadryad.org/stash/share/S6q1jxdHaN7VJOWN_uDqCMfOuL9WEInruDO25L4QtAc", "userId": 6444, "license": "https://creativecommons.org/publicdomain/zero/1.0/"}