{"_links": {"self": {"href": "/api/v2/datasets/doi%3A10.5061%2Fdryad.s08t2"}, "stash:versions": {"href": "/api/v2/datasets/doi%3A10.5061%2Fdryad.s08t2/versions"}, "stash:version": {"href": "/api/v2/versions/20582"}, "stash:download": {"href": "/api/v2/datasets/doi%3A10.5061%2Fdryad.s08t2/download"}, "curies": [{"name": "stash", "href": "https://github.com/CDL-Dryad/stash/blob/main/stash_api/link-relations.md#{rel}", "templated": "true"}]}, "identifier": "doi:10.5061/dryad.s08t2", "id": 20518, "storageSize": 3389130, "title": "Data from: Origins of food crops connect countries worldwide", "authors": [{"firstName": "Colin K.", "lastName": "Khoury", "affiliation": "Centro Internacional de Agricultura Tropical", "affiliationROR": "https://ror.org/037wny167"}, {"firstName": "Harold A.", "lastName": "Achicanoy", "affiliation": "Centro Internacional de Agricultura Tropical", "affiliationROR": "https://ror.org/037wny167"}, {"firstName": "Anne D.", "lastName": "Bjorkman", "affiliation": "The Biodiversity Research Centre, Vancouver, British Columbia, Canada V6T 1Z4"}, {"firstName": "Carlos", "lastName": "Navarro-Racines", "affiliation": "Centro Internacional de Agricultura Tropical", "affiliationROR": "https://ror.org/037wny167"}, {"firstName": "Luigi", "lastName": "Guarino", "affiliation": "Global Crop Diversity Trust, Platz der Vereinten Nationen 7, 53113 Bonn, Germany"}, {"firstName": "Ximena", "lastName": "Flores-Palacios", "affiliation": "Auckland University of Technology", "affiliationROR": "https://ror.org/01zvqw119"}, {"firstName": "Johannes M. M.", "lastName": "Engels", "affiliation": "Centro Internacional de Agricultura Tropical", "affiliationROR": "https://ror.org/037wny167"}, {"firstName": "John H.", "lastName": "Wiersema", "affiliation": "United States Department of Agriculture", "affiliationROR": "https://ror.org/01na82s61"}, {"firstName": "Hannes", "lastName": "Dempewolf", "affiliation": "Global Crop Diversity Trust, Platz der Vereinten Nationen 7, 53113 Bonn, Germany"}, {"firstName": "Steven", "lastName": "Sotelo", "affiliation": "Centro Internacional de Agricultura Tropical", "affiliationROR": "https://ror.org/037wny167"}, {"firstName": "Julian", "lastName": "Ram\u00edrez-Villegas", "affiliation": "Centro Internacional de Agricultura Tropical", "affiliationROR": "https://ror.org/037wny167"}, {"firstName": "Nora P.", "lastName": "Casta\u00f1eda \u00c1lvarez", "affiliation": "University of Birmingham", "affiliationROR": "https://ror.org/03angcq70"}, {"firstName": "Cary", "lastName": "Fowler", "affiliation": "Wageningen University & Research", "affiliationROR": "https://ror.org/04qw24q55"}, {"firstName": "Andy", "lastName": "Jarvis", "affiliation": "Centro Internacional de Agricultura Tropical", "affiliationROR": "https://ror.org/037wny167"}, {"firstName": "Loren H.", "lastName": "Rieseberg", "affiliation": "University of British Columbia", "affiliationROR": "https://ror.org/03rmrcq20"}, {"firstName": "Paul C.", "lastName": "Struik", "affiliation": "Wageningen University & Research", "affiliationROR": "https://ror.org/04qw24q55"}], "abstract": "Research into the origins of food plants has led to the recognition that specific geographical regions around the world have been of particular importance to the development of agricultural crops. Yet the relative contributions of these different regions in the context of current food systems have not been quantified. Here we determine the origins (\u2018primary regions of diversity\u2019) of the crops comprising the food supplies and agricultural production of countries worldwide. We estimate the degree to which countries use crops from regions of diversity other than their own (\u2018foreign crops\u2019), and quantify changes in this usage over the past 50 years. Countries are highly interconnected with regard to primary regions of diversity of the crops they cultivate and/or consume. Foreign crops are extensively used in food supplies (68.7% of national food supplies as a global mean are derived from foreign crops) and production systems (69.3% of crops grown are foreign). Foreign crop usage has increased significantly over the past 50 years, including in countries with high indigenous crop diversity. The results provide a novel perspective on the ongoing globalization of food systems worldwide, and bolster evidence for the importance of international collaboration on genetic resource conservation and exchange.", "keywords": ["crop origins", "crop domestication", "Crop diversity", "food security", "plant genetic resources", "crop improvement"], "usageNotes": "<div class=\"o-metadata__file-usage-entry\"><h4 class=\"o-heading__level3-file-title\">TableS1_crops_regions_table</h4><div class=\"o-metadata__file-description\">Table S1. Crop commodities assessed in food supplies and agricultural production systems analyses and their primary regions of diversity. Taxonomy follows GRIN (2015) [25].</div><div class=\"o-metadata__file-name\"></div></div><div class=\"o-metadata__file-usage-entry\"><h4 class=\"o-heading__level3-file-title\">TableS2_countries_regions_table</h4><div class=\"o-metadata__file-description\">Table S2. Countries assessed in food supplies and agricultural production systems analyses and their associated regions.</div><div class=\"o-metadata__file-name\"></div></div><div class=\"o-metadata__file-usage-entry\"><h4 class=\"o-heading__level3-file-title\">TableS3_regionalcomposition_tocountries</h4><div class=\"o-metadata__file-description\">Table S3. Importance of primary regions of diversity of agricultural crops in contribution to national food supplies [as measured in contribution of crops to calories (kcal/capita/day), protein (g/capita/day), fat (g/capita/day), and food weight (g/capita/day)] and national agricultural production [production quantity (tonnes), harvested area (ha), and production value (million US$)], averaged over years 2009-2011. Importance was estimated by grouping the contribution of consumed/produced crops by their primary regions of diversity. As some crops pertain to more than one primary region of diversity, total values across all primary regions per country is not equivalent to total per capita food supply/ total agricultural production values per country. Percentages provide a comparison of the relative importance of primary regions in contribution to the food supply/national production of each country.</div><div class=\"o-metadata__file-name\"></div></div><div class=\"o-metadata__file-usage-entry\"><h4 class=\"o-heading__level3-file-title\">TableS4_regionalcomposition_toregions_2009-2011</h4><div class=\"o-metadata__file-description\">Table S4. Importance of primary regions of diversity of agricultural crops in contribution to regional food supplies [as measured in contribution of crops to calories (kcal/capita/day), protein (g/capita/day), fat (g/capita/day), and food weight (g/capita/day),] and total regional agricultural production [production quantity (tonnes), harvested area (ha), and production value (million US$)], averaged over years 2009-2011. Regional food supplies values (kcal or g, /capita/day) were formed by deriving a population-weighted average of national food supplies values across countries comprising each region. Regional production values were formed by summing national production values across countries comprising each region. Importance was estimated by grouping the contribution of consumed/produced crops by their primary regions of diversity. As some crops pertain to more than one primary region of diversity, total values across all primary regions per consuming/producing region is not equivalent to total per capita food supply/ total agricultural production values per consuming/producing region. Percentages provide a comparison of the relative importance of primary regions in contribution to the food supply/total production of each region.</div><div class=\"o-metadata__file-name\"></div></div><div class=\"o-metadata__file-usage-entry\"><h4 class=\"o-heading__level3-file-title\">TableS5_cropcomposition_ofregions</h4><div class=\"o-metadata__file-description\">Table S5. Crop commodity composition of regional food supplies [as measured in contribution of crops to calories (kcal/capita/day), protein (g/capita/day), fat (g/capita/day), and food weight (g/capita/day),] and total regional agricultural production [production quantity (tonnes), harvested area (ha), and production value (million US$)], averaged over years 2009-2011. Regional food supplies values (kcal or g, /capita/day) were formed by deriving a population-weighted average of national food supplies values across countries comprising each region. Regional production values were formed by summing national production values across countries comprising each region.</div><div class=\"o-metadata__file-name\"></div></div><div class=\"o-metadata__file-usage-entry\"><h4 class=\"o-heading__level3-file-title\">TableS6_util_foreign_2009-2011</h4><div class=\"o-metadata__file-description\">Table S6. Estimated percent use of foreign crops in current national food supplies and agricultural production systems. Data includes the raw mean minimum and maximum use values across years 2009-2011 per country, and the mean value between minimum and maximum per country across these years, as well as modeled mean values and variation metrics as estimated in a Bayesian framework using an interval-censored response variable bounded between minimum and maximum use estimates.</div><div class=\"o-metadata__file-name\"></div></div><div class=\"o-metadata__file-usage-entry\"><h4 class=\"o-heading__level3-file-title\">TableS7_util_foreign_overtime_FS_1961-2009</h4><div class=\"o-metadata__file-description\">Table S7. Change in use of foreign crops in national food supplies, from years 1961-2009. Data includes minimum and maximum use values for each variable for each country in each year, as well as slopes of change and variation metrics over the time period as estimated in a Bayesian framework using an interval-censored response variable bounded between minimum and maximum use estimates. Year was centered at 1985 for modeling purposes, thus model intercepts represent mean use in this year.</div><div class=\"o-metadata__file-name\"></div></div><div class=\"o-metadata__file-usage-entry\"><h4 class=\"o-heading__level3-file-title\">TableS8_util_foreign_overtime_prod_1961-2011</h4><div class=\"o-metadata__file-description\">Table S8. Change in use of foreign crops in national agricultural production systems, from years 1961-2011. Data includes minimum and maximum use values for each variable for each country in each year, as well as slopes of change and variation metrics over the time period as estimated in a Bayesian framework using an interval-censored response variable bounded between minimum and maximum use estimates. Year was centered at 1985 for modeling purposes, thus model intercepts represent mean use in this year.</div><div class=\"o-metadata__file-name\"></div></div>", "relatedWorks": [{"relationship": "Cites", "identifierType": "DOI", "identifier": "https://doi.org/10.1098/rspb.2016.0792"}], "versionNumber": 1, "versionStatus": "submitted", "curationStatus": "Published", "publicationDate": "2016-04-27", "lastModificationDate": "2020-06-24", "visibility": "public", "sharingLink": "https://datadryad.org/stash/share/IRO0bWGWwShndzirQelejghKhOg_625Bp8g-4fsgMEY", "userId": 18971, "license": "https://creativecommons.org/publicdomain/zero/1.0/"}