{"_links": {"self": {"href": "/api/v2/datasets/doi%3A10.5061%2Fdryad.30ns8"}, "stash:versions": {"href": "/api/v2/datasets/doi%3A10.5061%2Fdryad.30ns8/versions"}, "stash:version": {"href": "/api/v2/versions/20889"}, "stash:download": {"href": "/api/v2/datasets/doi%3A10.5061%2Fdryad.30ns8/download"}, "curies": [{"name": "stash", "href": "https://github.com/CDL-Dryad/stash/blob/main/stash_api/link-relations.md#{rel}", "templated": "true"}]}, "identifier": "doi:10.5061/dryad.30ns8", "id": 20825, "storageSize": 1897909, "title": "Data from: Maternal stress has divergent effects on gene expression patterns in the brains of male and female threespine stickleback", "authors": [{"firstName": "David C.H.", "lastName": "Metzger"}, {"firstName": "Patricia M.", "lastName": "Schulte", "affiliation": "University of British Columbia", "affiliationROR": "https://ror.org/03rmrcq20"}, {"firstName": "David C. H.", "lastName": "Metzger", "affiliation": "University of British Columbia", "affiliationROR": "https://ror.org/03rmrcq20"}], "abstract": "Maternal stress can have long-term effects on neurodevelopment that can influence offspring performance and population evolutionary trajectories. To examine the mechanistic basis for these neurodevelopmental effects of maternal stress, we used RNA-seq to assess differential gene expression across the brain transcriptome of adult male and female threespine stickleback (Gasterosteus aculeatus) from stressed and unstressed mothers. We identified sexually divergent effects of maternal stress on the brain transcriptome. In males, genes that were up-regulated by maternal stress were enriched for processes involved in synaptic function and organization and steroid hormone mediated signaling pathways, whereas in females genes that were up-regulated by maternal stress were enriched for processes involved in protein translation and metabolic functions. The expression of several genes involved in the hypothalamic-pituitary-interrenal response to stress and epigenetic processes such as the regulation of DNA methylation patterns and miRNAs increased in males and not in females. These data suggest that maternal stress has markedly different effects on cellular pathways in the brains of male and female offspring of mothers that are exposed to stress, which could have important implications when assessing the long-term ecological and evolutionary impacts of stress across generations.", "keywords": ["RNA-seq", "transcriptome", "Maternal Effect", "sex-dependent", "sexual dimorphism", "Gasterosteus aculeatus"], "usageNotes": "<div class=\"o-metadata__file-usage-entry\"><h4 class=\"o-heading__level3-file-title\">CLC_Alignment_Read_Counts.csv</h4><div class=\"o-metadata__file-description\">Total read counts per transcript for each sample from CLC alignment. UM = male from unstressed mother, UF = female from unstressed mother, SM = male from stressed mother, SF = female from stressed mother.</div><div class=\"o-metadata__file-name\">SticklebackMaternalStress.csv</br></div></div>", "relatedWorks": [{"relationship": "Cites", "identifierType": "DOI", "identifier": "https://doi.org/10.1098/rspb.2016.1734"}], "versionNumber": 1, "versionStatus": "submitted", "curationStatus": "Published", "publicationDate": "2016-09-06", "lastModificationDate": "2020-06-24", "visibility": "public", "sharingLink": "https://datadryad.org/stash/share/DVaSAA4DxOG4Vc7y7nUQ8Ksht1hD_0XEWCzQixIUfdM", "userId": 21492, "license": "https://creativecommons.org/publicdomain/zero/1.0/"}