{"_links": {"self": {"href": "/api/v2/datasets/doi%3A10.5061%2Fdryad.tr26k"}, "stash:versions": {"href": "/api/v2/datasets/doi%3A10.5061%2Fdryad.tr26k/versions"}, "stash:version": {"href": "/api/v2/versions/20204"}, "stash:download": {"href": "/api/v2/datasets/doi%3A10.5061%2Fdryad.tr26k/download"}, "curies": [{"name": "stash", "href": "https://github.com/CDL-Dryad/stash/blob/main/stash_api/link-relations.md#{rel}", "templated": "true"}]}, "identifier": "doi:10.5061/dryad.tr26k", "id": 20140, "storageSize": 3074612, "title": "Data from: The new Andean jumping spider genus Urupuyu and its placement within a revised classification of the Amycoida (Araneae: Salticidae)", "authors": [{"firstName": "Gustavo R.S.", "lastName": "Ruiz", "affiliation": "Federal University of Para", "affiliationROR": "https://ror.org/03q9sr818"}, {"firstName": "Wayne P.", "lastName": "Maddison", "affiliation": "University of British Columbia", "affiliationROR": "https://ror.org/03rmrcq20"}], "abstract": "Urupuyu gen. nov. is described for three new species of small black jumping spiders from the cloud forests of Ecuador: Urupuyu antisana sp. nov. (type species), U. edwardsi sp. nov., and U. occidentale sp. nov. Phylogenetic analyses with DNA sequences (28S, actin 5C, wingless, 16SND1 and CO1) indicate Urupuyu is closely related to the huriine amycoids Hurius and Scoturius, a placement also supported by morphological traits. Our phylogenetic analysis serves to clarify the relationships within the Amycoida in general, leading to our proposing a revised classification for the group, with subfamilies Gophoinae, Sitticinae, Bredinae subfam. nov., Scopocirinae, Thiodininae, Sarindinae, Huriinae, Simonellinae, and Amycinae. We confirm the marpissine-like Breda belongs within the Amycoida. The phylogeny implies that ant mimicry has evolved at least twice (simonellines and sarindines) and probably a third time (Atomosphyrus in the thiodinines) within the Amycoida. The following new synonymies are proposed for suprageneric names: Hyetusseae Simon, 1903 and Arachnomureae Mello-Leit\u00e3o, 1917 = Thiodininae Simon, 1901; Zunigeae Simon, 1901 = Sarindinae Simon, 1901; Synemosynae Banks, 1892 = Simonellinae Peckham, Peckham & Wheeler, 1888; Magoninae Petrunkevitch, 1928 = Amycinae F.O.P.-Cambridge, 1900.", "keywords": ["Huriinae", "Gophoinae", "Sitticinae", "Simonellinae", "Scopocirinae", "Urupuyu", "Bredinae", "Amycoida", "Thiodininae", "Sarindinae", "Amycinae", "Salticidae"], "usageNotes": "<div class=\"o-metadata__file-usage-entry\"><h4 class=\"o-heading__level3-file-title\">RuizMaddison2015-Amycoida</h4><div class=\"o-metadata__file-description\">This file includes the alignments of the 5 gene regions analyzed, and resulting phylogenetic trees</div><div class=\"o-metadata__file-name\"></div></div>", "relatedWorks": [{"relationship": "Cites", "identifierType": "DOI", "identifier": "https://doi.org/10.11646/zootaxa.4040.3.1"}], "versionNumber": 1, "versionStatus": "submitted", "curationStatus": "Published", "publicationDate": "2016-10-21", "lastModificationDate": "2020-06-24", "visibility": "public", "sharingLink": "https://datadryad.org/stash/share/8bl01Kx_9YdHj_zms7fP31equWIiH5YoZGMHVYXCrjk", "userId": 8726, "license": "https://creativecommons.org/publicdomain/zero/1.0/"}