{"_links": {"self": {"href": "/api/v2/datasets/doi%3A10.5061%2Fdryad.pb5bh7hq"}, "stash:versions": {"href": "/api/v2/datasets/doi%3A10.5061%2Fdryad.pb5bh7hq/versions"}, "stash:version": {"href": "/api/v2/versions/11796"}, "stash:download": {"href": "/api/v2/datasets/doi%3A10.5061%2Fdryad.pb5bh7hq/download"}, "curies": [{"name": "stash", "href": "https://github.com/CDL-Dryad/stash/blob/main/stash_api/link-relations.md#{rel}", "templated": "true"}]}, "identifier": "doi:10.5061/dryad.pb5bh7hq", "id": 11753, "storageSize": 96481, "title": "Data from: The red queen coupled with directional selection favors the evolution of sex", "authors": [{"firstName": "Emma E.", "lastName": "Hodgson", "affiliation": "University of British Columbia", "affiliationROR": "https://ror.org/03rmrcq20"}, {"firstName": "Sarah P.", "lastName": "Otto", "affiliation": "University of British Columbia", "affiliationROR": "https://ror.org/03rmrcq20"}], "abstract": "Why sexual reproduction has evolved to be such a widespread mode of reproduction remains a major question in evolutionary biology. While previous studies have shown that increased sex and recombination can evolve in the presence of host-parasite interactions (the \u201cRed Queen hypothesis\u201d for sex), many of these studies have assumed that multiple loci mediate infection versus resistance. Data suggest, however, that a major locus is typically involved in antigen presentation and recognition. Here, we explore a model where only one locus mediates host-parasite interactions, but a second locus is subject to directional selection. Even though the effects of these genes on fitness are independent, we show that increased rates of sex and recombination are favored at a modifier gene that alters the rate of genetic mixing. This result occurs because of selective interference that occurs in finite populations (the \u201cHill-Robertson effect\u201d), which also favors sex. These results suggest that the Red Queen hypothesis may help to explain the evolution of sex by contributing a form of persistent selection, which interferes with directional selection at other loci and thereby favors sex and recombination.", "keywords": ["Host-parasite interaction", "R code", "population genetics"], "usageNotes": "<div class=\"o-metadata__file-usage-entry\"><h4 class=\"o-heading__level3-file-title\">CodeforDryad</h4><div class=\"o-metadata__file-description\">Zip directory containing R code and simulation results associated with paper (including supplementary figures). For details on running the simulations, see readme.txt in directory.</div><div class=\"o-metadata__file-name\"></div></div>", "relatedWorks": [{"relationship": "Cites", "identifierType": "DOI", "identifier": "https://doi.org/10.1111/j.1420-9101.2012.02468.x"}], "versionNumber": 1, "versionStatus": "submitted", "curationStatus": "Published", "publicationDate": "2012-01-30", "lastModificationDate": "2020-06-24", "visibility": "public", "sharingLink": "https://datadryad.org/stash/share/ArufQLY8ok-RlZf3dU-_fm7w8d7-61CBrL37QCTQVHw", "userId": 6894, "license": "https://creativecommons.org/publicdomain/zero/1.0/"}