{"_links": {"self": {"href": "/api/v2/datasets/doi%3A10.5061%2Fdryad.hx3ffbg9x"}, "stash:versions": {"href": "/api/v2/datasets/doi%3A10.5061%2Fdryad.hx3ffbg9x/versions"}, "stash:version": {"href": "/api/v2/versions/49086"}, "stash:download": {"href": "/api/v2/datasets/doi%3A10.5061%2Fdryad.hx3ffbg9x/download"}, "curies": [{"name": "stash", "href": "https://github.com/CDL-Dryad/stash/blob/main/stash_api/link-relations.md#{rel}", "templated": "true"}]}, "identifier": "doi:10.5061/dryad.hx3ffbg9x", "id": 40069, "storageSize": 29064072, "title": "Boreal predator co-occurrences reveal shared use of seismic lines in a working landscape", "authors": [{"firstName": "Erin R.", "lastName": "Tattersall", "email": "ertattersall@gmail.com", "affiliation": "University of British Columbia", "affiliationROR": "https://ror.org/03rmrcq20", "orcid": "0000-0003-4644-5294"}, {"firstName": "Joanna M.", "lastName": "Burgar", "email": "", "affiliation": "University of British Columbia", "affiliationROR": "https://ror.org/03rmrcq20"}, {"firstName": "Jason T.", "lastName": "Fisher", "email": "", "affiliation": "University of Victoria", "affiliationROR": "https://ror.org/04s5mat29"}, {"firstName": "A. Cole", "lastName": "Burton", "email": "", "affiliation": "University of British Columbia", "affiliationROR": "https://ror.org/03rmrcq20"}], "abstract": "<p>Interspecific interactions are an integral aspect of ecosystem functioning that may be disrupted in an increasingly anthropocentric world. Industrial landscape change creates a novel playing field on which these interactions take place, and a key question for wildlife managers is whether and how species are able to coexist in such working landscapes. Using camera traps deployed in northern Alberta, we surveyed boreal predators to determine whether interspecific interactions affected occurrences of black bears (Ursus americanus), coyotes (Canis latrans), and lynx (Lynx canadensis) within a landscape disturbed by networks of seismic lines (corridors cut for seismic exploration of oil and gas reserves). We tested hypotheses of species interactions across one spatial-only and two spatiotemporal (daily and weekly) scales. Specifically, we hypothesized that 1) predators avoid competition with the apex predator, grey wolf (Canis lupus), 2) they avoid competition with each other as intraguild competitors, and 3) they overlap with their prey. All three predators overlapped with wolves on at least one scale, although models at the daily and weekly scale had substantial unexplained variance. None of the predators showed avoidance of intraguild competitors or overlap with prey. These results show patterns in predator space use that are consistent with both facilitative interactions or shared responses to unmeasured ecological cues. Our study provides insight into how industrial linear features affect the use of boreal landscapes by multiple predator species, and highlights that predator management may indirectly influence multiple species through interactions.</p>\r\n", "funders": [{"organization": "Alberta Upstream Petroleum Research Fund", "awardNumber": "19-ERPC-04"}, {"organization": "Innotech Alberta", "awardNumber": "NXC-107980"}, {"organization": "Natural Sciences and Engineering Research Council of Canada"}, {"organization": "Alberta Upstream Petroleum Research Fund (AUPRF, administered by"}, {"organization": "Petroleum Technology Alliance of Canada), oil sands operators,"}, {"organization": "University of British Columbia, the Northern Scientific Training Program"}], "keywords": ["Camera trap surveys", "human disturbance", "Multi-species monitoring", "predator-prey", "wildlife conservation", "Ursus americanus", "Canis latrans", "Lynx canadensis", "Canis lupus"], "methods": "<p>Methods can be found in Tattersall, E. R., Burgar, J. M., Fisher, J. T., Burton, A. C.\u00a0(2020), <span lang=\"EN-CA\" style=\"background:white;\">Boreal predator co-occurrences reveal shared use of seismic lines in a working landscape.\u00a0<em>Ecology and Evolution</em></span></p>\r\n", "usageNotes": "<p>The data consists of mammal detection\u00a0data collected from 60 camera trap stations\u00a0on the east side of the Athabasca River, southwest of Fort McMurray, Alberta, Canada. Between November 2015 - April 2018, we recorded detections\u00a0for wolves (<em>Canis lupus</em>), black bears (<em>Ursus americanus</em>), coyotes (<em>Canis latrans</em>), Canada lynx\u00a0<em>(Lynx canadensis),\u00a0</em>snowshoe hare (<em>Lepus americanus</em>), red squirrels (<em>Tamiasciurus hudsonicus</em>), moose (<em>Alces alces</em>), white-tailed deer (<em>Odocoileus virginianus</em>), and woodland caribou (<em>Rangifer tarandus</em>). We formatted these data as species detections at each station, as well as species occurrences at the weekly and daily temporal scale. We also used snow presence data from the camera traps,\u00a0habitat data from the Alberta Vegetation\u00a0 (Alberta Vegetation Interpretation Standards, 2005), and anthropogenic feature data from Alberta Biodiversity Monitoring Institute (abmi.ca). Tattersall et al. (2020) used these data to test hypotheses of species interactions while accounting for effects of snow, habitat, and anthropogenic disturbance.</p>\r\n", "versionNumber": 3, "versionStatus": "submitted", "curationStatus": "Published", "publicationDate": "2020-01-08", "lastModificationDate": "2020-01-08", "visibility": "public", "sharingLink": "https://datadryad.org/stash/share/jlgTSDvkfZw91urtIFn1LkNv0jTDSZHn3veNlGbQvNc", "userId": 51053, "license": "https://creativecommons.org/publicdomain/zero/1.0/"}