{"_links": {"self": {"href": "/api/v2/datasets/doi%3A10.5061%2Fdryad.7gs24"}, "stash:versions": {"href": "/api/v2/datasets/doi%3A10.5061%2Fdryad.7gs24/versions"}, "stash:version": {"href": "/api/v2/versions/16344"}, "stash:download": {"href": "/api/v2/datasets/doi%3A10.5061%2Fdryad.7gs24/download"}, "curies": [{"name": "stash", "href": "https://github.com/CDL-Dryad/stash/blob/main/stash_api/link-relations.md#{rel}", "templated": "true"}]}, "identifier": "doi:10.5061/dryad.7gs24", "id": 16287, "storageSize": 41115, "title": "Data from: Temporal variation favors the evolution of generalists in experimental populations of Drosophila melanogaster", "authors": [{"firstName": "Catriona", "lastName": "Condon", "affiliation": "Arizona State University", "affiliationROR": "https://ror.org/03efmqc40"}, {"firstName": "Brandon S.", "lastName": "Cooper", "affiliation": "Indiana University Bloomington", "affiliationROR": "https://ror.org/02k40bc56"}, {"firstName": "Sam", "lastName": "Yeaman", "affiliation": "University of British Columbia", "affiliationROR": "https://ror.org/03rmrcq20"}, {"firstName": "Michael J.", "lastName": "Angilletta Jr.", "affiliation": "Arizona State University", "affiliationROR": "https://ror.org/03efmqc40"}, {"firstName": "Michael J.", "lastName": "Angilletta", "affiliation": "Arizona State University", "affiliationROR": "https://ror.org/03efmqc40"}], "abstract": "In variable environments, selection should favor generalists that maintain fitness across a range of conditions. However, costs of adaptation may generate fitness trade-offs and lead to some compromise between specialization and generalization that maximizes fitness. Here, we evaluate the evolution of specialization and generalization in 20 populations of Drosophila melanogaster experimentally evolved in constant and variable thermal environments for 3 years. We developed genotypes from each population at two temperatures after which we measured fecundity across eight temperatures. We predicted that constant environments would select for thermal specialists and that variable environments would select for thermal generalists. Contrary to our predictions, specialists and generalists did not evolve in constant and spatially variable environments, respectively. However, temporal variation produced a type of generalist that has rarely been considered by theoretical models of developmental plasticity. Specifically, genotypes from the temporally variable selective environment were more fecund across all temperatures than were genotypes from other environments. These patterns suggest certain allelic effects and should inspire new directions for modeling adaptation to fluctuating environments.", "keywords": ["Experimental evolution", "acclimation", "Phenotypic Plasticity", "specialist-generalist tradeoffs", "thermal adaptation", "drosophila melanogaster"], "usageNotes": "<div class=\"o-metadata__file-usage-entry\"><h4 class=\"o-heading__level3-file-title\">Fecundity data</h4><div class=\"o-metadata__file-description\">development, selective environment, population, isofemale line, centroid size, fecundity at 14C, 16C, 20.5C, 25C, 28C, 320C, 32C, 36C.</div><div class=\"o-metadata__file-name\">Fecunditydata.csv</br></div></div>", "relatedWorks": [{"relationship": "Cites", "identifierType": "DOI", "identifier": "https://doi.org/10.1111/evo.12296"}], "versionNumber": 1, "versionStatus": "submitted", "curationStatus": "Published", "publicationDate": "2013-10-15", "lastModificationDate": "2020-06-24", "visibility": "public", "sharingLink": "https://datadryad.org/stash/share/h3MAurBnY0LvmeR8Ysh0nF4DTvvaiXJryyO_S6i0Kwo", "userId": 5833, "license": "https://creativecommons.org/publicdomain/zero/1.0/"}