{"_links": {"self": {"href": "/api/v2/datasets/doi%3A10.5061%2Fdryad.812t1"}, "stash:versions": {"href": "/api/v2/datasets/doi%3A10.5061%2Fdryad.812t1/versions"}, "stash:version": {"href": "/api/v2/versions/6906"}, "stash:download": {"href": "/api/v2/datasets/doi%3A10.5061%2Fdryad.812t1/download"}, "curies": [{"name": "stash", "href": "https://github.com/CDL-Dryad/stash/blob/main/stash_api/link-relations.md#{rel}", "templated": "true"}]}, "identifier": "doi:10.5061/dryad.812t1", "id": 6869, "storageSize": 257056, "title": "Data from: Variation in body shape across species and populations in a radiation of Diaptomid copepods", "authors": [{"firstName": "Stephen", "lastName": "Hausch", "affiliation": "University of British Columbia", "affiliationROR": "https://ror.org/03rmrcq20"}, {"firstName": "Jonathan B.", "lastName": "Shurin", "affiliation": "University of British Columbia", "affiliationROR": "https://ror.org/03rmrcq20"}, {"firstName": "Blake", "lastName": "Matthews", "affiliation": "University of British Columbia", "affiliationROR": "https://ror.org/03rmrcq20"}], "abstract": "Inter and intra-population variation in morphological traits, such as body size and shape, provides important insights into the ecological importance of individual natural populations. The radiation of Diaptomid species (~400 species) has apparently produced little morphological differentiation other than those in secondary sexual characteristics, suggesting sexual, rather than ecological, selection has driven speciation. This evolutionary history suggests that species, and conspecific populations, would be ecologically redundant but recent work found contrasting ecosystem effects among both species and populations. This study provides the first quantification of shape variation among species, populations, and/or sexes (beyond taxonomic illustrations and body size measurements) to gain insight into the ecological differentiation of Diaptomids. Here we quantify the shape of five Diaptomid species (family Diaptomidae) from four populations each, using morphometric landmarks on the prosome, urosome, and antennae. We partition morphological variation among species, populations, and sexes, and test for phenotype-by-environment correlations to reveal possible functional consequences of shape variation. We found that intraspecific variation was 18-35% as large as interspecific variation across all measured traits. Interspecific variation in body size and relative antennae length, the two traits showing significant sexual dimorphism, were correlated with lake size and geographic location suggesting some niche differentiation between species. Observed relationships between intraspecific morphological variation and the environment suggest that divergent selection in contrasting lakes might contribute to shape differences among local populations, but confirming this requires further analyses. Our results show that although Diaptomid species differ in their reproductive traits, they also differ in other morphological traits that might indicate ecological differences among species and populations.", "keywords": ["Skistodiaptomus oregonensis", "Intraspecific", "Acanthodiaptomus denticornis", "morphometric", "Interspecific", "Cryptic niche", "Hesperodiaptomus franciscanus", "interpopulation", "variance partitioning", "Leptodiaptomus tyrrelli", "phenotypic diversity", "Holocene", "Leptodiaptomus ashlandi"], "usageNotes": "<div class=\"o-metadata__file-usage-entry\"><h4 class=\"o-heading__level3-file-title\">Raw data, processing code, processed data and analysis code + repeatability files</h4><div class=\"o-metadata__file-name\">Hausch 2013 PlosOne.zip</br></div><div class=\"o-metadata__file-name\"></div></div>", "locations": [{"place": "British Columbia"}], "relatedWorks": [{"relationship": "Cites", "identifierType": "DOI", "identifier": "https://doi.org/10.1371/journal.pone.0068272"}], "versionNumber": 1, "versionStatus": "submitted", "curationStatus": "Published", "publicationDate": "2013-07-01", "lastModificationDate": "2020-06-24", "visibility": "public", "sharingLink": "https://datadryad.org/stash/share/at3Dqya3OkHMe_bAiFytSlzjCgzCZScKucNGhOhoABA", "userId": 4404, "license": "https://creativecommons.org/publicdomain/zero/1.0/"}