{"_links": {"self": {"href": "/api/v2/datasets/doi%3A10.5061%2Fdryad.5kg33"}, "stash:versions": {"href": "/api/v2/datasets/doi%3A10.5061%2Fdryad.5kg33/versions"}, "stash:version": {"href": "/api/v2/versions/22124"}, "stash:download": {"href": "/api/v2/datasets/doi%3A10.5061%2Fdryad.5kg33/download"}, "curies": [{"name": "stash", "href": "https://github.com/CDL-Dryad/stash/blob/main/stash_api/link-relations.md#{rel}", "templated": "true"}]}, "identifier": "doi:10.5061/dryad.5kg33", "id": 22060, "storageSize": 13301132, "title": "Data from: Phylogeny with introgression in Habronattus jumping spiders (Araneae: Salticidae)", "authors": [{"firstName": "Genevi\u00e8ve", "lastName": "Leduc-Robert", "affiliation": "University of British Columbia", "affiliationROR": "https://ror.org/03rmrcq20"}, {"firstName": "Wayne P.", "lastName": "Maddison", "affiliation": "University of British Columbia", "affiliationROR": "https://ror.org/03rmrcq20"}], "abstract": "Background: Habronattus is a diverse clade of jumping spiders with complex courtship displays and repeated evolution of Y chromosomes. A well-resolved species phylogeny would provide an important framework to study these traits, but has not yet been achieved, in part because the few genes available in past studies gave conflicting signals. Such discordant gene trees could be the result of incomplete lineage sorting (ILS) in recently diverged parts of the phylogeny, but there are indications that introgression could be a source of conflict.\r\n\r\nResults: To infer Habronattus phylogeny and investigate the cause of gene tree discordance, we assembled transcriptomes for 34 Habronattus species and 2 outgroups. The concatenated 2.41 Mb of nuclear data (1877 loci) resolved phylogeny by Maximum Likelihood (ML) with high bootstrap support (95-100%) at most nodes, with some uncertainty surrounding the relationships of H. icenoglei, H. cambridgei, H. oregonensis, and Pellenes canadensis. Species tree analyses by ASTRAL and SVDQuartets gave almost completely congruent results. Several nodes in the ML phylogeny from 12.33 kb of mitochondrial data are incongruent with the nuclear phylogeny and indicate possible mitochondrial introgression: the internal relationships of the americanus and the coecatus groups, the relationship between the altanus, decorus, banksi, and americanus group, and between H. clypeatus and the coecatus group. To determine the relative contributions of ILS and introgression, we analyzed gene tree discordance for nuclear loci longer than 1 kb using Bayesian Concordance Analysis (BCA) for the americanus group (679 loci) and the VCCR clade (viridipes/clypeatus/coecatus/roberti groups) (517 loci) and found signals of introgression in both. Finally, we tested specifically for introgression in the concatenated nuclear matrix with Patterson\u2019s D statistics and DFOIL. We found nuclear introgression resulting in substantial admixture between americanus group species, between H. roberti and the clypeatus group, and between the clypeatus and coecatus groups.\r\n\r\nConclusions: Our results indicate that the phylogenetic history of Habronattus is predominantly a diverging tree, but that hybridization may have been common between phylogenetically distant species, especially in subgroups with complex courtship displays.", "keywords": ["incomplete lineage sorting", "Habronattus", "Harmochirina", "transcriptome", "Plexippini", "hybridization", "introgression", "introgression", "incomplete lineage sorting", "Salticidae", "Salticinae", "Jumping spiders"], "usageNotes": "<div class=\"o-metadata__file-usage-entry\"><h4 class=\"o-heading__level3-file-title\">Matrices of concatenated aligned sequences</h4><div class=\"o-metadata__file-description\">5 files. Three are partitions of nuclear transcriptomes (primary matrix of 1877 genes; secondary matrices of (MS) loci with species missing and (NL) noncoding loci. The fourth matrix is of the mitochondrial transcriptomes; the fifth is the mix of 16s and ND1 from the transcriptomes, and previous data from Sanger sequencing.</div><div class=\"o-metadata__file-name\">Leduc-Robert&Maddison_Habronattus-AlignedMatrices.tgz</br></div></div><div class=\"o-metadata__file-usage-entry\"><h4 class=\"o-heading__level3-file-title\">NEXUS file of inferred phylogenetic trees</h4><div class=\"o-metadata__file-description\">Inferred trees from the various analyses and partitions of the transcriptome data.</div><div class=\"o-metadata__file-name\">Leduc-Robert&Maddison_Habronattus-Trees.nex</br></div></div>", "locations": [{"place": "North America"}], "relatedWorks": [{"relationship": "Cites", "identifierType": "DOI", "identifier": "https://doi.org/10.1186/s12862-018-1137-x"}], "versionNumber": 1, "versionStatus": "submitted", "curationStatus": "Published", "publicationDate": "2018-01-18", "lastModificationDate": "2020-06-24", "visibility": "public", "sharingLink": "https://datadryad.org/stash/share/LftjrcGgiN8QrZPGF5v3ZDfpntEF0-T3A75BzxUyuNk", "userId": 8726, "license": "https://creativecommons.org/publicdomain/zero/1.0/"}