{"_links": {"self": {"href": "/api/v2/datasets/doi%3A10.5061%2Fdryad.g3mh0"}, "stash:versions": {"href": "/api/v2/datasets/doi%3A10.5061%2Fdryad.g3mh0/versions"}, "stash:version": {"href": "/api/v2/versions/18695"}, "stash:download": {"href": "/api/v2/datasets/doi%3A10.5061%2Fdryad.g3mh0/download"}, "curies": [{"name": "stash", "href": "https://github.com/CDL-Dryad/stash/blob/main/stash_api/link-relations.md#{rel}", "templated": "true"}]}, "identifier": "doi:10.5061/dryad.g3mh0", "id": 18632, "storageSize": 25280, "title": "Data from: The diet of an endemic subspecies of the Eurasian Spoonbill Platalea leucorodia balsaci, breeding at the Banc d\u2019Arguin, Mauritania", "authors": [{"firstName": "J.", "lastName": "Veen", "affiliation": "1Veda Consultancy, Wieselseweg 110, 7345 CC Wenum-Wiesel, The Netherlands;"}, {"firstName": "Thor", "lastName": "Veen", "affiliation": "University of British Columbia", "affiliationROR": "https://ror.org/03rmrcq20"}, {"firstName": "O.", "lastName": "Overdijk", "affiliation": "2Natuurmonumenten, Knuppeldam 4, 9166 NZ Schiermonnikoog, The Netherlands;"}], "abstract": "In the period 1998\u20132010 the endemic subspecies of the Eurasian Spoonbill Platalea leucorodia balsaci breeding in Mauritania has decreased in numbers considerably. The causes for this decline are unknown. This study aimed to investigate the diet of the species. We analysed faecal material collected in the breeding colonies in 8 different years. The results show that Mauritanian Spoonbills almost exclusively eat shrimp (59.7%) and small fish (35.4%), the latter being dominated by Gobiidae (20.8%), Soleidae (4.8%) and Mugilidae (2.8%). Another 10 fish families were represented in small proportions. Shrimp were quantified on the basis of (parts of) mandibles present in the samples. All prey items eaten by the Spoonbills were extremely small. Diet composition of adult birds and chicks appeared to be similar. There was great variation in diet composition of adults between years, but there was no trend in any of the major diet components over the study period. This indicates that the decline of the Spoonbill population is not correlated with changes in food composition. Our diet study has been of a qualitative nature. Considering the dramatic population decline we plea for a more detailed ecological study of the species, including a quantitative approach of food intake and foraging conditions.", "keywords": ["1998 - 2010", "spoonbill", "Platalea leucorodia balsaci", "otoliths", "diet"], "usageNotes": "<div class=\"o-metadata__file-usage-entry\"><h4 class=\"o-heading__level3-file-title\">1Spoonbill_adult_chick_diet</h4><div class=\"o-metadata__file-description\">File containing diet composition of Spoonbill adults and chicks extracted from faecal material.</div><div class=\"o-metadata__file-name\"></div><div class=\"o-metadata__file-name\"></div></div><div class=\"o-metadata__file-usage-entry\"><h4 class=\"o-heading__level3-file-title\">2Spoonbill_diet_multiple_years</h4><div class=\"o-metadata__file-description\">Diet composition of Spoonbills extracted from faecal material collected in the period 1998-2010.</div><div class=\"o-metadata__file-name\"></div><div class=\"o-metadata__file-name\"></div></div>", "locations": [{"place": "Mauritania"}, {"place": "Parc National du Banc d\u2019 Arguin"}], "relatedWorks": [{"relationship": "Cites", "identifierType": "DOI", "identifier": "https://doi.org/10.5253/078.100.0203"}], "versionNumber": 1, "versionStatus": "submitted", "curationStatus": "Published", "publicationDate": "2013-02-22", "lastModificationDate": "2020-06-24", "visibility": "public", "sharingLink": "https://datadryad.org/stash/share/V2ovdqJrhJoUp5_ZReePzAgwnOl5ZjBDRLWNVeVmPGo", "userId": 8099, "license": "https://creativecommons.org/publicdomain/zero/1.0/"}