{"_links": {"self": {"href": "/api/v2/datasets/doi%3A10.5061%2Fdryad.fn208"}, "stash:versions": {"href": "/api/v2/datasets/doi%3A10.5061%2Fdryad.fn208/versions"}, "stash:version": {"href": "/api/v2/versions/9107"}, "stash:download": {"href": "/api/v2/datasets/doi%3A10.5061%2Fdryad.fn208/download"}, "curies": [{"name": "stash", "href": "https://github.com/CDL-Dryad/stash/blob/main/stash_api/link-relations.md#{rel}", "templated": "true"}]}, "identifier": "doi:10.5061/dryad.fn208", "id": 9067, "storageSize": 160973, "title": "Data from: Models for assessing local-scale co-abundance of animal species while accounting for differential detectability and varied responses to the environment", "authors": [{"firstName": "Jedediah F.", "lastName": "Brodie", "affiliation": "University of Montana", "affiliationROR": "https://ror.org/0078xmk34"}, {"firstName": "Olga E.", "lastName": "Helmy", "affiliation": "University of Montana", "affiliationROR": "https://ror.org/0078xmk34"}, {"firstName": "Jayasilan", "lastName": "Mohd-Azlan", "affiliation": "Universiti Malaysia Sarawak", "affiliationROR": "https://ror.org/05b307002"}, {"firstName": "Alys", "lastName": "Granados", "affiliation": "University of British Columbia", "affiliationROR": "https://ror.org/03rmrcq20"}, {"firstName": "Henry", "lastName": "Bernard", "affiliation": "Universiti of Malaysia Sabah", "affiliationROR": "https://ror.org/040v70252"}, {"firstName": "Anthony J.", "lastName": "Giordano", "affiliation": "Michigan State University", "affiliationROR": "https://ror.org/05hs6h993"}, {"firstName": "Elise", "lastName": "Zipkin", "affiliation": "Michigan State University", "affiliationROR": "https://ror.org/05hs6h993"}], "abstract": "We developed a new modeling framework to assess how the local abundance of one species influences the local abundance of a potential competitor while explicitly accounting for differential responses to environmental conditions. Our models also incorporate imperfect detection as well as abundance estimation error for both species. As a case study, we applied the model to four pairs of mammal species in Borneo, surveyed by extensive and spatially widespread camera trapping. We detected different responses to elevation gradients within civet, macaque, and muntjac deer species pairs. Muntjac and porcupine species varied in their response to terrain ruggedness, and the two muntjac responded different to river proximity. Bornean endemic species of civet and muntjac were more sensitive than their widespread counterparts to habitat disturbance (selective logging). Local abundance within several species pairs was positively correlated, but this is likely due to the species having similar responses to (unmodeled) environmental conditions or resources rather than representing facilitation. After accounting for environment and correcting for false absences in detection, negative correlations in local abundance appear rare in tropical mammals. Direct competition may be weak in these species, possibly because the \u2018ghost of competition past\u2019 or habitat filtering have already driven separation of the species in niche space. The analytical framework presented here could increase basic understanding of how ecological interactions shape patterns of abundance across the landscape for a range of taxa, and also provide a powerful tool for forecasting the impacts of global change..", "keywords": ["co-occurrence", "Species Interactions"], "usageNotes": "<div class=\"o-metadata__file-usage-entry\"><h4 class=\"o-heading__level3-file-title\">data for Dryad</h4><div class=\"o-metadata__file-description\">detection data, site covariates, sampling covariates</div><div class=\"o-metadata__file-name\"></div></div>", "locations": [{"place": "Borneo"}, {"place": "Southeast Asia"}], "relatedWorks": [{"relationship": "Cites", "identifierType": "DOI", "identifier": "https://doi.org/10.1111/btp.12500"}], "versionNumber": 1, "versionStatus": "submitted", "curationStatus": "Published", "publicationDate": "2017-09-01", "lastModificationDate": "2020-06-24", "visibility": "public", "sharingLink": "https://datadryad.org/stash/share/x54RSjBH4sDSSohVGDWOVnGPUdM8-BgNz3UiWYDhg88", "userId": 23304, "license": "https://creativecommons.org/publicdomain/zero/1.0/"}