{"_links": {"self": {"href": "/api/v2/datasets/doi%3A10.5061%2Fdryad.72k67"}, "stash:versions": {"href": "/api/v2/datasets/doi%3A10.5061%2Fdryad.72k67/versions"}, "stash:version": {"href": "/api/v2/versions/27497"}, "stash:download": {"href": "/api/v2/datasets/doi%3A10.5061%2Fdryad.72k67/download"}, "curies": [{"name": "stash", "href": "https://github.com/CDL-Dryad/stash/blob/main/stash_api/link-relations.md#{rel}", "templated": "true"}]}, "identifier": "doi:10.5061/dryad.72k67", "id": 26920, "storageSize": 5050848539, "title": "Data from: Asymmetric competition impacts evolutionary rescue in a changing environment", "authors": [{"firstName": "Courtney L.", "lastName": "Van Den Elzen", "affiliation": "University of Colorado Boulder", "affiliationROR": "https://ror.org/02ttsq026"}, {"firstName": "Elizabeth J.", "lastName": "Kleynhans", "affiliation": "University of British Columbia", "affiliationROR": "https://ror.org/03rmrcq20"}, {"firstName": "Sarah P.", "lastName": "Otto", "affiliation": "University of British Columbia", "affiliationROR": "https://ror.org/03rmrcq20"}], "abstract": "Interspecific competition can strongly influence the evolutionary response of a species to a changing environment, impacting the chance that the species survives or goes extinct. Previous work has shown that when two species compete for a temporally shifting resource distribution, the species lagging behind the resource peak is the first to go extinct due to competitive exclusion. However, this work assumed symmetrically distributed resources and competition. Asymmetries can generate differences between species in population sizes, genetic variation and trait means. We show that asymmetric resource availability or competition can facilitate coexistence and even occasionally cause the leading species to go extinct first. Surprisingly, we also find cases where traits evolve in the opposite direction to the changing environment because of a \u2018vacuum of competitive release\u2019 created when the lagging species declines in number. Thus, the species exhibiting the slowest rate of trait evolution is not always the most likely to go extinct in a changing environment. Our results demonstrate that the extent to which species appear to be tracking environmental change and the extent to which they are preadapted to that change may not necessarily determine which species will be the winners and which will be the losers in a rapidly changing world.", "keywords": ["environmental change", "asymmetric competition", "evolutionary rescue", "Species Interactions", "Asymmetric resources"], "usageNotes": "<div class=\"o-metadata__file-usage-entry\"><h4 class=\"o-heading__level3-file-title\">Evolving Communities One Species Simulations All Raw Simulation Data</h4><div class=\"o-metadata__file-description\">WARNING: ~ 4.38 GB when expanded. Contains all of the raw data from the one-species simulations from the manuscript \"Asymmetric Competition Impacts Evolutionary Rescue in a Changing Environment\".</div><div class=\"o-metadata__file-name\">Evolving Communities One Species Simulations Raw Simulation Data.zip</br></div><div class=\"o-metadata__file-name\"></div></div><div class=\"o-metadata__file-usage-entry\"><h4 class=\"o-heading__level3-file-title\">Evolving Communities Two Species Raw Data (Part 1 - Symmetric Resources and Sym and Asym Competition)</h4><div class=\"o-metadata__file-description\">WARNING: ~ 3.6 GB when expanded. Contains all raw simulation data for the two-species simulations with symmetric resource distribution and competition from the manuscript \"Asymmetric Competition Impacts Evolutionary Rescue in a Changing Environment\".</div><div class=\"o-metadata__file-name\">Evolving Communities Two Species Raw Simulation Data (Part 1 - Symmetric Resource and Sym and Asym Competition).zip</br></div><div class=\"o-metadata__file-name\"></div></div><div class=\"o-metadata__file-usage-entry\"><h4 class=\"o-heading__level3-file-title\">Evolving Communities Two Species Raw Simulation Data (Part 2 - Asymmetric Resources)</h4><div class=\"o-metadata__file-description\">WARNING: ~3.2 GB when expanded. Contains all of the raw simulations data for the two-species simulations with an asymmetric resource distribution from the manuscript \"Asymmetric Competition Impacts Evolutionary Rescue in a Changing Environment\".</div><div class=\"o-metadata__file-name\"></div></div><div class=\"o-metadata__file-usage-entry\"><h4 class=\"o-heading__level3-file-title\">Evolving Communities Two Species Raw Simulation Data (Part 3 - Asymmetric Resources & High Mutation Rate)</h4><div class=\"o-metadata__file-description\">WARNING: ~4.38 GB when expanded. Contains all of the raw simulations data for the two-species simulations with high mutation rate and asymmetric resource distribution from the manuscript \"Asymmetric Competition Impacts Evolutionary Rescue in a Changing Environment\". This includes the extended (to extinction) original runs in the case of slow environmental change (see Part 6a for other replicates).</div><div class=\"o-metadata__file-name\"></div></div><div class=\"o-metadata__file-usage-entry\"><h4 class=\"o-heading__level3-file-title\">Evolving Communities Two Species Raw Simulation Data (Part 4 - Asymmetric Resources & Large Mutation Size)</h4><div class=\"o-metadata__file-description\">WARNING: ~3.3 GB when expanded. Contains all of the raw simulations data for the two-species simulations with large mutation size and an asymmetric resource distribution from the manuscript \"Asymmetric Competition Impacts Evolutionary Rescue in a Changing Environment\".</div><div class=\"o-metadata__file-name\"></div><div class=\"o-metadata__file-name\"></div></div><div class=\"o-metadata__file-usage-entry\"><h4 class=\"o-heading__level3-file-title\">Evolving Communities Two Species Raw Data (Part 5 - Leading Species Extinction Extra Simulations - Large Mutation Size)</h4><div class=\"o-metadata__file-description\">WARNING: ~622.1 MB when expanded. Contains all of the raw simulations data for the extra simulations run to explore leading species extinction with a large mutational effect size in the manuscript \"Asymmetric Competition Impacts Evolutionary Rescue in a Changing\r\nEnvironment\".</div><div class=\"o-metadata__file-name\"></div></div><div class=\"o-metadata__file-usage-entry\"><h4 class=\"o-heading__level3-file-title\">Evolving Communities Two Species Raw Data (Part 6a - Leading Species Extinction Extra Simulations - High Mutation Rate)</h4><div class=\"o-metadata__file-description\">WARNING: ~4.83 GB when expanded. Contains raw simulations data for the extra simulations run to explore leading species extinction with a high mutation rate and a slow environmental change in the manuscript \"Asymmetric Competition Impacts Evolutionary Rescue in a Changing Environment\".</div><div class=\"o-metadata__file-name\"></div></div><div class=\"o-metadata__file-usage-entry\"><h4 class=\"o-heading__level3-file-title\">Evolving Communities Two Species Raw Data (Part 6b - Leading Species Extinction Extra Simulations - High Mutation Rate)</h4><div class=\"o-metadata__file-description\">WARNING: ~2.17 GB when expanded. Contains all of the raw simulations data for the extra simulations run to explore leading species extinction in the manuscript \"Asymmetric Competition Impacts Evolutionary Rescue in a Changing Environment\".</div><div class=\"o-metadata__file-name\"></div></div><div class=\"o-metadata__file-usage-entry\"><h4 class=\"o-heading__level3-file-title\">Head Start or Population Size Raw Simulation Data</h4><div class=\"o-metadata__file-description\">WARNING: ~ 528 MB when expanded. Contains all raw simulation data for the head-start vs population size simulations with symmetric resource distribution and competition from the manuscript \"Asymmetric Competition Impacts Evolutionary Rescue in a Changing Environment\".</div><div class=\"o-metadata__file-name\"></div><div class=\"o-metadata__file-name\"></div></div><div class=\"o-metadata__file-usage-entry\"><h4 class=\"o-heading__level3-file-title\">Evolving Communities Two Species Example Simulation File (For Use With Supplementary Mathematica Package)</h4><div class=\"o-metadata__file-description\">This file contains all data files necessary to use the Supplementary Mathematica Package available in the Electronic Supplementary Material through Proceedings B.</div><div class=\"o-metadata__file-name\">Sample Files for Sup Mat.zip</br></div></div>", "relatedWorks": [{"relationship": "Cites", "identifierType": "DOI", "identifier": "https://doi.org/10.1098/rspb.2017.0374"}], "versionNumber": 2, "versionStatus": "submitted", "curationStatus": "Published", "publicationDate": "2017-05-26", "lastModificationDate": "2020-06-24", "visibility": "public", "sharingLink": "https://datadryad.org/stash/share/ZxILi-tGg5RYhqSKqfuK3O5AUkfEAnW99L3LQ0nB_5s", "userId": 4395, "license": "https://creativecommons.org/publicdomain/zero/1.0/"}