{"_links": {"self": {"href": "/api/v2/datasets/doi%3A10.5061%2Fdryad.gd501"}, "stash:versions": {"href": "/api/v2/datasets/doi%3A10.5061%2Fdryad.gd501/versions"}, "stash:version": {"href": "/api/v2/versions/2970"}, "stash:download": {"href": "/api/v2/datasets/doi%3A10.5061%2Fdryad.gd501/download"}, "curies": [{"name": "stash", "href": "https://github.com/CDL-Dryad/stash/blob/main/stash_api/link-relations.md#{rel}", "templated": "true"}]}, "identifier": "doi:10.5061/dryad.gd501", "id": 2955, "storageSize": 890457, "title": "Data from: Phylogenetic placement of the unusual jumping spider Depreissia Lessert, and a new synapomorphy uniting Hisponinae and Salticinae (Araneae, Salticidae)", "authors": [{"firstName": "Wayne P.", "lastName": "Maddison", "affiliation": "University of British Columbia", "affiliationROR": "https://ror.org/03rmrcq20"}, {"firstName": "David R.", "lastName": "Maddison", "affiliation": "Oregon State University", "affiliationROR": "https://ror.org/00ysfqy60"}, {"firstName": "Junxia", "lastName": "Zhang", "affiliation": "University of California System", "affiliationROR": "https://ror.org/00pjdza24"}, {"firstName": "Tam\u00e1s", "lastName": "Sz\u0171ts", "affiliation": "University of Sopron", "affiliationROR": "https://ror.org/05nj7my03"}], "abstract": "The relationships of the unusual salticid spider Depreissia from central Africa and Borneo have been difficult to resolve, obscured by its highly modified ant-like body. Phylogenetic analysis of the gene 28S strongly supports its placement outside the major clade Salticinae and within the clade of cocalodines, spartaeines and lapsiines, with weaker support for a relationship with the cocalodines in particular. Excluding the genus from the Salticinae is supported also by the presence of a median apophysis on the male palp, and by the lack of a cymbial apical groove cradling the tip of embolus, which is newly presented here as a synapomorphy of Hisponinae plus Salticinae.", "keywords": ["Cocalodinae", "Jumping spiders", "systematics", "Salticidae"], "usageNotes": "<div class=\"o-metadata__file-usage-entry\"><h4 class=\"o-heading__level3-file-title\">28S alignment for Depreissia salticid study, plus trees</h4><div class=\"o-metadata__file-description\">This file includes the 28S alignment, the full constraint tree, and trees resulting from various analyses, as indicated in the names of the tree blocks</div><div class=\"o-metadata__file-name\">Depreissia28s-05-ForDryad.nex</br></div></div>", "relatedWorks": [{"relationship": "Cites", "identifierType": "DOI", "identifier": "https://doi.org/10.3897/zookeys.549.6171"}], "versionNumber": 1, "versionStatus": "submitted", "curationStatus": "Published", "publicationDate": "2016-10-05", "lastModificationDate": "2020-06-24", "visibility": "public", "sharingLink": "https://datadryad.org/stash/share/aUMrIUu8Lthst4BbrS_cihfvUznYYG1xTf9_X0dkiGw", "userId": 8726, "license": "https://creativecommons.org/publicdomain/zero/1.0/"}