{"_links": {"self": {"href": "/api/v2/datasets/doi%3A10.5061%2Fdryad.95h17"}, "stash:versions": {"href": "/api/v2/datasets/doi%3A10.5061%2Fdryad.95h17/versions"}, "stash:version": {"href": "/api/v2/versions/12595"}, "stash:download": {"href": "/api/v2/datasets/doi%3A10.5061%2Fdryad.95h17/download"}, "curies": [{"name": "stash", "href": "https://github.com/CDL-Dryad/stash/blob/main/stash_api/link-relations.md#{rel}", "templated": "true"}]}, "identifier": "doi:10.5061/dryad.95h17", "id": 12550, "storageSize": 84068, "title": "Data from: A Poissonian model of indel rate variation for phylogenetic tree inference", "authors": [{"firstName": "Yongliang", "lastName": "Zhai", "affiliation": "University of British Columbia", "affiliationROR": "https://ror.org/03rmrcq20"}, {"firstName": "Bouchard-Cote", "lastName": "Alexandre"}], "abstract": "While indel rate variation has been observed and analyzed in detail, it is not taken into account by current indel-aware phylogenetic reconstruction methods. In this work, we introduce a continuous time stochastic process, the geometric Poisson indel process, that generalizes the Poisson indel process by allowing insertion and deletion rates to vary across sites. We design an efficient algorithm for computing the probability of a given multiple sequence alignment based on our new indel model. We describe a method to construct phylogeny estimates from a fixed alignment using neighbor joining. Using simulation studies, we show that ignoring indel rate variation may have a detrimental effect on the accuracy of the inferred phylogenies, and that our proposed method can sidestep this issue by inferring latent indel rate categories. We also show that our phylogenetic inference method may be more stable to taxa subsampling than methods that either ignore indels or indel rate variation.", "keywords": ["indel rate variation", "Poisson indel Process", "TFK91", "evolutionary stochastic process"], "usageNotes": "<div class=\"o-metadata__file-usage-entry\"><h4 class=\"o-heading__level3-file-title\">Molluscan RNA data</h4><div class=\"o-metadata__file-description\">This dataset is obtained from http://www.rna.icmb.utexas.edu/SIM/4D/Mollusk/alignment.gb. This dataset in nexus format is converted from the original dataset in GenBank format using EMBOSS. The dataset in fasta format used in the data analysis section of the paper can be obtained directly from https://github.com/yzhai220/geopip together with the source code.</div><div class=\"o-metadata__file-name\">molluscan.nexus.txt</br></div></div>", "relatedWorks": [{"relationship": "Cites", "identifierType": "DOI", "identifier": "https://doi.org/10.1093/sysbio/syx033"}], "versionNumber": 1, "versionStatus": "submitted", "curationStatus": "Published", "publicationDate": "2017-01-31", "lastModificationDate": "2020-06-24", "visibility": "public", "sharingLink": "https://datadryad.org/stash/share/8lPS2uIKU09qZwl0Y8iG_lK4CvPyUDS6yUXsIeX9hsI", "userId": 17868, "license": "https://creativecommons.org/publicdomain/zero/1.0/"}