{"_links": {"self": {"href": "/api/v2/datasets/doi%3A10.5061%2Fdryad.ms06b"}, "stash:versions": {"href": "/api/v2/datasets/doi%3A10.5061%2Fdryad.ms06b/versions"}, "stash:version": {"href": "/api/v2/versions/13904"}, "stash:download": {"href": "/api/v2/datasets/doi%3A10.5061%2Fdryad.ms06b/download"}, "curies": [{"name": "stash", "href": "https://github.com/CDL-Dryad/stash/blob/main/stash_api/link-relations.md#{rel}", "templated": "true"}]}, "identifier": "doi:10.5061/dryad.ms06b", "id": 13852, "storageSize": 69476, "title": "Data from: When should we expect early bursts of trait evolution in comparative data? Predictions from an evolutionary food web model", "authors": [{"firstName": "Travis", "lastName": "Ingram", "affiliation": "University of British Columbia", "affiliationROR": "https://ror.org/03rmrcq20"}, {"firstName": "Luke J.", "lastName": "Harmon", "affiliation": "University of Idaho", "affiliationROR": "https://ror.org/03hbp5t65"}, {"firstName": "Jonathan B.", "lastName": "Shurin", "affiliation": "University of California, San Diego", "affiliationROR": "https://ror.org/0168r3w48"}], "abstract": "Conceptual models of adaptive radiation predict that competitive interactions among species will result in an early burst of speciation and trait evolution followed by a slowdown in diversification rates. Empirical studies often show early accumulation of lineages in phylogenetic trees, but usually fail to detect early bursts of phenotypic evolution. We use an evolutionary simulation model to assemble food webs through adaptive radiation, and examine patterns in the resulting phylogenetic trees and species' traits (body size and trophic position). We find that when foraging trade-offs result in food webs where all species occupy integer trophic levels, lineage diversity and trait disparity are concentrated early in the tree, consistent with the early burst model. In contrast, in food webs in which many omnivorous species feeding at multiple trophic levels, high levels of turnover of species' identities and traits tends to eliminate the early burst signal. These results suggest testable predictions about how the niche structure of ecological communities may be reflected by macroevolutionary patterns.", "keywords": ["Brownian motion", "evolutionary assembly model", "omnivory", "Ornstein-Uhlenbeck model", "Body Size", "trophic position", "early burst model"], "usageNotes": "<div class=\"o-metadata__file-usage-entry\"><h4 class=\"o-heading__level3-file-title\">simulation_data</h4><div class=\"o-metadata__file-description\">Parameter values and summary data for each of the 240 food webs simulated using the evolutionary assembly model and analyzed in the present paper and in Ingram et al. (2009).</div><div class=\"o-metadata__file-name\"></div><div class=\"o-metadata__file-name\"></div></div>", "relatedWorks": [{"relationship": "Cites", "identifierType": "DOI", "identifier": "https://doi.org/10.1111/j.1420-9101.2012.02566.x"}], "versionNumber": 1, "versionStatus": "submitted", "curationStatus": "Published", "publicationDate": "2012-06-19", "lastModificationDate": "2020-06-24", "visibility": "public", "sharingLink": "https://datadryad.org/stash/share/JHqVlOdrmKoQKXTrRQMysyXCTMr0bOnR4oZaslTs93w", "userId": 20892, "license": "https://creativecommons.org/publicdomain/zero/1.0/"}