{"_links": {"self": {"href": "/api/v2/datasets/doi%3A10.5061%2Fdryad.0m625h4"}, "stash:versions": {"href": "/api/v2/datasets/doi%3A10.5061%2Fdryad.0m625h4/versions"}, "stash:version": {"href": "/api/v2/versions/3683"}, "stash:download": {"href": "/api/v2/datasets/doi%3A10.5061%2Fdryad.0m625h4/download"}, "curies": [{"name": "stash", "href": "https://github.com/CDL-Dryad/stash/blob/main/stash_api/link-relations.md#{rel}", "templated": "true"}]}, "identifier": "doi:10.5061/dryad.0m625h4", "id": 3662, "storageSize": 715361, "title": "Data from: Genetic patterns in Neotropical Magnolias (Magnoliaceae) using de novo developed microsatellite markers", "authors": [{"firstName": "Emily", "lastName": "Veltjen", "affiliation": "Ghent University", "affiliationROR": "https://ror.org/00cv9y106"}, {"firstName": "Pieter", "lastName": "Asselman", "affiliation": "Ghent University", "affiliationROR": "https://ror.org/00cv9y106"}, {"firstName": "Majela", "lastName": "Hern\u00e1ndez Rodr\u00edguez", "affiliation": "University of Havana", "affiliationROR": "https://ror.org/04204gr61"}, {"firstName": "Alejandro", "lastName": "Palmarola Bejerano", "affiliation": "University of Havana", "affiliationROR": "https://ror.org/04204gr61"}, {"firstName": "Ernesto", "lastName": "Test\u00e9 Lozano", "affiliation": "University of Havana", "affiliationROR": "https://ror.org/04204gr61"}, {"firstName": "Luis Roberto", "lastName": "Gonz\u00e1lez Torres", "affiliation": "University of British Columbia", "affiliationROR": "https://ror.org/03rmrcq20"}, {"firstName": "Paul", "lastName": "Goetghebeur", "affiliation": "Ghent University", "affiliationROR": "https://ror.org/00cv9y106"}, {"firstName": "Isabel", "lastName": "Larridon", "affiliation": "Ghent University", "affiliationROR": "https://ror.org/00cv9y106"}, {"firstName": "Marie-St\u00e9phanie", "lastName": "Samain", "affiliation": "Ghent University", "affiliationROR": "https://ror.org/00cv9y106"}], "abstract": "Conserving tree populations safeguards forests since they represent key elements of the ecosystem. The genetic characteristics underlying the evolutionary success of the tree growth form: high genetic diversity, extensive gene flow and strong species integrity, contribute to their survival in terms of adaptability. However, different biological and landscape contexts challenge these characteristics. This study employs 63 de novo developed microsatellite or SSR (Single Sequence Repeat) markers in different datasets of nine Neotropical Magnolia species. The genetic patterns of these protogynous, insect-pollinated tree species occurring in fragmented, highly-disturbed landscapes were investigated. Datasets containing a total of 340 individuals were tested for their genetic structure and degree of inbreeding. Analyses for genetic structure depicted structuring between species, i.e. strong species integrity. Within the species, all but one population pair were considered moderate to highly differentiated, i.e. no indication of extensive gene flow between populations. No overall correlation was observed between genetic and geographic distance of the pairwise species\u2019 populations. In contrast to the pronounced genetic structure, there was no evidence of inbreeding within the populations, suggesting mechanisms favouring cross pollination and/or selection for more genetically diverse, heterozygous offspring. In conclusion, the data illustrate that the Neotropical Magnolias in the context of a fragmented landscape still have ample gene flow within populations, yet little gene flow between populations.", "keywords": ["Magnolia hamorii", "Magnolia cubensis subspecies acunae", "tree", "Magnolia lacandonica", "Magnolia domingensis", "Magnolia", "Magnolia dodecapetala", "Magnolia cubensis subspecies cubensis", "Magnolia portoricensis", "SSR", "Magnoliaceae", "microsatellite", "Magnolia cubensis", "Magnolia pallescens", "Single Sequence Repeats", "Magnolia splendens", "Magnolia ekmanii"], "usageNotes": "<div class=\"o-metadata__file-usage-entry\"><h4 class=\"o-heading__level3-file-title\">MAGNOLIA_SSR_acunae32_CONVERT</h4><div class=\"o-metadata__file-description\">This file includes SSR/microsatellite genotype data of 20 individuals of 1 population of Magnolia cubensis subspecies acunae. DNA of the 20 individuals was extracted from leaves using the CTAB method. The leaves were dried on silica-gel and collected from trees in the Cuban forest. The 20 individuals were genotyped using 32 de novo developed microsatellites.</div><div class=\"o-metadata__file-name\">Dataset_acunae32_CONVERT.xlsx</br></div><div class=\"o-metadata__file-name\"></div></div><div class=\"o-metadata__file-usage-entry\"><h4 class=\"o-heading__level3-file-title\">MAGNOLIA_SSR_cubensis31_CONVERT</h4><div class=\"o-metadata__file-description\">This file includes SSR/microsatellite genotype data of 20 individuals of 1 population of Magnolia cubensis subspecies cubensis. DNA of the 20 individuals was extracted from leaves using the CTAB method. The leaves were dried on silica-gel and collected from trees in the Cuban forest. The 20 individuals were genotyped using 31 de novo developed microsatellites.</div><div class=\"o-metadata__file-name\">Dataset_cubensis31_CONVERT.xlsx</br></div><div class=\"o-metadata__file-name\"></div></div><div class=\"o-metadata__file-usage-entry\"><h4 class=\"o-heading__level3-file-title\">MAGNOLIA_SSR_dodecapetala21_CONVERT</h4><div class=\"o-metadata__file-description\">This file includes SSR/microsatellite genotype data of 40 individuals of 2 populations of Magnolia dodecapetala: 20 individuals per population. DNA of the 40 individuals was extracted from leaves using the CTAB method. The leaves were dried on silica-gel and collected from trees in the forest of the Lesser Antilles. The 40 individuals were genotyped using 21 de novo developed microsatellites.</div><div class=\"o-metadata__file-name\">Dataset_dodecapetala21_CONVERT.xlsx</br></div><div class=\"o-metadata__file-name\"></div></div><div class=\"o-metadata__file-usage-entry\"><h4 class=\"o-heading__level3-file-title\">MAGNOLIA_SSR_domingensis23_CONVERT</h4><div class=\"o-metadata__file-description\">This file includes SSR/microsatellite genotype data of 40 individuals of 2 populations of Magnolia domingensis: 20 individuals per population. DNA of the 40 individuals was extracted from leaves using the CTAB method. The leaves were dried on silica-gel and collected from trees in the forest of the Dominican Republic. The 40 individuals were genotyped using 23 de novo developed microsatellites.</div><div class=\"o-metadata__file-name\">Dataset_domingensis23_CONVERT.xlsx</br></div><div class=\"o-metadata__file-name\"></div></div><div class=\"o-metadata__file-usage-entry\"><h4 class=\"o-heading__level3-file-title\">MAGNOLIA_SSR_hamorii24_CONVERT</h4><div class=\"o-metadata__file-description\">This file includes SSR/microsatellite genotype data of 40 individuals of 2 populations of Magnolia hamorii: 20 individuals per population. DNA of the 40 individuals was extracted from leaves using the CTAB method. The leaves were dried on silica-gel and collected from trees in the forest of the Dominican Republic. The 40 individuals were genotyped using 24 de novo developed microsatellites.</div><div class=\"o-metadata__file-name\">Dataset_hamorii24_CONVERT.xlsx</br></div><div class=\"o-metadata__file-name\"></div></div><div class=\"o-metadata__file-usage-entry\"><h4 class=\"o-heading__level3-file-title\">MAGNOLIA_SSR_ekmanii31_CONVERT</h4><div class=\"o-metadata__file-description\">This file includes SSR/microsatellite genotype data of 40 individuals of 2 populations of Magnolia ekmanii: 20 individuals per population. DNA of the 40 individuals was extracted from leaves using the CTAB method. The leaves were dried on silica-gel and collected from trees in the forest of Haiti. The 40 individuals were genotyped using 31 de novo developed microsatellites.</div><div class=\"o-metadata__file-name\">Dataset_ekmanii31_CONVERT.xlsx</br></div><div class=\"o-metadata__file-name\"></div></div><div class=\"o-metadata__file-usage-entry\"><h4 class=\"o-heading__level3-file-title\">MAGNOLIA_SSR_lacandonica23_CONVERT</h4><div class=\"o-metadata__file-description\">This file includes SSR/microsatellite genotype data of 40 individuals of 2 populations of Magnolia lacandonica: 20 individuals per population. DNA of the 40 individuals was extracted from leaves using the CTAB method. The leaves were dried on silica-gel and collected from trees in the forests of Mexico. The 40 individuals were genotyped using 23 de novo developed microsatellites.</div><div class=\"o-metadata__file-name\">Dataset_lacandonica23_CONVERT.xlsx</br></div><div class=\"o-metadata__file-name\"></div></div><div class=\"o-metadata__file-usage-entry\"><h4 class=\"o-heading__level3-file-title\">MAGNOLIA_SSR_pallescens20_CONVERT</h4><div class=\"o-metadata__file-description\">This file includes SSR/microsatellite genotype data of 40 individuals of 2 populations of Magnolia pallescens: 20 individuals per population. DNA of the 40 individuals was extracted from leaves using the CTAB method. The leaves were dried on silica-gel and collected from trees in the forests of the Dominican Republic. The 40 individuals were genotyped using 20 de novo developed microsatellites.</div><div class=\"o-metadata__file-name\">Dataset_pallescens20_CONVERT.xlsx</br></div><div class=\"o-metadata__file-name\"></div></div><div class=\"o-metadata__file-usage-entry\"><h4 class=\"o-heading__level3-file-title\">MAGNOLIA_SSR_portoricensis29_CONVERT</h4><div class=\"o-metadata__file-description\">This file includes SSR/microsatellite genotype data of 40 individuals of 2 populations of Magnolia portoricensis: 20 individuals per population. DNA of the 40 individuals was extracted from leaves using the CTAB method. The leaves were dried on silica-gel and collected from trees in the forests of Puerto Rico. The 40 individuals were genotyped using 29 de novo developed microsatellites.</div><div class=\"o-metadata__file-name\">Dataset_portoricensis29_CONVERT.xlsx</br></div><div class=\"o-metadata__file-name\"></div></div><div class=\"o-metadata__file-usage-entry\"><h4 class=\"o-heading__level3-file-title\">MAGNOLIA_SSR_splendens25_CONVERT</h4><div class=\"o-metadata__file-description\">This file includes SSR/microsatellite genotype data of 20 individuals of 1 population of Magnolia splendens. DNA of the 20 individuals was extracted from leaves using the CTAB method. The leaves were dried on silica-gel and collected from trees in the forests of Puerto Rico. The 20 individuals were genotyped using 25 de novo developed microsatellites.</div><div class=\"o-metadata__file-name\">Dataset_splendens25_CONVERT.xlsx</br></div><div class=\"o-metadata__file-name\"></div></div><div class=\"o-metadata__file-usage-entry\"><h4 class=\"o-heading__level3-file-title\">MAGNOLIA_SSR_dataset1_63_CONVERT</h4><div class=\"o-metadata__file-description\">Dataset 1 comprises 340 individuals representing 17 populations of Neotropical Magnolias, genotyped for all 63 microsatellite markers where possible, including the assumed monomorphic data (See Supplementary Table S2: categories A, B and C; Veltjen et al. 2018).</div><div class=\"o-metadata__file-name\">Dataset1a_63_CONVERT.xlsx</br></div><div class=\"o-metadata__file-name\"></div></div><div class=\"o-metadata__file-usage-entry\"><h4 class=\"o-heading__level3-file-title\">MAGNOLIA_SSR_dataset2_63_CONVERT</h4><div class=\"o-metadata__file-description\">Dataset 2 comprises 340 individuals representing 17 populations of Neotropical Magnolias, genotyped for 63 microsatellite markers where possible, excluding the assumed monomorphic data (See Supplementary Table S2: categories A and B; Veltjen et al. 2018).</div><div class=\"o-metadata__file-name\">Dataset2a_63_CONVERT.xlsx</br></div><div class=\"o-metadata__file-name\"></div></div><div class=\"o-metadata__file-usage-entry\"><h4 class=\"o-heading__level3-file-title\">MAGNOLIA_SSR_dataset3_10_CONVERT</h4><div class=\"o-metadata__file-description\">Dataset 3 comprises 260 individuals representing 13 populations of the 8 Magnolia taxa of the section Talauma subsection Splendentes (See Veltjen et al. 2018 Table 1: Class. = TAS), genotyped for 10 microsatellite markers (See Supplementary Table S2: marker names indicated with an asterisk; Veltjen et al. 2018).</div><div class=\"o-metadata__file-name\">Dataset3a_10_CONVERT.xlsx</br></div><div class=\"o-metadata__file-name\"></div></div>", "locations": [{"place": "Cuba"}, {"place": "Haiti"}, {"place": "Puerto Rico"}, {"place": "Guadeloupe"}, {"place": "Hispaniola"}, {"place": "Dominican Republic"}, {"place": "West-Indies"}, {"place": "Martinique"}, {"place": "Mexico"}, {"place": "Lesser Antilles"}, {"place": "Neotropics"}, {"place": "Caribbean"}], "relatedWorks": [{"relationship": "Cites", "identifierType": "DOI", "identifier": "https://doi.org/10.1038/s41437-018-0151-5"}], "versionNumber": 1, "versionStatus": "submitted", "curationStatus": "Published", "publicationDate": "2018-09-20", "lastModificationDate": "2020-06-24", "visibility": "public", "sharingLink": "https://datadryad.org/stash/share/N_DHoZDvgZRpuhH2iw6KR8Z5EkyDCqmkiXTGPKZ2vaw", "userId": 38459, "license": "https://creativecommons.org/publicdomain/zero/1.0/"}