{"_links": {"self": {"href": "/api/v2/datasets/doi%3A10.5061%2Fdryad.kp98j"}, "stash:versions": {"href": "/api/v2/datasets/doi%3A10.5061%2Fdryad.kp98j/versions"}, "stash:version": {"href": "/api/v2/versions/13784"}, "stash:download": {"href": "/api/v2/datasets/doi%3A10.5061%2Fdryad.kp98j/download"}, "curies": [{"name": "stash", "href": "https://github.com/CDL-Dryad/stash/blob/main/stash_api/link-relations.md#{rel}", "templated": "true"}]}, "identifier": "doi:10.5061/dryad.kp98j", "id": 13732, "storageSize": 78085, "title": "Data from: Population structure of mountain pine beetle symbiont Leptographium longiclavatum and the implication on the multipartite beetle-fungi relationships", "authors": [{"firstName": "Clement Kin-Ming", "lastName": "Tsui", "affiliation": "University of British Columbia", "affiliationROR": "https://ror.org/03rmrcq20"}, {"firstName": "Lina", "lastName": "Farfan", "affiliation": "University of British Columbia", "affiliationROR": "https://ror.org/03rmrcq20"}, {"firstName": "Amanda D.", "lastName": "Roe", "affiliation": "University of Alberta", "affiliationROR": "https://ror.org/0160cpw27"}, {"firstName": "Adrianne V.", "lastName": "Rice", "affiliation": "University of Alberta", "affiliationROR": "https://ror.org/0160cpw27"}, {"firstName": "Janice E. K.", "lastName": "Cooke", "affiliation": "University of Alberta", "affiliationROR": "https://ror.org/0160cpw27"}, {"firstName": "Yousry A.", "lastName": "El-Kassaby", "affiliation": "University of British Columbia", "affiliationROR": "https://ror.org/03rmrcq20"}, {"firstName": "Richard C.", "lastName": "Hamelin", "affiliation": "University of British Columbia", "affiliationROR": "https://ror.org/03rmrcq20"}], "abstract": "Over 18 million ha of forests have been destroyed in the past decade in Canada by the mountain pine beetle (MPB) and its fungal symbionts. Understanding their population dynamics is critical to improving modeling of beetle epidemics and providing potential clues to predict population expansion. Leptographium longiclavatum and Grosmannia clavigera are fungal symbionts of MPB that aid the beetle to colonize and kill their pine hosts. We investigated the genetic structure and demographic expansion of L. longiclavatum in populations established within the historic distribution range and in the newly colonized regions. We identified three genetic clusters/populations that coincide with independent geographic locations. The genetic profiles of the recently established populations in northern British Columbia (BC) and Alberta suggest that they originated from central and southern BC. Approximate Bayesian Computation supports the scenario that this recent expansion represents an admixture of individuals originating from BC and the Rocky Mountains. Highly significant correlations were found among genetic distance matrices of L. longiclavatum, G. clavigera, and MPB. This highlights the concordance of demographic processes in these interacting organisms sharing a highly specialized niche and supports the hypothesis of long-term multipartite beetle-fungus co-evolutionary history and mutualistic relationships.", "keywords": ["symbiosis", "microsatellite", "Mycology", "Disease outbreaks", "Pinus contorta", "molecular ecology", "Pinus banksiana", "Forest pathology", "co-evolution", "Grosmannia clavigera", "approximate Bayesian computation", "population genetics", "Dendroctonus ponderosae", "Insect-fungus interactions", "pathogen", "Leptographium longiclavatum"], "usageNotes": "<div class=\"o-metadata__file-usage-entry\"><h4 class=\"o-heading__level3-file-title\">LL_suppTable1</h4><div class=\"o-metadata__file-description\">Microsatellite profiles of 10 loci for 241 Leptographium longiclavatum isolates (isolates in grey are clones). First column is the name of the isolates, and the second represents the location.</div><div class=\"o-metadata__file-name\"></div></div>", "locations": [{"place": "Rocky Mountains"}, {"place": "Kamloops"}, {"place": "Crowsnest Pass"}, {"place": "Alberta"}, {"place": "Sparwood"}, {"place": "United States"}, {"place": "Pacific Coast"}, {"place": "Burns Lake"}, {"place": "Quesnel"}, {"place": "Valemount"}, {"place": "British Columbia"}, {"place": "Merrit"}, {"place": "Grande Prairies"}, {"place": "Canmore"}, {"place": "Fox Creek"}, {"place": "Fairview"}, {"place": "Canada"}, {"place": "Kakwa"}, {"place": "Williams Lake"}, {"place": "Yoho"}, {"place": "Tumbler Ridge"}, {"place": "Prince George"}, {"place": "Golden"}], "relatedWorks": [{"relationship": "Cites", "identifierType": "DOI", "identifier": "https://doi.org/10.1371/journal.pone.0105455"}], "versionNumber": 1, "versionStatus": "submitted", "curationStatus": "Published", "publicationDate": "2015-06-17", "lastModificationDate": "2020-06-24", "visibility": "public", "sharingLink": "https://datadryad.org/stash/share/8ZFTqvk2Fb6kEzQeUlmfoGkZjjzVqCo6SnD_AX2-wvo", "userId": 29774, "license": "https://creativecommons.org/publicdomain/zero/1.0/"}