{"_links": {"self": {"href": "/api/v2/datasets/doi%3A10.5061%2Fdryad.21517"}, "stash:versions": {"href": "/api/v2/datasets/doi%3A10.5061%2Fdryad.21517/versions"}, "stash:version": {"href": "/api/v2/versions/5092"}, "stash:download": {"href": "/api/v2/datasets/doi%3A10.5061%2Fdryad.21517/download"}, "curies": [{"name": "stash", "href": "https://github.com/CDL-Dryad/stash/blob/main/stash_api/link-relations.md#{rel}", "templated": "true"}]}, "identifier": "doi:10.5061/dryad.21517", "id": 5058, "storageSize": 419857, "title": "Data from: Habitat preference facilitates successful early breeding in an open-cup nesting songbird", "authors": [{"firstName": "Ryan R.", "lastName": "Germain", "affiliation": "University of British Columbia", "affiliationROR": "https://ror.org/03rmrcq20"}, {"firstName": "Richard", "lastName": "Schuster", "affiliation": "University of British Columbia", "affiliationROR": "https://ror.org/03rmrcq20"}, {"firstName": "Kira E.", "lastName": "Delmore", "affiliation": "University of British Columbia", "affiliationROR": "https://ror.org/03rmrcq20"}, {"firstName": "Peter", "lastName": "Arcese", "affiliation": "University of British Columbia", "affiliationROR": "https://ror.org/03rmrcq20"}], "abstract": "Selecting breeding habitats that ameliorate environmental limits on fitness and facilitate successful reproduction should benefit individual animals. This is particularly true in the temperate zone, where breeding early in a season presents a unique series of environmental challenges that can limit an individual's fitness. While many studies document links between habitat quality and reproductive success, few identify the cues used to assess habitat quality or the components of reproduction most influenced by occupying higher quality habitat, particularly during the early breeding season. We used detailed spatial maps and observations of all early season nesting attempts in an insular song sparrow (Melospiza melodia) population over 38 years to estimate the influence of nest-site preference on reproductive success and to test whether relative microclimate or food availability may act as cues for early season site selection. Female sparrows in preferred early season nest sites had earlier laying dates, exhibited more energetically efficient incubation behaviour and produced more offspring that recruited to the population than those nesting in less-preferred sites.\r\nPreference for potential nesting sites was positively related to leaf damage by Lepidopteran larvae, an indicator of food abundance, negatively related to early season microclimate, likely due to greater vegetation cover, and unrelated to site-specific plant phenology. Our findings show that breeding in preferred, high-quality habitat may offer females a fitness advantage by facilitating early laying and the production of offspring more likely to recruit to the population at a lower potential reproductive cost to the parent. We provide a clear demonstration of potential links between habitat preference and quality and their contributions to the ecology and life history of animals in seasonal environments.", "keywords": ["micro-climate", "Melospiza melodia", "timing of breeding", "Recruitment", "food availability", "habitat quality", "song sparrow", "incubation behaviour", "lay date"], "usageNotes": "<div class=\"o-metadata__file-usage-entry\"><h4 class=\"o-heading__level3-file-title\">Reproductive, incubation, micro-climate, and phenology data</h4><div class=\"o-metadata__file-description\">This Microsoft Excel file contains 10 tabs, 5 of which contain data and 5 a description of variables. These include: all data associated with components of reproduction (Table 1), measures of incubation behaviour (Table 2), plant phenology and insect abundance (Results), and cell-specific micro-climate (Table 3, Fig S3).</div><div class=\"o-metadata__file-name\">Germain_et.al_FunctionalEcology_Data.xlsx</br></div></div>", "locations": [{"place": "Coastal British Columbia"}], "relatedWorks": [{"relationship": "Cites", "identifierType": "DOI", "identifier": "https://doi.org/10.1111/1365-2435.12461"}], "versionNumber": 1, "versionStatus": "submitted", "curationStatus": "Published", "publicationDate": "2015-04-20", "lastModificationDate": "2020-06-24", "visibility": "public", "sharingLink": "https://datadryad.org/stash/share/dX0BpGN2-k-FqRPHW9IcNHZxZg2TwewaqWL_Hvbol04", "userId": 30017, "license": "https://creativecommons.org/publicdomain/zero/1.0/"}