{"_links": {"self": {"href": "/api/v2/datasets/doi%3A10.5061%2Fdryad.5d3rq"}, "stash:versions": {"href": "/api/v2/datasets/doi%3A10.5061%2Fdryad.5d3rq/versions"}, "stash:version": {"href": "/api/v2/versions/20283"}, "stash:download": {"href": "/api/v2/datasets/doi%3A10.5061%2Fdryad.5d3rq/download"}, "curies": [{"name": "stash", "href": "https://github.com/CDL-Dryad/stash/blob/main/stash_api/link-relations.md#{rel}", "templated": "true"}]}, "identifier": "doi:10.5061/dryad.5d3rq", "id": 20219, "storageSize": 1063377, "title": "Data from: A simple approach for maximizing the overlap of phylogenetic and comparative data", "authors": [{"firstName": "Matthew W.", "lastName": "Pennell", "affiliation": "University of British Columbia", "affiliationROR": "https://ror.org/03rmrcq20"}, {"firstName": "Richard G.", "lastName": "FitzJohn", "affiliation": "Macquarie University", "affiliationROR": "https://ror.org/01sf06y89"}, {"firstName": "William K.", "lastName": "Cornwell", "affiliation": "UNSW Sydney", "affiliationROR": "https://ror.org/03r8z3t63"}], "abstract": "Biologists are increasingly using curated, public data sets to conduct phylogenetic comparative analyses. Unfortunately, there is often a mismatch between species for which there is phylogenetic data and those for which other data are available. As a result, researchers are commonly forced to either drop species from analyses entirely or else impute the missing data.\r\nA simple strategy to improve the overlap of phylogenetic and comparative data is to swap species in the tree that lack data with \u2018phylogenetically equivalent\u2019 species that have data. While this procedure is logically straightforward, it quickly becomes very challenging to do by hand. Here, we present algorithms that use topological and taxonomic information to maximize the number of swaps without altering the structure of the phylogeny.\r\nWe have implemented our method in a new R package phyndr, which will allow researchers to apply our algorithm to empirical data sets. It is relatively efficient such that taxon swaps can be quickly computed, even for large trees. To facilitate the use of taxonomic knowledge, we created a separate data package taxonlookup; it contains a curated, versioned taxonomic lookup for land plants and is interoperable with phyndr.\r\nEmerging online data bases and statistical advances are making it possible for researchers to investigate evolutionary questions at unprecedented scales. However, in this effort species mismatch among data sources will increasingly be a problem; evolutionary informatics tools, such as phyndr and taxonlookup, can help alleviate this issue.", "keywords": ["data imputation", "Embryophyta", "phylogenetic comparative method", "taxonomy", "missing data"], "usageNotes": "<div class=\"o-metadata__file-usage-entry\"><h4 class=\"o-heading__level3-file-title\">Land plant taxonomic lookup table</h4><div class=\"o-metadata__file-description\">This dataset is a stable version (version 1.0.1) of the dataset contained in the taxonlookup R package (see https://github.com/traitecoevo/taxonlookup for the most recent version). It contains a taxonomic reference table for 16,913 genera of land plants along with the number of recognized species in each genus.</div><div class=\"o-metadata__file-name\">plant_lookup.csv</br></div></div>", "relatedWorks": [{"relationship": "Cites", "identifierType": "DOI", "identifier": "https://doi.org/10.1111/2041-210X.12517"}], "versionNumber": 1, "versionStatus": "submitted", "curationStatus": "Published", "publicationDate": "2016-11-23", "lastModificationDate": "2020-06-24", "visibility": "public", "sharingLink": "https://datadryad.org/stash/share/n6ncmxsZCoO7XdnK1V41BbnUIMewRl8UZrgbaE3KA-w", "userId": 16286, "license": "https://creativecommons.org/publicdomain/zero/1.0/"}