{"_links": {"self": {"href": "/api/v2/datasets/doi%3A10.5061%2Fdryad.1f090"}, "stash:versions": {"href": "/api/v2/datasets/doi%3A10.5061%2Fdryad.1f090/versions"}, "stash:version": {"href": "/api/v2/versions/18590"}, "stash:download": {"href": "/api/v2/datasets/doi%3A10.5061%2Fdryad.1f090/download"}, "curies": [{"name": "stash", "href": "https://github.com/CDL-Dryad/stash/blob/main/stash_api/link-relations.md#{rel}", "templated": "true"}]}, "identifier": "doi:10.5061/dryad.1f090", "id": 18527, "storageSize": 23788, "title": "Data from: Warming alters food web-driven changes in the CO2 flux of experimental pond ecosystems", "authors": [{"firstName": "Trisha B.", "lastName": "Atwood", "affiliation": "University of British Columbia", "affiliationROR": "https://ror.org/03rmrcq20"}, {"firstName": "Edd", "lastName": "Hammill", "affiliation": "Utah State University", "affiliationROR": "https://ror.org/00h6set76"}, {"firstName": "Pavel", "lastName": "Kratina", "affiliation": "Queen Mary University of London", "affiliationROR": "https://ror.org/026zzn846"}, {"firstName": "Hamish S.", "lastName": "Greig", "affiliation": "University of Maine", "affiliationROR": "https://ror.org/01adr0w49"}, {"firstName": "Jonathan B.", "lastName": "Shurin", "affiliation": "Section of Ecology, Behavior and Evolution, University of California-San Diego, La Jolla, CA 92093, USA"}, {"firstName": "John S.", "lastName": "Richardson", "affiliation": "University of British Columbia", "affiliationROR": "https://ror.org/03rmrcq20"}], "abstract": "Evidence shows the important role biota play in the carbon cycle, and strategic management of plant and animal populations could enhance CO2 uptake in aquatic ecosystems. However, it is currently unknown how management-driven changes to community structure may interact with climate warming and other anthropogenic perturbations to alter CO2 fluxes. Here we showed that under ambient water temperatures, predators (three-spined stickleback) and nutrient enrichment synergistically increased primary producer biomass, resulting in increased CO2 uptake by mesocosms in early dawn. However, a 3\u00b0C increase in water temperatures counteracted positive effects of predators and nutrients, leading to reduced primary producer biomass and a switch from CO2 influx to efflux. This confounding effect of temperature demonstrates that climate scenarios must be accounted for when undertaking ecosystem management actions to increase biosequestration.", "keywords": ["Carbon cycling", "trophic cascades", "biosequestration"], "usageNotes": "<div class=\"o-metadata__file-usage-entry\"><h4 class=\"o-heading__level3-file-title\">Effects of temperature, nutrients and predators on CO2 fluxes and communities in pond mesocosms</h4><div class=\"o-metadata__file-description\">This data represents the independent and combined effects of increased temperatures (3 C), nutrient additions, and addition of predators (Three-Spined Stickelback) to carbon dioxide fluxes, primary producers biomass (periphyton + phytoplankton) and consumer biomass in pond mesocosms. Responses were measure after 12 and 16 months from initiation of perturbations. Study took place at the University of British Columbia's (Vancouver, Canada) experimental pond facility in 2010.</div><div class=\"o-metadata__file-name\">Pond data.csv</br></div></div>", "relatedWorks": [{"relationship": "Cites", "identifierType": "DOI", "identifier": "https://doi.org/10.1098/rsbl.2015.0785"}], "versionNumber": 1, "versionStatus": "submitted", "curationStatus": "Published", "publicationDate": "2015-11-06", "lastModificationDate": "2020-06-30", "visibility": "public", "sharingLink": "https://datadryad.org/stash/share/f_zqBkWuko2DYtthpDa21eks60oZ3y4jXcZefF6IAAY", "userId": 16434, "license": "https://creativecommons.org/publicdomain/zero/1.0/"}