{"_links": {"self": {"href": "/api/v2/datasets/doi%3A10.5061%2Fdryad.dh7cd36"}, "stash:versions": {"href": "/api/v2/datasets/doi%3A10.5061%2Fdryad.dh7cd36/versions"}, "stash:version": {"href": "/api/v2/versions/17922"}, "stash:download": {"href": "/api/v2/datasets/doi%3A10.5061%2Fdryad.dh7cd36/download"}, "curies": [{"name": "stash", "href": "https://github.com/CDL-Dryad/stash/blob/main/stash_api/link-relations.md#{rel}", "templated": "true"}]}, "identifier": "doi:10.5061/dryad.dh7cd36", "id": 17860, "storageSize": 32822, "title": "Data from: Estimating density for species conservation: comparing camera trap spatial count models to genetic spatial capture-recapture models", "authors": [{"firstName": "Joanna M.", "lastName": "Burgar", "affiliation": "University of British Columbia", "affiliationROR": "https://ror.org/03rmrcq20"}, {"firstName": "Frances E. C.", "lastName": "Stewart"}, {"firstName": "John P.", "lastName": "Volpe", "affiliation": "University of Victoria", "affiliationROR": "https://ror.org/04s5mat29"}, {"firstName": "Jason T.", "lastName": "Fisher", "affiliation": "University of Victoria", "affiliationROR": "https://ror.org/04s5mat29"}, {"firstName": "A. Cole", "lastName": "Burton", "affiliation": "University of British Columbia", "affiliationROR": "https://ror.org/03rmrcq20"}, {"firstName": "Frances E.C.", "lastName": "Stewart", "affiliation": "University of Victoria", "affiliationROR": "https://ror.org/04s5mat29"}], "abstract": "Density estimation is integral to the effective conservation and management of wildlife. Camera traps in conjunction with spatial capture-recapture (SCR) models have been used to accurately and precisely estimate densities of \u201cmarked\u201d wildlife populations comprising identifiable individuals. The emergence of spatial count (SC) models holds promise for cost-effective density estimation of \u201cunmarked\u201d wildlife populations when individuals are not identifiable. We evaluated model agreement, precision, and survey costs, between i) a fully marked approach using SCR models fit using non-invasive genetic data, and ii) an unmarked approach using SC models fit using camera trap data, for a recovering population of the mesocarnivore fisher (Pekania pennanti). The SCR density estimates ranged from 2.95 to 3.42 (2.18\u20135.19 95% BCI) fishers 100\u202fkm\u22122. The SC density estimates were influenced by their priors, ranging from 0.95 (0.65\u20132.95 95% BCI) fishers 100\u202fkm\u22122 for the uninformative model to 3.60 (2.01\u20137.55 95% BCI) fishers 100 km\u22122 for the model informed by prior knowledge of a 16\u202fkm2 fisher home range. We caution against using strongly informative priors but instead recommend using a range of unweighted prior knowledge. Thin detection data was problematic for both SCR and SC models, potentially producing biased low estimates. The total cost of the genetic survey ($47 610) was two-thirds of the camera trap survey ($77 080), or comparable ($75 746) if genetic sampling effort was increased to include sex and trap-behaviour covariates in SCR models. Density estimation of unmarked populations continues to be a series of trade-offs but as methods improve and integrate, so will our estimates.", "keywords": ["Pekania pennanti"], "usageNotes": "<div class=\"o-metadata__file-usage-entry\"><h4 class=\"o-heading__level3-file-title\">Trap Deployment File (TDF)</h4><div class=\"o-metadata__file-description\">Site location data</div><div class=\"o-metadata__file-name\">TDF.csv</br></div></div><div class=\"o-metadata__file-usage-entry\"><h4 class=\"o-heading__level3-file-title\">Encounter Data File (EDF)</h4><div class=\"o-metadata__file-description\">Individual encounter histories for SCR models.</div><div class=\"o-metadata__file-name\">edf.csv</br></div></div><div class=\"o-metadata__file-usage-entry\"><h4 class=\"o-heading__level3-file-title\">Fisher Camera Detections</h4><div class=\"o-metadata__file-description\">Unmarked fisher camera detection data</div><div class=\"o-metadata__file-name\">Fisher_60min2016_matrix.csv</br></div></div>", "locations": [{"place": "Canada"}], "relatedWorks": [{"relationship": "Cites", "identifierType": "DOI", "identifier": "https://doi.org/10.1016/j.gecco.2018.e00411"}], "versionNumber": 1, "versionStatus": "submitted", "curationStatus": "Published", "publicationDate": "2019-07-05", "lastModificationDate": "2020-06-24", "visibility": "public", "sharingLink": "https://datadryad.org/stash/share/U4SDkLKOlkXPnV8VfSELj7RUluA3FqlMOsQN_RSjlC4", "userId": 15362, "license": "https://creativecommons.org/publicdomain/zero/1.0/"}