{"_links": {"self": {"href": "/api/v2/datasets/doi%3A10.5061%2Fdryad.0015b"}, "stash:versions": {"href": "/api/v2/datasets/doi%3A10.5061%2Fdryad.0015b/versions"}, "stash:version": {"href": "/api/v2/versions/12062"}, "stash:download": {"href": "/api/v2/datasets/doi%3A10.5061%2Fdryad.0015b/download"}, "curies": [{"name": "stash", "href": "https://github.com/CDL-Dryad/stash/blob/main/stash_api/link-relations.md#{rel}", "templated": "true"}]}, "identifier": "doi:10.5061/dryad.0015b", "id": 12018, "storageSize": 107023, "title": "Data from: Resolving the conundrum of inbreeding depression but no inbreeding avoidance: estimating sex-specific selection on inbreeding by song sparrows (Melospiza melodia)", "authors": [{"firstName": "Jane M.", "lastName": "Reid", "affiliation": "University of Aberdeen", "affiliationROR": "https://ror.org/016476m91"}, {"firstName": "Peter", "lastName": "Arcese", "affiliation": "University of British Columbia", "affiliationROR": "https://ror.org/03rmrcq20"}, {"firstName": "Greta", "lastName": "Bocedi", "affiliation": "University of Aberdeen", "affiliationROR": "https://ror.org/016476m91"}, {"firstName": "Alexander Bradley", "lastName": "Duthie", "affiliation": "University of Aberdeen", "affiliationROR": "https://ror.org/016476m91"}, {"firstName": "Matthew Ernest", "lastName": "Wolak", "affiliation": "University of Aberdeen", "affiliationROR": "https://ror.org/016476m91"}, {"firstName": "Lukas F.", "lastName": "Keller", "affiliation": "University of Zurich", "affiliationROR": "https://ror.org/02crff812"}], "abstract": "Inbreeding avoidance among interacting females and males is not always observed despite inbreeding depression in offspring fitness, creating an apparent \u2018inbreeding paradox\u2019. This paradox could be resolved if selection against inbreeding was in fact weak, despite inbreeding depression. However, the net magnitude and direction of selection on the degree to which females and males inbreed by pairing with relatives has not been explicitly estimated. We used long-term pedigree data to estimate phenotypic selection gradients on the degree of inbreeding that female and male song sparrows (Melospiza melodia) expressed by forming socially-persistent breeding pairs with relatives. Fitness was measured as the total numbers of offspring and grand-offspring contributed to the population, and as corresponding expected numbers of identical-by-descent allele copies, thereby accounting for variation in offspring survival, reproduction and relatedness associated with variation in parental inbreeding. Estimated selection gradients on the degree to which individuals paired with relatives were weakly positive in females, but negative in males that formed at least one socially-persistent pairing. However, males that paired had higher mean fitness than males that remained socially unpaired. These analyses suggest that net selection against inbreeding may be weak in both sexes despite strong inbreeding depression, thereby resolving the \u2018inbreeding paradox\u2019.", "keywords": ["Melospiza melodia", "reproductive strategies", "Selection - Natural", "Holocene", "Mating Systems", "Inbreeding"], "usageNotes": "<div class=\"o-metadata__file-usage-entry\"><h4 class=\"o-heading__level3-file-title\">Female Annual Reproductive Success Data</h4><div class=\"o-metadata__file-description\">This file contains data required for the analyses of female annual reproductive success in relation to the female's mean kinship with the socially-paired males with which she made each breeding attempt across her lifetime.\r\nThis analysis is presented in the paper's Supporting Information.</div><div class=\"o-metadata__file-name\">FemaleARSDryadFinal.txt</br></div></div><div class=\"o-metadata__file-usage-entry\"><h4 class=\"o-heading__level3-file-title\">Female Kinship Data</h4><div class=\"o-metadata__file-description\">This file contains the raw data underlying the calculation of each female's mean kinship with the socially-paired males with which she made each breeding attempt.</div><div class=\"o-metadata__file-name\">FemaleKDryadFinal.txt</br></div></div><div class=\"o-metadata__file-usage-entry\"><h4 class=\"o-heading__level3-file-title\">Female Lifespan Data</h4><div class=\"o-metadata__file-description\">This file contains data required for the analyses of female lifespan in relation to the female's mean kinship with the socially-paired males with which she made each breeding attempt across her lifetime.\r\nThis analysis is presented in the paper's Supporting Information.</div><div class=\"o-metadata__file-name\">FemaleLifeDryadFinal.txt</br></div></div><div class=\"o-metadata__file-usage-entry\"><h4 class=\"o-heading__level3-file-title\">Female Lifetime Reproductive Success Data</h4><div class=\"o-metadata__file-description\">This file contains data required for the analyses of female lifetime reproductive success in relation to the female's mean kinship with the socially-paired males with which she made each breeding attempt.</div><div class=\"o-metadata__file-name\">FemaleLRSDryadFinal.txt</br></div></div><div class=\"o-metadata__file-usage-entry\"><h4 class=\"o-heading__level3-file-title\">Male Annual Reproductive Success Data</h4><div class=\"o-metadata__file-description\">This file contains data required for the analyses of male annual reproductive success in relation to the male's mean kinship with the socially-paired females with which he made each breeding attempt across his lifetime.\r\nThis analysis is presented in the paper's Supporting Information.</div><div class=\"o-metadata__file-name\">MaleARSDryadFinal.txt</br></div></div><div class=\"o-metadata__file-usage-entry\"><h4 class=\"o-heading__level3-file-title\">Male Kinship Data</h4><div class=\"o-metadata__file-description\">This file contains the raw data underlying the calculation of each male's mean kinship with the socially-paired females with which he made each breeding attempt.</div><div class=\"o-metadata__file-name\">MaleKDryadFinal.txt</br></div></div><div class=\"o-metadata__file-usage-entry\"><h4 class=\"o-heading__level3-file-title\">Male Lifespan Data</h4><div class=\"o-metadata__file-description\">This file contains data required for the analyses of male lifespan in relation to the male's mean kinship with the socially-paired females with which he made each breeding attempt across his lifetime.\r\nThis analysis is presented in the paper's Supporting Information.</div><div class=\"o-metadata__file-name\">MaleLifeDryadFinal.txt</br></div></div><div class=\"o-metadata__file-usage-entry\"><h4 class=\"o-heading__level3-file-title\">Male Lifetime Reproductive Success Data</h4><div class=\"o-metadata__file-description\">This file contains data required for the analyses of male lifetime reproductive success in relation to the male's mean kinship with the socially-paired females with which he made each breeding attempt.</div><div class=\"o-metadata__file-name\">MaleLRSDryadFinal.txt</br></div></div>", "locations": [{"place": "Canada"}, {"place": "British Columbia"}], "relatedWorks": [{"relationship": "Cites", "identifierType": "DOI", "identifier": "https://doi.org/10.1111/evo.12780"}], "versionNumber": 1, "versionStatus": "submitted", "curationStatus": "Published", "publicationDate": "2015-09-18", "lastModificationDate": "2020-06-30", "visibility": "public", "sharingLink": "https://datadryad.org/stash/share/Bc7h--DqjdqPPlRXPJufdm2GZyRaM6pfHhFT5dVlaa8", "userId": 97, "license": "https://creativecommons.org/publicdomain/zero/1.0/"}