{"_links": {"self": {"href": "/api/v2/datasets/doi%3A10.5061%2Fdryad.8625cv1"}, "stash:versions": {"href": "/api/v2/datasets/doi%3A10.5061%2Fdryad.8625cv1/versions"}, "stash:version": {"href": "/api/v2/versions/26145"}, "stash:download": {"href": "/api/v2/datasets/doi%3A10.5061%2Fdryad.8625cv1/download"}, "curies": [{"name": "stash", "href": "https://github.com/CDL-Dryad/stash/blob/main/stash_api/link-relations.md#{rel}", "templated": "true"}]}, "identifier": "doi:10.5061/dryad.8625cv1", "id": 26072, "storageSize": 221994, "title": "Data from: Climate impacts on the ocean are making the Sustainable Development Goals a moving target traveling away from us", "authors": [{"firstName": "Gerald G.", "lastName": "Singh", "affiliation": "University of British Columbia", "affiliationROR": "https://ror.org/03rmrcq20"}, {"firstName": "Nathalie", "lastName": "Hilmi", "affiliation": "Centre Scientifique de Monaco Monaco Monaco"}, {"firstName": "Joey R.", "lastName": "Bernhardt", "affiliation": "University of British Columbia", "affiliationROR": "https://ror.org/03rmrcq20"}, {"firstName": "Andres M.", "lastName": "Cisneros Montemayor", "affiliation": "University of British Columbia", "affiliationROR": "https://ror.org/03rmrcq20"}, {"firstName": "Madeline", "lastName": "Cashion", "affiliation": "University of British Columbia", "affiliationROR": "https://ror.org/03rmrcq20"}, {"firstName": "Yoshitaka", "lastName": "Ota", "affiliation": "University of Washington", "affiliationROR": "https://ror.org/00cvxb145"}, {"firstName": "Sevil", "lastName": "Acar", "affiliation": "Bo\u011fazi\u00e7i University", "affiliationROR": "https://ror.org/03z9tma90"}, {"firstName": "Jason M.", "lastName": "Brown", "affiliation": "Simon Fraser University", "affiliationROR": "https://ror.org/0213rcc28"}, {"firstName": "Richard", "lastName": "Cottrell", "affiliation": "University of Tasmania", "affiliationROR": "https://ror.org/01nfmeh72"}, {"firstName": "Salpie", "lastName": "Djoundourian", "affiliation": "Lebanese American University", "affiliationROR": "https://ror.org/00hqkan37"}, {"firstName": "Pedro C.", "lastName": "Gonzalez-Espinosa", "affiliation": "University of British Columbia", "affiliationROR": "https://ror.org/03rmrcq20"}, {"firstName": "Vicky", "lastName": "Lam", "affiliation": "University of British Columbia", "affiliationROR": "https://ror.org/03rmrcq20"}, {"firstName": "Nadine", "lastName": "Marshall", "affiliation": "James Cook University", "affiliationROR": "https://ror.org/04gsp2c11"}, {"firstName": "Barbara", "lastName": "Neumann", "affiliation": "Institute for Advanced Sustainability Studies", "affiliationROR": "https://ror.org/01vvnmw35"}, {"firstName": "Nicolas", "lastName": "Pascal", "affiliation": "Centre de Recherches Insulaires et Observatoire de l'Environnement", "affiliationROR": "https://ror.org/02tp7mm44"}, {"firstName": "Gabriel", "lastName": "Reygondeau", "affiliation": "University of British Columbia", "affiliationROR": "https://ror.org/03rmrcq20"}, {"firstName": "Joacim", "lastName": "Rocklov", "affiliation": "Ume\u00e5 University", "affiliationROR": "https://ror.org/05kb8h459"}, {"firstName": "Alain", "lastName": "Safa", "affiliation": "Skill Partners Grasse France"}, {"firstName": "Laura R.", "lastName": "Virto", "affiliation": "European Institute for Marine Studies", "affiliationROR": "https://ror.org/04pfr1b11"}, {"firstName": "William", "lastName": "Cheung", "affiliation": "University of British Columbia", "affiliationROR": "https://ror.org/03rmrcq20"}], "abstract": "1.\tClimate change is impacting marine ecosystems and their goods and services in diverse ways, which can directly hinder our ability to achieve the Sustainable Development Goals, set out under the 2030 Agenda for Sustainable Development. \r\n2.\tThrough expert elicitation and a literature review, we find that most climate change effects have a wide variety of negative consequences across marine ecosystem services, though most studies have highlighted impacts from warming and consequences to marine species. \r\n3.\tClimate change is expected to negatively influence marine ecosystem services through global stressors \u2013 such as ocean warming and acidification \u2013 but also by amplifying local and regional stressors such as freshwater runoff and pollution load. \r\n4.\tExperts indicated that all Sustainable Development Goals would be overwhelmingly negatively affected by these climate impacts to marine ecosystem services, with eliminating hunger being among the most directly negatively affected Sustainable Development Goal. \r\n5.\tDespite these challenges, the Sustainable Development Goals aiming to transform our consumption and production practices and develop clean energy systems are found to be least affected by marine climate impacts. These findings represent a strategic point of entry for countries to achieve sustainable development, given that these two goals are relatively robust to climate impacts and that they are important pre-requisite for other Sustainable Development Goals. \r\n6.\tOur results suggest that climate change impacts on marine ecosystems are set to make the Sustainable Development Goals a moving target traveling away from us. Effective and urgent action towards sustainable development, including mitigating and adapting to climate impacts on marine systems are important to achieve the Sustainable Development Goals, but the longer this action stalls the more distant these goals will become.", "keywords": ["Expert elicitation", "ocean sustainability", "marine ecosystem services", "Sustainable Development Goals"], "usageNotes": "<div class=\"o-metadata__file-usage-entry\"><h4 class=\"o-heading__level3-file-title\">Relationships of impacted ocean ecosystem services to SDGs</h4><div class=\"o-metadata__file-description\">A matrix of affects of impacted marine ecosystem services across SDG targets. Expert comments and supporting literature are provided in comment boxes corresponding to specific cells. Certainty categories are also indicated for each relationship</div><div class=\"o-metadata__file-name\">Supplement - all relationships ES SDG.xlsx</br></div></div><div class=\"o-metadata__file-usage-entry\"><h4 class=\"o-heading__level3-file-title\">Mechanisms of climate change impacts to marine ecosystem services</h4><div class=\"o-metadata__file-description\">A database of mechanisms of climate change impacts to marine ecosystem services based on a scoping review of the published literature from 2012-2018</div><div class=\"o-metadata__file-name\">Supplement - CC mechanisms.xlsx</br></div></div>", "relatedWorks": [{"relationship": "Cites", "identifierType": "DOI", "identifier": "https://doi.org/10.1002/pan3.26"}], "versionNumber": 1, "versionStatus": "submitted", "curationStatus": "Published", "publicationDate": "2019-06-14", "lastModificationDate": "2020-06-24", "visibility": "public", "sharingLink": "https://datadryad.org/stash/share/5Opo8nuuAYoEqC6sDtMXhFqbeu-WfXap5KP0mX6OOH0", "userId": 25365, "license": "https://creativecommons.org/publicdomain/zero/1.0/"}