{"_links": {"self": {"href": "/api/v2/datasets/doi%3A10.5061%2Fdryad.kv3k3"}, "stash:versions": {"href": "/api/v2/datasets/doi%3A10.5061%2Fdryad.kv3k3/versions"}, "stash:version": {"href": "/api/v2/versions/24195"}, "stash:download": {"href": "/api/v2/datasets/doi%3A10.5061%2Fdryad.kv3k3/download"}, "curies": [{"name": "stash", "href": "https://github.com/CDL-Dryad/stash/blob/main/stash_api/link-relations.md#{rel}", "templated": "true"}]}, "identifier": "doi:10.5061/dryad.kv3k3", "id": 24131, "storageSize": 1347824, "title": "Data from: Refining the conditions for sympatric ecological speciation", "authors": [{"firstName": "Florence", "lastName": "D\u00e9barre", "affiliation": "University of British Columbia", "affiliationROR": "https://ror.org/03rmrcq20"}], "abstract": "Can speciation occur in a single population when different types of resources are available, in the absence of any geographical isolation, or any spatial or temporal variation in selection? The controversial topics of sympatric speciation and ecological speciation have already stimulated many theoretical studies, most of them agreeing on the fact that mechanisms generating disruptive selection, some level of assortment, and enough heterogeneity in the available resources, are critical for sympatric speciation to occur. Few studies, however, have combined the three factors and investigated their interactions. In this article, I analytically derive conditions for sympatric speciation in a general model where the distribution of resources can be uni- or bimodal, and where a parameter controls the range of resources that an individual can exploit. This approach bridges the gap between models of a unimodal continuum of resources and Levene-type models with discrete resources. I then test these conditions against simulation results from a recently published article (Thibert-Plante and Hendry 2011) and confirm that sympatric ecological speciation is favoured when (i) selection is disruptive (ie, individuals with an intermediate trait are at a local fitness minimum), (ii) resources are differentiated enough, and (iii) mating is assortative. I also discuss the role of mating preference functions, and the need (or lack thereof) for bimodality in resource distributions for diversification.", "keywords": ["quantitative genetics", "Ecological Genetics", "Theory", "Adaptive dynamics", "speciation"], "usageNotes": "<div class=\"o-metadata__file-usage-entry\"><h4 class=\"o-heading__level3-file-title\">FDebarre_JEB-2621_SuppInfo-Mathematica</h4><div class=\"o-metadata__file-description\">Mathematica notebook with the analytical derivations of the results.</div><div class=\"o-metadata__file-name\"></div></div><div class=\"o-metadata__file-usage-entry\"><h4 class=\"o-heading__level3-file-title\">FDebarre_JEB-2621_R-scripts</h4><div class=\"o-metadata__file-description\">Zipped folder with all the R scripts used in the study. To evaluate them, unzip the folder, launch R, go to the folder where the scripts are, and type source('MASTERFILE.R') . All the figures will be created and saved as pdfs in the figures folder.</div><div class=\"o-metadata__file-name\"></div></div><div class=\"o-metadata__file-usage-entry\"><h4 class=\"o-heading__level3-file-title\">FDebarre_JEB_2621_Appendix</h4><div class=\"o-metadata__file-description\">pdf printout of the Mathematica and R files.</div><div class=\"o-metadata__file-name\">FDebarre-JEB_2621_Appendix.pdf</br></div></div><div class=\"o-metadata__file-usage-entry\"><h4 class=\"o-heading__level3-file-title\">FDebarre_JEB-2621_FigsS1-4</h4><div class=\"o-metadata__file-description\">Supplementary figures.</div><div class=\"o-metadata__file-name\"></div></div>", "relatedWorks": [{"relationship": "Cites", "identifierType": "DOI", "identifier": "https://doi.org/10.1111/j.1420-9101.2012.02621.x"}], "versionNumber": 1, "versionStatus": "submitted", "curationStatus": "Published", "publicationDate": "2012-09-12", "lastModificationDate": "2020-06-24", "visibility": "public", "sharingLink": "https://datadryad.org/stash/share/iuLy7quy6UavPPDodlc8VZ6m2_N0mhLDxfO8oW2qSrc", "userId": 14219, "license": "https://creativecommons.org/publicdomain/zero/1.0/"}