{"_links": {"self": {"href": "/api/v2/datasets/doi%3A10.5061%2Fdryad.91741"}, "stash:versions": {"href": "/api/v2/datasets/doi%3A10.5061%2Fdryad.91741/versions"}, "stash:version": {"href": "/api/v2/versions/12272"}, "stash:download": {"href": "/api/v2/datasets/doi%3A10.5061%2Fdryad.91741/download"}, "curies": [{"name": "stash", "href": "https://github.com/CDL-Dryad/stash/blob/main/stash_api/link-relations.md#{rel}", "templated": "true"}]}, "identifier": "doi:10.5061/dryad.91741", "id": 12228, "storageSize": 91621, "title": "Data from: A test of hybrid growth disadvantage in wild, free-ranging species pairs of threespine sticklebacks (Gasterosteus aculeatus) and its implications for ecological speciation", "authors": [{"firstName": "Eric B.", "lastName": "Taylor", "affiliation": "University of British Columbia", "affiliationROR": "https://ror.org/03rmrcq20"}, {"firstName": "Carling", "lastName": "Gerlinsky", "affiliation": "University of British Columbia", "affiliationROR": "https://ror.org/03rmrcq20"}, {"firstName": "Nicole", "lastName": "Farrell", "affiliation": "University of British Columbia", "affiliationROR": "https://ror.org/03rmrcq20"}, {"firstName": "Jennifer L.", "lastName": "Gow", "affiliation": "University of British Columbia", "affiliationROR": "https://ror.org/03rmrcq20"}], "abstract": "Ecological speciation is the evolution of reproductive isolation as a direct or indirect consequence of divergent natural selection. Reduced performance of hybrids in nature is thought to be an important process by which natural selection can favour the evolution of assortative mating and drive speciation. Benthic and limnetic sympatric species of threespine stickleback (Gasterosteus aculeatus) are adapted to alternative trophic niches (bottom browsing versus open water planktivory, respectively) and reduced feeding performance of hybrids is thought to have contributed to the evolution of reproductive isolation. We tested this \u201chybrid-disadvantage hypothesis\u201d by inferring growth rates from otoliths sampled from wild, free-ranging benthic, limnetic, and hybrid sticklebacks from two lakes. There were significant differences in growth rate between lakes, life-history stages, and among years (maximum P = 0.02), as well as interactions between most factors, but not between hybrid and parental species sticklebacks in most comparisons. Our results provide little evidence of a growth disadvantage in hybrid sticklebacks when free-ranging in nature. While trophic ecology per se may contribute less to ecological speciation than envisioned, it may act in concert with other aspects of stickleback biology, such as interactions with parasites, predators, competitors and/or sexual selection, to present strong multifarious selection against hybrids.", "keywords": ["adaptive radiation", "Selection - Natural", "otoliths", "hybridization", "Holocene", "Gasterosteus aculeatus"], "usageNotes": "<div class=\"o-metadata__file-usage-entry\"><h4 class=\"o-heading__level3-file-title\">Stickleback age and otolith growth data</h4><div class=\"o-metadata__file-description\">The file is an excel spreadsheet with different tabs holding data for stickleback fish, their estimated ages (from otolith growth ring counts) and the size of the otolith used to age the fish, from which otolith growth rates were calculated. Also shown are the id's of each fish and their estimated admixture/hybridity coefficients.</div><div class=\"o-metadata__file-name\">dryadentry.xls</br></div></div>", "locations": [{"place": "southwestern British Columbia"}], "relatedWorks": [{"relationship": "Cites", "identifierType": "DOI", "identifier": "https://doi.org/10.1111/j.1558-5646.2011.01439.x"}], "versionNumber": 1, "versionStatus": "submitted", "curationStatus": "Published", "publicationDate": "2011-07-25", "lastModificationDate": "2020-06-24", "visibility": "public", "sharingLink": "https://datadryad.org/stash/share/uzV5XR_AEiZFx9h0yiV9eLgRtrUMddEF_EPAYGL2TOE", "userId": 5534, "license": "https://creativecommons.org/publicdomain/zero/1.0/"}