{"_links": {"self": {"href": "/api/v2/datasets/doi%3A10.5061%2Fdryad.51c59zw4z"}, "stash:versions": {"href": "/api/v2/datasets/doi%3A10.5061%2Fdryad.51c59zw4z/versions"}, "stash:version": {"href": "/api/v2/versions/60205"}, "stash:download": {"href": "/api/v2/datasets/doi%3A10.5061%2Fdryad.51c59zw4z/download"}, "curies": [{"name": "stash", "href": "https://github.com/CDL-Dryad/stash/blob/main/stash_api/link-relations.md#{rel}", "templated": "true"}]}, "identifier": "doi:10.5061/dryad.51c59zw4z", "id": 44135, "storageSize": 121939, "title": "Long-term logging residue loadings affect tree growth but not soil nutrients in lodgepole pine forests", "authors": [{"firstName": "Jianping", "lastName": "Wu", "email": "jianping.wu@yun.edu.cn", "affiliation": "Yunnan University", "affiliationROR": "https://ror.org/0040axw97", "orcid": "0000-0002-5784-834X"}, {"firstName": "Xiaohua", "lastName": "Wei", "email": "adam.wei@ubc.ca", "affiliation": "University of British Columbia", "affiliationROR": "https://ror.org/03rmrcq20"}, {"firstName": "Michaela", "lastName": "Waterhouse", "email": "michaela.waterhouse@gov.bc.ca", "affiliation": "Ministry of Forests, Lands and Natural Resource Operations"}, {"firstName": "Guang", "lastName": "Qi", "email": "qiguang594@163.com", "affiliation": "University of British Columbia", "affiliationROR": "https://ror.org/03rmrcq20"}], "abstract": "<p style=\"text-align:justify;\">Both above- and below-ground characteristics are affected by logging residue loadings. Long-term monitoring of tree growth and soil nutrients was conducted. We found that tree growth but not soil nutrients were affected. There were dynamic relationships between tree growth and logging residue loadings.</p>\r\n", "methods": "<p>The experiment was conducted near Satah Mountain (52<sup>o</sup>28\u2019N, 124<sup>o</sup>43\u2019W), located about 110 km northwest of Alexis Creek, west-central British Columbia, Canada. The region has a mean annual precipitation which varies between 300 and 800 mm, and much of it comes as snow during the winter. The mean annual temperature is 1.3\u00b0C and the snowing cover is usually from November to April. Four experimental treatments were randomly arranged into five blocks which are over 100 ha each in lodgepole pine plantations. Four 20 m \u00d7 20 m plots were established in each block.The treatments\u00a0were (1) removal of all logging residues (N, 0 Mg ha<sup>-1</sup>), removed manually; (2) logging residue loading similar to whole-tree-harvesting residuals left on site (W, 35-45 Mg ha<sup>-1</sup>); (3) logging residue loading similar to stem-only-harvesting residuals left on site (S, 60-70 Mg ha<sup>-1</sup>); and (4) logging residue loading similar to double that of stem-only-harvesting and more similar to disease and insects killed stands (D, 100-120 Mg ha<sup>-1</sup>). The N, W, S, and D treatments were randomly assigned to the plots within each block and no further measurements of the debris weight change over time were made.</p>\r\n\r\n<p>For tree height and base diameter data, we sampled in each plot were measured 10 times (years 1, 2, 3, 5, 6, 9, 10, 11, 14 and 19) over the study period (1996 to 2015). The units for data is cm.</p>\r\n\r\n<p>For soil\u00a0 nutrients data, we sampled in each plot\u00a0in 2001, 2006 and 2015. All soil samples were collected from 0-20 cm mineral layer.\u00a0\u00a0All soil samples were analyzed for total carbon (C), total nitrogen (N), available phosphorus (P) and exchangeable cations (Ca, K, Mg).</p>\r\n\r\n<p>For foliar nutrients, we sampled in each plot\u00a0in 2015. Foliage samples were analyzed for N, P, Ca, K, Mg, Zn, Cu, B and sulphur (S). Soil and foliage samples were analyzed at the chemistry laboratory of the British Columbia Ministry of Forests, Lands and Natural Resource Operations following their standard analytical protocols (Carter and Gregorich 2006). C and N were analyzed by elemental analyzer (Thermo Electron Corporation, MA, USA), metal elements mentioned above were analyzed by inductively coupled plasma mass spectrometer (ICP-MS, Agilent, Santa Clara, CA, USA) and available P was measured with a UV-visible spectrophotometer after extraction with acid-ammonium fluoride solution.</p>\r\n", "versionNumber": 4, "versionStatus": "submitted", "curationStatus": "Published", "publicationDate": "2020-04-09", "lastModificationDate": "2020-04-09", "visibility": "public", "sharingLink": "https://datadryad.org/stash/share/s2N2ZtWYWa6uPvPXEt2CBZHfM_lPeJyQDwq3wMLRcmU", "userId": 54263, "license": "https://creativecommons.org/publicdomain/zero/1.0/"}