{"_links": {"self": {"href": "/api/v2/datasets/doi%3A10.5061%2Fdryad.5pr61"}, "stash:versions": {"href": "/api/v2/datasets/doi%3A10.5061%2Fdryad.5pr61/versions"}, "stash:version": {"href": "/api/v2/versions/9381"}, "stash:download": {"href": "/api/v2/datasets/doi%3A10.5061%2Fdryad.5pr61/download"}, "curies": [{"name": "stash", "href": "https://github.com/CDL-Dryad/stash/blob/main/stash_api/link-relations.md#{rel}", "templated": "true"}]}, "identifier": "doi:10.5061/dryad.5pr61", "id": 9340, "storageSize": 160363, "title": "Data from: Shared genetic diversity across the global invasive range of the Monk parakeet suggests a common restricted geographic origin and the possibility of convergent selection", "authors": [{"firstName": "Pim", "lastName": "Edelaar", "affiliation": "Pablo de Olavide University", "affiliationROR": "https://ror.org/02z749649"}, {"firstName": "Severine", "lastName": "Roques", "affiliation": "Estaci\u00f3n Biol\u00f3gica de Do\u00f1ana", "affiliationROR": "https://ror.org/006gw6z14"}, {"firstName": "Elizabeth A.", "lastName": "Hobson", "affiliation": "University of Tennessee at Knoxville", "affiliationROR": "https://ror.org/020f3ap87"}, {"firstName": "Anders", "lastName": "Gon\u00e7alves da Silva", "affiliation": "Monash University", "affiliationROR": "https://ror.org/02bfwt286"}, {"firstName": "Michael L.", "lastName": "Avery", "affiliation": "New Mexico State University", "affiliationROR": "https://ror.org/00hpz7z43"}, {"firstName": "Michael A.", "lastName": "Russello", "affiliation": "University of British Columbia", "affiliationROR": "https://ror.org/03rmrcq20"}, {"firstName": "Juan Carlos", "lastName": "Senar", "affiliation": "Pablo de Olavide University", "affiliationROR": "https://ror.org/02z749649"}, {"firstName": "Timothy F.", "lastName": "Wright", "affiliation": "New Mexico State University", "affiliationROR": "https://ror.org/00hpz7z43"}, {"firstName": "Martina", "lastName": "Carrete", "affiliation": "Pablo de Olavide University", "affiliationROR": "https://ror.org/02z749649"}, {"firstName": "Jose Luis", "lastName": "Tella", "affiliation": "Estaci\u00f3n Biol\u00f3gica de Do\u00f1ana", "affiliationROR": "https://ror.org/006gw6z14"}], "abstract": "While genetic diversity is hypothesized to be an important factor explaining invasion success, there is no consensus yet on how variation in source populations or demographic processes affects invasiveness. We used mitochondrial DNA haplotypic and microsatellite genotypic data to investigate levels of genetic variation and reconstruct the history of replicate invasions on three continents in a globally invasive bird, the monk parakeet (Myiopsitta monachus). We evaluated whether genetic diversity at invasive sites could be explained by (i) the native source populations from which they were derived and (ii) demographic bottlenecks during introduction. Genetic data indicated a localized source area for most sampled invasive populations, with limited evidence for admixing of native source populations. This pattern largely coincides with historical data on pet trade exports. However, the invasive populations are genetically more similar than predicted from the export data alone. The extent of bottleneck effects varied among invasive populations. The observed low genetic diversity, evidence of demographic contraction and restricted source area do not support the hypothesis that invasion is favoured by the mixing and recombining of genetic variation from multiple source populations. Instead, they suggest that reduced genetic variation through random processes may not inhibit successful establishment and invasion in this species. However, convergent selection across invasive sites could also explain the observed patterns of reduction and similarity in genetic variation and/or the restricted source area. In general, the alternative explanation of intraspecific variation in invasive potential among genotypes or geographic areas is neglected, but warrants more attention as it could inform comparative studies and management of biological invaders.", "keywords": ["Natural Selection and Contemporary Evolution", "phylogeography", "Myiopsitta monachus", "Monk parakeet", "invasive species", "Population Genetics - Empirical"], "usageNotes": "<div class=\"o-metadata__file-usage-entry\"><h4 class=\"o-heading__level3-file-title\">Dryad microsat data Edelaar et al. 2015 monk parakeets Mol Ecol</h4><div class=\"o-metadata__file-description\">Individual genotypic data for 6 microsatellite markers, including information on population, geographic area and country of sampling.</div><div class=\"o-metadata__file-name\"></div></div><div class=\"o-metadata__file-usage-entry\"><h4 class=\"o-heading__level3-file-title\">monk parakeet mtdna aligned trimmed</h4><div class=\"o-metadata__file-description\">Alignment of all analysed mtDNA control region haplotypes, trimmed to include only overlapping parts, FASTA file format.</div><div class=\"o-metadata__file-name\"></div></div><div class=\"o-metadata__file-usage-entry\"><h4 class=\"o-heading__level3-file-title\">Dryad haplotype frequencies per population Edelaar et al. 2015 monk parakeets mol Ecol</h4><div class=\"o-metadata__file-description\">Excel file showing haplotype frequenties per population.</div><div class=\"o-metadata__file-name\"></div></div><div class=\"o-metadata__file-usage-entry\"><h4 class=\"o-heading__level3-file-title\">Dryad haplotypes per individual Edelaar et al. 2015 monk parakeets Mol Ecol</h4><div class=\"o-metadata__file-description\">Haplotype of each individual, together with population and location data.</div><div class=\"o-metadata__file-name\"></div></div>", "locations": [{"place": "South America"}, {"place": "Europe"}, {"place": "Africa"}, {"place": "North America"}], "relatedWorks": [{"relationship": "Cites", "identifierType": "DOI", "identifier": "https://doi.org/10.1111/mec.13157"}], "versionNumber": 1, "versionStatus": "submitted", "curationStatus": "Published", "publicationDate": "2015-03-17", "lastModificationDate": "2020-06-24", "visibility": "public", "sharingLink": "https://datadryad.org/stash/share/UznG_ZYdsAmfCDHFmvqhxuxDOqnOwCNu7YPDtUIzjyw", "userId": 11897, "license": "https://creativecommons.org/publicdomain/zero/1.0/"}