{"_links": {"self": {"href": "/api/v2/datasets/doi%3A10.5061%2Fdryad.b4c364r"}, "stash:versions": {"href": "/api/v2/datasets/doi%3A10.5061%2Fdryad.b4c364r/versions"}, "stash:version": {"href": "/api/v2/versions/26434"}, "stash:download": {"href": "/api/v2/datasets/doi%3A10.5061%2Fdryad.b4c364r/download"}, "curies": [{"name": "stash", "href": "https://github.com/CDL-Dryad/stash/blob/main/stash_api/link-relations.md#{rel}", "templated": "true"}]}, "identifier": "doi:10.5061/dryad.b4c364r", "id": 26361, "storageSize": 972793, "title": "Data from: Complex indirect effects of epiphytic bromeliads on the invertebrate food webs of their support tree", "authors": [{"firstName": "Pierre", "lastName": "Rogy", "affiliation": "University of British Columbia", "affiliationROR": "https://ror.org/03rmrcq20"}, {"firstName": "Edd", "lastName": "Hammill", "affiliation": "Utah State University", "affiliationROR": "https://ror.org/00h6set76"}, {"firstName": "Diane S.", "lastName": "Srivastava", "affiliation": "University of British Columbia", "affiliationROR": "https://ror.org/03rmrcq20"}], "abstract": "Ecosystem engineers are species that affect others through the provision of habitat rather than consumptive resources. The extent to which ecosystem engineers can indirectly affect entire food webs, however, is poorly understood. Epiphytic tank bromeliads (Bromeliaceae) are ecosystem engineers that are common throughout the Neotropics, and are associated with a variety of predatory arthropods. Here, we examine if bromeliads, by increasing predator densities, indirectly benefit their support tree through reduction in herbivorous insects and leaf damage. We observed and manipulated bromeliad densities in Costa Rican orange orchards, and measured impacts on leaf damage and arboreal and bromeliad invertebrate communities in two different seasons. Our results show that bromeliads are associated with predatory and herbivorous invertebrates but not leaf damage. Bromeliads were correlated with increased densities of their associated predators, especially ants and hunting spiders, but we could not confirm a causal link. Associations with bromeliads changed over time, with seasonal shifts interfering with responses to our manipulations. Bromeliads had a reduced association with predators in the dry season. Moreover, a null association between bromeliads and herbivorous invertebrates in the dry season unexpectedly became positive in the wet season. In summary, we have only limited evidence that bromeliads indirectly promote the top-down control of arboreal herbivores; instead, our manipulations suggest that bromeliads increase herbivore densities in the wet season. This research suggests that although bromeliads may act as ecosystem engineers, indirectly influencing the invertebrate food web on support trees, their effects are trophically complex and seasonally dependent.", "keywords": ["Arthropods", "Bromeliaceae", "Invertebrates"], "usageNotes": "<div class=\"o-metadata__file-usage-entry\"><h4 class=\"o-heading__level3-file-title\">dissection</h4><div class=\"o-metadata__file-name\"></div></div><div class=\"o-metadata__file-usage-entry\"><h4 class=\"o-heading__level3-file-title\">distance</h4><div class=\"o-metadata__file-name\"></div></div><div class=\"o-metadata__file-usage-entry\"><h4 class=\"o-heading__level3-file-title\">leafdamage</h4><div class=\"o-metadata__file-name\"></div></div><div class=\"o-metadata__file-usage-entry\"><h4 class=\"o-heading__level3-file-title\">vacuum</h4><div class=\"o-metadata__file-name\"></div></div>", "locations": [{"place": "Costa Rica"}], "relatedWorks": [{"relationship": "Cites", "identifierType": "DOI", "identifier": "https://doi.org/10.1111/btp.12672"}], "versionNumber": 1, "versionStatus": "submitted", "curationStatus": "Published", "publicationDate": "2019-05-06", "lastModificationDate": "2020-06-24", "visibility": "public", "sharingLink": "https://datadryad.org/stash/share/s9AT9qEZ_kf357Tf42Z1p-LtRBOIFhAuenjwPWSXOKs", "userId": 42605, "license": "https://creativecommons.org/publicdomain/zero/1.0/"}