{"_links": {"self": {"href": "/api/v2/datasets/doi%3A10.5061%2Fdryad.49td812"}, "stash:versions": {"href": "/api/v2/datasets/doi%3A10.5061%2Fdryad.49td812/versions"}, "stash:version": {"href": "/api/v2/versions/19329"}, "stash:download": {"href": "/api/v2/datasets/doi%3A10.5061%2Fdryad.49td812/download"}, "curies": [{"name": "stash", "href": "https://github.com/CDL-Dryad/stash/blob/main/stash_api/link-relations.md#{rel}", "templated": "true"}]}, "identifier": "doi:10.5061/dryad.49td812", "id": 19265, "storageSize": 69613, "title": "Data from: Maternal provisioning is structured by species\u2019 competitive neighborhoods", "authors": [{"firstName": "Rachel M.", "lastName": "Germain", "affiliation": "University of British Columbia", "affiliationROR": "https://ror.org/03rmrcq20"}, {"firstName": "Tess N.", "lastName": "Grainger", "affiliation": "University of Toronto", "affiliationROR": "https://ror.org/03dbr7087"}, {"firstName": "Natalie T.", "lastName": "Jones", "affiliation": "University of California, San Diego", "affiliationROR": "https://ror.org/0168r3w48"}, {"firstName": "Benjamin", "lastName": "Gilbert", "affiliation": "University of Toronto", "affiliationROR": "https://ror.org/03dbr7087"}], "abstract": "Differential maternal provisioning of offspring in response to environmental conditions has been argued as \u2018the missing link\u2019 in plant life histories. Although empirical evidence suggests that maternal provisioning responses to abiotic conditions are common, there is little understanding of how differences in maternal provisioning manifest in response to competition. Frequency manipulations are commonly employed in ecological studies to assess the strength of interspecific competition, relative to intraspecific competition, and we used frequency manipulations to test how competition in two soil moisture environments affects maternal provisioning of seed mass. Specifically, for 15 pairs comprised from 25 annual plant species that occur in California, we varied the relative frequencies of conspecific to heterospecific competitors from 90% (intraspecific competition) to 10% (interspecific competition). We found that conspecific frequency affected maternal provisioning (seed mass) in 12 of the 25 species (8 significantly (P<0.05), four marginally significantly (P<0.07)), and that these responses included both increased (5 species) and decreased (6 species) seed mass, as well as one species with opposing directions of response to conspecific frequency that depended on the soil moisture environment. Conspecific frequency also affected per capita fecundity (seed number) for 17 of the 25 species (15 significantly (P<0.05), two marginally significantly (P<0.09)), which generally decreased seed number as conspecific frequency increased. The direction and magnitude of frequency-dependent seed mass depended on the identity of the competitor, even among species whose fecundity was not affected by competitor identity; the latter finding reveals competitive differences among species that would otherwise appear to be competitively equivalent. Our research demonstrates how species responses to different competitive environments manifest through maternal provisioning, and that these responses alter previous estimates of environmentally-determined maternal provisioning and reproductive output; future study is needed to understand their combined effects on population and community dynamics.", "keywords": ["maternal effects", "annual plants"], "usageNotes": "<div class=\"o-metadata__file-usage-entry\"><h4 class=\"o-heading__level3-file-title\">alpha only w phylopaper seed number data</h4><div class=\"o-metadata__file-description\">Seed size/number data from portion of experiment where species were grown in pairwise competition</div><div class=\"o-metadata__file-name\"></div></div><div class=\"o-metadata__file-usage-entry\"><h4 class=\"o-heading__level3-file-title\">data.lambda</h4><div class=\"o-metadata__file-description\">Seed size data when species grown alone at low densities</div><div class=\"o-metadata__file-name\"></div></div>", "relatedWorks": [{"relationship": "Cites", "identifierType": "DOI", "identifier": "https://doi.org/10.1111/oik.05530"}], "versionNumber": 1, "versionStatus": "submitted", "curationStatus": "Published", "publicationDate": "2018-09-05", "lastModificationDate": "2020-06-24", "visibility": "public", "sharingLink": "https://datadryad.org/stash/share/sLL37BmyCHAZhQeSvOZwyX84gonvYE4pXePzJiJyG7g", "userId": 36841, "license": "https://creativecommons.org/publicdomain/zero/1.0/"}