{"_links": {"self": {"href": "/api/v2/datasets/doi%3A10.5061%2Fdryad.8c81j"}, "stash:versions": {"href": "/api/v2/datasets/doi%3A10.5061%2Fdryad.8c81j/versions"}, "stash:version": {"href": "/api/v2/versions/19041"}, "stash:download": {"href": "/api/v2/datasets/doi%3A10.5061%2Fdryad.8c81j/download"}, "curies": [{"name": "stash", "href": "https://github.com/CDL-Dryad/stash/blob/main/stash_api/link-relations.md#{rel}", "templated": "true"}]}, "identifier": "doi:10.5061/dryad.8c81j", "id": 18978, "storageSize": 1830463746, "title": "Data from: Robustness to noise in gene expression evolves despite epistatic constraints in a model of gene networks", "authors": [{"firstName": "Jeremy", "lastName": "Draghi", "affiliation": "University of British Columbia", "affiliationROR": "https://ror.org/03rmrcq20"}, {"firstName": "Michael C.", "lastName": "Whitlock", "affiliation": "University of British Columbia", "affiliationROR": "https://ror.org/03rmrcq20"}, {"firstName": "Michael", "lastName": "Whitlock", "affiliation": "University of British Columbia", "affiliationROR": "https://ror.org/03rmrcq20"}], "abstract": "Stochastic noise in gene expression causes variation in the development of phenotypes, making such noise a potential target of stabilizing selection. Here we develop a new simulation model of gene networks to study the adaptive landscape underlying the evolution of robustness to noise. We find that epistatic interactions between the determinants of the expression of a gene and its downstream effect impose significant constraints on evolution, but these interactions do allow the gradual evolution of increased robustness. Despite strong sign epistasis, adaptation rarely proceeds via deleterious intermediate steps, but instead occurs primarily through small beneficial mutations. A simple mathematical model captures the relevant features of the single-gene fitness landscape and explains counterintuitive patterns, such as a correlation between the mean and standard deviation of phenotypes. In more complex networks, mutations in regulatory regions provide evolutionary pathways to increased robustness. These results chart the constraints and possibilities of adaptation to reduce expression noise and demonstrate the potential of a novel modeling framework for gene networks.", "keywords": ["epistasis", "Models/Simulations"], "usageNotes": "<div class=\"o-metadata__file-usage-entry\"><h4 class=\"o-heading__level3-file-title\">Part A</h4><div class=\"o-metadata__file-description\">Part A--use \"cat\" utility to reassemble into a zipped folder containing the complete code and data files.</div><div class=\"o-metadata__file-name\">dryad_files_a</br></div></div><div class=\"o-metadata__file-usage-entry\"><h4 class=\"o-heading__level3-file-title\">Part B</h4><div class=\"o-metadata__file-description\">Part B--use \"cat\" utility to reassemble into a zipped folder containing the complete code and data files.</div><div class=\"o-metadata__file-name\">dryad_files_b</br></div></div><div class=\"o-metadata__file-usage-entry\"><h4 class=\"o-heading__level3-file-title\">Part C</h4><div class=\"o-metadata__file-description\">Part C--use \"cat\" utility to reassemble into a zipped folder containing the complete code and data files.</div><div class=\"o-metadata__file-name\">dryad_files_c</br></div></div>", "relatedWorks": [{"relationship": "Cites", "identifierType": "DOI", "identifier": "https://doi.org/10.1111/evo.12732"}], "versionNumber": 1, "versionStatus": "submitted", "curationStatus": "Published", "publicationDate": "2015-07-06", "lastModificationDate": "2020-06-24", "visibility": "public", "sharingLink": "https://datadryad.org/stash/share/iXyVyZF-e3_-bHEaVuUWvTpHHH39RxI5TRHSbChDHaE", "userId": 10486, "license": "https://creativecommons.org/publicdomain/zero/1.0/"}