{"_links": {"self": {"href": "/api/v2/datasets/doi%3A10.5061%2Fdryad.vk81vp8"}, "stash:versions": {"href": "/api/v2/datasets/doi%3A10.5061%2Fdryad.vk81vp8/versions"}, "stash:version": {"href": "/api/v2/versions/8169"}, "stash:download": {"href": "/api/v2/datasets/doi%3A10.5061%2Fdryad.vk81vp8/download"}, "curies": [{"name": "stash", "href": "https://github.com/CDL-Dryad/stash/blob/main/stash_api/link-relations.md#{rel}", "templated": "true"}]}, "identifier": "doi:10.5061/dryad.vk81vp8", "id": 8131, "storageSize": 197537, "title": "Data from: Effects of host colony size and hygiene behaviors on social spider kleptoparasite loads along an elevation gradient", "authors": [{"firstName": "Samantha", "lastName": "Straus", "affiliation": "University of British Columbia", "affiliationROR": "https://ror.org/03rmrcq20"}, {"firstName": "Leticia", "lastName": "Avil\u00e9s", "affiliation": "University of British Columbia", "affiliationROR": "https://ror.org/03rmrcq20"}], "abstract": "1.Group living animals are likely to attract more parasites than solitary ones. Parasite loads, however, should also depend on environmental conditions and on host characteristics and behaviors. Previous work has found that social spider colonies harbor communities of kleptoparasitic spiders thats forego building their own web and, instead, steal prey from their social host.\r\n\r\n2.We examined parasite loads and host hygiene behaviors in colonies of social and subsocial spiders in the genus Anelosimus along an elevation gradient in eastern Ecuador.\r\n\r\n3.We found that parasite loads declined dramatically with increasing elevation. Host hygiene behaviors, such as debris removal, web repair, and interactions with the parasites, also declined with elevation. Within elevations, species with more frequent hygiene behaviors appeared more successful at keeping parasites at bay. Contrary to our predictions, parasite density declined with host nest and colony size.\r\n\r\n4.The decline in parasite loads at higher elevations likely reflects a lower rate of energy exchange between colonies and their environments, where colder temperatures mean fewer and smaller prey for colonies to process. The decline in parasite density with host colony size may reflect a decline in the number of accessible prey in larger host colonies, as larger colonies should capture fewer but larger insects due to scaling properties of their three dimensional webs.\r\n\r\n5.Social immunity, whereby a social host uses social behaviour to fight against parasites, has been studied in eusocial and non\u2010eusocial insects. This study opens up social spiders as a novel system in which to study how host characteristics interact with environmental factors to affect parasite loads. It also introduces the concept of group\u2010level immunity to social spiders and suggests a role for colony\u2010level metabolism in determining ecological patterns in parasitism.", "keywords": ["social spiders", "scaling", "Social immunity", "Faiditus spp.", "Anelosimus eximius", "Anelosimus guacamayos", "Anelosimus elegans", "kleptoparasitism", "Anelosimus domingo", "Anelosimus", "June - August 2017"], "usageNotes": "<div class=\"o-metadata__file-usage-entry\"><h4 class=\"o-heading__level3-file-title\">Straus&Aviles_FuncEcol_Kleptoparasite&NestData</h4><div class=\"o-metadata__file-description\">Main data file used for analyses and figure generation in paper.</div><div class=\"o-metadata__file-name\"></div><div class=\"o-metadata__file-name\"></div></div><div class=\"o-metadata__file-usage-entry\"><h4 class=\"o-heading__level3-file-title\">Straus&Aviles_FuncEcol2018_KleptoHygieneBehav</h4><div class=\"o-metadata__file-description\">Secondary data file used for Figure 5, Supplemental Figure S3 and corresponding analyses. This file contains raw number of observations for different nest hygiene behaviours.</div><div class=\"o-metadata__file-name\"></div></div>", "locations": [{"place": "Eastern Ecuador"}], "relatedWorks": [{"relationship": "Cites", "identifierType": "DOI", "identifier": "https://doi.org/10.1111/1365-2435.13225"}], "versionNumber": 1, "versionStatus": "submitted", "curationStatus": "Published", "publicationDate": "2018-10-19", "lastModificationDate": "2020-06-24", "visibility": "public", "sharingLink": "https://datadryad.org/stash/share/ecN3nAHEpWvw-kRKzbo6jE8zTI0ZVqpxCTWH2cUwmoo", "userId": 27862, "license": "https://creativecommons.org/publicdomain/zero/1.0/"}