{"_links": {"self": {"href": "/api/v2/datasets/doi%3A10.5061%2Fdryad.bn5155f"}, "stash:versions": {"href": "/api/v2/datasets/doi%3A10.5061%2Fdryad.bn5155f/versions"}, "stash:version": {"href": "/api/v2/versions/10102"}, "stash:download": {"href": "/api/v2/datasets/doi%3A10.5061%2Fdryad.bn5155f/download"}, "curies": [{"name": "stash", "href": "https://github.com/CDL-Dryad/stash/blob/main/stash_api/link-relations.md#{rel}", "templated": "true"}]}, "identifier": "doi:10.5061/dryad.bn5155f", "id": 10061, "storageSize": 145353, "title": "Data from: Functional traits and environmental conditions predict community isotopic niches and energy pathways across spatial scales", "authors": [{"firstName": "Olivier", "lastName": "D\u00e9zerald", "affiliation": "French National Centre for Scientific Research", "affiliationROR": "https://ror.org/02feahw73"}, {"firstName": "Diane S.", "lastName": "Srivastava", "affiliation": "University of British Columbia", "affiliationROR": "https://ror.org/03rmrcq20"}, {"firstName": "R\u00e9gis", "lastName": "C\u00e9r\u00e9ghino", "affiliation": "University of Toulouse", "affiliationROR": "https://ror.org/017tgbk05"}, {"firstName": "Jean-Fran\u00e7ois", "lastName": "Carrias", "affiliation": "French National Centre for Scientific Research", "affiliationROR": "https://ror.org/02feahw73"}, {"firstName": "Bruno", "lastName": "Corbara", "affiliation": "State University of Campinas", "affiliationROR": "https://ror.org/04wffgt70"}, {"firstName": "Vinicius F.", "lastName": "Farjalla", "affiliation": "Federal University of Rio de Janeiro", "affiliationROR": "https://ror.org/03490as77"}, {"firstName": "C\u00e9line", "lastName": "Leroy", "affiliation": "University of Montpellier", "affiliationROR": "https://ror.org/051escj72"}, {"firstName": "Nicholas A. C.", "lastName": "Marino", "affiliation": "Federal University of Rio de Janeiro", "affiliationROR": "https://ror.org/03490as77"}, {"firstName": "Gustavo C. O.", "lastName": "Piccoli", "affiliation": "State University of Campinas", "affiliationROR": "https://ror.org/04wffgt70"}, {"firstName": "Barbara A.", "lastName": "Richardson", "affiliation": "Edinburgh UK"}, {"firstName": "Michael J.", "lastName": "Richardson", "affiliation": "Edinburgh UK"}, {"firstName": "Gustavo Q.", "lastName": "Romero", "affiliation": "State University of Campinas", "affiliationROR": "https://ror.org/04wffgt70"}, {"firstName": "Ang\u00e9lica L.", "lastName": "Gonz\u00e1lez", "affiliation": "Department of Biology and Center for Computational and Integrative BiologyRutgers, The State University of NJ Camden New Jersey"}], "abstract": "1. Despite ongoing research in food web ecology and functional biogeography, the links between food-web structure, functional traits and environmental conditions across spatial scales remain poorly understood. Trophic niches, defined as the amount of energy and elemental space occupied by species and food webs, may help bridge this divide.  2. Here, we ask how the functional traits of species, the environmental conditions of habitats and the spatial scale of analysis jointly determine the characteristics of trophic niches. We used isotopic niches as a proxy of trophic niches, and conducted analyses at spatial scales ranging from local food webs and metacommunities to geographically distant sites. 3. We sampled aquatic macroinvertebrates from 104 tank bromeliads distributed across five sites from Central to South America, and compiled the macroinvertebrates\u2019 functional traits and stable isotope values (\u03b415N and \u03b413C). We assessed how isotopic niches within each bromeliad were influenced by the functional trait composition of their associated invertebrates and environmental conditions (i.e., habitat size, canopy cover, and detrital concentration). We then evaluated whether the diet of dominant predators and, consequently, energy pathways within food webs, reflected functional and environmental changes among bromeliads across sites. Finally, we determined the extent to which the isotopic niches of macroinvertebrates within each bromeliad contributed to the metacommunity isotopic niches within each site, and compared these metacommunity-level niches over biogeographic scales. 4. At the bromeliad level, isotopic niches increased with the functional richness of species in the food web and the detrital concentration in the bromeliad. The diet of top predators tracked shifts in prey biomass along gradients of canopy cover and detrital concentration. Bromeliads that grew under heterogeneous canopy cover displayed less trophic redundancy and therefore combined to form larger metacommunity isotopic niches. Finally, the size of metacommunity niches depended on within-site heterogeneity in canopy cover. 5. Our results suggest that the trophic niches occupied by food webs can predictably scale from local food webs to metacommunities to biogeographic regions. This scaling process is determined by both the functional traits of species and heterogeneity in environmental conditions.", "keywords": ["Chironomidae", "Coenagrionidae", "Zygoptera", "Tipulidae", "Limnocytheridae", "functional biogeography", "Coleoptera", "Dytiscidae", "Syrphidae", "Oligochaeta", "Tabanidae", "Ceratopogonidae", "Sciaridae", "Naididae", "metacommunity", "Cecidomyiidae", "environmental heterogeneity", "Dolichopodidae", "Anisoptera", "Psychodidae", "isotopic niche", "functional diversity", "Corethrellidae", "Scirtidae", "Veliidae", "energy pathways", "Culicidae", "Food webs", "odonata", "Hirudinea", "Holocene", "trophic structure.", "Diptera", "Calamoceratidae"], "usageNotes": "<div class=\"o-metadata__file-usage-entry\"><h4 class=\"o-heading__level3-file-title\">Study site, aquatic invertebrates, and stable isotope values (carbon and nitrogen))</h4><div class=\"o-metadata__file-name\">Dryad_invertebrate_site_data.csv</br></div><div class=\"o-metadata__file-name\"></div></div><div class=\"o-metadata__file-usage-entry\"><h4 class=\"o-heading__level3-file-title\">Environmental descriptors for each tank bromeliad</h4><div class=\"o-metadata__file-name\">Dryad_environmental_gradients_data.csv</br></div><div class=\"o-metadata__file-name\"></div></div>", "locations": [{"place": "Macae (Brazil)"}, {"place": "Puerto Rico"}, {"place": "Cardoso (Brazil)"}, {"place": "French Guiana"}, {"place": "Costa Rica"}], "relatedWorks": [{"relationship": "Cites", "identifierType": "DOI", "identifier": "https://doi.org/10.1111/1365-2435.13142"}], "versionNumber": 1, "versionStatus": "submitted", "curationStatus": "Published", "publicationDate": "2018-05-22", "lastModificationDate": "2020-06-24", "visibility": "public", "sharingLink": "https://datadryad.org/stash/share/2uSx0vjggYYHzmTHdVAXV0PmVOXBtAc-V1-A2IW52B0", "userId": 33321, "license": "https://creativecommons.org/publicdomain/zero/1.0/"}