{"_links": {"self": {"href": "/api/v2/datasets/doi%3A10.5061%2Fdryad.v6wwpzgqz"}, "stash:versions": {"href": "/api/v2/datasets/doi%3A10.5061%2Fdryad.v6wwpzgqz/versions"}, "stash:version": {"href": "/api/v2/versions/38469"}, "stash:download": {"href": "/api/v2/datasets/doi%3A10.5061%2Fdryad.v6wwpzgqz/download"}, "curies": [{"name": "stash", "href": "https://github.com/CDL-Dryad/stash/blob/main/stash_api/link-relations.md#{rel}", "templated": "true"}]}, "identifier": "doi:10.5061/dryad.v6wwpzgqz", "id": 34732, "storageSize": 160752, "title": "Data from: Resistance of soil biota and plant growth to disturbance increases with plant diversity", "authors": [{"firstName": "Jonathan", "lastName": "Bennett", "email": "jon.bennett@usask.ca", "affiliation": "University of Saskatchewan", "affiliationROR": "https://ror.org/010x8gc63", "orcid": "0000-0001-5617-7524"}, {"firstName": "Alexander", "lastName": "Koch", "email": "", "affiliation": "University of British Columbia", "affiliationROR": "https://ror.org/03rmrcq20"}, {"firstName": "Jennifer", "lastName": "Forsythe", "email": "", "affiliation": "University of British Columbia", "affiliationROR": "https://ror.org/03rmrcq20"}, {"firstName": "Nancy", "lastName": "Johnson", "email": "", "affiliation": "Northern Arizona University", "affiliationROR": "https://ror.org/0272j5188"}, {"firstName": "David", "lastName": "Tilman", "email": "", "affiliation": "University of Minnesota", "affiliationROR": "https://ror.org/017zqws13"}, {"firstName": "John", "lastName": "Klironomos", "email": "john.klironomos@ubc.ca", "affiliation": "University of British Columbia", "affiliationROR": "https://ror.org/03rmrcq20"}], "abstract": "Plant diversity is critical to the functioning of ecosystems, potentially mediated in part by interactions with soil biota. Here, we characterized multiple groups of soil biota across a plant diversity gradient in a long-term experiment. We then subjected soil samples taken along this gradient to drought, freezing, and a mechanical disturbance to test how plant diversity affects the responses of soil biota and growth of a focal plant to these disturbances. High plant diversity resulted in soils that were dominated by fungi and associated soil biota, including increased arbuscular mycorrhizal fungi and reduced plant-feeding nematodes. Disturbance effects on the soil biota were reduced when plant diversity was high, resulting in higher growth of the focal plant in all but the frozen soils. These results highlight the importance of plant diversity for soil communities and their resistance to disturbance, with potential feedback effects on plant productivity.", "funders": [{"organization": "Natural Sciences and Engineering Research Council of Canada", "awardNumber": ""}], "versionNumber": 3, "versionStatus": "submitted", "curationStatus": "Embargoed", "publicationDate": "2020-10-09", "lastModificationDate": "2019-10-09", "visibility": "public", "sharingLink": "https://datadryad.org/stash/share/sBpOuhTAB8B7qUG3DKiQFQnK5s26qjgXikWcbrOYaDc", "userId": 46697, "license": "https://creativecommons.org/publicdomain/zero/1.0/"}