{"_links": {"self": {"href": "/api/v2/datasets/doi%3A10.5061%2Fdryad.cq2k7sq"}, "stash:versions": {"href": "/api/v2/datasets/doi%3A10.5061%2Fdryad.cq2k7sq/versions"}, "stash:version": {"href": "/api/v2/versions/19440"}, "stash:download": {"href": "/api/v2/datasets/doi%3A10.5061%2Fdryad.cq2k7sq/download"}, "curies": [{"name": "stash", "href": "https://github.com/CDL-Dryad/stash/blob/main/stash_api/link-relations.md#{rel}", "templated": "true"}]}, "identifier": "doi:10.5061/dryad.cq2k7sq", "id": 19376, "storageSize": 64692, "title": "Data from: Museum specimens provide novel insights into changing plant-herbivore interactions", "authors": [{"firstName": "Emily K.", "lastName": "Meineke", "affiliation": "Harvard University", "affiliationROR": "https://ror.org/03vek6s52"}, {"firstName": "T. Jonathan", "lastName": "Davies", "affiliation": "University of British Columbia", "affiliationROR": "https://ror.org/03rmrcq20"}], "abstract": "Mounting evidence shows that species interactions may mediate how individual species respond to climate change. However, long-term anthropogenic effects on species interactions are poorly characterized due to a lack of data. Insect herbivory is a major ecological process that represents the interaction between insect herbivores and their host plants, but historical data on insect damage to plants is particularly sparse. Here, we suggest that museum collections of insects and plants can fill key gaps in our knowledge on changing trophic interactions, including proximate mechanisms and the net outcomes of multiple global change drivers across diverse insect herbivore-plant associations. We outline theory on how global change may affect herbivores and their host plants and highlight the unique data that could be extracted from museum specimens to explore their shifting interactions. We aim to provide a framework for using museum specimens to explore how some of the most diverse co-evolved relationships are responding to climate and land use change.", "funders": [{"organization": "National Science Foundation", "awardNumber": "1611880"}], "keywords": ["1877-2008", "Carya ovata", "Species Interactions", "Plant", "insect", "herbivore", "Quercus bicolor"], "usageNotes": "<div class=\"o-metadata__file-usage-entry\"><h4 class=\"o-heading__level3-file-title\">Sooty mould data from Box 2</h4><div class=\"o-metadata__file-name\">SM_data_Dryad_todeposit.xlsx</br></div></div>", "locations": [{"place": "northeastern US"}], "relatedWorks": [{"relationship": "Cites", "identifierType": "DOI", "identifier": "https://doi.org/10.1098/rstb.2017.0393"}], "versionNumber": 1, "versionStatus": "submitted", "curationStatus": "Published", "publicationDate": "2019-08-09", "lastModificationDate": "2020-06-30", "visibility": "public", "sharingLink": "https://datadryad.org/stash/share/bHeYBqwAe4NZFDEOQcyTFUoeYL_XSU7ra8Knkxzqs_E", "userId": 21189, "license": "https://creativecommons.org/publicdomain/zero/1.0/"}