{"_links": {"self": {"href": "/api/v2/datasets/doi%3A10.5061%2Fdryad.pj475"}, "stash:versions": {"href": "/api/v2/datasets/doi%3A10.5061%2Fdryad.pj475/versions"}, "stash:version": {"href": "/api/v2/versions/10036"}, "stash:download": {"href": "/api/v2/datasets/doi%3A10.5061%2Fdryad.pj475/download"}, "curies": [{"name": "stash", "href": "https://github.com/CDL-Dryad/stash/blob/main/stash_api/link-relations.md#{rel}", "templated": "true"}]}, "identifier": "doi:10.5061/dryad.pj475", "id": 9995, "storageSize": 141682, "title": "Data from: Portable device for the detection of colorimetric assays", "authors": [{"firstName": "George S.", "lastName": "Luka", "affiliation": "University of British Columbia", "affiliationROR": "https://ror.org/03rmrcq20"}, {"firstName": "Ephriam", "lastName": "Nowak", "affiliation": "University of British Columbia", "affiliationROR": "https://ror.org/03rmrcq20"}, {"firstName": "Jamie", "lastName": "Kawchuk", "affiliation": "University of British Columbia", "affiliationROR": "https://ror.org/03rmrcq20"}, {"firstName": "Mina", "lastName": "Hoorfar", "affiliation": "University of British Columbia", "affiliationROR": "https://ror.org/03rmrcq20"}, {"firstName": "Homayoun", "lastName": "Najjaran", "affiliation": "University of British Columbia", "affiliationROR": "https://ror.org/03rmrcq20"}], "abstract": "In this work, a low-cost, portable device is developed to detect colorimetric assays for in-field and point-of-care (POC) analysis. The device can rapidly detect both pH values and nitrite concentrations of 5 different samples, simultaneously. After mixing samples with specific reagents, a Hi-resolution digital camera collects a picture of the sample, and a single-board computer processes the image in real time to identify the hue-saturation-value (HSV) coordinates of the image. An internal light source reduces the effect of any ambient light so the device can accurately determine the corresponding pH values or nitrite concentrations. The device was purposefully designed to be low-cost, yet versatile and the accuracy of the results have been compared to those from a conventional method. The results obtained for pH values have a mean standard deviation of 0.03 and a correlation coefficient (R) of 0.998. The detection of nitrites is between concentrations of 0.4 to 1.6mg/L with a low detection limit of 0.2mg/L and has a mean standard deviation of 0.073 and an R-value of 0.999. The results represent the great potential of the proposed portable device as an excellent analytical tool for POC colorimetric analysis and offer broad accessibility in resource-limited settings.", "keywords": ["portable reader", "point-of-care analysis", "sensors", "nitrite detection", "pH detection", "Colorimetric detection"], "usageNotes": "<div class=\"o-metadata__file-usage-entry\"><h4 class=\"o-heading__level3-file-title\">Results presented in figure 7.</h4><div class=\"o-metadata__file-description\">The hue values as a function of pH values (ranging from 4 to 8) and the fitted polynomial curve.</div><div class=\"o-metadata__file-name\"></div></div><div class=\"o-metadata__file-usage-entry\"><h4 class=\"o-heading__level3-file-title\">Results presented in figure 8 (a) and (b).</h4><div class=\"o-metadata__file-description\">(a) The sensor response to different nitrite concentrations in the sample, (b) nitrite concentration calibration curve (Line fitted to the experimental S values obtained for different nitrite concentrations using Griess reagents).</div><div class=\"o-metadata__file-name\"></div></div><div class=\"o-metadata__file-usage-entry\"><h4 class=\"o-heading__level3-file-title\">Results presented in figure 9.</h4><div class=\"o-metadata__file-description\">A Linear relationship between the pH values obtained using the pH meter and those obtained using the portable device.</div><div class=\"o-metadata__file-name\"></div></div><div class=\"o-metadata__file-usage-entry\"><h4 class=\"o-heading__level3-file-title\">Results presented in figure 10.</h4><div class=\"o-metadata__file-description\">A Linear relationship between the concentrations of the prepared nitrite solutions and those obtained using the portable device.</div><div class=\"o-metadata__file-name\"></div></div><div class=\"o-metadata__file-usage-entry\"><h4 class=\"o-heading__level3-file-title\">Results presented in figure .11 (Top) and (Botoom)</h4><div class=\"o-metadata__file-description\">UV-vis measurements for nitrite concentrations (top) UV-vis spectrum for the determination of different nitrite concentration, (bottom) nitrite concentration calibration curve (Line fitted to the experimental absorbance values at 540 nm obtained for different nitrite concentrations using Griess reagents)</div><div class=\"o-metadata__file-name\"></div></div><div class=\"o-metadata__file-usage-entry\"><h4 class=\"o-heading__level3-file-title\">Photocolorimeter algorithm</h4><div class=\"o-metadata__file-name\"></div></div>", "relatedWorks": [{"relationship": "Cites", "identifierType": "DOI", "identifier": "https://doi.org/10.1098/rsos.171025"}], "versionNumber": 1, "versionStatus": "submitted", "curationStatus": "Published", "publicationDate": "2017-09-28", "lastModificationDate": "2020-06-30", "visibility": "public", "sharingLink": "https://datadryad.org/stash/share/EfiNYqQdhQ0syQi5WCemdsLw0Uj5KkKvzgseIJE1bhI", "userId": 28820, "license": "https://creativecommons.org/publicdomain/zero/1.0/"}