{"_links": {"self": {"href": "/api/v2/datasets/doi%3A10.5061%2Fdryad.c0751"}, "stash:versions": {"href": "/api/v2/datasets/doi%3A10.5061%2Fdryad.c0751/versions"}, "stash:version": {"href": "/api/v2/versions/12032"}, "stash:download": {"href": "/api/v2/datasets/doi%3A10.5061%2Fdryad.c0751/download"}, "curies": [{"name": "stash", "href": "https://github.com/CDL-Dryad/stash/blob/main/stash_api/link-relations.md#{rel}", "templated": "true"}]}, "identifier": "doi:10.5061/dryad.c0751", "id": 11988, "storageSize": 101819, "title": "Data from: Plant-mycorrhizal fungus co-occurrence network lacks substantial structure", "authors": [{"firstName": "Francisco", "lastName": "Encinas-Viso", "affiliation": "University of Groningen", "affiliationROR": "https://ror.org/012p63287"}, {"firstName": "David", "lastName": "Alonso", "affiliation": "University of Groningen", "affiliationROR": "https://ror.org/012p63287"}, {"firstName": "John N.", "lastName": "Klironomos", "affiliation": "University of British Columbia", "affiliationROR": "https://ror.org/03rmrcq20"}, {"firstName": "Rampal S.", "lastName": "Etienne", "affiliation": "University of Groningen", "affiliationROR": "https://ror.org/012p63287"}, {"firstName": "Esther R.", "lastName": "Chang", "affiliation": "University of Groningen", "affiliationROR": "https://ror.org/012p63287"}], "abstract": "The interactions between plants and arbuscular mycorrhizal fungi (AMF) maintain a crucial link between macroscopic organisms and the soil microbial world. These interactions are of extreme importance for the diversity of plant communities and ecosystem functioning. Despite this importance, only recently has the structure of plant\u2013AMF interaction networks been studied. These recent studies, which used genetic data, suggest that these networks are highly structured, very similar to plant\u2013animal mutualistic networks. However, the assembly process of plant\u2013AMF communities is still largely unknown, and an important feature of plant\u2013AMF interactions has not been incorporated: they occur at an extremely localized scale. Studying plant\u2013AMF networks in a spatial context seems therefore a crucial step. This paper studies a plant\u2013AMF spatial co-occurrence network using novel methodology based on information theory and a unique set of spatially explicit species-level data. We apply three null models of which only one accounts for spatial effects. We find that the data show substantial departures from null expectations for the two non-spatial null models. However, for the null model considering spatial effects, there are few significant co-occurrences compared with the other two null models. Thus, plant\u2013AMF spatial co-occurrences seem to be mostly explained by stochasticity, with a small role for other factors related to plant\u2013AMF specialization. Furthermore, we find that the network is not significantly nested or modular. We conclude that this plant\u2013AMF spatial co-occurrence network lacks substantial structure and, therefore, plants and AMF species do not track each other over space. Thus, random encounters seem more important in the first step of the assembly of plant\u2013AMF communities.", "keywords": ["mycorrhiza", "networks", "spatial co-occurrence"], "usageNotes": "<div class=\"o-metadata__file-usage-entry\"><h4 class=\"o-heading__level3-file-title\">plant_spatial_presence_data</h4><div class=\"o-metadata__file-description\">Spatial data of the plant species (presence(1)/absence(0)). The order of files (species names) follow the alphabetical order, as shown in Figure 1 of the manuscript.</div><div class=\"o-metadata__file-name\"></div></div><div class=\"o-metadata__file-usage-entry\"><h4 class=\"o-heading__level3-file-title\">mycorrhiza_spatial_presence_data</h4><div class=\"o-metadata__file-description\">AMF spatial data of the plant species (presence(1)/absence(0)). The order of files (species names) follow the alphabetical order, as shown in Figure 1 of the manuscript.</div><div class=\"o-metadata__file-name\"></div></div><div class=\"o-metadata__file-usage-entry\"><h4 class=\"o-heading__level3-file-title\">null_models_plant_amf_co_occurrence</h4><div class=\"o-metadata__file-description\">R script that includes three null models (fixed species presences, environmentally constrained and equiprobable null model). The script uses the data files of plants and AMF spatial data submitted here. It will calculate the different co-occurrence metrics (C-score, fij), asymmetry and nestedness of the different null matrices.</div><div class=\"o-metadata__file-name\"></div></div><div class=\"o-metadata__file-usage-entry\"><h4 class=\"o-heading__level3-file-title\">abiotic_spatial_data</h4><div class=\"o-metadata__file-description\">Spatial data of abiotic factors: pH and organic matter (OM).</div><div class=\"o-metadata__file-name\"></div></div><div class=\"o-metadata__file-usage-entry\"><h4 class=\"o-heading__level3-file-title\">mutual_info_cluster</h4><div class=\"o-metadata__file-description\">R script that calculates mutual information on the null matrices and the significant species co-occurrences. Input files necessary are the null matrices (\"Pnullmatrices.RData\" and \"anullmatrices.RData\") produced on the null model  R script \"null_models_plant_am_co_occurrence.R\".</div><div class=\"o-metadata__file-name\"></div></div>", "locations": [{"place": "Ontario"}], "relatedWorks": [{"relationship": "Cites", "identifierType": "DOI", "identifier": "https://doi.org/10.1111/oik.02667"}], "versionNumber": 1, "versionStatus": "submitted", "curationStatus": "Published", "publicationDate": "2015-10-16", "lastModificationDate": "2020-06-24", "visibility": "public", "sharingLink": "https://datadryad.org/stash/share/ipYpgnXLZ9sVZb-W5gjU0CJadaWT3Pccoqawtjvroz8", "userId": 6269, "license": "https://creativecommons.org/publicdomain/zero/1.0/"}