{"_links": {"self": {"href": "/api/v2/datasets/doi%3A10.5061%2Fdryad.4s4t1"}, "stash:versions": {"href": "/api/v2/datasets/doi%3A10.5061%2Fdryad.4s4t1/versions"}, "stash:version": {"href": "/api/v2/versions/6728"}, "stash:download": {"href": "/api/v2/datasets/doi%3A10.5061%2Fdryad.4s4t1/download"}, "curies": [{"name": "stash", "href": "https://github.com/CDL-Dryad/stash/blob/main/stash_api/link-relations.md#{rel}", "templated": "true"}]}, "identifier": "doi:10.5061/dryad.4s4t1", "id": 6692, "storageSize": 266332, "title": "Data from: Catch reconstructions reveal that global marine fisheries catches are higher than reported and declining", "authors": [{"firstName": "Daniel", "lastName": "Pauly", "affiliation": "University of British Columbia", "affiliationROR": "https://ror.org/03rmrcq20"}, {"firstName": "Dirk", "lastName": "Zeller", "affiliation": "University of British Columbia", "affiliationROR": "https://ror.org/03rmrcq20"}], "abstract": "Fisheries data assembled by the Food and Agriculture Organization (FAO) suggest that global marine fisheries catches increased to 86 million tonnes in 1996, then slightly declined. Here, using a decade-long multinational \u2018catch reconstruction\u2019 project covering the Exclusive Economic Zones of the world\u2019s maritime countries and the High Seas from 1950 to 2010, and accounting for all fisheries, we identify catch trajectories differing considerably from the national data submitted to the FAO. We suggest that catch actually peaked at 130 million tonnes, and has been declining much more strongly since. This decline in reconstructed catches reflects declines in industrial catches and to a smaller extent declining discards, despite industrial fishing having expanded from industrialized countries to the waters of developing countries. The differing trajectories documented here suggest a need for improved monitoring of all fisheries, including often neglected small-scale fisheries, and illegal and other problematic fisheries, as well as discarded bycatch.", "keywords": ["Fisheries catch data", "global fisheries", "1950-2010", "catch reconstructions"], "usageNotes": "<div class=\"o-metadata__file-usage-entry\"><h4 class=\"o-heading__level3-file-title\">Pauly&Zeller-data-F1-F2-F4-Nov-04-2015</h4><div class=\"o-metadata__file-description\">Data as used for and presented in Figures 1, 2 and 4 of the associated paper</div><div class=\"o-metadata__file-name\"></div></div><div class=\"o-metadata__file-usage-entry\"><h4 class=\"o-heading__level3-file-title\">Pauly&Zeller-data-F3-Nov-04-2015</h4><div class=\"o-metadata__file-description\">Data used for and presented in Figure 3 of the associated paper</div><div class=\"o-metadata__file-name\"></div></div>", "locations": [{"place": "global"}], "relatedWorks": [{"relationship": "Cites", "identifierType": "DOI", "identifier": "https://doi.org/10.1038/ncomms10244"}], "versionNumber": 1, "versionStatus": "submitted", "curationStatus": "Published", "publicationDate": "2016-12-02", "lastModificationDate": "2020-06-24", "visibility": "public", "sharingLink": "https://datadryad.org/stash/share/z0y3m4mIEbm5-0KJb6SbQnbWwOUca6GQ2T5ZLUZxFX8", "userId": 16216, "license": "https://creativecommons.org/publicdomain/zero/1.0/"}