{"_links": {"self": {"href": "/api/v2/datasets/doi%3A10.5061%2Fdryad.7012f1b"}, "stash:versions": {"href": "/api/v2/datasets/doi%3A10.5061%2Fdryad.7012f1b/versions"}, "stash:version": {"href": "/api/v2/versions/12763"}, "stash:download": {"href": "/api/v2/datasets/doi%3A10.5061%2Fdryad.7012f1b/download"}, "curies": [{"name": "stash", "href": "https://github.com/CDL-Dryad/stash/blob/main/stash_api/link-relations.md#{rel}", "templated": "true"}]}, "identifier": "doi:10.5061/dryad.7012f1b", "id": 12716, "storageSize": 91143, "title": "Data from: Variation in offspring development is driven more by weather and maternal condition than predation risk", "authors": [{"firstName": "Devin R.", "lastName": "de Zwaan", "affiliation": "University of British Columbia", "affiliationROR": "https://ror.org/03rmrcq20"}, {"firstName": "Alaine F.", "lastName": "Camfield", "affiliation": "University of British Columbia", "affiliationROR": "https://ror.org/03rmrcq20"}, {"firstName": "Elizabeth C.", "lastName": "MacDonald", "affiliation": "University of British Columbia", "affiliationROR": "https://ror.org/03rmrcq20"}, {"firstName": "Kathy", "lastName": "Martin", "affiliation": "University of British Columbia", "affiliationROR": "https://ror.org/03rmrcq20"}], "abstract": "1. Variation in offspring development is expected to be driven by constraints on resource allocation between growth and maintenance (e.g., thermoregulation). Rapid post-natal development decreases predation risk, while inclement weather likely prolongs development. For taxa with parental care, parental behaviour may buffer offspring against some extrinsic drivers.\r\n2. Using a 7-year dataset from an alpine population of horned lark Eremophila alpestris, a ground-nesting songbird in northern British Columbia, Canada, we investigated multiple potential drivers of variation in incubation and nestling development duration.\r\n3. Using path analysis, we evaluated the direct effects of weather, predation risk, and parental care on offspring development, as well as, indirect developmental \u2018carry-over\u2019 effects of conditions during incubation on the nestling period.\r\n4. Nestling period duration varied by nearly 100% (7\u201313 days) and incubation duration by 40% (10\u201314 days). Cold ambient temperatures late in the nestling period prolonged development by 1 day for every 2 days below 10\u00b0C; particularly when combined with heavy precipitation. Rapid nestling development was associated with high predation risk, and prolonging development incurred a nest survival cost (\u20132.3%/day). Females in good condition created nest environments that promoted rapid nestling development periods (average = 8\u20139 days) compared to poor condition females during harsh, early-season conditions (10\u201311 days), indicating buffering capabilities against environmental constraints. Incubation duration was only weakly correlated with fledging age (r = \u20130.21) suggesting minimal developmental carry-over effects.\r\n5. Given high nest predation risk, immediate fitness benefits can be derived by overcoming environmental constraints and reducing development time. While predation risk was influential, inclement weather and maternal condition had stronger effects on within-population variation in development time. We highlight the importance of addressing multiple drivers of variation in key life-history traits and provide context for understanding life-history theory under changing environmental conditions.", "keywords": ["<i>Eremophila alpestris</i>", "incubation duration", "nestling period length", "path analysis", "ground-nesting songbird", "Horned Lark", "alpine ecology", "Holocene", "developmental carry-over effects", "Eremophila alpestris"], "usageNotes": "<div class=\"o-metadata__file-usage-entry\"><h4 class=\"o-heading__level3-file-title\">Development time for an alpine population of Horned Lark</h4><div class=\"o-metadata__file-description\">Data was collected in the field from 2003 to 2011 by Alaine Camfield, Elizabeth MacDonald, and Kathy Martin. The variables 'Clutch initiation', 'Incubation initiation', 'Hatch date', and 'Fledge date' are in Julian date format. 'Predation risk' is the probability of nest loss per month calculated using the Mayfield estimate.</div><div class=\"o-metadata__file-name\"></div></div><div class=\"o-metadata__file-usage-entry\"><h4 class=\"o-heading__level3-file-title\">Weather data for Hudson Bay Mountain, 2003-2011</h4><div class=\"o-metadata__file-description\">Temperature and precipitation data collected on Hudson Bay Mountain (alpine field site) over the years 2003, 2004, 3005, 2006, 2007, 2010, and 2011. Data was collected by Alaine Camfield, Kathy Martin and Will MacKenzie. SA stands for 'Smithers Airport' which was the closest weather station with available precipitation data early in the study when precipitation was not available for the study site. See associated paper for more details.</div><div class=\"o-metadata__file-name\">Weather data for Hudson Bay Mountain_2003 to 2011.xlsx</br></div></div>", "locations": [{"place": "Canada"}, {"place": "British Columbia"}], "relatedWorks": [{"relationship": "Cites", "identifierType": "DOI", "identifier": "https://doi.org/10.1111/1365-2435.13273"}], "versionNumber": 1, "versionStatus": "submitted", "curationStatus": "Published", "publicationDate": "2019-01-08", "lastModificationDate": "2020-06-24", "visibility": "public", "sharingLink": "https://datadryad.org/stash/share/OZpT8VhO3TBNVkaF073i4zeeEbxVXeKStdv2CXI-Upc", "userId": 21666, "license": "https://creativecommons.org/publicdomain/zero/1.0/"}