{"_links": {"self": {"href": "/api/v2/datasets/doi%3A10.5061%2Fdryad.8mb6m"}, "stash:versions": {"href": "/api/v2/datasets/doi%3A10.5061%2Fdryad.8mb6m/versions"}, "stash:version": {"href": "/api/v2/versions/3932"}, "stash:download": {"href": "/api/v2/datasets/doi%3A10.5061%2Fdryad.8mb6m/download"}, "curies": [{"name": "stash", "href": "https://github.com/CDL-Dryad/stash/blob/main/stash_api/link-relations.md#{rel}", "templated": "true"}]}, "identifier": "doi:10.5061/dryad.8mb6m", "id": 3910, "storageSize": 607520, "title": "Data from: Papuaneon, a new genus of jumping spiders from Papua New Guinea (Araneae: Salticidae: Neonini)", "authors": [{"firstName": "Wayne P.", "lastName": "Maddison", "affiliation": "University of British Columbia", "affiliationROR": "https://ror.org/03rmrcq20"}], "abstract": "The genus Neon Simon stands alone as a phylogenetically isolated astioid jumping spider, the only member of the Neonini. The new genus Papuaneon is established for the jumping spider Papuaneon tualapa sp. nov. from Papua New Guinea. Resembling a large, hirsute Neon, it is here shown to be the sister group to Neon, based on data from the nuclear 28S and Actin 5C, and the mitochondrial 16SND1 region. Photographs of living specimens are provided.", "keywords": ["Neonini", "Papuaneon", "spiders", "Astioida", "Salticinae", "taxonomy", "systematics", "Araneae", "Salticidae"], "usageNotes": "<div class=\"o-metadata__file-usage-entry\"><h4 class=\"o-heading__level3-file-title\">PapuaneonMaddison2016-04RESULTS-ForDryad</h4><div class=\"o-metadata__file-description\">Alignments and phylogenetic trees.</div><div class=\"o-metadata__file-name\"></div></div>", "locations": [{"place": "New Guinea"}], "relatedWorks": [{"relationship": "Cites", "identifierType": "DOI", "identifier": "https://doi.org/10.11646/zootaxa.4200.3.9"}], "versionNumber": 1, "versionStatus": "submitted", "curationStatus": "Published", "publicationDate": "2017-11-21", "lastModificationDate": "2020-06-24", "visibility": "public", "sharingLink": "https://datadryad.org/stash/share/eYqY8guqLc5Df_lKQxvMGd9L8bhJCSo5G9q3M-vPuIE", "userId": 8726, "license": "https://creativecommons.org/publicdomain/zero/1.0/"}