{"_links": {"self": {"href": "/api/v2/datasets/doi%3A10.5061%2Fdryad.jq2bvq861"}, "stash:versions": {"href": "/api/v2/datasets/doi%3A10.5061%2Fdryad.jq2bvq861/versions"}, "stash:version": {"href": "/api/v2/versions/48890"}, "stash:download": {"href": "/api/v2/datasets/doi%3A10.5061%2Fdryad.jq2bvq861/download"}, "curies": [{"name": "stash", "href": "https://github.com/CDL-Dryad/stash/blob/main/stash_api/link-relations.md#{rel}", "templated": "true"}]}, "identifier": "doi:10.5061/dryad.jq2bvq861", "id": 40142, "storageSize": 40927, "title": "Molecular assays to detect the presence and viability of Phytophthora ramorum and Grosmannia clavigera", "authors": [{"firstName": "Nicolas", "lastName": "Feau", "email": "feaunico@mail.ubc.ca", "affiliation": "University of British Columbia", "affiliationROR": "https://ror.org/03rmrcq20", "orcid": "0000-0001-5925-9867"}, {"firstName": "Barbara", "lastName": "Wong", "email": "barbaraawong@gmail.com", "affiliation": "University of British Columbia", "affiliationROR": "https://ror.org/03rmrcq20"}, {"firstName": "Richard", "lastName": "Hamelin", "email": "Richard.Hamelin@ubc.ca", "affiliation": "University of British Columbia", "affiliationROR": "https://ror.org/03rmrcq20"}], "abstract": "<p>Protocols for the RNA and DNA extractions, cDNA synthesis and qPCR and RT-qPCR for detecting and assessing viability of the Phytophthora ramorum and Grosmannia clavigera tree pathogens.</p>\r\n", "keywords": [" RNA and DNA extraction", "cDNA synthesis", "qPCR", "RT-qPCR", "Phytophthora ramorum ", "Grosmannia clavigera", "tree pathogen", "QuantiTect Reverse Transcription Kit (QIAGEN)"], "methods": "<p>Fifty to 80 mg of wood scrapings were collected at each inoculation point from eight logs of four conifer species and used for the simultaneous extractions of gDNA and mRNA.</p>\r\n\r\n<p>Using the diluted RNA, cDNA, synthesis was performed using the QuantiTect Reverse Transcription Kit (QIAGEN).</p>\r\n", "versionNumber": 2, "versionStatus": "submitted", "curationStatus": "Published", "publicationDate": "2020-01-07", "lastModificationDate": "2020-01-07", "visibility": "public", "sharingLink": "https://datadryad.org/stash/share/0aNNOOZ1MhDyvvih6bARA7n35F7br_OYXXy-nj8iXHQ", "userId": 51117, "license": "https://creativecommons.org/publicdomain/zero/1.0/"}