{"_links": {"self": {"href": "/api/v2/datasets/doi%3A10.5061%2Fdryad.50q65s0"}, "stash:versions": {"href": "/api/v2/datasets/doi%3A10.5061%2Fdryad.50q65s0/versions"}, "stash:version": {"href": "/api/v2/versions/14026"}, "stash:download": {"href": "/api/v2/datasets/doi%3A10.5061%2Fdryad.50q65s0/download"}, "curies": [{"name": "stash", "href": "https://github.com/CDL-Dryad/stash/blob/main/stash_api/link-relations.md#{rel}", "templated": "true"}]}, "identifier": "doi:10.5061/dryad.50q65s0", "id": 13973, "storageSize": 68711, "title": "Data from: Stabilizing selection, mutational bias and the evolution of sex", "authors": [{"firstName": "Elo\u00efse", "lastName": "Vanhoenacker", "affiliation": "French National Centre for Scientific Research", "affiliationROR": "https://ror.org/02feahw73"}, {"firstName": "Linn\u00e9a", "lastName": "Sandell", "affiliation": "University of British Columbia", "affiliationROR": "https://ror.org/03rmrcq20"}, {"firstName": "Denis", "lastName": "Roze", "affiliation": "French National Centre for Scientific Research", "affiliationROR": "https://ror.org/02feahw73"}], "abstract": "Stabilizing selection around a fixed phenotypic optimum is expected to disfavor sexual reproduction, since asexually reproducing organisms can maintain a higher fitness at equilibrium, while sex disrupts combinations of compensatory mutations. This conclusion rests on the assumption that mutational effects on phenotypic traits are unbiased, that is, mutation does not tend to push phenotypes in any particular direction. In this paper, we consider a model of stabilizing selection acting on an arbitrary number of polygenic traits coded by bialellic loci, and show that mutational bias may greatly reduce the mean fitness of asexual populations compared with sexual ones in regimes where mutations have weak to moderate fitness effects. Indeed, mutation and drift tend to push the population mean phenotype away from the optimum, this effect being enhanced by the low effective population size of asexual populations. In a second part, we present results from individual-based simulations showing that positive rates of sex are favored when mutational bias is present, while the population evolves towards complete asexuality in the absence of bias. We also present analytical (QLE) approximations for the selective forces acting on sex in terms of the effect of sex on the mean and variance in fitness among offspring.", "keywords": ["Adaptive landscape", "evolutionary quantitative genetics", "epistasis", "reproductive systems", "multilocus population genetics"], "usageNotes": "<div class=\"o-metadata__file-usage-entry\"><h4 class=\"o-heading__level3-file-title\">C++ simulation program</h4><div class=\"o-metadata__file-description\">Program simulating a haploid, facultatively sexual population undergoing stabilizing selection on an arbitrary number of quantitative phenotypic traits, and with genetic variation for the rate of sex.</div><div class=\"o-metadata__file-name\">program.tar</br></div><div class=\"o-metadata__file-name\"></div></div>", "relatedWorks": [{"relationship": "Cites", "identifierType": "DOI", "identifier": "https://doi.org/10.1111/evo.13547"}], "versionNumber": 1, "versionStatus": "submitted", "curationStatus": "Published", "publicationDate": "2018-06-27", "lastModificationDate": "2020-06-24", "visibility": "public", "sharingLink": "https://datadryad.org/stash/share/uDvRvMNZL7gz6k5je43k_y9F5m1kBT_LM4GSwEnnTys", "userId": 7188, "license": "https://creativecommons.org/publicdomain/zero/1.0/"}