{"_links": {"self": {"href": "/api/v2/datasets/doi%3A10.5061%2Fdryad.f9013"}, "stash:versions": {"href": "/api/v2/datasets/doi%3A10.5061%2Fdryad.f9013/versions"}, "stash:version": {"href": "/api/v2/versions/4940"}, "stash:download": {"href": "/api/v2/datasets/doi%3A10.5061%2Fdryad.f9013/download"}, "curies": [{"name": "stash", "href": "https://github.com/CDL-Dryad/stash/blob/main/stash_api/link-relations.md#{rel}", "templated": "true"}]}, "identifier": "doi:10.5061/dryad.f9013", "id": 4907, "storageSize": 457688, "title": "Data from: Quantifying inbreeding avoidance through extra-pair reproduction", "authors": [{"firstName": "Jane M.", "lastName": "Reid", "affiliation": "University of Aberdeen", "affiliationROR": "https://ror.org/016476m91"}, {"firstName": "Peter", "lastName": "Arcese", "affiliation": "University of British Columbia", "affiliationROR": "https://ror.org/03rmrcq20"}, {"firstName": "Lukas F.", "lastName": "Keller", "affiliation": "University of Zurich", "affiliationROR": "https://ror.org/02crff812"}, {"firstName": "Ryan R.", "lastName": "Germain", "affiliation": "University of British Columbia", "affiliationROR": "https://ror.org/03rmrcq20"}, {"firstName": "Alexander Bradley", "lastName": "Duthie", "affiliation": "University of Aberdeen", "affiliationROR": "https://ror.org/016476m91"}, {"firstName": "Sylvain", "lastName": "Losdat", "affiliation": "University of Aberdeen", "affiliationROR": "https://ror.org/016476m91"}, {"firstName": "Matthew Ernest", "lastName": "Wolak", "affiliation": "University of Aberdeen", "affiliationROR": "https://ror.org/016476m91"}, {"firstName": "Pirmin", "lastName": "Nietlisbach", "affiliation": "University of Zurich", "affiliationROR": "https://ror.org/02crff812"}], "abstract": "Extra-pair reproduction is widely hypothesised to allow females to avoid inbreeding with related socially-paired males. Consequently, numerous field studies have tested the key predictions that extra-pair offspring are less inbred than females\u2019 alternative within-pair offspring, and that the probability of extra-pair reproduction increases with a female's relatedness to her socially-paired male. However such studies rarely measure inbreeding or relatedness sufficiently precisely to detect subtle effects, or consider biases stemming from failure to observe inbred offspring that die during early development. Analyses of multi-generational song sparrow (Melospiza melodia) pedigree data showed that most females had opportunity to increase or decrease the coefficient of inbreeding of their offspring through extra-pair reproduction with neighbouring males. In practice, observed extra-pair offspring had lower inbreeding coefficients than females\u2019 within-pair offspring on average, while the probability of extra-pair reproduction increased substantially with the coefficient of kinship between a female and her socially-paired male. However, simulations showed that such effects could simply reflect bias stemming from inbreeding depression in early offspring survival. The null hypothesis that extra-pair reproduction is random with respect to kinship therefore cannot be definitively rejected in song sparrows, and existing general evidence that females avoid inbreeding through extra-pair reproduction requires re-evaluation given such biases.", "keywords": ["Melospiza melodia", "reproductive strategies", "Mating Systems", "Inbreeding", "Holocene"], "usageNotes": "<div class=\"o-metadata__file-usage-entry\"><h4 class=\"o-heading__level3-file-title\">breed.data.dryad.use</h4><div class=\"o-metadata__file-description\">This file contains data required for the simulation that quantifies the consequences of observation failure due to offspring mortality for estimates of inbreeding avoidance through extra-pair reproduction.</div><div class=\"o-metadata__file-name\"></div><div class=\"o-metadata__file-name\"></div></div><div class=\"o-metadata__file-usage-entry\"><h4 class=\"o-heading__level3-file-title\">data.epy.dryad.use</h4><div class=\"o-metadata__file-description\">This file contains the data for the basic analysis of inbreeding avoidance through extra-pair reproduction.</div><div class=\"o-metadata__file-name\"></div><div class=\"o-metadata__file-name\"></div></div><div class=\"o-metadata__file-usage-entry\"><h4 class=\"o-heading__level3-file-title\">data.fems.dryad.use</h4><div class=\"o-metadata__file-description\">This file contains the data for the analyses of extra-pair reproduction, clutch size, probability of offspring mortality and brood size in relation to a female's kinship with her socially paired male.</div><div class=\"o-metadata__file-name\"></div><div class=\"o-metadata__file-name\"></div></div><div class=\"o-metadata__file-usage-entry\"><h4 class=\"o-heading__level3-file-title\">data.neighbours.dryad.use</h4><div class=\"o-metadata__file-description\">This dataset describes the coefficient of kinship between each focal female and her first-, second- and non-neighbour males.</div><div class=\"o-metadata__file-name\"></div><div class=\"o-metadata__file-name\"></div></div><div class=\"o-metadata__file-usage-entry\"><h4 class=\"o-heading__level3-file-title\">neighbours.na.dryad.use</h4><div class=\"o-metadata__file-description\">This file contains data required for the simulation that quantifies the consequences of observation failure due to offspring mortality for estimates of inbreeding avoidance through extra-pair reproduction.</div><div class=\"o-metadata__file-name\"></div><div class=\"o-metadata__file-name\"></div></div><div class=\"o-metadata__file-usage-entry\"><h4 class=\"o-heading__level3-file-title\">neighbours1.dryad.use</h4><div class=\"o-metadata__file-description\">This file contains data required for the simulation that quantifies the consequences of observation failure due to offspring mortality for estimates of inbreeding avoidance through extra-pair reproduction.</div><div class=\"o-metadata__file-name\"></div><div class=\"o-metadata__file-name\"></div></div><div class=\"o-metadata__file-usage-entry\"><h4 class=\"o-heading__level3-file-title\">neighbours2.dryad.use</h4><div class=\"o-metadata__file-description\">This file contains data required for the simulation that quantifies the consequences of observation failure due to offspring mortality for estimates of inbreeding avoidance through extra-pair reproduction.</div><div class=\"o-metadata__file-name\"></div><div class=\"o-metadata__file-name\"></div></div><div class=\"o-metadata__file-usage-entry\"><h4 class=\"o-heading__level3-file-title\">ped.data.dryad.use</h4><div class=\"o-metadata__file-description\">This file contains data required for the simulation that quantifies the consequences of observation failure due to offspring mortality for estimates of inbreeding avoidance through extra-pair reproduction.</div><div class=\"o-metadata__file-name\"></div><div class=\"o-metadata__file-name\"></div></div><div class=\"o-metadata__file-usage-entry\"><h4 class=\"o-heading__level3-file-title\">simulationRcode.dryad.use</h4><div class=\"o-metadata__file-description\">This simulation code quantifies the consequences of observation failure (ie pre-banding mortality) for\r\nestimates of the pattern of occurrence of extra-pair reproduction in relation to the kinship\r\nbetween a female and her socially-paired male, and the degree of inbreeding avoidance through extra-pair reproduction.</div><div class=\"o-metadata__file-name\"></div><div class=\"o-metadata__file-name\"></div></div>", "locations": [{"place": "Canada"}, {"place": "British Columbia"}], "relatedWorks": [{"relationship": "Cites", "identifierType": "DOI", "identifier": "https://doi.org/10.1111/evo.12557"}], "versionNumber": 1, "versionStatus": "submitted", "curationStatus": "Published", "publicationDate": "2014-10-17", "lastModificationDate": "2020-06-30", "visibility": "public", "sharingLink": "https://datadryad.org/stash/share/1j3-XrLC7LWWc_zeM1TBlbwdnZUTMjPKtd2NMoQx158", "userId": 97, "license": "https://creativecommons.org/publicdomain/zero/1.0/"}