{"_links": {"self": {"href": "/api/v2/datasets/doi%3A10.5061%2Fdryad.b1296"}, "stash:versions": {"href": "/api/v2/datasets/doi%3A10.5061%2Fdryad.b1296/versions"}, "stash:version": {"href": "/api/v2/versions/7061"}, "stash:download": {"href": "/api/v2/datasets/doi%3A10.5061%2Fdryad.b1296/download"}, "curies": [{"name": "stash", "href": "https://github.com/CDL-Dryad/stash/blob/main/stash_api/link-relations.md#{rel}", "templated": "true"}]}, "identifier": "doi:10.5061/dryad.b1296", "id": 7024, "storageSize": 270970, "title": "Data from: Multiple plant traits shape the genetic basis of herbivore community assembly", "authors": [{"firstName": "Matthew A.", "lastName": "Barbour", "affiliation": "University of British Columbia", "affiliationROR": "https://ror.org/03rmrcq20"}, {"firstName": "Mariano A.", "lastName": "Rodriguez-Cabal", "affiliation": "University of British Columbia", "affiliationROR": "https://ror.org/03rmrcq20"}, {"firstName": "Elizabeth T.", "lastName": "Wu", "affiliation": "Humboldt State University", "affiliationROR": "https://ror.org/02qt0xs84"}, {"firstName": "Riitta", "lastName": "Julkunen-Tiitto", "affiliation": "University of Eastern Finland", "affiliationROR": "https://ror.org/00cyydd11"}, {"firstName": "Carol E.", "lastName": "Ritland", "affiliation": "University of British Columbia", "affiliationROR": "https://ror.org/03rmrcq20"}, {"firstName": "Allyson E.", "lastName": "Miscampbell", "affiliation": "University of British Columbia", "affiliationROR": "https://ror.org/03rmrcq20"}, {"firstName": "Erik S.", "lastName": "Jules", "affiliation": "Humboldt State University", "affiliationROR": "https://ror.org/02qt0xs84"}, {"firstName": "Gregory M.", "lastName": "Crutsinger", "affiliation": "University of British Columbia", "affiliationROR": "https://ror.org/03rmrcq20"}], "abstract": "1. Community genetics research has posited a genetic basis to the assembly of ecological communities. For arthropod herbivores in particular, there is strong support that genetic variation in host plants is a key factor shaping their diversity and composition. However, the specific plant phenotypes underlying herbivore responses remain poorly explored for most systems. 2. We address this knowledge gap by examining the influence of both genetic and phenotypic variation in a dominant host-plant species, Salix hookeriana, on its associated arthropod herbivore community in a common garden experiment. Specifically, we surveyed herbivore responses among five different arthropod feeding guilds to 26 distinct S. hookeriana genotypes. Moreover, we quantified the heritability of a suite of plant traits that determine leaf quality (e.g. phenolic compounds, trichomes, specific leaf area, C : N) and whole-plant architecture, to identify which traits best accounted for herbivore community responses to S. hookeriana genotype. 3. We found that total herbivore abundance and community composition differed considerably among S. hookeriana genotypes, with strong and independent responses of several species and feeding guilds driving these patterns. We also found that leaf phenolic chemistry displayed extensive heritable variation, whereas leaf physiology and plant architecture tended to be less heritable. Of these traits, herbivore responses were primarily associated with leaf phenolics and plant architecture; however, different herbivore species and feeding guilds were associated with different sets of traits. Despite our thorough trait survey, plant genotype remained a significant predictor of herbivore responses in most trait association analyses, suggesting that unmeasured host-plant characteristics and/or interspecific interactions were also contributing factors. 4. Taken together, our results support that the genetic basis of herbivore community assembly occurs through a suite of plant traits for different herbivore species and feeding guilds. Still, identifying these phenotypic mechanisms requires measuring a broad range of plant traits and likely further consideration of how these traits affect interspecific interactions.", "keywords": ["Caloptilia sp.", "secondary metabolites", "Iteomyia salicisverruca", "Arthropods", "Leaf Quality", "Salix hookeriana", "Herbivory", "Aculus tetanothrix", "architecture", "community genetics", "plant traits"], "usageNotes": "<div class=\"o-metadata__file-usage-entry\"><h4 class=\"o-heading__level3-file-title\">Table S7: Willow trait REML models</h4><div class=\"o-metadata__file-description\">This R script reproduces Table S7 of the manuscript entitled, \"Multiple plant traits shape the genetic basis of herbivore community assembly.\" This script contains all of the restricted maximum likelihood (REML) models and broad-sense heritability estimates of the 40 willow (Salix hookeriana) traits measured in this common garden experiment.</div><div class=\"o-metadata__file-name\">trait_REML_table.R</br></div></div><div class=\"o-metadata__file-usage-entry\"><h4 class=\"o-heading__level3-file-title\">Table S4: Heatmap of willow phenotypic correlations</h4><div class=\"o-metadata__file-description\">This R script reproduces Table S4 of the manuscript entitled, \"Multiple plant traits shape the genetic basis of herbivore community assembly.\" Specifically, this script calculates willow (Salix hookeriana) phenotypic correlations (Pearson's r) among the 40 traits measured in this common garden experiment. This script also generates a heat map for visualizing these correlations.</div><div class=\"o-metadata__file-name\">trait.corr_plot.R</br></div></div><div class=\"o-metadata__file-usage-entry\"><h4 class=\"o-heading__level3-file-title\">Fig. 3: Multipanel figure of genetic variation in willow traits</h4><div class=\"o-metadata__file-description\">This script reproduces Fig. 3 of the manuscript entitled, \"Multiple plant traits shape the genetic basis of herbivore community assembly.\" Specifically, it calculates and plots the mean and standard error of several plant traits measured among the 26 willow genotypes used in this common garden experiment.</div><div class=\"o-metadata__file-name\">plant.trait_plots.R</br></div></div><div class=\"o-metadata__file-usage-entry\"><h4 class=\"o-heading__level3-file-title\">Fig. 2: Multipanel figure of herbivore guild responses to willow genotype</h4><div class=\"o-metadata__file-description\">This R script reproduces Fig. 2 in the manuscript entitled, \"Multiple plant traits shape the genetic basis of herbivore community assembly.\" Specifically, this script calculates and plots the mean and standard error of the abundance of each feeding guild occurring on the 26 willow genotypes measured in this common garden experiment.</div><div class=\"o-metadata__file-name\">herb.guild_responses_genotype.R</br></div></div><div class=\"o-metadata__file-usage-entry\"><h4 class=\"o-heading__level3-file-title\">Fig. 1 & S6: Herbivore community responses to willow genotype</h4><div class=\"o-metadata__file-description\">This R script reproduces Fig. 1 & S6 in the manuscript entitled, \"Multiple plant traits shape the genetic basis of herbivore community assembly.\"</div><div class=\"o-metadata__file-name\">herb.com_responses_genotype.R</br></div></div><div class=\"o-metadata__file-usage-entry\"><h4 class=\"o-heading__level3-file-title\">Summary of results for herbivore community responses to willow genotype.</h4><div class=\"o-metadata__file-description\">This R script runs one-way ANOVA, GLMs, and RDA models of herbivore community responses to willow genotype. These results are reported in the first 2 paragraphs of the Results section of the manuscript entitled, \"Multiple plant traits shape the genetic basis of herbivore community assembly.\"</div><div class=\"o-metadata__file-name\">herb.com_anova_table.R</br></div></div><div class=\"o-metadata__file-usage-entry\"><h4 class=\"o-heading__level3-file-title\">Table 1 & 2: Phenotypic and genetic correlations of herbivore guild and species responses</h4><div class=\"o-metadata__file-description\">This R script reproduces the results reported in Table 1 & 2 of the manuscript entitled, \"Multiple plant traits shape the genetic basis of herbivore community assembly. Specifically, this script calculates Pearson correlations for phenotypic and genotypic correlations of herbivore community.</div><div class=\"o-metadata__file-name\">herb.com_corr_table.R</br></div></div><div class=\"o-metadata__file-usage-entry\"><h4 class=\"o-heading__level3-file-title\">Table 3: willow traits that best predict herbivore community responses</h4><div class=\"o-metadata__file-description\">This R script runs the forward model selection approach advocated by Blanchet et al. (2008, Ecology) to identify which willow traits best predict herbivore community responses. After identifying these traits, I then determined whether willow genotype still had a significant effect. These results are reported in Table 3 of the manuscript entitled, \"Multiple plant traits shape the genetic basis of herbivore community assembly.\"</div><div class=\"o-metadata__file-name\">herb.trait_regressions.R</br></div></div><div class=\"o-metadata__file-usage-entry\"><h4 class=\"o-heading__level3-file-title\">Table S5: Principal Component Analysis of willow phenolic compounds</h4><div class=\"o-metadata__file-description\">This R script replicates the principal component analyses we performed on different classes of phenolic compounds (Table S5) in the manuscript entitled, \"Multiple plant traits shape the genetic basis of herbivore community assembly.\" We explored different transformations (sqrt, log, log(x+1)) to linearize the relationships among leaf phenolic compounds. We then used scree plots and visual inspection of phenolic compound loadings to choose interpretable principal componenents. All PCs were performed on the correlation matrix to give equal weight to each phenolic compound.</div><div class=\"o-metadata__file-name\">phenolic_pcas.R</br></div></div><div class=\"o-metadata__file-usage-entry\"><h4 class=\"o-heading__level3-file-title\">Willow herbivore community and plant trait management script</h4><div class=\"o-metadata__file-description\">This R script manages the herbivore community and plant trait data for the manuscript entitled, \"Multiple plant traits shape the genetic basis of herbivore community assembly\". This file is sourced in for all of the other R scripts associated with this manuscript so that all of the figures, tables, and analyses are reproducible.</div><div class=\"o-metadata__file-name\">herb_trait_manage.r</br></div></div><div class=\"o-metadata__file-usage-entry\"><h4 class=\"o-heading__level3-file-title\">Willow genotype, herbivore community, and plant trait data</h4><div class=\"o-metadata__file-description\">Contains all of the data that is analyzed and reported in the manuscript entitled, \"Multiple plant traits shape the genetic basis of herbivore community assembly.\"</div><div class=\"o-metadata__file-name\">herb.trait.data.csv</br></div><div class=\"o-metadata__file-name\"></div></div>", "locations": [{"place": "USA"}, {"place": "124\u00b012'4\"W"}, {"place": "Loleta"}, {"place": "40\u00b040'53\"N"}, {"place": "California"}], "relatedWorks": [{"relationship": "Cites", "identifierType": "DOI", "identifier": "https://doi.org/10.1111/1365-2435.12409"}], "versionNumber": 1, "versionStatus": "submitted", "curationStatus": "Published", "publicationDate": "2015-12-26", "lastModificationDate": "2020-06-24", "visibility": "public", "sharingLink": "https://datadryad.org/stash/share/nvzRl-KQZOOF-wSyI2aSawURqxxVJw4JjQCPit3szXo", "userId": 10639, "license": "https://creativecommons.org/publicdomain/zero/1.0/"}