{"_links": {"self": {"href": "/api/v2/datasets/doi%3A10.5061%2Fdryad.qp512"}, "stash:versions": {"href": "/api/v2/datasets/doi%3A10.5061%2Fdryad.qp512/versions"}, "stash:version": {"href": "/api/v2/versions/3948"}, "stash:download": {"href": "/api/v2/datasets/doi%3A10.5061%2Fdryad.qp512/download"}, "curies": [{"name": "stash", "href": "https://github.com/CDL-Dryad/stash/blob/main/stash_api/link-relations.md#{rel}", "templated": "true"}]}, "identifier": "doi:10.5061/dryad.qp512", "id": 3926, "storageSize": 617623, "title": "Data from: The temporal window of ecological adaptation in postglacial lakes: a comparison of head morphology, trophic position and habitat use in Norwegian threespine stickleback populations", "authors": [{"firstName": "Kjartan", "lastName": "\u00d8stbye", "affiliation": "University of Oslo", "affiliationROR": "https://ror.org/01xtthb56"}, {"firstName": "Chris", "lastName": "Harrod", "affiliation": "Max Planck Institute for Evolutionary Biology", "affiliationROR": "https://ror.org/0534re684"}, {"firstName": "Finn", "lastName": "Gregersen", "affiliation": "Multiconsult (Norway)", "affiliationROR": "https://ror.org/05ycfv646"}, {"firstName": "Tom", "lastName": "Klepaker", "affiliation": "University of Bergen", "affiliationROR": "https://ror.org/03zga2b32"}, {"firstName": "Michael", "lastName": "Schulz", "affiliation": "Neuruppin, Germany"}, {"firstName": "Dolph", "lastName": "Schluter", "affiliation": "University of British Columbia", "affiliationROR": "https://ror.org/03rmrcq20"}, {"firstName": "Leif Asbj\u00f8rn", "lastName": "V\u00f8llestad", "affiliation": "University of Oslo", "affiliationROR": "https://ror.org/01xtthb56"}], "abstract": "Background: Studying how trophic traits and niche use are related in natural populations is important in order to understand adaptation and specialization. Here, we describe trophic trait diversity in twenty-five Norwegian freshwater threespine stickleback populations and their putative marine ancestor, and relate trait differences to postglacial lake age. By studying lakes of different ages, depths and distance to the sea we examine key environmental variables that may predict adaptation in trophic position and habitat use. We measured trophic traits including geometric landmarks that integrated variation in head shape as well as gillraker length and number. Trophic position (Tpos) and niche use (\u03b1) were estimated from stable isotopes (\u03b413C, \u03b415N). A comparison of head shape was also made with two North American benthic-limnetic species pairs. Results: We found that head shape differed between marine and freshwater sticklebacks, with marine sticklebacks having more upturned mouths, smaller eyes, larger opercula and deeper heads. Size-adjusted gillraker lengths were larger in marine than in freshwater stickleback. Norwegian sticklebacks were compared on the same head shape axis as the one differentiating the benthic-limnetic North American threespine stickleback species pairs. Here, Norwegian freshwater sticklebacks with a more \"limnetic head shape\" had more and longer gillrakers than sticklebacks with \"benthic head shape\". The \"limnetic morph\" was positively associated with deeper lakes. Populations differed in \u03b1 (mean \u00b1 sd: 0.76 \u00b1 0.29) and Tpos (3.47 \u00b1 0.27), where \u03b1 increased with gillraker length. Larger fish had a higher Tpos than smaller fish. Compared to the ecologically divergent stickleback species pairs and solitary lake populations in North America, Norwegian freshwater sticklebacks had similar range in Tpos and \u03b1 values, but much less trait divergences. Conclusions: Our results showed trait divergences between threespine stickleback in marine and freshwater environments. Freshwater populations diverged in trophic ecology and trophic traits, but trophic ecology was not related to the elapsed time in freshwater. Norwegian sticklebacks used the same niches as the ecologically divergent North American stickleback species pairs. However, as trophic trait divergences were smaller, and not strongly associated with the ecological niche, ecological adaptations along the benthic-limnetic axis were less developed in Norwegian sticklebacks.", "keywords": ["ice sheet", "adaptive radiation", "Stable isotopic analysis", "Ecological niche", "post-glacial", "Isostatic uplift", "Benthic-limnetic stickleback species pairs", "Holocene", "Gasterosteus aculeatus", "natural selection", "Pleistocene"], "usageNotes": "<div class=\"o-metadata__file-usage-entry\"><h4 class=\"o-heading__level3-file-title\">Read me file with location codes</h4><div class=\"o-metadata__file-name\">0 Sample codes to locality names.xls</br></div></div><div class=\"o-metadata__file-usage-entry\"><h4 class=\"o-heading__level3-file-title\">1 Dataset-Freshwater</h4><div class=\"o-metadata__file-description\">Data comparing the freshwater stickleback only; with principal component scores (see details in the manuscript).</div><div class=\"o-metadata__file-name\"></div></div><div class=\"o-metadata__file-usage-entry\"><h4 class=\"o-heading__level3-file-title\">2 Dataset-Freshwater and marine</h4><div class=\"o-metadata__file-description\">Data comparing the marine and freshwater stickleback; with principal component scores (see details in the manuscript).</div><div class=\"o-metadata__file-name\"></div></div><div class=\"o-metadata__file-usage-entry\"><h4 class=\"o-heading__level3-file-title\">3 Dataset- Freshwater, marine and North American</h4><div class=\"o-metadata__file-description\">Data comparing the marine and freshwater stickleback from Norway and the two North American species pairs; with principal component scores (see details in the manuscript).</div><div class=\"o-metadata__file-name\"></div></div>", "locations": [{"place": "Europe"}, {"place": "North America"}], "relatedWorks": [{"relationship": "Cites", "identifierType": "DOI", "identifier": "https://doi.org/10.1186/s12862-016-0676-2"}], "versionNumber": 1, "versionStatus": "submitted", "curationStatus": "Published", "publicationDate": "2016-05-02", "lastModificationDate": "2020-06-24", "visibility": "public", "sharingLink": "https://datadryad.org/stash/share/9q94sSHI6ex5_A1xM3COoSKiaXhSDwtrXhQ0L3IPrFE", "userId": 18866, "license": "https://creativecommons.org/publicdomain/zero/1.0/"}