{"_links": {"self": {"href": "/api/v2/datasets/doi%3A10.5061%2Fdryad.1ng8c"}, "stash:versions": {"href": "/api/v2/datasets/doi%3A10.5061%2Fdryad.1ng8c/versions"}, "stash:version": {"href": "/api/v2/versions/8159"}, "stash:download": {"href": "/api/v2/datasets/doi%3A10.5061%2Fdryad.1ng8c/download"}, "curies": [{"name": "stash", "href": "https://github.com/CDL-Dryad/stash/blob/main/stash_api/link-relations.md#{rel}", "templated": "true"}]}, "identifier": "doi:10.5061/dryad.1ng8c", "id": 8121, "storageSize": 202882, "title": "Data from: Measuring engagement in advance care planning: a cross-sectional multicentre feasibility study.", "authors": [{"firstName": "Michelle", "lastName": "Howard", "affiliation": "McMaster University", "affiliationROR": "https://ror.org/02fa3aq29"}, {"firstName": "Aaron", "lastName": "Bonham", "affiliation": "McMaster University", "affiliationROR": "https://ror.org/02fa3aq29"}, {"firstName": "Daren", "lastName": "Heyland", "affiliation": "Kingston General Hospital", "affiliationROR": "https://ror.org/03zq81960"}, {"firstName": "Rebecca", "lastName": "Sudore", "affiliation": "San Francisco VA Medical Center", "affiliationROR": "https://ror.org/049peqw80"}, {"firstName": "Konrad", "lastName": "Fassbender", "affiliation": "Covenant Health Palliative Institute"}, {"firstName": "Carole", "lastName": "Robinson", "affiliation": "University of British Columbia", "affiliationROR": "https://ror.org/03rmrcq20"}, {"firstName": "Michael", "lastName": "McKenzie", "affiliation": "British Columbia Cancer Agency, Vancouver Cancer Centre"}, {"firstName": "Dawn", "lastName": "Elston", "affiliation": "McMaster University", "affiliationROR": "https://ror.org/02fa3aq29"}, {"firstName": "John J.", "lastName": "You", "affiliation": "McMaster University", "affiliationROR": "https://ror.org/02fa3aq29"}], "abstract": "Objectives: To assess feasibility, acceptability, and clinical sensibility of a novel survey, the Advance Care Planning (ACP) Engagement Survey in various health care settings.\r\nSetting: A target sample of 50 patients from each of primary care, hospital, cancer care, and dialysis care settings.\r\nParticipants: A convenience sample of patients without cognitive impairment who could speak and read English was recruited.  Patients 50 years and older were eligible in primary care; patients 80 and older or 55 years and older with clinical markers of advanced chronic disease were recruited in hospital; patients aged 19 and older were recruited in cancer and renal dialysis centres.\r\nOutcomes:  We assessed feasibility, acceptability and clinical sensibility of the ACP Engagement Survey using a 6-point scale.  The ACP Engagement Survey measures ACP processes (knowledge, contemplation, self-efficacy, readiness) on 5-point Likert scales and actions (yes/no).  \r\nResults: 196 patients (38 to 96 years old, 50.5% women) participated. Mean (\u00b1standard deviation) time to administer was 48.8 \u00b119.6 minutes.  Mean acceptability scores ranged from 3.2\u00b11.3 in hospital to 4.7\u00b10.9 in primary care and mean relevance ranged from 3.5\u00b11.0 in hospital to 4.9\u00b10.9 in dialysis centres (p values <0.001 for both).  The mean process score was 3.1\u00b10.6 and the mean action score was 11.2\u00b15.6 (of a possible 25).\r\nConclusions: \r\nThe ACP Engagement Survey demonstrated feasibility and acceptability in out-patient settings, but was less feasible and acceptable among hospitalized patients due to length. A shorter version may improve feasibility.  Engagement in ACP was low to moderate.", "keywords": ["communication", "advance care planning", "measurement"], "usageNotes": "<div class=\"o-metadata__file-usage-entry\"><h4 class=\"o-heading__level3-file-title\">README</h4><div class=\"o-metadata__file-description\">The Readme file includes a list of files in this data package, and a description of the variables that were removed from the dataset to protect participant identity. Please see the \"Data dictionary\" for a description of the variables that were included in the dataset, and the \"Summary table of indirect identifier data\" for a summary of values reported at removed variables.</div><div class=\"o-metadata__file-name\"></div></div><div class=\"o-metadata__file-usage-entry\"><h4 class=\"o-heading__level3-file-title\">Data Dictionary - Canadian ACP engagement sample BMJ Open</h4><div class=\"o-metadata__file-description\">This file describes the variables that were included in the dataset, and their allowable values.</div><div class=\"o-metadata__file-name\">Canadian ACP engagement sample BMJ Open_data dictionary.xlsx</br></div></div><div class=\"o-metadata__file-usage-entry\"><h4 class=\"o-heading__level3-file-title\">Canadian ACP engagement survey pilot</h4><div class=\"o-metadata__file-description\">This file contains the responses of 196 patients in acute care, primary care, cancer care and renal care to a 108-item ACP engagement survey.  Process Measures (knowledge, contemplation, self-efficacy, and readiness, 5-point Likert\r\nscales) and Action Measures (yes/no whether an ACP behavior was completed) are included.</div><div class=\"o-metadata__file-name\">Canadian ACP engagement sample_BMJ Open_indirect identifiers removed.xlsx</br></div></div><div class=\"o-metadata__file-usage-entry\"><h4 class=\"o-heading__level3-file-title\">Summary table of indirect identifier data - Canadian ACP engagement_BMJ Open</h4><div class=\"o-metadata__file-description\">This file contains descriptive analysis summary tables of indirect identifiers that were removed from the dataset.</div><div class=\"o-metadata__file-name\">Canadian ACP engagement_BMJ Open_summary table of indirect identifier data.docx</br></div></div>", "locations": [{"place": "Alberta"}, {"place": "British Columbia and Ontario"}, {"place": "Ontario"}], "relatedWorks": [{"relationship": "Cites", "identifierType": "DOI", "identifier": "https://doi.org/10.1136/bmjopen-2015-010375"}], "versionNumber": 1, "versionStatus": "submitted", "curationStatus": "Published", "publicationDate": "2016-05-24", "lastModificationDate": "2020-06-24", "visibility": "public", "sharingLink": "https://datadryad.org/stash/share/R0_nzC5IqHLXUfmUOiV84DzborBcyvXLUojnmp6zfZY", "userId": 19589, "license": "https://creativecommons.org/publicdomain/zero/1.0/"}