{"_links": {"self": {"href": "/api/v2/datasets/doi%3A10.5061%2Fdryad.5c6v7"}, "stash:versions": {"href": "/api/v2/datasets/doi%3A10.5061%2Fdryad.5c6v7/versions"}, "stash:version": {"href": "/api/v2/versions/7641"}, "stash:download": {"href": "/api/v2/datasets/doi%3A10.5061%2Fdryad.5c6v7/download"}, "curies": [{"name": "stash", "href": "https://github.com/CDL-Dryad/stash/blob/main/stash_api/link-relations.md#{rel}", "templated": "true"}]}, "identifier": "doi:10.5061/dryad.5c6v7", "id": 7603, "storageSize": 237083, "title": "Data from: Origins and functional diversification of salinity-responsive Na+, K+ ATPase \u03b11 paralogs in salmonids", "authors": [{"firstName": "Anne C.", "lastName": "Dalziel", "affiliation": "University of British Columbia", "affiliationROR": "https://ror.org/03rmrcq20"}, {"firstName": "Jesse", "lastName": "Bittman", "affiliation": "University of British Columbia", "affiliationROR": "https://ror.org/03rmrcq20"}, {"firstName": "Milica", "lastName": "Mandic", "affiliation": "University of British Columbia", "affiliationROR": "https://ror.org/03rmrcq20"}, {"firstName": "Michelle", "lastName": "Ou", "affiliation": "University of British Columbia", "affiliationROR": "https://ror.org/03rmrcq20"}, {"firstName": "Patricia M.", "lastName": "Schulte", "affiliation": "University of British Columbia", "affiliationROR": "https://ror.org/03rmrcq20"}], "abstract": "The Salmoniform whole-genome duplication is hypothesized to have facilitated the evolution of anadromy, but little is known about the contribution of paralogs from this event to the physiological performance traits required for anadromy, such as salinity tolerance. Here, we determined when two candidate salinity-responsive paralogs of the Na+, K+ ATPase \u03b1 subunit (\u03b11a and \u03b11b) evolved and studied their evolutionary trajectories and tissue-specific expression patterns. We found that these paralogs arose during a small scale duplication event prior to the Salmoniform, but after the teleost, whole-genome duplication. The \u2018freshwater paralog\u2019 (\u03b11a) is primarily expressed in the gills of Salmoniformes and an unduplicated freshwater sister-species (Esox lucius), and experienced positive selection in the fresh-water ancestor of Salmoniformes and Esociformes. Contrary to our predictions, the \u2018saltwater paralog\u2019 (\u03b11b), which is more widely expressed than \u03b11a, did not experience positive selection during the evolution of anadromy in the Coregoninae and Salmonine. To determine if parallel mutations in Na+, K+ ATPase \u03b11 may contribute to salinity tolerance in other fishes, we studied independently evolved salinity-responsive Na+, K+ ATPase \u03b11 paralogs in Anabas testudineus and Oreochromis mossambicus. We found that a quarter of the mutations occurring between salmonid \u03b11a and \u03b11b in functionally important sites also evolved in parallel in at least one of these species. Together, these data argue that paralogs contributing to salinity tolerance evolved prior to the Salmoniform whole-genome duplication and that strong selection and/or functional constraints have led to parallel evolution in salinity-responsive Na+, K+ ATPase \u03b11 paralogs in fishes.", "keywords": ["Osmerus mordax", "sodium potassium ATPase", "Salmo salar", "Coregonus clupeaformis", "molecular evolution", "Fish", "Esox lucius", "Oncorhynchus mykiss", "Salvelinus alpinus", "Thymallus arcticus", "Gene Structure and Function"], "usageNotes": "<div class=\"o-metadata__file-usage-entry\"><h4 class=\"o-heading__level3-file-title\">Key for Figure 2</h4><div class=\"o-metadata__file-description\">Accession numbers for all sequences used in Figure 2 and the short name used in sequence files for PAML and alignments (Appendix S1).</div><div class=\"o-metadata__file-name\">Fig2_SequenceIDs_to_GenbankNumbers.txt</br></div></div><div class=\"o-metadata__file-usage-entry\"><h4 class=\"o-heading__level3-file-title\">Fig4- Pike real time data</h4><div class=\"o-metadata__file-description\">Gene expression of Na+, K+ ATPase paralogs and 18S in the Northern Pike (Esox lucius)</div><div class=\"o-metadata__file-name\">Fig4_Pike real time datal.xls</br></div></div><div class=\"o-metadata__file-usage-entry\"><h4 class=\"o-heading__level3-file-title\">Supplementary Fig1</h4><div class=\"o-metadata__file-description\">Teleost Na+, K+ ATPase \u03b11 (ATP1A1) gene tree reconstructed using Bayesian inference (BI) with MrBayes version 3.2.1 (Ronquist et al. 2012) and the GTR+I+\u0393 model of nucleotide evolution.</div><div class=\"o-metadata__file-name\">SuppFig1_MrBayes_Jan_7_2013.rtf</br></div></div><div class=\"o-metadata__file-usage-entry\"><h4 class=\"o-heading__level3-file-title\">Supplementary Figure 2</h4><div class=\"o-metadata__file-description\">Teleost Na+, K+ ATPase \u03b11 (ATP1A1) gene tree reconstructed using the maximum likelihood (ML) method with RAxML software version 7.2.7 (Stamatakis 2006) and the GTR+\u0393 model of nucleotide evolution.</div><div class=\"o-metadata__file-name\">SuppFig2_RAxML_Dec_30.rtf</br></div></div><div class=\"o-metadata__file-usage-entry\"><h4 class=\"o-heading__level3-file-title\">Tree file for PAML</h4><div class=\"o-metadata__file-description\">Tree file to be used with the one and free ratios models in PAML (Table 1, Test 1a).</div><div class=\"o-metadata__file-name\">ATP1A1.trees</br></div><div class=\"o-metadata__file-name\"></div></div><div class=\"o-metadata__file-usage-entry\"><h4 class=\"o-heading__level3-file-title\">Control file for PAML - Branch Model</h4><div class=\"o-metadata__file-description\">Control file for PAML branch model to test for selection along Branch D of Fig.2 (Table 1).</div><div class=\"o-metadata__file-name\">BranchModel_BranchD.ctl</br></div><div class=\"o-metadata__file-name\"></div></div><div class=\"o-metadata__file-usage-entry\"><h4 class=\"o-heading__level3-file-title\">Tree file for PAML - 2</h4><div class=\"o-metadata__file-description\">Tree file for PAML's Branch-Site Model A (testing for selection along Branch D of Fig.2. Table 3)</div><div class=\"o-metadata__file-name\">BranchModel_BranchD.trees</br></div><div class=\"o-metadata__file-name\"></div></div><div class=\"o-metadata__file-usage-entry\"><h4 class=\"o-heading__level3-file-title\">Control file for PAML - Branch Null Model</h4><div class=\"o-metadata__file-description\">Control file for the null PAML Branch Model testing for selection along Branch D in Figure 2 (Table 1).</div><div class=\"o-metadata__file-name\">BranchModel_BranchDnull.ctl</br></div><div class=\"o-metadata__file-name\"></div></div><div class=\"o-metadata__file-usage-entry\"><h4 class=\"o-heading__level3-file-title\">Control file for PAML - Branch-Sites Model</h4><div class=\"o-metadata__file-description\">Control file for PAML`to run Branch-sites Model A along branch D in Figure 2 (Table 3).</div><div class=\"o-metadata__file-name\">BranchSite_BranchD.ctl</br></div><div class=\"o-metadata__file-name\"></div></div><div class=\"o-metadata__file-usage-entry\"><h4 class=\"o-heading__level3-file-title\">Tree file for PAML - 3</h4><div class=\"o-metadata__file-description\">Tree file for PAML's Branch-Site Model A, testing for selection in sites along Branch D in Figure 2 (Table 3).</div><div class=\"o-metadata__file-name\">BranchSite_BranchD.trees</br></div><div class=\"o-metadata__file-name\"></div></div><div class=\"o-metadata__file-usage-entry\"><h4 class=\"o-heading__level3-file-title\">Control file for PAML Branch-Site Null Model</h4><div class=\"o-metadata__file-description\">Control file for PAML's null Branch-site Model A testing for selection along Branch D in Figure 2 (Table 3).</div><div class=\"o-metadata__file-name\">BranchSite_BranchDnull.ctl</br></div><div class=\"o-metadata__file-name\"></div></div><div class=\"o-metadata__file-usage-entry\"><h4 class=\"o-heading__level3-file-title\">PAML control file - Free Ratio</h4><div class=\"o-metadata__file-description\">Control file for PAML's Free-Ratios model (Table 1)</div><div class=\"o-metadata__file-name\">FreeRatios.ctl</br></div><div class=\"o-metadata__file-name\"></div></div><div class=\"o-metadata__file-usage-entry\"><h4 class=\"o-heading__level3-file-title\">PAML control file - Clade model C null (M2a_rel)</h4><div class=\"o-metadata__file-description\">Control file for the null model to PAML's Clade Model C (Table 2).</div><div class=\"o-metadata__file-name\">M2a_rel.ctl</br></div><div class=\"o-metadata__file-name\"></div></div><div class=\"o-metadata__file-usage-entry\"><h4 class=\"o-heading__level3-file-title\">PAML control file - Clade model C</h4><div class=\"o-metadata__file-description\">Control file for PAML's Clade Model C model testing for divergent selection among all a1a and a1b paralogs (Table 2, Test 2a).</div><div class=\"o-metadata__file-name\">ModelC_a1a_a1b.ctl</br></div><div class=\"o-metadata__file-name\"></div></div><div class=\"o-metadata__file-usage-entry\"><h4 class=\"o-heading__level3-file-title\">Tree file for PAML- 4</h4><div class=\"o-metadata__file-description\">Tree file for PAML's clade Model C, to run Test 2a (Table 2).</div><div class=\"o-metadata__file-name\">ModelC_a1a_a1b.trees</br></div><div class=\"o-metadata__file-name\"></div></div><div class=\"o-metadata__file-usage-entry\"><h4 class=\"o-heading__level3-file-title\">PAML Control file - One-Ratio</h4><div class=\"o-metadata__file-description\">Control file for PAML's One-Ratio model (Table 1)</div><div class=\"o-metadata__file-name\">OneRatio.ctl</br></div><div class=\"o-metadata__file-name\"></div></div><div class=\"o-metadata__file-usage-entry\"><h4 class=\"o-heading__level3-file-title\">PAML sequence file</h4><div class=\"o-metadata__file-description\">Sequence file to use during all PAML models. All 36 species from Figure 2 are included.</div><div class=\"o-metadata__file-name\">Seq_ATP1A1.txt</br></div><div class=\"o-metadata__file-name\"></div></div>", "relatedWorks": [{"relationship": "Cites", "identifierType": "DOI", "identifier": "https://doi.org/10.1111/mec.12828"}], "versionNumber": 1, "versionStatus": "submitted", "curationStatus": "Published", "publicationDate": "2014-06-05", "lastModificationDate": "2020-06-24", "visibility": "public", "sharingLink": "https://datadryad.org/stash/share/0Ls1klDRirqESEc_TFuRAE4lHN78OpUGiqgMb519mM4", "userId": 8048, "license": "https://creativecommons.org/publicdomain/zero/1.0/"}