{"_links": {"self": {"href": "/api/v2/datasets/doi%3A10.5061%2Fdryad.p8066hd"}, "stash:versions": {"href": "/api/v2/datasets/doi%3A10.5061%2Fdryad.p8066hd/versions"}, "stash:version": {"href": "/api/v2/versions/8531"}, "stash:download": {"href": "/api/v2/datasets/doi%3A10.5061%2Fdryad.p8066hd/download"}, "curies": [{"name": "stash", "href": "https://github.com/CDL-Dryad/stash/blob/main/stash_api/link-relations.md#{rel}", "templated": "true"}]}, "identifier": "doi:10.5061/dryad.p8066hd", "id": 8492, "storageSize": 179067, "title": "Data from: Rethinking phylogenetic comparative methods", "authors": [{"firstName": "Josef C.", "lastName": "Uyeda", "affiliation": "Virginia Tech", "affiliationROR": "https://ror.org/02smfhw86"}, {"firstName": "Rosana", "lastName": "Zenil-Ferguson", "affiliation": "University of Idaho", "affiliationROR": "https://ror.org/03hbp5t65"}, {"firstName": "Matthew W.", "lastName": "Pennell", "affiliation": "University of British Columbia", "affiliationROR": "https://ror.org/03rmrcq20"}], "abstract": "As a result of the process of descent with modification, closely related species tend to be similar to one another in a myriad different ways. In statistical terms, this means that traits measured on one species will not be independent of traits measured on others. Since their introduction in the 1980s, phylogenetic comparative methods (PCMs) have been framed as a solution to this problem. In this paper, we argue that this way of thinking about PCMs is deeply misleading. Not only has this sowed widespread confusion in the literature about what PCMs are doing but has led us to develop methods that are susceptible to the very thing we sought to build defenses against --- unreplicated evolutionary events. Through three Case Studies, we demonstrate that the susceptibility to singular events is indeed a recurring problem in comparative biology that links several seemingly unrelated controversies. In each Case Study we propose a potential solution to the problem. While the details of our proposed solutions differ, they share a common theme: unifying hypothesis testing with data-driven approaches (which we term ``phylogenetic natural history'') to disentangle the impact of singular evolutionary events from that of the factors we are investigating. More broadly, we argue that our field has, at times, been sloppy when weighing evidence in support of causal hypotheses. We suggest that one way to refine our inferences is to re-imagine phylogenies as probabilistic graphical models; adopting this way of thinking will help clarify precisely what we are testing and what evidence supports our claims.", "funders": [{"organization": "National Science Foundation", "awardNumber": "NSF DBI-1661516"}], "keywords": ["Macroevolution", "Phylogenetic Natural History", "Causality", "Graphical Models"], "usageNotes": "<div class=\"o-metadata__file-usage-entry\"><h4 class=\"o-heading__level3-file-title\">Supplementary Methods</h4><div class=\"o-metadata__file-description\">Supplementary methods, derivations and results for the manuscript \"Rethinking phylogenetic comparative methods\".</div><div class=\"o-metadata__file-name\">pnh-ms_supplement.pdf</br></div></div>", "relatedWorks": [{"relationship": "Cites", "identifierType": "DOI", "identifier": "https://doi.org/10.1093/sysbio/syy031"}], "versionNumber": 1, "versionStatus": "submitted", "curationStatus": "Published", "publicationDate": "2018-04-19", "lastModificationDate": "2020-06-30", "visibility": "public", "sharingLink": "https://datadryad.org/stash/share/0xS0_sENFllZTKHKGfq2TFUzditE-ml1YGIQiKSyRww", "userId": 7755, "license": "https://creativecommons.org/publicdomain/zero/1.0/"}