{"_links": {"self": {"href": "/api/v2/datasets/doi%3A10.5061%2Fdryad.rj7g1"}, "stash:versions": {"href": "/api/v2/datasets/doi%3A10.5061%2Fdryad.rj7g1/versions"}, "stash:version": {"href": "/api/v2/versions/12486"}, "stash:download": {"href": "/api/v2/datasets/doi%3A10.5061%2Fdryad.rj7g1/download"}, "curies": [{"name": "stash", "href": "https://github.com/CDL-Dryad/stash/blob/main/stash_api/link-relations.md#{rel}", "templated": "true"}]}, "identifier": "doi:10.5061/dryad.rj7g1", "id": 12442, "storageSize": 85554, "title": "Data from: Making pore choices: repeated regime shifts in stomatal ratio", "authors": [{"firstName": "Christopher D.", "lastName": "Muir", "affiliation": "University of British Columbia", "affiliationROR": "https://ror.org/03rmrcq20"}], "abstract": "Ecologically important traits do not evolve without limits. Instead, evolution is constrained by the set of available and viable phenotypes. In particular, natural selection may only favour a narrow range of adaptive optima constrained within selective regimes. Here, I integrate data with theory to test whether selection explains phenotypic constraint. A global database of 599 plant species from 94 families shows that stomatal ratio, a trait affecting photosynthesis and defence against pathogens, is highly constrained. Most plants have their stomata on the lower leaf surface (hypostomy), but species with half their stomata on each surface (amphistomy) form a distinct mode in the trait distribution. A model based on a trade-off between maximizing photosynthesis and a fitness cost of upper stomata predicts a limited number of adaptive solutions, leading to a multimodal trait distribution. Phylogenetic comparisons show that amphistomy is the most common among fast-growing species, supporting the view that CO2 diffusion is under strong selection. These results indicate that selective optima stay within a relatively stable set of selective regimes over macroevolutionary time.", "keywords": ["stomata", "Adaptive landscape", "phylogenetic comparative methods", "phenotypic constraint", "selective regime", "amphistomy"], "usageNotes": "<div class=\"o-metadata__file-usage-entry\"><h4 class=\"o-heading__level3-file-title\">Code and datasets</h4><div class=\"o-metadata__file-name\">Dryad.zip</br></div><div class=\"o-metadata__file-name\"></div></div>", "relatedWorks": [{"relationship": "Cites", "identifierType": "DOI", "identifier": "https://doi.org/10.1098/rspb.2015.1498"}], "versionNumber": 1, "versionStatus": "submitted", "curationStatus": "Published", "publicationDate": "2015-07-23", "lastModificationDate": "2020-06-24", "visibility": "public", "sharingLink": "https://datadryad.org/stash/share/FL5l4CQFqQCZPmD8PQF1rSDQVCEq-SgcBAuk4H1Hyh0", "userId": 4409, "license": "https://creativecommons.org/publicdomain/zero/1.0/"}